﻿<?xml version="1.0" encoding="utf-8"?>
<VärdepappersfondInnehav xmlns="http://schemas.fi.se/publika/vardepappersfonder/20200331">
  <Rapportinformation>
    <Kvartalsslut>2022-12-31</Kvartalsslut>
  </Rapportinformation>
  <Bolagsinformation>
    <Fondbolag_namn>Coeli Asset Management AB</Fondbolag_namn>
    <Fondbolag_institutnummer>58120</Fondbolag_institutnummer>
    <Fondbolag_LEI-kod>5493005EHQXZDZVUXS17</Fondbolag_LEI-kod>
  </Bolagsinformation>
  <Fondinformation>
    <Fond_institutnummer>60895</Fond_institutnummer>
    <Fond_ISIN-kod>SE0008434948</Fond_ISIN-kod>
    <Fond_namn>IKC Global Infrastructure</Fond_namn>
    <Förvaltningsavgift>
      <MedAndelsklasser>
        <Förvaltningsavgift>
          <Andelsklass_namn>IKC Global Infrastructure A</Andelsklass_namn>
          <Förvaltningsavgift_Typ>
            <Förvaltningsavgift_fast>1.4</Förvaltningsavgift_fast>
          </Förvaltningsavgift_Typ>
        </Förvaltningsavgift>
        <Förvaltningsavgift>
          <Andelsklass_namn>IKC Global Infrastructure B</Andelsklass_namn>
          <Förvaltningsavgift_Typ>
            <Förvaltningsavgift_fast>0.7</Förvaltningsavgift_fast>
          </Förvaltningsavgift_Typ>
        </Förvaltningsavgift>
      </MedAndelsklasser>
    </Förvaltningsavgift>
    <Fondförmögenhet>126162767</Fondförmögenhet>
    <Likvida_medel>4051224</Likvida_medel>
    <Övriga_tillgångar_och_skulder>-136230</Övriga_tillgångar_och_skulder>
    <Aktiv_risk>4.83</Aktiv_risk>
    <Standardavvikelse_24_månader>12.15</Standardavvikelse_24_månader>
    <Jämförelseindex>
      <Jämförelseindex>MSCI World Infrastructure Net Total Return</Jämförelseindex>
    </Jämförelseindex>
    <FinansiellaInstrument>
      <FinansielltInstrument>
        <Tillgångsslag_enligt_LVF_5_kap>ÖverlåtbartVärdepapper</Tillgångsslag_enligt_LVF_5_kap>
        <Instrumentnamn>Aena SA</Instrumentnamn>
        <ISIN-kod_instrument>ES0105046009</ISIN-kod_instrument>
        <Landkod_Emittent>ES</Landkod_Emittent>
        <Valuta>EUR</Valuta>
        <Antal>1700.0</Antal>
        <Nominellt_belopp />
        <Kurs_som_använts_vid_värdering_av_instrumentet>117.3</Kurs_som_använts_vid_värdering_av_instrumentet>
        <Valutakurs_instrument>11.162</Valutakurs_instrument>
        <Marknadsvärde_instrument>2225814.42</Marknadsvärde_instrument>
        <Andel_av_fondförmögenhet_instrument>1.76</Andel_av_fondförmögenhet_instrument>
        <Bransch>
          <Branschkod_instrument>20</Branschkod_instrument>
          <Bransch_namn_instrument />
        </Bransch>
      </FinansielltInstrument>
      <FinansielltInstrument>
        <Tillgångsslag_enligt_LVF_5_kap>ÖverlåtbartVärdepapper</Tillgångsslag_enligt_LVF_5_kap>
        <Instrumentnamn>American Electric Power Co Inc</Instrumentnamn>
        <ISIN-kod_instrument>US0255371017</ISIN-kod_instrument>
        <Landkod_Emittent>US</Landkod_Emittent>
        <Valuta>USD</Valuta>
        <Antal>4500.0</Antal>
        <Nominellt_belopp />
        <Kurs_som_använts_vid_värdering_av_instrumentet>94.95</Kurs_som_använts_vid_värdering_av_instrumentet>
        <Valutakurs_instrument>10.4275</Valutakurs_instrument>
        <Marknadsvärde_instrument>4455410.06</Marknadsvärde_instrument>
        <Andel_av_fondförmögenhet_instrument>3.53</Andel_av_fondförmögenhet_instrument>
        <Bransch>
          <Branschkod_instrument>55</Branschkod_instrument>
          <Bransch_namn_instrument />
        </Bransch>
      </FinansielltInstrument>
      <FinansielltInstrument>
        <Tillgångsslag_enligt_LVF_5_kap>ÖverlåtbartVärdepapper</Tillgångsslag_enligt_LVF_5_kap>
        <Instrumentnamn>American Tower Corp</Instrumentnamn>
        <ISIN-kod_instrument>US03027X1000</ISIN-kod_instrument>
        <Landkod_Emittent>US</Landkod_Emittent>
        <Valuta>USD</Valuta>
        <Antal>1100.0</Antal>
        <Nominellt_belopp />
        <Kurs_som_använts_vid_värdering_av_instrumentet>211.86</Kurs_som_använts_vid_värdering_av_instrumentet>
        <Valutakurs_instrument>10.4275</Valutakurs_instrument>
        <Marknadsvärde_instrument>2430087.17</Marknadsvärde_instrument>
        <Andel_av_fondförmögenhet_instrument>1.93</Andel_av_fondförmögenhet_instrument>
        <Bransch>
          <Branschkod_instrument>60</Branschkod_instrument>
          <Bransch_namn_instrument />
        </Bransch>
      </FinansielltInstrument>
      <FinansielltInstrument>
        <Tillgångsslag_enligt_LVF_5_kap>ÖverlåtbartVärdepapper</Tillgångsslag_enligt_LVF_5_kap>
        <Instrumentnamn>American Water Works Co Inc</Instrumentnamn>
        <ISIN-kod_instrument>US0304201033</ISIN-kod_instrument>
        <Landkod_Emittent>US</Landkod_Emittent>
        <Valuta>USD</Valuta>
        <Antal>2300.0</Antal>
        <Nominellt_belopp />
        <Kurs_som_använts_vid_värdering_av_instrumentet>152.42</Kurs_som_använts_vid_värdering_av_instrumentet>
        <Valutakurs_instrument>10.4275</Valutakurs_instrument>
        <Marknadsvärde_instrument>3655526.97</Marknadsvärde_instrument>
        <Andel_av_fondförmögenhet_instrument>2.9</Andel_av_fondförmögenhet_instrument>
        <Bransch>
          <Branschkod_instrument>55</Branschkod_instrument>
          <Bransch_namn_instrument />
        </Bransch>
      </FinansielltInstrument>
      <FinansielltInstrument>
        <Tillgångsslag_enligt_LVF_5_kap>ÖverlåtbartVärdepapper</Tillgångsslag_enligt_LVF_5_kap>
        <Instrumentnamn>Atlas Arteria Ltd</Instrumentnamn>
        <ISIN-kod_instrument>AU0000013559</ISIN-kod_instrument>
        <Landkod_Emittent>AU</Landkod_Emittent>
        <Valuta>AUD</Valuta>
        <Antal>35400.0</Antal>
        <Nominellt_belopp />
        <Kurs_som_använts_vid_värdering_av_instrumentet>6.61</Kurs_som_använts_vid_värdering_av_instrumentet>
        <Valutakurs_instrument>7.1072</Valutakurs_instrument>
        <Marknadsvärde_instrument>1663042.16</Marknadsvärde_instrument>
        <Andel_av_fondförmögenhet_instrument>1.32</Andel_av_fondförmögenhet_instrument>
        <Bransch>
          <Branschkod_instrument>20</Branschkod_instrument>
          <Bransch_namn_instrument />
        </Bransch>
      </FinansielltInstrument>
      <FinansielltInstrument>
        <Tillgångsslag_enligt_LVF_5_kap>ÖverlåtbartVärdepapper</Tillgångsslag_enligt_LVF_5_kap>
        <Instrumentnamn>Atmos Energy Corp</Instrumentnamn>
        <ISIN-kod_instrument>US0495601058</ISIN-kod_instrument>
        <Landkod_Emittent>US</Landkod_Emittent>
        <Valuta>USD</Valuta>
        <Antal>1600.0</Antal>
        <Nominellt_belopp />
        <Kurs_som_använts_vid_värdering_av_instrumentet>112.07</Kurs_som_använts_vid_värdering_av_instrumentet>
        <Valutakurs_instrument>10.4275</Valutakurs_instrument>
        <Marknadsvärde_instrument>1869775.88</Marknadsvärde_instrument>
        <Andel_av_fondförmögenhet_instrument>1.48</Andel_av_fondförmögenhet_instrument>
        <Bransch>
          <Branschkod_instrument>55</Branschkod_instrument>
          <Bransch_namn_instrument />
        </Bransch>
      </FinansielltInstrument>
      <FinansielltInstrument>
        <Tillgångsslag_enligt_LVF_5_kap>ÖverlåtbartVärdepapper</Tillgångsslag_enligt_LVF_5_kap>
        <Instrumentnamn>Canadian Pacfic Railway Ltd</Instrumentnamn>
        <ISIN-kod_instrument>CA13645T1003</ISIN-kod_instrument>
        <Landkod_Emittent>CA</Landkod_Emittent>
        <Valuta>USD</Valuta>
        <Antal>4200.0</Antal>
        <Nominellt_belopp />
        <Kurs_som_använts_vid_värdering_av_instrumentet>74.59</Kurs_som_använts_vid_värdering_av_instrumentet>
        <Valutakurs_instrument>10.4275</Valutakurs_instrument>
        <Marknadsvärde_instrument>3266706.35</Marknadsvärde_instrument>
        <Andel_av_fondförmögenhet_instrument>2.59</Andel_av_fondförmögenhet_instrument>
        <Bransch>
          <Branschkod_instrument>20</Branschkod_instrument>
          <Bransch_namn_instrument />
        </Bransch>
      </FinansielltInstrument>
      <FinansielltInstrument>
        <Tillgångsslag_enligt_LVF_5_kap>ÖverlåtbartVärdepapper</Tillgångsslag_enligt_LVF_5_kap>
        <Instrumentnamn>Centrica PLC</Instrumentnamn>
        <ISIN-kod_instrument>GB00B033F229</ISIN-kod_instrument>
        <Landkod_Emittent>GB</Landkod_Emittent>
        <Valuta>GBP</Valuta>
        <Antal>370000.0</Antal>
        <Nominellt_belopp />
        <Kurs_som_använts_vid_värdering_av_instrumentet>0.9652</Kurs_som_använts_vid_värdering_av_instrumentet>
        <Valutakurs_instrument>12.6166</Valutakurs_instrument>
        <Marknadsvärde_instrument>4505690.66</Marknadsvärde_instrument>
        <Andel_av_fondförmögenhet_instrument>3.57</Andel_av_fondförmögenhet_instrument>
        <Bransch>
          <Branschkod_instrument>10</Branschkod_instrument>
          <Bransch_namn_instrument />
        </Bransch>
      </FinansielltInstrument>
      <FinansielltInstrument>
        <Tillgångsslag_enligt_LVF_5_kap>ÖverlåtbartVärdepapper</Tillgångsslag_enligt_LVF_5_kap>
        <Instrumentnamn>Cheniere Energy Inc</Instrumentnamn>
        <ISIN-kod_instrument>US16411R2085</ISIN-kod_instrument>
        <Landkod_Emittent>US</Landkod_Emittent>
        <Valuta>USD</Valuta>
        <Antal>3800.0</Antal>
        <Nominellt_belopp />
        <Kurs_som_använts_vid_värdering_av_instrumentet>149.96</Kurs_som_använts_vid_värdering_av_instrumentet>
        <Valutakurs_instrument>10.4275</Valutakurs_instrument>
        <Marknadsvärde_instrument>5942090.02</Marknadsvärde_instrument>
        <Andel_av_fondförmögenhet_instrument>4.71</Andel_av_fondförmögenhet_instrument>
        <Bransch>
          <Branschkod_instrument>10</Branschkod_instrument>
          <Bransch_namn_instrument />
        </Bransch>
      </FinansielltInstrument>
      <FinansielltInstrument>
        <Tillgångsslag_enligt_LVF_5_kap>ÖverlåtbartVärdepapper</Tillgångsslag_enligt_LVF_5_kap>
        <Instrumentnamn>Crown Castle International Corp</Instrumentnamn>
        <ISIN-kod_instrument>US22822V1017</ISIN-kod_instrument>
        <Landkod_Emittent>US</Landkod_Emittent>
        <Valuta>USD</Valuta>
        <Antal>2500.0</Antal>
        <Nominellt_belopp />
        <Kurs_som_använts_vid_värdering_av_instrumentet>135.64</Kurs_som_använts_vid_värdering_av_instrumentet>
        <Valutakurs_instrument>10.4275</Valutakurs_instrument>
        <Marknadsvärde_instrument>3535965.25</Marknadsvärde_instrument>
        <Andel_av_fondförmögenhet_instrument>2.8</Andel_av_fondförmögenhet_instrument>
        <Bransch>
          <Branschkod_instrument>60</Branschkod_instrument>
          <Bransch_namn_instrument />
        </Bransch>
      </FinansielltInstrument>
      <FinansielltInstrument>
        <Tillgångsslag_enligt_LVF_5_kap>ÖverlåtbartVärdepapper</Tillgångsslag_enligt_LVF_5_kap>
        <Instrumentnamn>Deutsche Telekom AG</Instrumentnamn>
        <ISIN-kod_instrument>DE0005557508</ISIN-kod_instrument>
        <Landkod_Emittent>DE</Landkod_Emittent>
        <Valuta>EUR</Valuta>
        <Antal>23900.0</Antal>
        <Nominellt_belopp />
        <Kurs_som_använts_vid_värdering_av_instrumentet>18.638</Kurs_som_använts_vid_värdering_av_instrumentet>
        <Valutakurs_instrument>11.162</Valutakurs_instrument>
        <Marknadsvärde_instrument>4972092.81</Marknadsvärde_instrument>
        <Andel_av_fondförmögenhet_instrument>3.94</Andel_av_fondförmögenhet_instrument>
        <Bransch>
          <Branschkod_instrument>50</Branschkod_instrument>
          <Bransch_namn_instrument />
        </Bransch>
      </FinansielltInstrument>
      <FinansielltInstrument>
        <Tillgångsslag_enligt_LVF_5_kap>ÖverlåtbartVärdepapper</Tillgångsslag_enligt_LVF_5_kap>
        <Instrumentnamn>Dominion Energy Inc</Instrumentnamn>
        <ISIN-kod_instrument>US25746U1097</ISIN-kod_instrument>
        <Landkod_Emittent>US</Landkod_Emittent>
        <Valuta>USD</Valuta>
        <Antal>4800.0</Antal>
        <Nominellt_belopp />
        <Kurs_som_använts_vid_värdering_av_instrumentet>61.32</Kurs_som_använts_vid_värdering_av_instrumentet>
        <Valutakurs_instrument>10.4275</Valutakurs_instrument>
        <Marknadsvärde_instrument>3069188.64</Marknadsvärde_instrument>
        <Andel_av_fondförmögenhet_instrument>2.43</Andel_av_fondförmögenhet_instrument>
        <Bransch>
          <Branschkod_instrument>55</Branschkod_instrument>
          <Bransch_namn_instrument />
        </Bransch>
      </FinansielltInstrument>
      <FinansielltInstrument>
        <Tillgångsslag_enligt_LVF_5_kap>ÖverlåtbartVärdepapper</Tillgångsslag_enligt_LVF_5_kap>
        <Instrumentnamn>Duke Energy Corp</Instrumentnamn>
        <ISIN-kod_instrument>US26441C2044</ISIN-kod_instrument>
        <Landkod_Emittent>US</Landkod_Emittent>
        <Valuta>USD</Valuta>
        <Antal>2000.0</Antal>
        <Nominellt_belopp />
        <Kurs_som_använts_vid_värdering_av_instrumentet>102.99</Kurs_som_använts_vid_värdering_av_instrumentet>
        <Valutakurs_instrument>10.4275</Valutakurs_instrument>
        <Marknadsvärde_instrument>2147856.45</Marknadsvärde_instrument>
        <Andel_av_fondförmögenhet_instrument>1.7</Andel_av_fondförmögenhet_instrument>
        <Bransch>
          <Branschkod_instrument>55</Branschkod_instrument>
          <Bransch_namn_instrument />
        </Bransch>
      </FinansielltInstrument>
      <FinansielltInstrument>
        <Tillgångsslag_enligt_LVF_5_kap>ÖverlåtbartVärdepapper</Tillgångsslag_enligt_LVF_5_kap>
        <Instrumentnamn>EDP - Energias de Portugal SA</Instrumentnamn>
        <ISIN-kod_instrument>PTEDP0AM0009</ISIN-kod_instrument>
        <Landkod_Emittent>PT</Landkod_Emittent>
        <Valuta>EUR</Valuta>
        <Antal>50000.0</Antal>
        <Nominellt_belopp />
        <Kurs_som_använts_vid_värdering_av_instrumentet>4.656</Kurs_som_använts_vid_värdering_av_instrumentet>
        <Valutakurs_instrument>11.162</Valutakurs_instrument>
        <Marknadsvärde_instrument>2598513.6</Marknadsvärde_instrument>
        <Andel_av_fondförmögenhet_instrument>2.06</Andel_av_fondförmögenhet_instrument>
        <Bransch>
          <Branschkod_instrument>55</Branschkod_instrument>
          <Bransch_namn_instrument />
        </Bransch>
      </FinansielltInstrument>
      <FinansielltInstrument>
        <Tillgångsslag_enligt_LVF_5_kap>ÖverlåtbartVärdepapper</Tillgångsslag_enligt_LVF_5_kap>
        <Instrumentnamn>EDP Renovaveis SA</Instrumentnamn>
        <ISIN-kod_instrument>ES0127797019</ISIN-kod_instrument>
        <Landkod_Emittent>ES</Landkod_Emittent>
        <Valuta>EUR</Valuta>
        <Antal>14300.0</Antal>
        <Nominellt_belopp />
        <Kurs_som_använts_vid_värdering_av_instrumentet>20.58</Kurs_som_använts_vid_värdering_av_instrumentet>
        <Valutakurs_instrument>11.162</Valutakurs_instrument>
        <Marknadsvärde_instrument>3284909.63</Marknadsvärde_instrument>
        <Andel_av_fondförmögenhet_instrument>2.6</Andel_av_fondförmögenhet_instrument>
        <Bransch>
          <Branschkod_instrument>55</Branschkod_instrument>
          <Bransch_namn_instrument />
        </Bransch>
      </FinansielltInstrument>
      <FinansielltInstrument>
        <Tillgångsslag_enligt_LVF_5_kap>ÖverlåtbartVärdepapper</Tillgångsslag_enligt_LVF_5_kap>
        <Instrumentnamn>Enbridge Inc</Instrumentnamn>
        <ISIN-kod_instrument>CA29250N1050</ISIN-kod_instrument>
        <Landkod_Emittent>CA</Landkod_Emittent>
        <Valuta>USD</Valuta>
        <Antal>10000.0</Antal>
        <Nominellt_belopp />
        <Kurs_som_använts_vid_värdering_av_instrumentet>39.1</Kurs_som_använts_vid_värdering_av_instrumentet>
        <Valutakurs_instrument>10.4275</Valutakurs_instrument>
        <Marknadsvärde_instrument>4077152.5</Marknadsvärde_instrument>
        <Andel_av_fondförmögenhet_instrument>3.23</Andel_av_fondförmögenhet_instrument>
        <Bransch>
          <Branschkod_instrument>10</Branschkod_instrument>
          <Bransch_namn_instrument />
        </Bransch>
      </FinansielltInstrument>
      <FinansielltInstrument>
        <Tillgångsslag_enligt_LVF_5_kap>ÖverlåtbartVärdepapper</Tillgångsslag_enligt_LVF_5_kap>
        <Instrumentnamn>Enel SpA</Instrumentnamn>
        <ISIN-kod_instrument>IT0003128367</ISIN-kod_instrument>
        <Landkod_Emittent>IT</Landkod_Emittent>
        <Valuta>EUR</Valuta>
        <Antal>107000.0</Antal>
        <Nominellt_belopp />
        <Kurs_som_använts_vid_värdering_av_instrumentet>5.03</Kurs_som_använts_vid_värdering_av_instrumentet>
        <Valutakurs_instrument>11.162</Valutakurs_instrument>
        <Marknadsvärde_instrument>6007500.02</Marknadsvärde_instrument>
        <Andel_av_fondförmögenhet_instrument>4.76</Andel_av_fondförmögenhet_instrument>
        <Bransch>
          <Branschkod_instrument>55</Branschkod_instrument>
          <Bransch_namn_instrument />
        </Bransch>
      </FinansielltInstrument>
      <FinansielltInstrument>
        <Tillgångsslag_enligt_LVF_5_kap>ÖverlåtbartVärdepapper</Tillgångsslag_enligt_LVF_5_kap>
        <Instrumentnamn>Essential Utilities</Instrumentnamn>
        <ISIN-kod_instrument>US29670G1022</ISIN-kod_instrument>
        <Landkod_Emittent>US</Landkod_Emittent>
        <Valuta>USD</Valuta>
        <Antal>4300.0</Antal>
        <Nominellt_belopp />
        <Kurs_som_använts_vid_värdering_av_instrumentet>47.73</Kurs_som_använts_vid_värdering_av_instrumentet>
        <Valutakurs_instrument>10.4275</Valutakurs_instrument>
        <Marknadsvärde_instrument>2140129.67</Marknadsvärde_instrument>
        <Andel_av_fondförmögenhet_instrument>1.7</Andel_av_fondförmögenhet_instrument>
        <Bransch>
          <Branschkod_instrument>55</Branschkod_instrument>
          <Bransch_namn_instrument />
        </Bransch>
      </FinansielltInstrument>
      <FinansielltInstrument>
        <Tillgångsslag_enligt_LVF_5_kap>ÖverlåtbartVärdepapper</Tillgångsslag_enligt_LVF_5_kap>
        <Instrumentnamn>Iberdrola SA</Instrumentnamn>
        <ISIN-kod_instrument>ES0144580Y14</ISIN-kod_instrument>
        <Landkod_Emittent>ES</Landkod_Emittent>
        <Valuta>EUR</Valuta>
        <Antal>46000.0</Antal>
        <Nominellt_belopp />
        <Kurs_som_använts_vid_värdering_av_instrumentet>10.93</Kurs_som_använts_vid_värdering_av_instrumentet>
        <Valutakurs_instrument>11.162</Valutakurs_instrument>
        <Marknadsvärde_instrument>5612030.36</Marknadsvärde_instrument>
        <Andel_av_fondförmögenhet_instrument>4.45</Andel_av_fondförmögenhet_instrument>
        <Bransch>
          <Branschkod_instrument>55</Branschkod_instrument>
          <Bransch_namn_instrument />
        </Bransch>
      </FinansielltInstrument>
      <FinansielltInstrument>
        <Tillgångsslag_enligt_LVF_5_kap>ÖverlåtbartVärdepapper</Tillgångsslag_enligt_LVF_5_kap>
        <Instrumentnamn>National Grid PLC</Instrumentnamn>
        <ISIN-kod_instrument>GB00BDR05C01</ISIN-kod_instrument>
        <Landkod_Emittent>GB</Landkod_Emittent>
        <Valuta>GBP</Valuta>
        <Antal>23200.0</Antal>
        <Nominellt_belopp />
        <Kurs_som_använts_vid_värdering_av_instrumentet>9.974</Kurs_som_använts_vid_värdering_av_instrumentet>
        <Valutakurs_instrument>12.6166</Valutakurs_instrument>
        <Marknadsvärde_instrument>2919440.87</Marknadsvärde_instrument>
        <Andel_av_fondförmögenhet_instrument>2.31</Andel_av_fondförmögenhet_instrument>
        <Bransch>
          <Branschkod_instrument>55</Branschkod_instrument>
          <Bransch_namn_instrument />
        </Bransch>
      </FinansielltInstrument>
      <FinansielltInstrument>
        <Tillgångsslag_enligt_LVF_5_kap>ÖverlåtbartVärdepapper</Tillgångsslag_enligt_LVF_5_kap>
        <Instrumentnamn>NextEra Energy Inc</Instrumentnamn>
        <ISIN-kod_instrument>US65339F1012</ISIN-kod_instrument>
        <Landkod_Emittent>US</Landkod_Emittent>
        <Valuta>USD</Valuta>
        <Antal>8500.0</Antal>
        <Nominellt_belopp />
        <Kurs_som_använts_vid_värdering_av_instrumentet>83.6</Kurs_som_använts_vid_värdering_av_instrumentet>
        <Valutakurs_instrument>10.4275</Valutakurs_instrument>
        <Marknadsvärde_instrument>7409781.5</Marknadsvärde_instrument>
        <Andel_av_fondförmögenhet_instrument>5.87</Andel_av_fondförmögenhet_instrument>
        <Bransch>
          <Branschkod_instrument>55</Branschkod_instrument>
          <Bransch_namn_instrument />
        </Bransch>
      </FinansielltInstrument>
      <FinansielltInstrument>
        <Tillgångsslag_enligt_LVF_5_kap>ÖverlåtbartVärdepapper</Tillgångsslag_enligt_LVF_5_kap>
        <Instrumentnamn>ORSTED A/S</Instrumentnamn>
        <ISIN-kod_instrument>DK0060094928</ISIN-kod_instrument>
        <Landkod_Emittent>DK</Landkod_Emittent>
        <Valuta>DKK</Valuta>
        <Antal>4000.0</Antal>
        <Nominellt_belopp />
        <Kurs_som_använts_vid_värdering_av_instrumentet>631.3</Kurs_som_använts_vid_värdering_av_instrumentet>
        <Valutakurs_instrument>1.5017</Valutakurs_instrument>
        <Marknadsvärde_instrument>3792092.84</Marknadsvärde_instrument>
        <Andel_av_fondförmögenhet_instrument>3.01</Andel_av_fondförmögenhet_instrument>
        <Bransch>
          <Branschkod_instrument>55</Branschkod_instrument>
          <Bransch_namn_instrument />
        </Bransch>
      </FinansielltInstrument>
      <FinansielltInstrument>
        <Tillgångsslag_enligt_LVF_5_kap>ÖverlåtbartVärdepapper</Tillgångsslag_enligt_LVF_5_kap>
        <Instrumentnamn>Public Service Enterprise Grou</Instrumentnamn>
        <ISIN-kod_instrument>US7445731067</ISIN-kod_instrument>
        <Landkod_Emittent>US</Landkod_Emittent>
        <Valuta>USD</Valuta>
        <Antal>5800.0</Antal>
        <Nominellt_belopp />
        <Kurs_som_använts_vid_värdering_av_instrumentet>61.27</Kurs_som_använts_vid_värdering_av_instrumentet>
        <Valutakurs_instrument>10.4275</Valutakurs_instrument>
        <Marknadsvärde_instrument>3705578.97</Marknadsvärde_instrument>
        <Andel_av_fondförmögenhet_instrument>2.94</Andel_av_fondförmögenhet_instrument>
        <Bransch>
          <Branschkod_instrument>55</Branschkod_instrument>
          <Bransch_namn_instrument />
        </Bransch>
      </FinansielltInstrument>
      <FinansielltInstrument>
        <Tillgångsslag_enligt_LVF_5_kap>ÖverlåtbartVärdepapper</Tillgångsslag_enligt_LVF_5_kap>
        <Instrumentnamn>RWE AG</Instrumentnamn>
        <ISIN-kod_instrument>DE0007037129</ISIN-kod_instrument>
        <Landkod_Emittent>DE</Landkod_Emittent>
        <Valuta>EUR</Valuta>
        <Antal>10600.0</Antal>
        <Nominellt_belopp />
        <Kurs_som_använts_vid_värdering_av_instrumentet>41.59</Kurs_som_använts_vid_värdering_av_instrumentet>
        <Valutakurs_instrument>11.162</Valutakurs_instrument>
        <Marknadsvärde_instrument>4920812.35</Marknadsvärde_instrument>
        <Andel_av_fondförmögenhet_instrument>3.9</Andel_av_fondförmögenhet_instrument>
        <Bransch>
          <Branschkod_instrument>55</Branschkod_instrument>
          <Bransch_namn_instrument />
        </Bransch>
      </FinansielltInstrument>
      <FinansielltInstrument>
        <Tillgångsslag_enligt_LVF_5_kap>ÖverlåtbartVärdepapper</Tillgångsslag_enligt_LVF_5_kap>
        <Instrumentnamn>SSE PLC</Instrumentnamn>
        <ISIN-kod_instrument>GB0007908733</ISIN-kod_instrument>
        <Landkod_Emittent>GB</Landkod_Emittent>
        <Valuta>GBP</Valuta>
        <Antal>18500.0</Antal>
        <Nominellt_belopp />
        <Kurs_som_använts_vid_värdering_av_instrumentet>17.12</Kurs_som_använts_vid_värdering_av_instrumentet>
        <Valutakurs_instrument>12.6166</Valutakurs_instrument>
        <Marknadsvärde_instrument>3995929.55</Marknadsvärde_instrument>
        <Andel_av_fondförmögenhet_instrument>3.17</Andel_av_fondförmögenhet_instrument>
        <Bransch>
          <Branschkod_instrument>55</Branschkod_instrument>
          <Bransch_namn_instrument />
        </Bransch>
      </FinansielltInstrument>
      <FinansielltInstrument>
        <Tillgångsslag_enligt_LVF_5_kap>ÖverlåtbartVärdepapper</Tillgångsslag_enligt_LVF_5_kap>
        <Instrumentnamn>Sempra Energy</Instrumentnamn>
        <ISIN-kod_instrument>US8168511090</ISIN-kod_instrument>
        <Landkod_Emittent>US</Landkod_Emittent>
        <Valuta>USD</Valuta>
        <Antal>900.0</Antal>
        <Nominellt_belopp />
        <Kurs_som_använts_vid_värdering_av_instrumentet>154.54</Kurs_som_använts_vid_värdering_av_instrumentet>
        <Valutakurs_instrument>10.4275</Valutakurs_instrument>
        <Marknadsvärde_instrument>1450319.27</Marknadsvärde_instrument>
        <Andel_av_fondförmögenhet_instrument>1.15</Andel_av_fondförmögenhet_instrument>
        <Bransch>
          <Branschkod_instrument>55</Branschkod_instrument>
          <Bransch_namn_instrument />
        </Bransch>
      </FinansielltInstrument>
      <FinansielltInstrument>
        <Tillgångsslag_enligt_LVF_5_kap>ÖverlåtbartVärdepapper</Tillgångsslag_enligt_LVF_5_kap>
        <Instrumentnamn>T-Mobile US Inc</Instrumentnamn>
        <ISIN-kod_instrument>US8725901040</ISIN-kod_instrument>
        <Landkod_Emittent>US</Landkod_Emittent>
        <Valuta>USD</Valuta>
        <Antal>5000.0</Antal>
        <Nominellt_belopp />
        <Kurs_som_använts_vid_värdering_av_instrumentet>140.0</Kurs_som_använts_vid_värdering_av_instrumentet>
        <Valutakurs_instrument>10.4275</Valutakurs_instrument>
        <Marknadsvärde_instrument>7299250.0</Marknadsvärde_instrument>
        <Andel_av_fondförmögenhet_instrument>5.79</Andel_av_fondförmögenhet_instrument>
        <Bransch>
          <Branschkod_instrument>50</Branschkod_instrument>
          <Bransch_namn_instrument />
        </Bransch>
      </FinansielltInstrument>
      <FinansielltInstrument>
        <Tillgångsslag_enligt_LVF_5_kap>ÖverlåtbartVärdepapper</Tillgångsslag_enligt_LVF_5_kap>
        <Instrumentnamn>TC Energy Corp</Instrumentnamn>
        <ISIN-kod_instrument>CA87807B1076</ISIN-kod_instrument>
        <Landkod_Emittent>CA</Landkod_Emittent>
        <Valuta>USD</Valuta>
        <Antal>7600.0</Antal>
        <Nominellt_belopp />
        <Kurs_som_använts_vid_värdering_av_instrumentet>39.86</Kurs_som_använts_vid_värdering_av_instrumentet>
        <Valutakurs_instrument>10.4275</Valutakurs_instrument>
        <Marknadsvärde_instrument>3158865.14</Marknadsvärde_instrument>
        <Andel_av_fondförmögenhet_instrument>2.5</Andel_av_fondförmögenhet_instrument>
        <Bransch>
          <Branschkod_instrument>10</Branschkod_instrument>
          <Bransch_namn_instrument />
        </Bransch>
      </FinansielltInstrument>
      <FinansielltInstrument>
        <Tillgångsslag_enligt_LVF_5_kap>ÖverlåtbartVärdepapper</Tillgångsslag_enligt_LVF_5_kap>
        <Instrumentnamn>Transurban Group</Instrumentnamn>
        <ISIN-kod_instrument>AU000000TCL6</ISIN-kod_instrument>
        <Landkod_Emittent>AU</Landkod_Emittent>
        <Valuta>AUD</Valuta>
        <Antal>45100.0</Antal>
        <Nominellt_belopp />
        <Kurs_som_använts_vid_värdering_av_instrumentet>12.98</Kurs_som_använts_vid_värdering_av_instrumentet>
        <Valutakurs_instrument>7.1072</Valutakurs_instrument>
        <Marknadsvärde_instrument>4160540.67</Marknadsvärde_instrument>
        <Andel_av_fondförmögenhet_instrument>3.3</Andel_av_fondförmögenhet_instrument>
        <Bransch>
          <Branschkod_instrument>20</Branschkod_instrument>
          <Bransch_namn_instrument />
        </Bransch>
      </FinansielltInstrument>
      <FinansielltInstrument>
        <Tillgångsslag_enligt_LVF_5_kap>ÖverlåtbartVärdepapper</Tillgångsslag_enligt_LVF_5_kap>
        <Instrumentnamn>Union Pacific Corp</Instrumentnamn>
        <ISIN-kod_instrument>US9078181081</ISIN-kod_instrument>
        <Landkod_Emittent>US</Landkod_Emittent>
        <Valuta>USD</Valuta>
        <Antal>1600.0</Antal>
        <Nominellt_belopp />
        <Kurs_som_använts_vid_värdering_av_instrumentet>207.07</Kurs_som_använts_vid_värdering_av_instrumentet>
        <Valutakurs_instrument>10.4275</Valutakurs_instrument>
        <Marknadsvärde_instrument>3454755.88</Marknadsvärde_instrument>
        <Andel_av_fondförmögenhet_instrument>2.74</Andel_av_fondförmögenhet_instrument>
        <Bransch>
          <Branschkod_instrument>20</Branschkod_instrument>
          <Bransch_namn_instrument />
        </Bransch>
      </FinansielltInstrument>
      <FinansielltInstrument>
        <Tillgångsslag_enligt_LVF_5_kap>ÖverlåtbartVärdepapper</Tillgångsslag_enligt_LVF_5_kap>
        <Instrumentnamn>Vinci SA</Instrumentnamn>
        <ISIN-kod_instrument>FR0000125486</ISIN-kod_instrument>
        <Landkod_Emittent>FR</Landkod_Emittent>
        <Valuta>EUR</Valuta>
        <Antal>3900.0</Antal>
        <Nominellt_belopp />
        <Kurs_som_använts_vid_värdering_av_instrumentet>93.29</Kurs_som_använts_vid_värdering_av_instrumentet>
        <Valutakurs_instrument>11.162</Valutakurs_instrument>
        <Marknadsvärde_instrument>4061081.62</Marknadsvärde_instrument>
        <Andel_av_fondförmögenhet_instrument>3.22</Andel_av_fondförmögenhet_instrument>
        <Bransch>
          <Branschkod_instrument>20</Branschkod_instrument>
          <Bransch_namn_instrument />
        </Bransch>
      </FinansielltInstrument>
      <FinansielltInstrument>
        <Tillgångsslag_enligt_LVF_5_kap>ÖverlåtbartVärdepapper</Tillgångsslag_enligt_LVF_5_kap>
        <Instrumentnamn>Williams Cos Inc/The</Instrumentnamn>
        <ISIN-kod_instrument>US9694571004</ISIN-kod_instrument>
        <Landkod_Emittent>US</Landkod_Emittent>
        <Valuta>USD</Valuta>
        <Antal>13000.0</Antal>
        <Nominellt_belopp />
        <Kurs_som_använts_vid_värdering_av_instrumentet>32.9</Kurs_som_använts_vid_värdering_av_instrumentet>
        <Valutakurs_instrument>10.4275</Valutakurs_instrument>
        <Marknadsvärde_instrument>4459841.75</Marknadsvärde_instrument>
        <Andel_av_fondförmögenhet_instrument>3.53</Andel_av_fondförmögenhet_instrument>
        <Bransch>
          <Branschkod_instrument>10</Branschkod_instrument>
          <Bransch_namn_instrument />
        </Bransch>
      </FinansielltInstrument>
    </FinansiellaInstrument>
  </Fondinformation>
  <Fondinformation />
</VärdepappersfondInnehav>