﻿<?xml version="1.0" encoding="utf-8"?>
<VärdepappersfondInnehav xmlns="http://schemas.fi.se/publika/vardepappersfonder/20200331">
  <Rapportinformation>
    <Kvartalsslut>2022-12-31</Kvartalsslut>
  </Rapportinformation>
  <Bolagsinformation>
    <Fondbolag_namn>AMF Fonder AB</Fondbolag_namn>
    <Fondbolag_institutnummer>58102</Fondbolag_institutnummer>
    <Fondbolag_LEI-kod>549300J6GFO6DALBE134</Fondbolag_LEI-kod>
  </Bolagsinformation>
  <Fondinformation>
    <Fond_institutnummer>51505</Fond_institutnummer>
    <Fond_ISIN-kod>SE0000739153</Fond_ISIN-kod>
    <Fond_namn>AMF Aktiefond Europa</Fond_namn>
    <Förvaltningsavgift>
      <UtanAndelsklasser>
        <Förvaltningsavgift_fast>0.40</Förvaltningsavgift_fast>
      </UtanAndelsklasser>
    </Förvaltningsavgift>
    <Fondförmögenhet>6554413293</Fondförmögenhet>
    <Likvida_medel>314689576</Likvida_medel>
    <Övriga_tillgångar_och_skulder>21262196</Övriga_tillgångar_och_skulder>
    <Aktiv_risk>2.91</Aktiv_risk>
    <Standardavvikelse_24_månader>13.15</Standardavvikelse_24_månader>
    <Jämförelseindex>
      <Jämförelseindex>MSCI AC Europe NR (SEK)</Jämförelseindex>
    </Jämförelseindex>
    <FinansiellaInstrument>
      <FinansielltInstrument>
        <Tillgångsslag_enligt_LVF_5_kap>ÖverlåtbartVärdepapper</Tillgångsslag_enligt_LVF_5_kap>
        <Instrumentnamn>AXA</Instrumentnamn>
        <ISIN-kod_instrument>FR0000120628</ISIN-kod_instrument>
        <Landkod_Emittent>FR</Landkod_Emittent>
        <Valuta>EUR</Valuta>
        <Antal>241983</Antal>
        <Nominellt_belopp />
        <Kurs_som_använts_vid_värdering_av_instrumentet>26.055</Kurs_som_använts_vid_värdering_av_instrumentet>
        <Valutakurs_instrument>11.120211</Valutakurs_instrument>
        <Marknadsvärde_instrument>70111454.54</Marknadsvärde_instrument>
        <Andel_av_fondförmögenhet_instrument>1.07</Andel_av_fondförmögenhet_instrument>
        <Bransch>
          <Branschkod_instrument>40</Branschkod_instrument>
          <Bransch_namn_instrument>Finans</Bransch_namn_instrument>
        </Bransch>
      </FinansielltInstrument>
      <FinansielltInstrument>
        <Tillgångsslag_enligt_LVF_5_kap>ÖverlåtbartVärdepapper</Tillgångsslag_enligt_LVF_5_kap>
        <Instrumentnamn>Enel</Instrumentnamn>
        <ISIN-kod_instrument>IT0003128367</ISIN-kod_instrument>
        <Landkod_Emittent>IT</Landkod_Emittent>
        <Valuta>EUR</Valuta>
        <Antal>2455369</Antal>
        <Nominellt_belopp />
        <Kurs_som_använts_vid_värdering_av_instrumentet>5.03</Kurs_som_använts_vid_värdering_av_instrumentet>
        <Valutakurs_instrument>11.120211</Valutakurs_instrument>
        <Marknadsvärde_instrument>137340238.15</Marknadsvärde_instrument>
        <Andel_av_fondförmögenhet_instrument>2.10</Andel_av_fondförmögenhet_instrument>
        <Bransch>
          <Branschkod_instrument>55</Branschkod_instrument>
          <Bransch_namn_instrument>Samhällsnyttigheter</Bransch_namn_instrument>
        </Bransch>
      </FinansielltInstrument>
      <FinansielltInstrument>
        <Tillgångsslag_enligt_LVF_5_kap>ÖverlåtbartVärdepapper</Tillgångsslag_enligt_LVF_5_kap>
        <Instrumentnamn>Schneider Electric</Instrumentnamn>
        <ISIN-kod_instrument>FR0000121972</ISIN-kod_instrument>
        <Landkod_Emittent>FR</Landkod_Emittent>
        <Valuta>EUR</Valuta>
        <Antal>60797</Antal>
        <Nominellt_belopp />
        <Kurs_som_använts_vid_värdering_av_instrumentet>130.72</Kurs_som_använts_vid_värdering_av_instrumentet>
        <Valutakurs_instrument>11.120211</Valutakurs_instrument>
        <Marknadsvärde_instrument>88376588.22</Marknadsvärde_instrument>
        <Andel_av_fondförmögenhet_instrument>1.35</Andel_av_fondförmögenhet_instrument>
        <Bransch>
          <Branschkod_instrument>20</Branschkod_instrument>
          <Bransch_namn_instrument>Industri</Bransch_namn_instrument>
        </Bransch>
      </FinansielltInstrument>
      <FinansielltInstrument>
        <Tillgångsslag_enligt_LVF_5_kap>ÖverlåtbartVärdepapper</Tillgångsslag_enligt_LVF_5_kap>
        <Instrumentnamn>Prudential</Instrumentnamn>
        <ISIN-kod_instrument>GB0007099541</ISIN-kod_instrument>
        <Landkod_Emittent>GB</Landkod_Emittent>
        <Valuta>GBP</Valuta>
        <Antal>895634</Antal>
        <Nominellt_belopp />
        <Kurs_som_använts_vid_värdering_av_instrumentet>11.275</Kurs_som_använts_vid_värdering_av_instrumentet>
        <Valutakurs_instrument>12.533617</Valutakurs_instrument>
        <Marknadsvärde_instrument>126567885.99</Marknadsvärde_instrument>
        <Andel_av_fondförmögenhet_instrument>1.93</Andel_av_fondförmögenhet_instrument>
        <Bransch>
          <Branschkod_instrument>40</Branschkod_instrument>
          <Bransch_namn_instrument>Finans</Bransch_namn_instrument>
        </Bransch>
      </FinansielltInstrument>
      <FinansielltInstrument>
        <Tillgångsslag_enligt_LVF_5_kap>ÖverlåtbartVärdepapper</Tillgångsslag_enligt_LVF_5_kap>
        <Instrumentnamn>Lloyds Banking Group</Instrumentnamn>
        <ISIN-kod_instrument>GB0008706128</ISIN-kod_instrument>
        <Landkod_Emittent>GB</Landkod_Emittent>
        <Valuta>GBP</Valuta>
        <Antal>30161652</Antal>
        <Nominellt_belopp />
        <Kurs_som_använts_vid_värdering_av_instrumentet>0.4541</Kurs_som_använts_vid_värdering_av_instrumentet>
        <Valutakurs_instrument>12.533617</Valutakurs_instrument>
        <Marknadsvärde_instrument>171665503.05</Marknadsvärde_instrument>
        <Andel_av_fondförmögenhet_instrument>2.62</Andel_av_fondförmögenhet_instrument>
        <Bransch>
          <Branschkod_instrument>40</Branschkod_instrument>
          <Bransch_namn_instrument>Finans</Bransch_namn_instrument>
        </Bransch>
      </FinansielltInstrument>
      <FinansielltInstrument>
        <Tillgångsslag_enligt_LVF_5_kap>ÖverlåtbartVärdepapper</Tillgångsslag_enligt_LVF_5_kap>
        <Instrumentnamn>Banco Bilbao Vizcaya Argentaria</Instrumentnamn>
        <ISIN-kod_instrument>ES0113211835</ISIN-kod_instrument>
        <Landkod_Emittent>ES</Landkod_Emittent>
        <Valuta>EUR</Valuta>
        <Antal>552327</Antal>
        <Nominellt_belopp />
        <Kurs_som_använts_vid_värdering_av_instrumentet>5.634</Kurs_som_använts_vid_värdering_av_instrumentet>
        <Valutakurs_instrument>11.120211</Valutakurs_instrument>
        <Marknadsvärde_instrument>34603988.53</Marknadsvärde_instrument>
        <Andel_av_fondförmögenhet_instrument>0.53</Andel_av_fondförmögenhet_instrument>
        <Bransch>
          <Branschkod_instrument>40</Branschkod_instrument>
          <Bransch_namn_instrument>Finans</Bransch_namn_instrument>
        </Bransch>
      </FinansielltInstrument>
      <FinansielltInstrument>
        <Tillgångsslag_enligt_LVF_5_kap>ÖverlåtbartVärdepapper</Tillgångsslag_enligt_LVF_5_kap>
        <Instrumentnamn>Saint Gobain</Instrumentnamn>
        <ISIN-kod_instrument>FR0000125007</ISIN-kod_instrument>
        <Landkod_Emittent>FR</Landkod_Emittent>
        <Valuta>EUR</Valuta>
        <Antal>262985</Antal>
        <Nominellt_belopp />
        <Kurs_som_använts_vid_värdering_av_instrumentet>45.65</Kurs_som_använts_vid_värdering_av_instrumentet>
        <Valutakurs_instrument>11.120211</Valutakurs_instrument>
        <Marknadsvärde_instrument>133501087.25</Marknadsvärde_instrument>
        <Andel_av_fondförmögenhet_instrument>2.04</Andel_av_fondförmögenhet_instrument>
        <Bransch>
          <Branschkod_instrument>20</Branschkod_instrument>
          <Bransch_namn_instrument>Industri</Bransch_namn_instrument>
        </Bransch>
      </FinansielltInstrument>
      <FinansielltInstrument>
        <Tillgångsslag_enligt_LVF_5_kap>ÖverlåtbartVärdepapper</Tillgångsslag_enligt_LVF_5_kap>
        <Instrumentnamn>Vodafone</Instrumentnamn>
        <ISIN-kod_instrument>GB00BH4HKS39</ISIN-kod_instrument>
        <Landkod_Emittent>GB</Landkod_Emittent>
        <Valuta>GBP</Valuta>
        <Antal>6630104</Antal>
        <Nominellt_belopp />
        <Kurs_som_använts_vid_värdering_av_instrumentet>0.8424</Kurs_som_använts_vid_värdering_av_instrumentet>
        <Valutakurs_instrument>12.533617</Valutakurs_instrument>
        <Marknadsvärde_instrument>70002750.27</Marknadsvärde_instrument>
        <Andel_av_fondförmögenhet_instrument>1.07</Andel_av_fondförmögenhet_instrument>
        <Bransch>
          <Branschkod_instrument>50</Branschkod_instrument>
          <Bransch_namn_instrument>Kommunikationstjänster</Bransch_namn_instrument>
        </Bransch>
      </FinansielltInstrument>
      <FinansielltInstrument>
        <Tillgångsslag_enligt_LVF_5_kap>ÖverlåtbartVärdepapper</Tillgångsslag_enligt_LVF_5_kap>
        <Instrumentnamn>Ericsson B</Instrumentnamn>
        <ISIN-kod_instrument>SE0000108656</ISIN-kod_instrument>
        <Landkod_Emittent>SE</Landkod_Emittent>
        <Valuta>SEK</Valuta>
        <Antal>387128</Antal>
        <Nominellt_belopp />
        <Kurs_som_använts_vid_värdering_av_instrumentet>60.9</Kurs_som_använts_vid_värdering_av_instrumentet>
        <Valutakurs_instrument>1.</Valutakurs_instrument>
        <Marknadsvärde_instrument>23576095.20</Marknadsvärde_instrument>
        <Andel_av_fondförmögenhet_instrument>0.36</Andel_av_fondförmögenhet_instrument>
        <Bransch>
          <Branschkod_instrument>45</Branschkod_instrument>
          <Bransch_namn_instrument>Informationsteknologi</Bransch_namn_instrument>
        </Bransch>
      </FinansielltInstrument>
      <FinansielltInstrument>
        <Tillgångsslag_enligt_LVF_5_kap>ÖverlåtbartVärdepapper</Tillgångsslag_enligt_LVF_5_kap>
        <Instrumentnamn>Koninklijke DSM</Instrumentnamn>
        <ISIN-kod_instrument>NL0000009827</ISIN-kod_instrument>
        <Landkod_Emittent>NL</Landkod_Emittent>
        <Valuta>EUR</Valuta>
        <Antal>18882</Antal>
        <Nominellt_belopp />
        <Kurs_som_använts_vid_värdering_av_instrumentet>114.3</Kurs_som_använts_vid_värdering_av_instrumentet>
        <Valutakurs_instrument>11.120211</Valutakurs_instrument>
        <Marknadsvärde_instrument>23999780.31</Marknadsvärde_instrument>
        <Andel_av_fondförmögenhet_instrument>0.37</Andel_av_fondförmögenhet_instrument>
        <Bransch>
          <Branschkod_instrument>15</Branschkod_instrument>
          <Bransch_namn_instrument>Basmaterial</Bransch_namn_instrument>
        </Bransch>
      </FinansielltInstrument>
      <FinansielltInstrument>
        <Tillgångsslag_enligt_LVF_5_kap>ÖverlåtbartVärdepapper</Tillgångsslag_enligt_LVF_5_kap>
        <Instrumentnamn>ASML</Instrumentnamn>
        <ISIN-kod_instrument>NL0010273215</ISIN-kod_instrument>
        <Landkod_Emittent>NL</Landkod_Emittent>
        <Valuta>EUR</Valuta>
        <Antal>51036</Antal>
        <Nominellt_belopp />
        <Kurs_som_använts_vid_värdering_av_instrumentet>503.8</Kurs_som_använts_vid_värdering_av_instrumentet>
        <Valutakurs_instrument>11.120211</Valutakurs_instrument>
        <Marknadsvärde_instrument>285922172.21</Marknadsvärde_instrument>
        <Andel_av_fondförmögenhet_instrument>4.36</Andel_av_fondförmögenhet_instrument>
        <Bransch>
          <Branschkod_instrument>45</Branschkod_instrument>
          <Bransch_namn_instrument>Informationsteknologi</Bransch_namn_instrument>
        </Bransch>
      </FinansielltInstrument>
      <FinansielltInstrument>
        <Tillgångsslag_enligt_LVF_5_kap>ÖverlåtbartVärdepapper</Tillgångsslag_enligt_LVF_5_kap>
        <Instrumentnamn>Deutsche Post</Instrumentnamn>
        <ISIN-kod_instrument>DE0005552004</ISIN-kod_instrument>
        <Landkod_Emittent>DE</Landkod_Emittent>
        <Valuta>EUR</Valuta>
        <Antal>259103</Antal>
        <Nominellt_belopp />
        <Kurs_som_använts_vid_värdering_av_instrumentet>35.18</Kurs_som_använts_vid_värdering_av_instrumentet>
        <Valutakurs_instrument>11.120211</Valutakurs_instrument>
        <Marknadsvärde_instrument>101363434.94</Marknadsvärde_instrument>
        <Andel_av_fondförmögenhet_instrument>1.55</Andel_av_fondförmögenhet_instrument>
        <Bransch>
          <Branschkod_instrument>20</Branschkod_instrument>
          <Bransch_namn_instrument>Industri</Bransch_namn_instrument>
        </Bransch>
      </FinansielltInstrument>
      <FinansielltInstrument>
        <Tillgångsslag_enligt_LVF_5_kap>ÖverlåtbartVärdepapper</Tillgångsslag_enligt_LVF_5_kap>
        <Instrumentnamn>TotalEnergies</Instrumentnamn>
        <ISIN-kod_instrument>FR0000120271</ISIN-kod_instrument>
        <Landkod_Emittent>FR</Landkod_Emittent>
        <Valuta>EUR</Valuta>
        <Antal>455874</Antal>
        <Nominellt_belopp />
        <Kurs_som_använts_vid_värdering_av_instrumentet>58.65</Kurs_som_använts_vid_värdering_av_instrumentet>
        <Valutakurs_instrument>11.120211</Valutakurs_instrument>
        <Marknadsvärde_instrument>297321203.98</Marknadsvärde_instrument>
        <Andel_av_fondförmögenhet_instrument>4.54</Andel_av_fondförmögenhet_instrument>
        <Bransch>
          <Branschkod_instrument>10</Branschkod_instrument>
          <Bransch_namn_instrument>Energi</Bransch_namn_instrument>
        </Bransch>
      </FinansielltInstrument>
      <FinansielltInstrument>
        <Tillgångsslag_enligt_LVF_5_kap>ÖverlåtbartVärdepapper</Tillgångsslag_enligt_LVF_5_kap>
        <Instrumentnamn>Inditex</Instrumentnamn>
        <ISIN-kod_instrument>ES0148396007</ISIN-kod_instrument>
        <Landkod_Emittent>ES</Landkod_Emittent>
        <Valuta>EUR</Valuta>
        <Antal>270654</Antal>
        <Nominellt_belopp />
        <Kurs_som_använts_vid_värdering_av_instrumentet>24.85</Kurs_som_använts_vid_värdering_av_instrumentet>
        <Valutakurs_instrument>11.120211</Valutakurs_instrument>
        <Marknadsvärde_instrument>74791782.82</Marknadsvärde_instrument>
        <Andel_av_fondförmögenhet_instrument>1.14</Andel_av_fondförmögenhet_instrument>
        <Bransch>
          <Branschkod_instrument>25</Branschkod_instrument>
          <Bransch_namn_instrument>Konsumtion, sällanköp</Bransch_namn_instrument>
        </Bransch>
      </FinansielltInstrument>
      <FinansielltInstrument>
        <Tillgångsslag_enligt_LVF_5_kap>ÖverlåtbartVärdepapper</Tillgångsslag_enligt_LVF_5_kap>
        <Instrumentnamn>Novo Nordisk B</Instrumentnamn>
        <ISIN-kod_instrument>DK0060534915</ISIN-kod_instrument>
        <Landkod_Emittent>DK</Landkod_Emittent>
        <Valuta>DKK</Valuta>
        <Antal>197341</Antal>
        <Nominellt_belopp />
        <Kurs_som_använts_vid_värdering_av_instrumentet>938.</Kurs_som_använts_vid_värdering_av_instrumentet>
        <Valutakurs_instrument>1.495368</Valutakurs_instrument>
        <Marknadsvärde_instrument>276801378.52</Marknadsvärde_instrument>
        <Andel_av_fondförmögenhet_instrument>4.22</Andel_av_fondförmögenhet_instrument>
        <Bransch>
          <Branschkod_instrument>35</Branschkod_instrument>
          <Bransch_namn_instrument>Hälsovård</Bransch_namn_instrument>
        </Bransch>
      </FinansielltInstrument>
      <FinansielltInstrument>
        <Tillgångsslag_enligt_LVF_5_kap>ÖverlåtbartVärdepapper</Tillgångsslag_enligt_LVF_5_kap>
        <Instrumentnamn>Equinor</Instrumentnamn>
        <ISIN-kod_instrument>NO0010096985</ISIN-kod_instrument>
        <Landkod_Emittent>NO</Landkod_Emittent>
        <Valuta>NOK</Valuta>
        <Antal>180649</Antal>
        <Nominellt_belopp />
        <Kurs_som_använts_vid_värdering_av_instrumentet>351.8</Kurs_som_använts_vid_värdering_av_instrumentet>
        <Valutakurs_instrument>1.05771</Valutakurs_instrument>
        <Marknadsvärde_instrument>67219914.86</Marknadsvärde_instrument>
        <Andel_av_fondförmögenhet_instrument>1.03</Andel_av_fondförmögenhet_instrument>
        <Bransch>
          <Branschkod_instrument>10</Branschkod_instrument>
          <Bransch_namn_instrument>Energi</Bransch_namn_instrument>
        </Bransch>
      </FinansielltInstrument>
      <FinansielltInstrument>
        <Tillgångsslag_enligt_LVF_5_kap>ÖverlåtbartVärdepapper</Tillgångsslag_enligt_LVF_5_kap>
        <Instrumentnamn>LVMH</Instrumentnamn>
        <ISIN-kod_instrument>FR0000121014</ISIN-kod_instrument>
        <Landkod_Emittent>FR</Landkod_Emittent>
        <Valuta>EUR</Valuta>
        <Antal>19765</Antal>
        <Nominellt_belopp />
        <Kurs_som_använts_vid_värdering_av_instrumentet>679.9</Kurs_som_använts_vid_värdering_av_instrumentet>
        <Valutakurs_instrument>11.120211</Valutakurs_instrument>
        <Marknadsvärde_instrument>149435885.89</Marknadsvärde_instrument>
        <Andel_av_fondförmögenhet_instrument>2.28</Andel_av_fondförmögenhet_instrument>
        <Bransch>
          <Branschkod_instrument>25</Branschkod_instrument>
          <Bransch_namn_instrument>Konsumtion, sällanköp</Bransch_namn_instrument>
        </Bransch>
      </FinansielltInstrument>
      <FinansielltInstrument>
        <Tillgångsslag_enligt_LVF_5_kap>ÖverlåtbartVärdepapper</Tillgångsslag_enligt_LVF_5_kap>
        <Instrumentnamn>ING Group</Instrumentnamn>
        <ISIN-kod_instrument>NL0011821202</ISIN-kod_instrument>
        <Landkod_Emittent>NL</Landkod_Emittent>
        <Valuta>EUR</Valuta>
        <Antal>1618491</Antal>
        <Nominellt_belopp />
        <Kurs_som_använts_vid_värdering_av_instrumentet>11.388</Kurs_som_använts_vid_värdering_av_instrumentet>
        <Valutakurs_instrument>11.120211</Valutakurs_instrument>
        <Marknadsvärde_instrument>204960791.70</Marknadsvärde_instrument>
        <Andel_av_fondförmögenhet_instrument>3.13</Andel_av_fondförmögenhet_instrument>
        <Bransch>
          <Branschkod_instrument>40</Branschkod_instrument>
          <Bransch_namn_instrument>Finans</Bransch_namn_instrument>
        </Bransch>
      </FinansielltInstrument>
      <FinansielltInstrument>
        <Tillgångsslag_enligt_LVF_5_kap>ÖverlåtbartVärdepapper</Tillgångsslag_enligt_LVF_5_kap>
        <Instrumentnamn>BNP Paribas</Instrumentnamn>
        <ISIN-kod_instrument>FR0000131104</ISIN-kod_instrument>
        <Landkod_Emittent>FR</Landkod_Emittent>
        <Valuta>EUR</Valuta>
        <Antal>149807</Antal>
        <Nominellt_belopp />
        <Kurs_som_använts_vid_värdering_av_instrumentet>53.25</Kurs_som_använts_vid_värdering_av_instrumentet>
        <Valutakurs_instrument>11.120211</Valutakurs_instrument>
        <Marknadsvärde_instrument>88708403.21</Marknadsvärde_instrument>
        <Andel_av_fondförmögenhet_instrument>1.35</Andel_av_fondförmögenhet_instrument>
        <Bransch>
          <Branschkod_instrument>40</Branschkod_instrument>
          <Bransch_namn_instrument>Finans</Bransch_namn_instrument>
        </Bransch>
      </FinansielltInstrument>
      <FinansielltInstrument>
        <Tillgångsslag_enligt_LVF_5_kap>ÖverlåtbartVärdepapper</Tillgångsslag_enligt_LVF_5_kap>
        <Instrumentnamn>GSK</Instrumentnamn>
        <ISIN-kod_instrument>GB00BN7SWP63</ISIN-kod_instrument>
        <Landkod_Emittent>GB</Landkod_Emittent>
        <Valuta>GBP</Valuta>
        <Antal>425261</Antal>
        <Nominellt_belopp />
        <Kurs_som_använts_vid_värdering_av_instrumentet>14.376</Kurs_som_använts_vid_värdering_av_instrumentet>
        <Valutakurs_instrument>12.533617</Valutakurs_instrument>
        <Marknadsvärde_instrument>76624918.28</Marknadsvärde_instrument>
        <Andel_av_fondförmögenhet_instrument>1.17</Andel_av_fondförmögenhet_instrument>
        <Bransch>
          <Branschkod_instrument>35</Branschkod_instrument>
          <Bransch_namn_instrument>Hälsovård</Bransch_namn_instrument>
        </Bransch>
      </FinansielltInstrument>
      <FinansielltInstrument>
        <Tillgångsslag_enligt_LVF_5_kap>ÖverlåtbartVärdepapper</Tillgångsslag_enligt_LVF_5_kap>
        <Instrumentnamn>Signify</Instrumentnamn>
        <ISIN-kod_instrument>NL0011821392</ISIN-kod_instrument>
        <Landkod_Emittent>NL</Landkod_Emittent>
        <Valuta>EUR</Valuta>
        <Antal>243222</Antal>
        <Nominellt_belopp />
        <Kurs_som_använts_vid_värdering_av_instrumentet>31.38</Kurs_som_använts_vid_värdering_av_instrumentet>
        <Valutakurs_instrument>11.120211</Valutakurs_instrument>
        <Marknadsvärde_instrument>84872860.04</Marknadsvärde_instrument>
        <Andel_av_fondförmögenhet_instrument>1.29</Andel_av_fondförmögenhet_instrument>
        <Bransch>
          <Branschkod_instrument>20</Branschkod_instrument>
          <Bransch_namn_instrument>Industri</Bransch_namn_instrument>
        </Bransch>
      </FinansielltInstrument>
      <FinansielltInstrument>
        <Tillgångsslag_enligt_LVF_5_kap>ÖverlåtbartVärdepapper</Tillgångsslag_enligt_LVF_5_kap>
        <Instrumentnamn>Örsted</Instrumentnamn>
        <ISIN-kod_instrument>DK0060094928</ISIN-kod_instrument>
        <Landkod_Emittent>DK</Landkod_Emittent>
        <Valuta>DKK</Valuta>
        <Antal>23297</Antal>
        <Nominellt_belopp />
        <Kurs_som_använts_vid_värdering_av_instrumentet>631.3</Kurs_som_använts_vid_värdering_av_instrumentet>
        <Valutakurs_instrument>1.495368</Valutakurs_instrument>
        <Marknadsvärde_instrument>21992969.64</Marknadsvärde_instrument>
        <Andel_av_fondförmögenhet_instrument>0.34</Andel_av_fondförmögenhet_instrument>
        <Bransch>
          <Branschkod_instrument>55</Branschkod_instrument>
          <Bransch_namn_instrument>Samhällsnyttigheter</Bransch_namn_instrument>
        </Bransch>
      </FinansielltInstrument>
      <FinansielltInstrument>
        <Tillgångsslag_enligt_LVF_5_kap>ÖverlåtbartVärdepapper</Tillgångsslag_enligt_LVF_5_kap>
        <Instrumentnamn>Carrefour</Instrumentnamn>
        <ISIN-kod_instrument>FR0000120172</ISIN-kod_instrument>
        <Landkod_Emittent>FR</Landkod_Emittent>
        <Valuta>EUR</Valuta>
        <Antal>706013</Antal>
        <Nominellt_belopp />
        <Kurs_som_använts_vid_värdering_av_instrumentet>15.64</Kurs_som_använts_vid_värdering_av_instrumentet>
        <Valutakurs_instrument>11.120211</Valutakurs_instrument>
        <Marknadsvärde_instrument>122789855.79</Marknadsvärde_instrument>
        <Andel_av_fondförmögenhet_instrument>1.87</Andel_av_fondförmögenhet_instrument>
        <Bransch>
          <Branschkod_instrument>30</Branschkod_instrument>
          <Bransch_namn_instrument>Konsumtion, daglig</Bransch_namn_instrument>
        </Bransch>
      </FinansielltInstrument>
      <FinansielltInstrument>
        <Tillgångsslag_enligt_LVF_5_kap>ÖverlåtbartVärdepapper</Tillgångsslag_enligt_LVF_5_kap>
        <Instrumentnamn>Vestas Wind Systems</Instrumentnamn>
        <ISIN-kod_instrument>DK0061539921</ISIN-kod_instrument>
        <Landkod_Emittent>DK</Landkod_Emittent>
        <Valuta>DKK</Valuta>
        <Antal>150282</Antal>
        <Nominellt_belopp />
        <Kurs_som_använts_vid_värdering_av_instrumentet>202.1</Kurs_som_använts_vid_värdering_av_instrumentet>
        <Valutakurs_instrument>1.495368</Valutakurs_instrument>
        <Marknadsvärde_instrument>45417305.54</Marknadsvärde_instrument>
        <Andel_av_fondförmögenhet_instrument>0.69</Andel_av_fondförmögenhet_instrument>
        <Bransch>
          <Branschkod_instrument>20</Branschkod_instrument>
          <Bransch_namn_instrument>Industri</Bransch_namn_instrument>
        </Bransch>
      </FinansielltInstrument>
      <FinansielltInstrument>
        <Tillgångsslag_enligt_LVF_5_kap>ÖverlåtbartVärdepapper</Tillgångsslag_enligt_LVF_5_kap>
        <Instrumentnamn>AP Moller Maersk A</Instrumentnamn>
        <ISIN-kod_instrument>DK0010244425</ISIN-kod_instrument>
        <Landkod_Emittent>DK</Landkod_Emittent>
        <Valuta>DKK</Valuta>
        <Antal>1121</Antal>
        <Nominellt_belopp />
        <Kurs_som_använts_vid_värdering_av_instrumentet>15370.</Kurs_som_använts_vid_värdering_av_instrumentet>
        <Valutakurs_instrument>1.495368</Valutakurs_instrument>
        <Marknadsvärde_instrument>25764846.88</Marknadsvärde_instrument>
        <Andel_av_fondförmögenhet_instrument>0.39</Andel_av_fondförmögenhet_instrument>
        <Bransch>
          <Branschkod_instrument>20</Branschkod_instrument>
          <Bransch_namn_instrument>Industri</Bransch_namn_instrument>
        </Bransch>
      </FinansielltInstrument>
      <FinansielltInstrument>
        <Tillgångsslag_enligt_LVF_5_kap>ÖverlåtbartVärdepapper</Tillgångsslag_enligt_LVF_5_kap>
        <Instrumentnamn>Allianz</Instrumentnamn>
        <ISIN-kod_instrument>DE0008404005</ISIN-kod_instrument>
        <Landkod_Emittent>DE</Landkod_Emittent>
        <Valuta>EUR</Valuta>
        <Antal>98727</Antal>
        <Nominellt_belopp />
        <Kurs_som_använts_vid_värdering_av_instrumentet>200.9</Kurs_som_använts_vid_värdering_av_instrumentet>
        <Valutakurs_instrument>11.120211</Valutakurs_instrument>
        <Marknadsvärde_instrument>220561100.38</Marknadsvärde_instrument>
        <Andel_av_fondförmögenhet_instrument>3.37</Andel_av_fondförmögenhet_instrument>
        <Bransch>
          <Branschkod_instrument>40</Branschkod_instrument>
          <Bransch_namn_instrument>Finans</Bransch_namn_instrument>
        </Bransch>
      </FinansielltInstrument>
      <FinansielltInstrument>
        <Tillgångsslag_enligt_LVF_5_kap>ÖverlåtbartVärdepapper</Tillgångsslag_enligt_LVF_5_kap>
        <Instrumentnamn>Iberdrola</Instrumentnamn>
        <ISIN-kod_instrument>ES0144580Y14</ISIN-kod_instrument>
        <Landkod_Emittent>ES</Landkod_Emittent>
        <Valuta>EUR</Valuta>
        <Antal>500627</Antal>
        <Nominellt_belopp />
        <Kurs_som_använts_vid_värdering_av_instrumentet>10.93</Kurs_som_använts_vid_värdering_av_instrumentet>
        <Valutakurs_instrument>11.120211</Valutakurs_instrument>
        <Marknadsvärde_instrument>60848163.22</Marknadsvärde_instrument>
        <Andel_av_fondförmögenhet_instrument>0.93</Andel_av_fondförmögenhet_instrument>
        <Bransch>
          <Branschkod_instrument>55</Branschkod_instrument>
          <Bransch_namn_instrument>Samhällsnyttigheter</Bransch_namn_instrument>
        </Bransch>
      </FinansielltInstrument>
      <FinansielltInstrument>
        <Tillgångsslag_enligt_LVF_5_kap>ÖverlåtbartVärdepapper</Tillgångsslag_enligt_LVF_5_kap>
        <Instrumentnamn>Merck KGAA</Instrumentnamn>
        <ISIN-kod_instrument>DE0006599905</ISIN-kod_instrument>
        <Landkod_Emittent>DE</Landkod_Emittent>
        <Valuta>EUR</Valuta>
        <Antal>13697</Antal>
        <Nominellt_belopp />
        <Kurs_som_använts_vid_värdering_av_instrumentet>180.9</Kurs_som_använts_vid_värdering_av_instrumentet>
        <Valutakurs_instrument>11.120211</Valutakurs_instrument>
        <Marknadsvärde_instrument>27553518.53</Marknadsvärde_instrument>
        <Andel_av_fondförmögenhet_instrument>0.42</Andel_av_fondförmögenhet_instrument>
        <Bransch>
          <Branschkod_instrument>35</Branschkod_instrument>
          <Bransch_namn_instrument>Hälsovård</Bransch_namn_instrument>
        </Bransch>
      </FinansielltInstrument>
      <FinansielltInstrument>
        <Tillgångsslag_enligt_LVF_5_kap>ÖverlåtbartVärdepapper</Tillgångsslag_enligt_LVF_5_kap>
        <Instrumentnamn>EDP Renovaveis</Instrumentnamn>
        <ISIN-kod_instrument>ES0127797019</ISIN-kod_instrument>
        <Landkod_Emittent>PT</Landkod_Emittent>
        <Valuta>EUR</Valuta>
        <Antal>76834</Antal>
        <Nominellt_belopp />
        <Kurs_som_använts_vid_värdering_av_instrumentet>20.58</Kurs_som_använts_vid_värdering_av_instrumentet>
        <Valutakurs_instrument>11.120211</Valutakurs_instrument>
        <Marknadsvärde_instrument>17583764.41</Marknadsvärde_instrument>
        <Andel_av_fondförmögenhet_instrument>0.27</Andel_av_fondförmögenhet_instrument>
        <Bransch>
          <Branschkod_instrument>55</Branschkod_instrument>
          <Bransch_namn_instrument>Samhällsnyttigheter</Bransch_namn_instrument>
        </Bransch>
      </FinansielltInstrument>
      <FinansielltInstrument>
        <Tillgångsslag_enligt_LVF_5_kap>ÖverlåtbartVärdepapper</Tillgångsslag_enligt_LVF_5_kap>
        <Instrumentnamn>Roche</Instrumentnamn>
        <ISIN-kod_instrument>CH0012032048</ISIN-kod_instrument>
        <Landkod_Emittent>CH</Landkod_Emittent>
        <Valuta>CHF</Valuta>
        <Antal>83102</Antal>
        <Nominellt_belopp />
        <Kurs_som_använts_vid_värdering_av_instrumentet>290.5</Kurs_som_använts_vid_värdering_av_instrumentet>
        <Valutakurs_instrument>11.261889</Valutakurs_instrument>
        <Marknadsvärde_instrument>271874745.38</Marknadsvärde_instrument>
        <Andel_av_fondförmögenhet_instrument>4.15</Andel_av_fondförmögenhet_instrument>
        <Bransch>
          <Branschkod_instrument>35</Branschkod_instrument>
          <Bransch_namn_instrument>Hälsovård</Bransch_namn_instrument>
        </Bransch>
      </FinansielltInstrument>
      <FinansielltInstrument>
        <Tillgångsslag_enligt_LVF_5_kap>ÖverlåtbartVärdepapper</Tillgångsslag_enligt_LVF_5_kap>
        <Instrumentnamn>Vivendi</Instrumentnamn>
        <ISIN-kod_instrument>FR0000127771</ISIN-kod_instrument>
        <Landkod_Emittent>FR</Landkod_Emittent>
        <Valuta>EUR</Valuta>
        <Antal>1336145</Antal>
        <Nominellt_belopp />
        <Kurs_som_använts_vid_värdering_av_instrumentet>8.914</Kurs_som_använts_vid_värdering_av_instrumentet>
        <Valutakurs_instrument>11.120211</Valutakurs_instrument>
        <Marknadsvärde_instrument>132446127.03</Marknadsvärde_instrument>
        <Andel_av_fondförmögenhet_instrument>2.02</Andel_av_fondförmögenhet_instrument>
        <Bransch>
          <Branschkod_instrument>50</Branschkod_instrument>
          <Bransch_namn_instrument>Kommunikationstjänster</Bransch_namn_instrument>
        </Bransch>
      </FinansielltInstrument>
      <FinansielltInstrument>
        <Tillgångsslag_enligt_LVF_5_kap>ÖverlåtbartVärdepapper</Tillgångsslag_enligt_LVF_5_kap>
        <Instrumentnamn>AstraZeneca</Instrumentnamn>
        <ISIN-kod_instrument>GB0009895292</ISIN-kod_instrument>
        <Landkod_Emittent>SE</Landkod_Emittent>
        <Valuta>SEK</Valuta>
        <Antal>315221</Antal>
        <Nominellt_belopp />
        <Kurs_som_använts_vid_värdering_av_instrumentet>1403.5</Kurs_som_använts_vid_värdering_av_instrumentet>
        <Valutakurs_instrument>1.</Valutakurs_instrument>
        <Marknadsvärde_instrument>442412673.50</Marknadsvärde_instrument>
        <Andel_av_fondförmögenhet_instrument>6.75</Andel_av_fondförmögenhet_instrument>
        <Bransch>
          <Branschkod_instrument>35</Branschkod_instrument>
          <Bransch_namn_instrument>Hälsovård</Bransch_namn_instrument>
        </Bransch>
      </FinansielltInstrument>
      <FinansielltInstrument>
        <Tillgångsslag_enligt_LVF_5_kap>ÖverlåtbartVärdepapper</Tillgångsslag_enligt_LVF_5_kap>
        <Instrumentnamn>Teleperformance</Instrumentnamn>
        <ISIN-kod_instrument>FR0000051807</ISIN-kod_instrument>
        <Landkod_Emittent>FR</Landkod_Emittent>
        <Valuta>EUR</Valuta>
        <Antal>11492</Antal>
        <Nominellt_belopp />
        <Kurs_som_använts_vid_värdering_av_instrumentet>222.7</Kurs_som_använts_vid_värdering_av_instrumentet>
        <Valutakurs_instrument>11.120211</Valutakurs_instrument>
        <Marknadsvärde_instrument>28459605.59</Marknadsvärde_instrument>
        <Andel_av_fondförmögenhet_instrument>0.43</Andel_av_fondförmögenhet_instrument>
        <Bransch>
          <Branschkod_instrument>20</Branschkod_instrument>
          <Bransch_namn_instrument>Industri</Bransch_namn_instrument>
        </Bransch>
      </FinansielltInstrument>
      <FinansielltInstrument>
        <Tillgångsslag_enligt_LVF_5_kap>ÖverlåtbartVärdepapper</Tillgångsslag_enligt_LVF_5_kap>
        <Instrumentnamn>Reckitt Benckiser Group</Instrumentnamn>
        <ISIN-kod_instrument>GB00B24CGK77</ISIN-kod_instrument>
        <Landkod_Emittent>GB</Landkod_Emittent>
        <Valuta>GBP</Valuta>
        <Antal>185166</Antal>
        <Nominellt_belopp />
        <Kurs_som_använts_vid_värdering_av_instrumentet>57.54</Kurs_som_använts_vid_värdering_av_instrumentet>
        <Valutakurs_instrument>12.533617</Valutakurs_instrument>
        <Marknadsvärde_instrument>133538811.41</Marknadsvärde_instrument>
        <Andel_av_fondförmögenhet_instrument>2.04</Andel_av_fondförmögenhet_instrument>
        <Bransch>
          <Branschkod_instrument>30</Branschkod_instrument>
          <Bransch_namn_instrument>Konsumtion, daglig</Bransch_namn_instrument>
        </Bransch>
      </FinansielltInstrument>
      <FinansielltInstrument>
        <Tillgångsslag_enligt_LVF_5_kap>ÖverlåtbartVärdepapper</Tillgångsslag_enligt_LVF_5_kap>
        <Instrumentnamn>SAP</Instrumentnamn>
        <ISIN-kod_instrument>DE0007164600</ISIN-kod_instrument>
        <Landkod_Emittent>DE</Landkod_Emittent>
        <Valuta>EUR</Valuta>
        <Antal>180867</Antal>
        <Nominellt_belopp />
        <Kurs_som_använts_vid_värdering_av_instrumentet>96.39</Kurs_som_använts_vid_värdering_av_instrumentet>
        <Valutakurs_instrument>11.120211</Valutakurs_instrument>
        <Marknadsvärde_instrument>193867209.00</Marknadsvärde_instrument>
        <Andel_av_fondförmögenhet_instrument>2.96</Andel_av_fondförmögenhet_instrument>
        <Bransch>
          <Branschkod_instrument>45</Branschkod_instrument>
          <Bransch_namn_instrument>Informationsteknologi</Bransch_namn_instrument>
        </Bransch>
      </FinansielltInstrument>
      <FinansielltInstrument>
        <Tillgångsslag_enligt_LVF_5_kap>ÖverlåtbartVärdepapper</Tillgångsslag_enligt_LVF_5_kap>
        <Instrumentnamn>HSBC Holding</Instrumentnamn>
        <ISIN-kod_instrument>GB0005405286</ISIN-kod_instrument>
        <Landkod_Emittent>GB</Landkod_Emittent>
        <Valuta>GBP</Valuta>
        <Antal>1672020</Antal>
        <Nominellt_belopp />
        <Kurs_som_använts_vid_värdering_av_instrumentet>5.157</Kurs_som_använts_vid_värdering_av_instrumentet>
        <Valutakurs_instrument>12.533617</Valutakurs_instrument>
        <Marknadsvärde_instrument>108072451.55</Marknadsvärde_instrument>
        <Andel_av_fondförmögenhet_instrument>1.65</Andel_av_fondförmögenhet_instrument>
        <Bransch>
          <Branschkod_instrument>40</Branschkod_instrument>
          <Bransch_namn_instrument>Finans</Bransch_namn_instrument>
        </Bransch>
      </FinansielltInstrument>
      <FinansielltInstrument>
        <Tillgångsslag_enligt_LVF_5_kap>ÖverlåtbartVärdepapper</Tillgångsslag_enligt_LVF_5_kap>
        <Instrumentnamn>Neste Oil</Instrumentnamn>
        <ISIN-kod_instrument>FI0009013296</ISIN-kod_instrument>
        <Landkod_Emittent>FI</Landkod_Emittent>
        <Valuta>EUR</Valuta>
        <Antal>64298</Antal>
        <Nominellt_belopp />
        <Kurs_som_använts_vid_värdering_av_instrumentet>43.02</Kurs_som_använts_vid_värdering_av_instrumentet>
        <Valutakurs_instrument>11.120211</Valutakurs_instrument>
        <Marknadsvärde_instrument>30759616.25</Marknadsvärde_instrument>
        <Andel_av_fondförmögenhet_instrument>0.47</Andel_av_fondförmögenhet_instrument>
        <Bransch>
          <Branschkod_instrument>10</Branschkod_instrument>
          <Bransch_namn_instrument>Energi</Bransch_namn_instrument>
        </Bransch>
      </FinansielltInstrument>
      <FinansielltInstrument>
        <Tillgångsslag_enligt_LVF_5_kap>ÖverlåtbartVärdepapper</Tillgångsslag_enligt_LVF_5_kap>
        <Instrumentnamn>Repsol</Instrumentnamn>
        <ISIN-kod_instrument>ES0173516115</ISIN-kod_instrument>
        <Landkod_Emittent>ES</Landkod_Emittent>
        <Valuta>EUR</Valuta>
        <Antal>108528</Antal>
        <Nominellt_belopp />
        <Kurs_som_använts_vid_värdering_av_instrumentet>14.85</Kurs_som_använts_vid_värdering_av_instrumentet>
        <Valutakurs_instrument>11.120211</Valutakurs_instrument>
        <Marknadsvärde_instrument>17921786.36</Marknadsvärde_instrument>
        <Andel_av_fondförmögenhet_instrument>0.27</Andel_av_fondförmögenhet_instrument>
        <Bransch>
          <Branschkod_instrument>10</Branschkod_instrument>
          <Bransch_namn_instrument>Energi</Bransch_namn_instrument>
        </Bransch>
      </FinansielltInstrument>
      <FinansielltInstrument>
        <Tillgångsslag_enligt_LVF_5_kap>ÖverlåtbartVärdepapper</Tillgångsslag_enligt_LVF_5_kap>
        <Instrumentnamn>L´Oreal</Instrumentnamn>
        <ISIN-kod_instrument>FR0000120321</ISIN-kod_instrument>
        <Landkod_Emittent>FR</Landkod_Emittent>
        <Valuta>EUR</Valuta>
        <Antal>27561</Antal>
        <Nominellt_belopp />
        <Kurs_som_använts_vid_värdering_av_instrumentet>333.6</Kurs_som_använts_vid_värdering_av_instrumentet>
        <Valutakurs_instrument>11.120211</Valutakurs_instrument>
        <Marknadsvärde_instrument>102243111.05</Marknadsvärde_instrument>
        <Andel_av_fondförmögenhet_instrument>1.56</Andel_av_fondförmögenhet_instrument>
        <Bransch>
          <Branschkod_instrument>30</Branschkod_instrument>
          <Bransch_namn_instrument>Konsumtion, daglig</Bransch_namn_instrument>
        </Bransch>
      </FinansielltInstrument>
      <FinansielltInstrument>
        <Tillgångsslag_enligt_LVF_5_kap>ÖverlåtbartVärdepapper</Tillgångsslag_enligt_LVF_5_kap>
        <Instrumentnamn>Lonza</Instrumentnamn>
        <ISIN-kod_instrument>CH0013841017</ISIN-kod_instrument>
        <Landkod_Emittent>CH</Landkod_Emittent>
        <Valuta>CHF</Valuta>
        <Antal>9167</Antal>
        <Nominellt_belopp />
        <Kurs_som_använts_vid_värdering_av_instrumentet>453.1</Kurs_som_använts_vid_värdering_av_instrumentet>
        <Valutakurs_instrument>11.261889</Valutakurs_instrument>
        <Marknadsvärde_instrument>46777019.72</Marknadsvärde_instrument>
        <Andel_av_fondförmögenhet_instrument>0.71</Andel_av_fondförmögenhet_instrument>
        <Bransch>
          <Branschkod_instrument>35</Branschkod_instrument>
          <Bransch_namn_instrument>Hälsovård</Bransch_namn_instrument>
        </Bransch>
      </FinansielltInstrument>
      <FinansielltInstrument>
        <Tillgångsslag_enligt_LVF_5_kap>ÖverlåtbartVärdepapper</Tillgångsslag_enligt_LVF_5_kap>
        <Instrumentnamn>National Grid</Instrumentnamn>
        <ISIN-kod_instrument>GB00BDR05C01</ISIN-kod_instrument>
        <Landkod_Emittent>GB</Landkod_Emittent>
        <Valuta>GBP</Valuta>
        <Antal>235056</Antal>
        <Nominellt_belopp />
        <Kurs_som_använts_vid_värdering_av_instrumentet>9.974</Kurs_som_använts_vid_värdering_av_instrumentet>
        <Valutakurs_instrument>12.533617</Valutakurs_instrument>
        <Marknadsvärde_instrument>29384419.02</Marknadsvärde_instrument>
        <Andel_av_fondförmögenhet_instrument>0.45</Andel_av_fondförmögenhet_instrument>
        <Bransch>
          <Branschkod_instrument>55</Branschkod_instrument>
          <Bransch_namn_instrument>Samhällsnyttigheter</Bransch_namn_instrument>
        </Bransch>
      </FinansielltInstrument>
      <FinansielltInstrument>
        <Tillgångsslag_enligt_LVF_5_kap>ÖverlåtbartVärdepapper</Tillgångsslag_enligt_LVF_5_kap>
        <Instrumentnamn>Air Liquide</Instrumentnamn>
        <ISIN-kod_instrument>FR0000120073</ISIN-kod_instrument>
        <Landkod_Emittent>FR</Landkod_Emittent>
        <Valuta>EUR</Valuta>
        <Antal>136991</Antal>
        <Nominellt_belopp />
        <Kurs_som_använts_vid_värdering_av_instrumentet>132.4</Kurs_som_använts_vid_värdering_av_instrumentet>
        <Valutakurs_instrument>11.120211</Valutakurs_instrument>
        <Marknadsvärde_instrument>201694039.34</Marknadsvärde_instrument>
        <Andel_av_fondförmögenhet_instrument>3.08</Andel_av_fondförmögenhet_instrument>
        <Bransch>
          <Branschkod_instrument>15</Branschkod_instrument>
          <Bransch_namn_instrument>Basmaterial</Bransch_namn_instrument>
        </Bransch>
      </FinansielltInstrument>
      <FinansielltInstrument>
        <Tillgångsslag_enligt_LVF_5_kap>ÖverlåtbartVärdepapper</Tillgångsslag_enligt_LVF_5_kap>
        <Instrumentnamn>Sandvik</Instrumentnamn>
        <ISIN-kod_instrument>SE0000667891</ISIN-kod_instrument>
        <Landkod_Emittent>SE</Landkod_Emittent>
        <Valuta>SEK</Valuta>
        <Antal>182567</Antal>
        <Nominellt_belopp />
        <Kurs_som_använts_vid_värdering_av_instrumentet>188.4</Kurs_som_använts_vid_värdering_av_instrumentet>
        <Valutakurs_instrument>1.</Valutakurs_instrument>
        <Marknadsvärde_instrument>34395622.80</Marknadsvärde_instrument>
        <Andel_av_fondförmögenhet_instrument>0.52</Andel_av_fondförmögenhet_instrument>
        <Bransch>
          <Branschkod_instrument>20</Branschkod_instrument>
          <Bransch_namn_instrument>Industri</Bransch_namn_instrument>
        </Bransch>
      </FinansielltInstrument>
      <FinansielltInstrument>
        <Tillgångsslag_enligt_LVF_5_kap>ÖverlåtbartVärdepapper</Tillgångsslag_enligt_LVF_5_kap>
        <Instrumentnamn>Akzo Nobel</Instrumentnamn>
        <ISIN-kod_instrument>NL0013267909</ISIN-kod_instrument>
        <Landkod_Emittent>NL</Landkod_Emittent>
        <Valuta>EUR</Valuta>
        <Antal>133861</Antal>
        <Nominellt_belopp />
        <Kurs_som_använts_vid_värdering_av_instrumentet>62.56</Kurs_som_använts_vid_värdering_av_instrumentet>
        <Valutakurs_instrument>11.120211</Valutakurs_instrument>
        <Marknadsvärde_instrument>93124477.23</Marknadsvärde_instrument>
        <Andel_av_fondförmögenhet_instrument>1.42</Andel_av_fondförmögenhet_instrument>
        <Bransch>
          <Branschkod_instrument>15</Branschkod_instrument>
          <Bransch_namn_instrument>Basmaterial</Bransch_namn_instrument>
        </Bransch>
      </FinansielltInstrument>
      <FinansielltInstrument>
        <Tillgångsslag_enligt_LVF_5_kap>ÖverlåtbartVärdepapper</Tillgångsslag_enligt_LVF_5_kap>
        <Instrumentnamn>Prosus</Instrumentnamn>
        <ISIN-kod_instrument>NL0013654783</ISIN-kod_instrument>
        <Landkod_Emittent>NL</Landkod_Emittent>
        <Valuta>EUR</Valuta>
        <Antal>106896</Antal>
        <Nominellt_belopp />
        <Kurs_som_använts_vid_värdering_av_instrumentet>64.45</Kurs_som_använts_vid_värdering_av_instrumentet>
        <Valutakurs_instrument>11.120211</Valutakurs_instrument>
        <Marknadsvärde_instrument>76612109.16</Marknadsvärde_instrument>
        <Andel_av_fondförmögenhet_instrument>1.17</Andel_av_fondförmögenhet_instrument>
        <Bransch>
          <Branschkod_instrument>25</Branschkod_instrument>
          <Bransch_namn_instrument>Konsumtion, sällanköp</Bransch_namn_instrument>
        </Bransch>
      </FinansielltInstrument>
      <FinansielltInstrument>
        <Tillgångsslag_enligt_LVF_5_kap>ÖverlåtbartVärdepapper</Tillgångsslag_enligt_LVF_5_kap>
        <Instrumentnamn>Sonova Holding</Instrumentnamn>
        <ISIN-kod_instrument>CH0012549785</ISIN-kod_instrument>
        <Landkod_Emittent>CH</Landkod_Emittent>
        <Valuta>CHF</Valuta>
        <Antal>8665</Antal>
        <Nominellt_belopp />
        <Kurs_som_använts_vid_värdering_av_instrumentet>219.3</Kurs_som_använts_vid_värdering_av_instrumentet>
        <Valutakurs_instrument>11.261889</Valutakurs_instrument>
        <Marknadsvärde_instrument>21400230.62</Marknadsvärde_instrument>
        <Andel_av_fondförmögenhet_instrument>0.33</Andel_av_fondförmögenhet_instrument>
        <Bransch>
          <Branschkod_instrument>35</Branschkod_instrument>
          <Bransch_namn_instrument>Hälsovård</Bransch_namn_instrument>
        </Bransch>
      </FinansielltInstrument>
      <FinansielltInstrument>
        <Tillgångsslag_enligt_LVF_5_kap>ÖverlåtbartVärdepapper</Tillgångsslag_enligt_LVF_5_kap>
        <Instrumentnamn>Unilever</Instrumentnamn>
        <ISIN-kod_instrument>GB00B10RZP78</ISIN-kod_instrument>
        <Landkod_Emittent>NL</Landkod_Emittent>
        <Valuta>EUR</Valuta>
        <Antal>202118</Antal>
        <Nominellt_belopp />
        <Kurs_som_använts_vid_värdering_av_instrumentet>46.87</Kurs_som_använts_vid_värdering_av_instrumentet>
        <Valutakurs_instrument>11.120211</Valutakurs_instrument>
        <Marknadsvärde_instrument>105344772.20</Marknadsvärde_instrument>
        <Andel_av_fondförmögenhet_instrument>1.61</Andel_av_fondförmögenhet_instrument>
        <Bransch>
          <Branschkod_instrument>30</Branschkod_instrument>
          <Bransch_namn_instrument>Konsumtion, daglig</Bransch_namn_instrument>
        </Bransch>
      </FinansielltInstrument>
      <FinansielltInstrument>
        <Tillgångsslag_enligt_LVF_5_kap>ÖverlåtbartVärdepapper</Tillgångsslag_enligt_LVF_5_kap>
        <Instrumentnamn>Coloplast A/S</Instrumentnamn>
        <ISIN-kod_instrument>DK0060448595</ISIN-kod_instrument>
        <Landkod_Emittent>DK</Landkod_Emittent>
        <Valuta>DKK</Valuta>
        <Antal>13832</Antal>
        <Nominellt_belopp />
        <Kurs_som_använts_vid_värdering_av_instrumentet>812.</Kurs_som_använts_vid_värdering_av_instrumentet>
        <Valutakurs_instrument>1.495368</Valutakurs_instrument>
        <Marknadsvärde_instrument>16795351.42</Marknadsvärde_instrument>
        <Andel_av_fondförmögenhet_instrument>0.26</Andel_av_fondförmögenhet_instrument>
        <Bransch>
          <Branschkod_instrument>35</Branschkod_instrument>
          <Bransch_namn_instrument>Hälsovård</Bransch_namn_instrument>
        </Bransch>
      </FinansielltInstrument>
      <FinansielltInstrument>
        <Tillgångsslag_enligt_LVF_5_kap>ÖverlåtbartVärdepapper</Tillgångsslag_enligt_LVF_5_kap>
        <Instrumentnamn>ABB CH</Instrumentnamn>
        <ISIN-kod_instrument>CH0012221716</ISIN-kod_instrument>
        <Landkod_Emittent>CH</Landkod_Emittent>
        <Valuta>CHF</Valuta>
        <Antal>21657</Antal>
        <Nominellt_belopp />
        <Kurs_som_använts_vid_värdering_av_instrumentet>28.06</Kurs_som_använts_vid_värdering_av_instrumentet>
        <Valutakurs_instrument>11.261889</Valutakurs_instrument>
        <Marknadsvärde_instrument>6843798.56</Marknadsvärde_instrument>
        <Andel_av_fondförmögenhet_instrument>0.10</Andel_av_fondförmögenhet_instrument>
        <Bransch>
          <Branschkod_instrument>20</Branschkod_instrument>
          <Bransch_namn_instrument>Industri</Bransch_namn_instrument>
        </Bransch>
      </FinansielltInstrument>
      <FinansielltInstrument>
        <Tillgångsslag_enligt_LVF_5_kap>ÖverlåtbartVärdepapper</Tillgångsslag_enligt_LVF_5_kap>
        <Instrumentnamn>Compagnie Financiere Richemont</Instrumentnamn>
        <ISIN-kod_instrument>CH0210483332</ISIN-kod_instrument>
        <Landkod_Emittent>CH</Landkod_Emittent>
        <Valuta>CHF</Valuta>
        <Antal>141309</Antal>
        <Nominellt_belopp />
        <Kurs_som_använts_vid_värdering_av_instrumentet>119.9</Kurs_som_använts_vid_värdering_av_instrumentet>
        <Valutakurs_instrument>11.261889</Valutakurs_instrument>
        <Marknadsvärde_instrument>190809617.52</Marknadsvärde_instrument>
        <Andel_av_fondförmögenhet_instrument>2.91</Andel_av_fondförmögenhet_instrument>
        <Bransch>
          <Branschkod_instrument>25</Branschkod_instrument>
          <Bransch_namn_instrument>Konsumtion, sällanköp</Bransch_namn_instrument>
        </Bransch>
      </FinansielltInstrument>
      <FinansielltInstrument>
        <Tillgångsslag_enligt_LVF_5_kap>ÖverlåtbartVärdepapper</Tillgångsslag_enligt_LVF_5_kap>
        <Instrumentnamn>Givaudan</Instrumentnamn>
        <ISIN-kod_instrument>CH0010645932</ISIN-kod_instrument>
        <Landkod_Emittent>CH</Landkod_Emittent>
        <Valuta>CHF</Valuta>
        <Antal>1147</Antal>
        <Nominellt_belopp />
        <Kurs_som_använts_vid_värdering_av_instrumentet>2833.</Kurs_som_använts_vid_värdering_av_instrumentet>
        <Valutakurs_instrument>11.261889</Valutakurs_instrument>
        <Marknadsvärde_instrument>36594957.51</Marknadsvärde_instrument>
        <Andel_av_fondförmögenhet_instrument>0.56</Andel_av_fondförmögenhet_instrument>
        <Bransch>
          <Branschkod_instrument>15</Branschkod_instrument>
          <Bransch_namn_instrument>Basmaterial</Bransch_namn_instrument>
        </Bransch>
      </FinansielltInstrument>
      <FinansielltInstrument>
        <Tillgångsslag_enligt_LVF_5_kap>ÖverlåtbartVärdepapper</Tillgångsslag_enligt_LVF_5_kap>
        <Instrumentnamn>Nordea Bank</Instrumentnamn>
        <ISIN-kod_instrument>FI4000297767</ISIN-kod_instrument>
        <Landkod_Emittent>SE</Landkod_Emittent>
        <Valuta>SEK</Valuta>
        <Antal>514659</Antal>
        <Nominellt_belopp />
        <Kurs_som_använts_vid_värdering_av_instrumentet>111.68</Kurs_som_använts_vid_värdering_av_instrumentet>
        <Valutakurs_instrument>1.</Valutakurs_instrument>
        <Marknadsvärde_instrument>57477117.12</Marknadsvärde_instrument>
        <Andel_av_fondförmögenhet_instrument>0.88</Andel_av_fondförmögenhet_instrument>
        <Bransch>
          <Branschkod_instrument>40</Branschkod_instrument>
          <Bransch_namn_instrument>Finans</Bransch_namn_instrument>
        </Bransch>
      </FinansielltInstrument>
      <FinansielltInstrument>
        <Tillgångsslag_enligt_LVF_5_kap>ÖverlåtbartVärdepapper</Tillgångsslag_enligt_LVF_5_kap>
        <Instrumentnamn>RELX</Instrumentnamn>
        <ISIN-kod_instrument>GB00B2B0DG97</ISIN-kod_instrument>
        <Landkod_Emittent>GB</Landkod_Emittent>
        <Valuta>EUR</Valuta>
        <Antal>225513</Antal>
        <Nominellt_belopp />
        <Kurs_som_använts_vid_värdering_av_instrumentet>25.84</Kurs_som_använts_vid_värdering_av_instrumentet>
        <Valutakurs_instrument>11.120211</Valutakurs_instrument>
        <Marknadsvärde_instrument>64800317.60</Marknadsvärde_instrument>
        <Andel_av_fondförmögenhet_instrument>0.99</Andel_av_fondförmögenhet_instrument>
        <Bransch>
          <Branschkod_instrument>20</Branschkod_instrument>
          <Bransch_namn_instrument>Industri</Bransch_namn_instrument>
        </Bransch>
      </FinansielltInstrument>
      <FinansielltInstrument>
        <Tillgångsslag_enligt_LVF_5_kap>ÖverlåtbartVärdepapper</Tillgångsslag_enligt_LVF_5_kap>
        <Instrumentnamn>Sika</Instrumentnamn>
        <ISIN-kod_instrument>CH0418792922</ISIN-kod_instrument>
        <Landkod_Emittent>CH</Landkod_Emittent>
        <Valuta>CHF</Valuta>
        <Antal>14621</Antal>
        <Nominellt_belopp />
        <Kurs_som_använts_vid_värdering_av_instrumentet>221.7</Kurs_som_använts_vid_värdering_av_instrumentet>
        <Valutakurs_instrument>11.261889</Valutakurs_instrument>
        <Marknadsvärde_instrument>36505140.57</Marknadsvärde_instrument>
        <Andel_av_fondförmögenhet_instrument>0.56</Andel_av_fondförmögenhet_instrument>
        <Bransch>
          <Branschkod_instrument>15</Branschkod_instrument>
          <Bransch_namn_instrument>Basmaterial</Bransch_namn_instrument>
        </Bransch>
      </FinansielltInstrument>
      <FinansielltInstrument>
        <Tillgångsslag_enligt_LVF_5_kap>ÖverlåtbartVärdepapper</Tillgångsslag_enligt_LVF_5_kap>
        <Instrumentnamn>Straumann</Instrumentnamn>
        <ISIN-kod_instrument>CH1175448666</ISIN-kod_instrument>
        <Landkod_Emittent>CH</Landkod_Emittent>
        <Valuta>CHF</Valuta>
        <Antal>16840</Antal>
        <Nominellt_belopp />
        <Kurs_som_använts_vid_värdering_av_instrumentet>105.6</Kurs_som_använts_vid_värdering_av_instrumentet>
        <Valutakurs_instrument>11.261889</Valutakurs_instrument>
        <Marknadsvärde_instrument>20027062.83</Marknadsvärde_instrument>
        <Andel_av_fondförmögenhet_instrument>0.31</Andel_av_fondförmögenhet_instrument>
        <Bransch>
          <Branschkod_instrument>35</Branschkod_instrument>
          <Bransch_namn_instrument>Hälsovård</Bransch_namn_instrument>
        </Bransch>
      </FinansielltInstrument>
      <FinansielltInstrument>
        <Tillgångsslag_enligt_LVF_5_kap>ÖverlåtbartVärdepapper</Tillgångsslag_enligt_LVF_5_kap>
        <Instrumentnamn>Upm-Kymmene</Instrumentnamn>
        <ISIN-kod_instrument>FI0009005987</ISIN-kod_instrument>
        <Landkod_Emittent>FI</Landkod_Emittent>
        <Valuta>EUR</Valuta>
        <Antal>82839</Antal>
        <Nominellt_belopp />
        <Kurs_som_använts_vid_värdering_av_instrumentet>34.93</Kurs_som_använts_vid_värdering_av_instrumentet>
        <Valutakurs_instrument>11.120211</Valutakurs_instrument>
        <Marknadsvärde_instrument>32177068.56</Marknadsvärde_instrument>
        <Andel_av_fondförmögenhet_instrument>0.49</Andel_av_fondförmögenhet_instrument>
        <Bransch>
          <Branschkod_instrument>15</Branschkod_instrument>
          <Bransch_namn_instrument>Basmaterial</Bransch_namn_instrument>
        </Bransch>
      </FinansielltInstrument>
      <FinansielltInstrument>
        <Tillgångsslag_enligt_LVF_5_kap>ÖverlåtbartVärdepapper</Tillgångsslag_enligt_LVF_5_kap>
        <Instrumentnamn>Chocoladefabriken Lindt &amp; Sprüngli</Instrumentnamn>
        <ISIN-kod_instrument>CH0010570759</ISIN-kod_instrument>
        <Landkod_Emittent>CH</Landkod_Emittent>
        <Valuta>CHF</Valuta>
        <Antal>18</Antal>
        <Nominellt_belopp />
        <Kurs_som_använts_vid_värdering_av_instrumentet>95000.</Kurs_som_använts_vid_värdering_av_instrumentet>
        <Valutakurs_instrument>11.261889</Valutakurs_instrument>
        <Marknadsvärde_instrument>19257830.74</Marknadsvärde_instrument>
        <Andel_av_fondförmögenhet_instrument>0.29</Andel_av_fondförmögenhet_instrument>
        <Bransch>
          <Branschkod_instrument>30</Branschkod_instrument>
          <Bransch_namn_instrument>Konsumtion, daglig</Bransch_namn_instrument>
        </Bransch>
      </FinansielltInstrument>
      <FinansielltInstrument>
        <Tillgångsslag_enligt_LVF_5_kap>ÖverlåtbartVärdepapper</Tillgångsslag_enligt_LVF_5_kap>
        <Instrumentnamn>SGS</Instrumentnamn>
        <ISIN-kod_instrument>CH0002497458</ISIN-kod_instrument>
        <Landkod_Emittent>CH</Landkod_Emittent>
        <Valuta>CHF</Valuta>
        <Antal>1095</Antal>
        <Nominellt_belopp />
        <Kurs_som_använts_vid_värdering_av_instrumentet>2150.</Kurs_som_använts_vid_värdering_av_instrumentet>
        <Valutakurs_instrument>11.261889</Valutakurs_instrument>
        <Marknadsvärde_instrument>26513302.93</Marknadsvärde_instrument>
        <Andel_av_fondförmögenhet_instrument>0.40</Andel_av_fondförmögenhet_instrument>
        <Bransch>
          <Branschkod_instrument>20</Branschkod_instrument>
          <Bransch_namn_instrument>Industri</Bransch_namn_instrument>
        </Bransch>
      </FinansielltInstrument>
      <FinansielltInstrument>
        <Tillgångsslag_enligt_LVF_5_kap>ÖverlåtbartVärdepapper</Tillgångsslag_enligt_LVF_5_kap>
        <Instrumentnamn>Adidas</Instrumentnamn>
        <ISIN-kod_instrument>DE000A1EWWW0</ISIN-kod_instrument>
        <Landkod_Emittent>DE</Landkod_Emittent>
        <Valuta>EUR</Valuta>
        <Antal>30515</Antal>
        <Nominellt_belopp />
        <Kurs_som_använts_vid_värdering_av_instrumentet>127.46</Kurs_som_använts_vid_värdering_av_instrumentet>
        <Valutakurs_instrument>11.120211</Valutakurs_instrument>
        <Marknadsvärde_instrument>43251416.08</Marknadsvärde_instrument>
        <Andel_av_fondförmögenhet_instrument>0.66</Andel_av_fondförmögenhet_instrument>
        <Bransch>
          <Branschkod_instrument>25</Branschkod_instrument>
          <Bransch_namn_instrument>Konsumtion, sällanköp</Bransch_namn_instrument>
        </Bransch>
      </FinansielltInstrument>
      <FinansielltInstrument>
        <Tillgångsslag_enligt_LVF_5_kap>ÖverlåtbartVärdepapper</Tillgångsslag_enligt_LVF_5_kap>
        <Instrumentnamn>Ashtead Group</Instrumentnamn>
        <ISIN-kod_instrument>GB0000536739</ISIN-kod_instrument>
        <Landkod_Emittent>GB</Landkod_Emittent>
        <Valuta>GBP</Valuta>
        <Antal>58959</Antal>
        <Nominellt_belopp />
        <Kurs_som_använts_vid_värdering_av_instrumentet>47.2</Kurs_som_använts_vid_värdering_av_instrumentet>
        <Valutakurs_instrument>12.533617</Valutakurs_instrument>
        <Marknadsvärde_instrument>34879360.31</Marknadsvärde_instrument>
        <Andel_av_fondförmögenhet_instrument>0.53</Andel_av_fondförmögenhet_instrument>
        <Bransch>
          <Branschkod_instrument>20</Branschkod_instrument>
          <Bransch_namn_instrument>Industri</Bransch_namn_instrument>
        </Bransch>
      </FinansielltInstrument>
      <FinansielltInstrument>
        <Tillgångsslag_enligt_LVF_5_kap>ÖverlåtbartVärdepapper</Tillgångsslag_enligt_LVF_5_kap>
        <Instrumentnamn>Compass Group</Instrumentnamn>
        <ISIN-kod_instrument>GB00BD6K4575</ISIN-kod_instrument>
        <Landkod_Emittent>GB</Landkod_Emittent>
        <Valuta>GBP</Valuta>
        <Antal>230000</Antal>
        <Nominellt_belopp />
        <Kurs_som_använts_vid_värdering_av_instrumentet>19.175</Kurs_som_använts_vid_värdering_av_instrumentet>
        <Valutakurs_instrument>12.533617</Valutakurs_instrument>
        <Marknadsvärde_instrument>55276382.39</Marknadsvärde_instrument>
        <Andel_av_fondförmögenhet_instrument>0.84</Andel_av_fondförmögenhet_instrument>
        <Bransch>
          <Branschkod_instrument>25</Branschkod_instrument>
          <Bransch_namn_instrument>Konsumtion, sällanköp</Bransch_namn_instrument>
        </Bransch>
      </FinansielltInstrument>
      <FinansielltInstrument>
        <Tillgångsslag_enligt_LVF_5_kap>ÖverlåtbartVärdepapper</Tillgångsslag_enligt_LVF_5_kap>
        <Instrumentnamn>EssilorLuxottica</Instrumentnamn>
        <ISIN-kod_instrument>FR0000121667</ISIN-kod_instrument>
        <Landkod_Emittent>FR</Landkod_Emittent>
        <Valuta>EUR</Valuta>
        <Antal>32377</Antal>
        <Nominellt_belopp />
        <Kurs_som_använts_vid_värdering_av_instrumentet>169.2</Kurs_som_använts_vid_värdering_av_instrumentet>
        <Valutakurs_instrument>11.120211</Valutakurs_instrument>
        <Marknadsvärde_instrument>60918612.99</Marknadsvärde_instrument>
        <Andel_av_fondförmögenhet_instrument>0.93</Andel_av_fondförmögenhet_instrument>
        <Bransch>
          <Branschkod_instrument>35</Branschkod_instrument>
          <Bransch_namn_instrument>Hälsovård</Bransch_namn_instrument>
        </Bransch>
      </FinansielltInstrument>
      <FinansielltInstrument>
        <Tillgångsslag_enligt_LVF_5_kap>ÖverlåtbartVärdepapper</Tillgångsslag_enligt_LVF_5_kap>
        <Instrumentnamn>Kering</Instrumentnamn>
        <ISIN-kod_instrument>FR0000121485</ISIN-kod_instrument>
        <Landkod_Emittent>FR</Landkod_Emittent>
        <Valuta>EUR</Valuta>
        <Antal>6573</Antal>
        <Nominellt_belopp />
        <Kurs_som_använts_vid_värdering_av_instrumentet>475.5</Kurs_som_använts_vid_värdering_av_instrumentet>
        <Valutakurs_instrument>11.120211</Valutakurs_instrument>
        <Marknadsvärde_instrument>34755792.54</Marknadsvärde_instrument>
        <Andel_av_fondförmögenhet_instrument>0.53</Andel_av_fondförmögenhet_instrument>
        <Bransch>
          <Branschkod_instrument>25</Branschkod_instrument>
          <Bransch_namn_instrument>Konsumtion, sällanköp</Bransch_namn_instrument>
        </Bransch>
      </FinansielltInstrument>
      <FinansielltInstrument>
        <Tillgångsslag_enligt_LVF_5_kap>ÖverlåtbartVärdepapper</Tillgångsslag_enligt_LVF_5_kap>
        <Instrumentnamn>Segro</Instrumentnamn>
        <ISIN-kod_instrument>GB00B5ZN1N88</ISIN-kod_instrument>
        <Landkod_Emittent>GB</Landkod_Emittent>
        <Valuta>GBP</Valuta>
        <Antal>214101</Antal>
        <Nominellt_belopp />
        <Kurs_som_använts_vid_värdering_av_instrumentet>7.636</Kurs_som_använts_vid_värdering_av_instrumentet>
        <Valutakurs_instrument>12.533617</Valutakurs_instrument>
        <Marknadsvärde_instrument>20490899.37</Marknadsvärde_instrument>
        <Andel_av_fondförmögenhet_instrument>0.31</Andel_av_fondförmögenhet_instrument>
        <Bransch>
          <Branschkod_instrument>60</Branschkod_instrument>
          <Bransch_namn_instrument>Fastigheter</Bransch_namn_instrument>
        </Bransch>
      </FinansielltInstrument>
      <FinansielltInstrument>
        <Tillgångsslag_enligt_LVF_5_kap>ÖverlåtbartVärdepapper</Tillgångsslag_enligt_LVF_5_kap>
        <Instrumentnamn>Epiroc B</Instrumentnamn>
        <ISIN-kod_instrument>SE0015658117</ISIN-kod_instrument>
        <Landkod_Emittent>SE</Landkod_Emittent>
        <Valuta>SEK</Valuta>
        <Antal>148667</Antal>
        <Nominellt_belopp />
        <Kurs_som_använts_vid_värdering_av_instrumentet>167.65</Kurs_som_använts_vid_värdering_av_instrumentet>
        <Valutakurs_instrument>1.</Valutakurs_instrument>
        <Marknadsvärde_instrument>24924022.55</Marknadsvärde_instrument>
        <Andel_av_fondförmögenhet_instrument>0.38</Andel_av_fondförmögenhet_instrument>
        <Bransch>
          <Branschkod_instrument>20</Branschkod_instrument>
          <Bransch_namn_instrument>Industri</Bransch_namn_instrument>
        </Bransch>
      </FinansielltInstrument>
      <FinansielltInstrument>
        <Tillgångsslag_enligt_LVF_5_kap>ÖverlåtbartVärdepapper</Tillgångsslag_enligt_LVF_5_kap>
        <Instrumentnamn>Boliden</Instrumentnamn>
        <ISIN-kod_instrument>SE0017768716</ISIN-kod_instrument>
        <Landkod_Emittent>SE</Landkod_Emittent>
        <Valuta>SEK</Valuta>
        <Antal>59356</Antal>
        <Nominellt_belopp />
        <Kurs_som_använts_vid_värdering_av_instrumentet>391.25</Kurs_som_använts_vid_värdering_av_instrumentet>
        <Valutakurs_instrument>1.</Valutakurs_instrument>
        <Marknadsvärde_instrument>23223035.00</Marknadsvärde_instrument>
        <Andel_av_fondförmögenhet_instrument>0.35</Andel_av_fondförmögenhet_instrument>
        <Bransch>
          <Branschkod_instrument>15</Branschkod_instrument>
          <Bransch_namn_instrument>Basmaterial</Bransch_namn_instrument>
        </Bransch>
      </FinansielltInstrument>
      <FinansielltInstrument>
        <Tillgångsslag_enligt_LVF_5_kap>ÖverlåtbartVärdepapper</Tillgångsslag_enligt_LVF_5_kap>
        <Instrumentnamn>LUKOIL PJSC</Instrumentnamn>
        <ISIN-kod_instrument>US69343P1057</ISIN-kod_instrument>
        <Landkod_Emittent>GB</Landkod_Emittent>
        <Valuta>USD</Valuta>
        <Antal>100000</Antal>
        <Nominellt_belopp />
        <Kurs_som_använts_vid_värdering_av_instrumentet>0.72</Kurs_som_använts_vid_värdering_av_instrumentet>
        <Valutakurs_instrument>10.4195</Valutakurs_instrument>
        <Marknadsvärde_instrument>750204.00</Marknadsvärde_instrument>
        <Andel_av_fondförmögenhet_instrument>0.01</Andel_av_fondförmögenhet_instrument>
        <Bransch>
          <Branschkod_instrument>10</Branschkod_instrument>
          <Bransch_namn_instrument>Energi</Bransch_namn_instrument>
        </Bransch>
      </FinansielltInstrument>
      <FinansielltInstrument>
        <Tillgångsslag_enligt_LVF_5_kap>ÖverlåtbartVärdepapper</Tillgångsslag_enligt_LVF_5_kap>
        <Instrumentnamn>Polymetal International</Instrumentnamn>
        <ISIN-kod_instrument>JE00B6T5S470</ISIN-kod_instrument>
        <Landkod_Emittent>GB</Landkod_Emittent>
        <Valuta>GBP</Valuta>
        <Antal>153132</Antal>
        <Nominellt_belopp />
        <Kurs_som_använts_vid_värdering_av_instrumentet>2.114</Kurs_som_använts_vid_värdering_av_instrumentet>
        <Valutakurs_instrument>12.533617</Valutakurs_instrument>
        <Marknadsvärde_instrument>4057395.51</Marknadsvärde_instrument>
        <Andel_av_fondförmögenhet_instrument>0.06</Andel_av_fondförmögenhet_instrument>
        <Bransch>
          <Branschkod_instrument>15</Branschkod_instrument>
          <Bransch_namn_instrument>Basmaterial</Bransch_namn_instrument>
        </Bransch>
      </FinansielltInstrument>
      <FinansielltInstrument>
        <Tillgångsslag_enligt_LVF_5_kap>ÖverlåtbartVärdepapper</Tillgångsslag_enligt_LVF_5_kap>
        <Instrumentnamn>Assa Abloy B</Instrumentnamn>
        <ISIN-kod_instrument>SE0007100581</ISIN-kod_instrument>
        <Landkod_Emittent>SE</Landkod_Emittent>
        <Valuta>SEK</Valuta>
        <Antal>151151</Antal>
        <Nominellt_belopp />
        <Kurs_som_använts_vid_värdering_av_instrumentet>223.7</Kurs_som_använts_vid_värdering_av_instrumentet>
        <Valutakurs_instrument>1.</Valutakurs_instrument>
        <Marknadsvärde_instrument>33812478.70</Marknadsvärde_instrument>
        <Andel_av_fondförmögenhet_instrument>0.52</Andel_av_fondförmögenhet_instrument>
        <Bransch>
          <Branschkod_instrument>20</Branschkod_instrument>
          <Bransch_namn_instrument>Industri</Bransch_namn_instrument>
        </Bransch>
      </FinansielltInstrument>
      <FinansielltInstrument>
        <Tillgångsslag_enligt_LVF_5_kap>ÖverlåtbartVärdepapper</Tillgångsslag_enligt_LVF_5_kap>
        <Instrumentnamn>Nibe B</Instrumentnamn>
        <ISIN-kod_instrument>SE0015988019</ISIN-kod_instrument>
        <Landkod_Emittent>SE</Landkod_Emittent>
        <Valuta>SEK</Valuta>
        <Antal>179652</Antal>
        <Nominellt_belopp />
        <Kurs_som_använts_vid_värdering_av_instrumentet>97.1</Kurs_som_använts_vid_värdering_av_instrumentet>
        <Valutakurs_instrument>1.</Valutakurs_instrument>
        <Marknadsvärde_instrument>17444209.20</Marknadsvärde_instrument>
        <Andel_av_fondförmögenhet_instrument>0.27</Andel_av_fondförmögenhet_instrument>
        <Bransch>
          <Branschkod_instrument>20</Branschkod_instrument>
          <Bransch_namn_instrument>Industri</Bransch_namn_instrument>
        </Bransch>
      </FinansielltInstrument>
      <FinansielltInstrument>
        <Tillgångsslag_enligt_LVF_5_kap>ÖverlåtbartVärdepapper</Tillgångsslag_enligt_LVF_5_kap>
        <Instrumentnamn>DNB Bank</Instrumentnamn>
        <ISIN-kod_instrument>NO0010161896</ISIN-kod_instrument>
        <Landkod_Emittent>NO</Landkod_Emittent>
        <Valuta>NOK</Valuta>
        <Antal>100787</Antal>
        <Nominellt_belopp />
        <Kurs_som_använts_vid_värdering_av_instrumentet>194.45</Kurs_som_använts_vid_värdering_av_instrumentet>
        <Valutakurs_instrument>1.05771</Valutakurs_instrument>
        <Marknadsvärde_instrument>20729032.23</Marknadsvärde_instrument>
        <Andel_av_fondförmögenhet_instrument>0.32</Andel_av_fondförmögenhet_instrument>
        <Bransch>
          <Branschkod_instrument>40</Branschkod_instrument>
          <Bransch_namn_instrument>Finans</Bransch_namn_instrument>
        </Bransch>
      </FinansielltInstrument>
      <FinansielltInstrument>
        <Tillgångsslag_enligt_LVF_5_kap>ÖverlåtbartVärdepapper</Tillgångsslag_enligt_LVF_5_kap>
        <Instrumentnamn>Genmab</Instrumentnamn>
        <ISIN-kod_instrument>DK0010272202</ISIN-kod_instrument>
        <Landkod_Emittent>DK</Landkod_Emittent>
        <Valuta>DKK</Valuta>
        <Antal>9046</Antal>
        <Nominellt_belopp />
        <Kurs_som_använts_vid_värdering_av_instrumentet>2941.</Kurs_som_använts_vid_värdering_av_instrumentet>
        <Valutakurs_instrument>1.495368</Valutakurs_instrument>
        <Marknadsvärde_instrument>39783198.21</Marknadsvärde_instrument>
        <Andel_av_fondförmögenhet_instrument>0.61</Andel_av_fondförmögenhet_instrument>
        <Bransch>
          <Branschkod_instrument>35</Branschkod_instrument>
          <Bransch_namn_instrument>Hälsovård</Bransch_namn_instrument>
        </Bransch>
      </FinansielltInstrument>
      <FinansielltInstrument>
        <Tillgångsslag_enligt_LVF_5_kap>ÖverlåtbartVärdepapper</Tillgångsslag_enligt_LVF_5_kap>
        <Instrumentnamn>Atlas Copco B</Instrumentnamn>
        <ISIN-kod_instrument>SE0017486897</ISIN-kod_instrument>
        <Landkod_Emittent>SE</Landkod_Emittent>
        <Valuta>SEK</Valuta>
        <Antal>681264</Antal>
        <Nominellt_belopp />
        <Kurs_som_använts_vid_värdering_av_instrumentet>111.1</Kurs_som_använts_vid_värdering_av_instrumentet>
        <Valutakurs_instrument>1.</Valutakurs_instrument>
        <Marknadsvärde_instrument>75688430.40</Marknadsvärde_instrument>
        <Andel_av_fondförmögenhet_instrument>1.15</Andel_av_fondförmögenhet_instrument>
        <Bransch>
          <Branschkod_instrument>20</Branschkod_instrument>
          <Bransch_namn_instrument>Industri</Bransch_namn_instrument>
        </Bransch>
      </FinansielltInstrument>
      <FinansielltInstrument>
        <Tillgångsslag_enligt_LVF_5_kap>ÖverlåtbartVärdepapper</Tillgångsslag_enligt_LVF_5_kap>
        <Instrumentnamn>Norsk Hydro</Instrumentnamn>
        <ISIN-kod_instrument>NO0005052605</ISIN-kod_instrument>
        <Landkod_Emittent>NO</Landkod_Emittent>
        <Valuta>NOK</Valuta>
        <Antal>258758</Antal>
        <Nominellt_belopp />
        <Kurs_som_använts_vid_värdering_av_instrumentet>73.32</Kurs_som_använts_vid_värdering_av_instrumentet>
        <Valutakurs_instrument>1.05771</Valutakurs_instrument>
        <Marknadsvärde_instrument>20067016.28</Marknadsvärde_instrument>
        <Andel_av_fondförmögenhet_instrument>0.31</Andel_av_fondförmögenhet_instrument>
        <Bransch>
          <Branschkod_instrument>15</Branschkod_instrument>
          <Bransch_namn_instrument>Basmaterial</Bransch_namn_instrument>
        </Bransch>
      </FinansielltInstrument>
      <FinansielltInstrument>
        <Tillgångsslag_enligt_LVF_5_kap>DerivatinstrumentSamtTeknikerOchInstrument</Tillgångsslag_enligt_LVF_5_kap>
        <Instrumentnamn>OMXS30 ESG Future Jan 23</Instrumentnamn>
        <ISIN-kod_instrument>SE0018783508</ISIN-kod_instrument>
        <Landkod_Emittent>SE</Landkod_Emittent>
        <Valuta>SEK</Valuta>
        <Antal>62400</Antal>
        <Nominellt_belopp />
        <Kurs_som_använts_vid_värdering_av_instrumentet>1968.37</Kurs_som_använts_vid_värdering_av_instrumentet>
        <Valutakurs_instrument>1</Valutakurs_instrument>
        <Marknadsvärde_instrument>0</Marknadsvärde_instrument>
        <Andel_av_fondförmögenhet_instrument>0.00</Andel_av_fondförmögenhet_instrument>
      </FinansielltInstrument>
    </FinansiellaInstrument>
  </Fondinformation>
  <Fondinformation />
</VärdepappersfondInnehav>