﻿<?xml version="1.0" encoding="utf-8"?>
<VärdepappersfondInnehav xmlns="http://schemas.fi.se/publika/vardepappersfonder/20200331">
  <Rapportinformation>
    <Kvartalsslut>2022-12-31</Kvartalsslut>
  </Rapportinformation>
  <Bolagsinformation>
    <Fondbolag_namn>Movestic Fonder AB</Fondbolag_namn>
    <Fondbolag_institutnummer>35230</Fondbolag_institutnummer>
    <Fondbolag_LEI-kod>5493002MRIRVRUHV4O57</Fondbolag_LEI-kod>
  </Bolagsinformation>
  <Fondinformation>
    <Fond_institutnummer>54180</Fond_institutnummer>
    <Fond_ISIN-kod>SE0013719895</Fond_ISIN-kod>
    <Fond_namn>Movestic Försiktig</Fond_namn>
    <Förvaltningsavgift>
      <UtanAndelsklasser>
        <Förvaltningsavgift_fast>1.55</Förvaltningsavgift_fast>
        <Prestationsbaserad>
          <Avkastningströskel>Jämförelseindex Försiktig</Avkastningströskel>
          <ProcentuelltUttag>10</ProcentuelltUttag>
        </Prestationsbaserad>
      </UtanAndelsklasser>
    </Förvaltningsavgift>
    <Fondförmögenhet>198782224</Fondförmögenhet>
    <Likvida_medel>5349605</Likvida_medel>
    <Övriga_tillgångar_och_skulder>-68569</Övriga_tillgångar_och_skulder>
    <Aktiv_risk>2.44</Aktiv_risk>
    <Standardavvikelse_24_månader>5.55</Standardavvikelse_24_månader>
    <Jämförelseindex>OMRX Bond All Index 70; MSCI ACWI Net TR i SEK 30; </Jämförelseindex>
    <FinansiellaInstrument>
      <FinansielltInstrument>
        <Tillgångsslag_enligt_LVF_5_kap>Fondandel</Tillgångsslag_enligt_LVF_5_kap>
        <Instrumentnamn>Allianz Global Multi-Asset Credit SRI Share Class WT (H2-SEK)</Instrumentnamn>
        <ISIN-kod_instrument>LU1970681752</ISIN-kod_instrument>
        <Landkod_Emittent>LU</Landkod_Emittent>
        <Valuta>SEK</Valuta>
        <Antal>973.963</Antal>
        <Nominellt_belopp />
        <Kurs_som_använts_vid_värdering_av_instrumentet>9629.03</Kurs_som_använts_vid_värdering_av_instrumentet>
        <Valutakurs_instrument>1</Valutakurs_instrument>
        <Marknadsvärde_instrument>9378318.95</Marknadsvärde_instrument>
        <Andel_av_fondförmögenhet_instrument>4.72</Andel_av_fondförmögenhet_instrument>
        <Bransch>
          <Branschkod_instrument>0</Branschkod_instrument>
          <Bransch_namn_instrument />
        </Bransch>
      </FinansielltInstrument>
      <FinansielltInstrument>
        <Tillgångsslag_enligt_LVF_5_kap>Fondandel</Tillgångsslag_enligt_LVF_5_kap>
        <Instrumentnamn>Amundi Idx MSCI Emerging Markets SRI PAB G D</Instrumentnamn>
        <ISIN-kod_instrument>LU2469335371</ISIN-kod_instrument>
        <Landkod_Emittent>US</Landkod_Emittent>
        <Valuta>GBP</Valuta>
        <Antal>3610</Antal>
        <Nominellt_belopp />
        <Kurs_som_använts_vid_värdering_av_instrumentet>47.435</Kurs_som_använts_vid_värdering_av_instrumentet>
        <Valutakurs_instrument>12.59565</Valutakurs_instrument>
        <Marknadsvärde_instrument>2156883.51</Marknadsvärde_instrument>
        <Andel_av_fondförmögenhet_instrument>1.09</Andel_av_fondförmögenhet_instrument>
        <Bransch>
          <Branschkod_instrument>0</Branschkod_instrument>
          <Bransch_namn_instrument />
        </Bransch>
      </FinansielltInstrument>
      <FinansielltInstrument>
        <Tillgångsslag_enligt_LVF_5_kap>Fondandel</Tillgångsslag_enligt_LVF_5_kap>
        <Instrumentnamn>Amundi Prime Japan - UCITS ETF DR (C)</Instrumentnamn>
        <ISIN-kod_instrument>LU2089238385</ISIN-kod_instrument>
        <Landkod_Emittent>LU</Landkod_Emittent>
        <Valuta>EUR</Valuta>
        <Antal>4363</Antal>
        <Nominellt_belopp />
        <Kurs_som_använts_vid_värdering_av_instrumentet>20.685</Kurs_som_använts_vid_värdering_av_instrumentet>
        <Valutakurs_instrument>11.1552</Valutakurs_instrument>
        <Marknadsvärde_instrument>1006741.8</Marknadsvärde_instrument>
        <Andel_av_fondförmögenhet_instrument>0.51</Andel_av_fondförmögenhet_instrument>
        <Bransch>
          <Branschkod_instrument>0</Branschkod_instrument>
          <Bransch_namn_instrument />
        </Bransch>
      </FinansielltInstrument>
      <FinansielltInstrument>
        <Tillgångsslag_enligt_LVF_5_kap>Fondandel</Tillgångsslag_enligt_LVF_5_kap>
        <Instrumentnamn>AXA World Funds - Global Factors - Sustainable Equity I Capitalisation USD</Instrumentnamn>
        <ISIN-kod_instrument>LU0943665264</ISIN-kod_instrument>
        <Landkod_Emittent>LU</Landkod_Emittent>
        <Valuta>USD</Valuta>
        <Antal>1307.41</Antal>
        <Nominellt_belopp />
        <Kurs_som_använts_vid_värdering_av_instrumentet>216.62</Kurs_som_använts_vid_värdering_av_instrumentet>
        <Valutakurs_instrument>10.41495</Valutakurs_instrument>
        <Marknadsvärde_instrument>2949630.01</Marknadsvärde_instrument>
        <Andel_av_fondförmögenhet_instrument>1.48</Andel_av_fondförmögenhet_instrument>
        <Bransch>
          <Branschkod_instrument>0</Branschkod_instrument>
          <Bransch_namn_instrument />
        </Bransch>
      </FinansielltInstrument>
      <FinansielltInstrument>
        <Tillgångsslag_enligt_LVF_5_kap>Fondandel</Tillgångsslag_enligt_LVF_5_kap>
        <Instrumentnamn>Carnegie Listed Private Equity A</Instrumentnamn>
        <ISIN-kod_instrument>SE0003039874</ISIN-kod_instrument>
        <Landkod_Emittent>SE</Landkod_Emittent>
        <Valuta>SEK</Valuta>
        <Antal>8771.1164</Antal>
        <Nominellt_belopp />
        <Kurs_som_använts_vid_värdering_av_instrumentet>466.1582</Kurs_som_använts_vid_värdering_av_instrumentet>
        <Valutakurs_instrument>1</Valutakurs_instrument>
        <Marknadsvärde_instrument>4088727.83</Marknadsvärde_instrument>
        <Andel_av_fondförmögenhet_instrument>2.06</Andel_av_fondförmögenhet_instrument>
        <Bransch>
          <Branschkod_instrument>0</Branschkod_instrument>
          <Bransch_namn_instrument />
        </Bransch>
      </FinansielltInstrument>
      <FinansielltInstrument>
        <Tillgångsslag_enligt_LVF_5_kap>Fondandel</Tillgångsslag_enligt_LVF_5_kap>
        <Instrumentnamn>CT (Lux) Sustainable Opportunities European Equity A Acc EUR</Instrumentnamn>
        <ISIN-kod_instrument>LU2032054814</ISIN-kod_instrument>
        <Landkod_Emittent>LU</Landkod_Emittent>
        <Valuta>EUR</Valuta>
        <Antal>9136.935</Antal>
        <Nominellt_belopp />
        <Kurs_som_använts_vid_värdering_av_instrumentet>11.83</Kurs_som_använts_vid_värdering_av_instrumentet>
        <Valutakurs_instrument>11.1552</Valutakurs_instrument>
        <Marknadsvärde_instrument>1205764.91</Marknadsvärde_instrument>
        <Andel_av_fondförmögenhet_instrument>0.61</Andel_av_fondförmögenhet_instrument>
        <Bransch>
          <Branschkod_instrument>0</Branschkod_instrument>
          <Bransch_namn_instrument />
        </Bransch>
      </FinansielltInstrument>
      <FinansielltInstrument>
        <Tillgångsslag_enligt_LVF_5_kap>Fondandel</Tillgångsslag_enligt_LVF_5_kap>
        <Instrumentnamn>DNB Fund TMT Abs Return retail A (SEK)</Instrumentnamn>
        <ISIN-kod_instrument>LU0547714872</ISIN-kod_instrument>
        <Landkod_Emittent>LU</Landkod_Emittent>
        <Valuta>SEK</Valuta>
        <Antal>5691.748</Antal>
        <Nominellt_belopp />
        <Kurs_som_använts_vid_värdering_av_instrumentet>1323.5</Kurs_som_använts_vid_värdering_av_instrumentet>
        <Valutakurs_instrument>1</Valutakurs_instrument>
        <Marknadsvärde_instrument>7533028.48</Marknadsvärde_instrument>
        <Andel_av_fondförmögenhet_instrument>3.79</Andel_av_fondförmögenhet_instrument>
        <Bransch>
          <Branschkod_instrument>0</Branschkod_instrument>
          <Bransch_namn_instrument />
        </Bransch>
      </FinansielltInstrument>
      <FinansielltInstrument>
        <Tillgångsslag_enligt_LVF_5_kap>Fondandel</Tillgångsslag_enligt_LVF_5_kap>
        <Instrumentnamn>EMQQ Em Mkts Internet&amp;Ecommerc Ucits ETF - Acc</Instrumentnamn>
        <ISIN-kod_instrument>IE00BFYN8Y92</ISIN-kod_instrument>
        <Landkod_Emittent>IE</Landkod_Emittent>
        <Valuta>USD</Valuta>
        <Antal>18797</Antal>
        <Nominellt_belopp />
        <Kurs_som_använts_vid_värdering_av_instrumentet>8.4495</Kurs_som_använts_vid_värdering_av_instrumentet>
        <Valutakurs_instrument>10.41495</Valutakurs_instrument>
        <Marknadsvärde_instrument>1654157.05</Marknadsvärde_instrument>
        <Andel_av_fondförmögenhet_instrument>0.83</Andel_av_fondförmögenhet_instrument>
        <Bransch>
          <Branschkod_instrument>0</Branschkod_instrument>
          <Bransch_namn_instrument />
        </Bransch>
      </FinansielltInstrument>
      <FinansielltInstrument>
        <Tillgångsslag_enligt_LVF_5_kap>Fondandel</Tillgångsslag_enligt_LVF_5_kap>
        <Instrumentnamn>Evli Corporate Bond B SEK</Instrumentnamn>
        <ISIN-kod_instrument>FI4000043682</ISIN-kod_instrument>
        <Landkod_Emittent>FI</Landkod_Emittent>
        <Valuta>SEK</Valuta>
        <Antal>4784.234</Antal>
        <Nominellt_belopp />
        <Kurs_som_använts_vid_värdering_av_instrumentet>1227.733</Kurs_som_använts_vid_värdering_av_instrumentet>
        <Valutakurs_instrument>1</Valutakurs_instrument>
        <Marknadsvärde_instrument>5873761.96</Marknadsvärde_instrument>
        <Andel_av_fondförmögenhet_instrument>2.95</Andel_av_fondförmögenhet_instrument>
        <Bransch>
          <Branschkod_instrument>0</Branschkod_instrument>
          <Bransch_namn_instrument />
        </Bransch>
      </FinansielltInstrument>
      <FinansielltInstrument>
        <Tillgångsslag_enligt_LVF_5_kap>Fondandel</Tillgångsslag_enligt_LVF_5_kap>
        <Instrumentnamn>Evli Short Corporate Bond B SEK</Instrumentnamn>
        <ISIN-kod_instrument>FI4000043716</ISIN-kod_instrument>
        <Landkod_Emittent>FI</Landkod_Emittent>
        <Valuta>SEK</Valuta>
        <Antal>10558.5935</Antal>
        <Nominellt_belopp />
        <Kurs_som_använts_vid_värdering_av_instrumentet>1116.762</Kurs_som_använts_vid_värdering_av_instrumentet>
        <Valutakurs_instrument>1</Valutakurs_instrument>
        <Marknadsvärde_instrument>11791435.99</Marknadsvärde_instrument>
        <Andel_av_fondförmögenhet_instrument>5.93</Andel_av_fondförmögenhet_instrument>
        <Bransch>
          <Branschkod_instrument>0</Branschkod_instrument>
          <Bransch_namn_instrument />
        </Bransch>
      </FinansielltInstrument>
      <FinansielltInstrument>
        <Tillgångsslag_enligt_LVF_5_kap>Fondandel</Tillgångsslag_enligt_LVF_5_kap>
        <Instrumentnamn>Franklin K2 Cat Bond UCITS Fund</Instrumentnamn>
        <ISIN-kod_instrument>LU2303826460</ISIN-kod_instrument>
        <Landkod_Emittent>LU</Landkod_Emittent>
        <Valuta>USD</Valuta>
        <Antal>80000</Antal>
        <Nominellt_belopp />
        <Kurs_som_använts_vid_värdering_av_instrumentet>10.08</Kurs_som_använts_vid_värdering_av_instrumentet>
        <Valutakurs_instrument>10.41495</Valutakurs_instrument>
        <Marknadsvärde_instrument>8398615.68</Marknadsvärde_instrument>
        <Andel_av_fondförmögenhet_instrument>4.23</Andel_av_fondförmögenhet_instrument>
        <Bransch>
          <Branschkod_instrument>0</Branschkod_instrument>
          <Bransch_namn_instrument />
        </Bransch>
      </FinansielltInstrument>
      <FinansielltInstrument>
        <Tillgångsslag_enligt_LVF_5_kap>Fondandel</Tillgångsslag_enligt_LVF_5_kap>
        <Instrumentnamn>iShares Core Global Aggregate Bond UCITS ETF (SEK)</Instrumentnamn>
        <ISIN-kod_instrument>IE00BJBLQB74</ISIN-kod_instrument>
        <Landkod_Emittent>IE</Landkod_Emittent>
        <Valuta>SEK</Valuta>
        <Antal>162566</Antal>
        <Nominellt_belopp />
        <Kurs_som_använts_vid_värdering_av_instrumentet>43.325</Kurs_som_använts_vid_värdering_av_instrumentet>
        <Valutakurs_instrument>1</Valutakurs_instrument>
        <Marknadsvärde_instrument>7043171.95</Marknadsvärde_instrument>
        <Andel_av_fondförmögenhet_instrument>3.54</Andel_av_fondförmögenhet_instrument>
        <Bransch>
          <Branschkod_instrument>0</Branschkod_instrument>
          <Bransch_namn_instrument />
        </Bransch>
      </FinansielltInstrument>
      <FinansielltInstrument>
        <Tillgångsslag_enligt_LVF_5_kap>Fondandel</Tillgångsslag_enligt_LVF_5_kap>
        <Instrumentnamn>iShares Global Aggregate Bond</Instrumentnamn>
        <ISIN-kod_instrument>IE000BCCS0X1</ISIN-kod_instrument>
        <Landkod_Emittent>IE</Landkod_Emittent>
        <Valuta>SEK</Valuta>
        <Antal>134879</Antal>
        <Nominellt_belopp />
        <Kurs_som_använts_vid_värdering_av_instrumentet>43.16</Kurs_som_använts_vid_värdering_av_instrumentet>
        <Valutakurs_instrument>1</Valutakurs_instrument>
        <Marknadsvärde_instrument>5821377.64</Marknadsvärde_instrument>
        <Andel_av_fondförmögenhet_instrument>2.93</Andel_av_fondförmögenhet_instrument>
        <Bransch>
          <Branschkod_instrument>0</Branschkod_instrument>
          <Bransch_namn_instrument />
        </Bransch>
      </FinansielltInstrument>
      <FinansielltInstrument>
        <Tillgångsslag_enligt_LVF_5_kap>Fondandel</Tillgångsslag_enligt_LVF_5_kap>
        <Instrumentnamn>iShares Global Corp Bond UCITS ETF</Instrumentnamn>
        <ISIN-kod_instrument>IE00B7J7TB45</ISIN-kod_instrument>
        <Landkod_Emittent>IE</Landkod_Emittent>
        <Valuta>USD</Valuta>
        <Antal>11849</Antal>
        <Nominellt_belopp />
        <Kurs_som_använts_vid_värdering_av_instrumentet>84.86</Kurs_som_använts_vid_värdering_av_instrumentet>
        <Valutakurs_instrument>10.41495</Valutakurs_instrument>
        <Marknadsvärde_instrument>10472296.17</Marknadsvärde_instrument>
        <Andel_av_fondförmögenhet_instrument>5.27</Andel_av_fondförmögenhet_instrument>
        <Bransch>
          <Branschkod_instrument>0</Branschkod_instrument>
          <Bransch_namn_instrument />
        </Bransch>
      </FinansielltInstrument>
      <FinansielltInstrument>
        <Tillgångsslag_enligt_LVF_5_kap>Fondandel</Tillgångsslag_enligt_LVF_5_kap>
        <Instrumentnamn>iShares MSCI ACWI UCITS ETF</Instrumentnamn>
        <ISIN-kod_instrument>IE00B6R52259</ISIN-kod_instrument>
        <Landkod_Emittent>US</Landkod_Emittent>
        <Valuta>USD</Valuta>
        <Antal>2757</Antal>
        <Nominellt_belopp />
        <Kurs_som_använts_vid_värdering_av_instrumentet>61.85</Kurs_som_använts_vid_värdering_av_instrumentet>
        <Valutakurs_instrument>10.41495</Valutakurs_instrument>
        <Marknadsvärde_instrument>1775961.96</Marknadsvärde_instrument>
        <Andel_av_fondförmögenhet_instrument>0.89</Andel_av_fondförmögenhet_instrument>
        <Bransch>
          <Branschkod_instrument>0</Branschkod_instrument>
          <Bransch_namn_instrument />
        </Bransch>
      </FinansielltInstrument>
      <FinansielltInstrument>
        <Tillgångsslag_enligt_LVF_5_kap>Fondandel</Tillgångsslag_enligt_LVF_5_kap>
        <Instrumentnamn>iShares MSCI Korea UCITS ETF USD (Acc)</Instrumentnamn>
        <ISIN-kod_instrument>IE00B5W4TY14</ISIN-kod_instrument>
        <Landkod_Emittent>IE</Landkod_Emittent>
        <Valuta>USD</Valuta>
        <Antal>843</Antal>
        <Nominellt_belopp />
        <Kurs_som_använts_vid_värdering_av_instrumentet>146.685</Kurs_som_använts_vid_värdering_av_instrumentet>
        <Valutakurs_instrument>10.41495</Valutakurs_instrument>
        <Marknadsvärde_instrument>1287865.38</Marknadsvärde_instrument>
        <Andel_av_fondförmögenhet_instrument>0.65</Andel_av_fondförmögenhet_instrument>
        <Bransch>
          <Branschkod_instrument>0</Branschkod_instrument>
          <Bransch_namn_instrument />
        </Bransch>
      </FinansielltInstrument>
      <FinansielltInstrument>
        <Tillgångsslag_enligt_LVF_5_kap>Fondandel</Tillgångsslag_enligt_LVF_5_kap>
        <Instrumentnamn>iShares MSCI USA ESG Screened UCITS ETF</Instrumentnamn>
        <ISIN-kod_instrument>IE00BFNM3G45</ISIN-kod_instrument>
        <Landkod_Emittent>IE</Landkod_Emittent>
        <Valuta>USD</Valuta>
        <Antal>75537</Antal>
        <Nominellt_belopp />
        <Kurs_som_använts_vid_värdering_av_instrumentet>7.338</Kurs_som_använts_vid_värdering_av_instrumentet>
        <Valutakurs_instrument>10.41495</Valutakurs_instrument>
        <Marknadsvärde_instrument>5772907.91</Marknadsvärde_instrument>
        <Andel_av_fondförmögenhet_instrument>2.9</Andel_av_fondförmögenhet_instrument>
        <Bransch>
          <Branschkod_instrument>0</Branschkod_instrument>
          <Bransch_namn_instrument />
        </Bransch>
      </FinansielltInstrument>
      <FinansielltInstrument>
        <Tillgångsslag_enligt_LVF_5_kap>Fondandel</Tillgångsslag_enligt_LVF_5_kap>
        <Instrumentnamn>JPM Japan Researh EH Index Equity UCITS ETF</Instrumentnamn>
        <ISIN-kod_instrument>IE00BP2NF958</ISIN-kod_instrument>
        <Landkod_Emittent>US</Landkod_Emittent>
        <Valuta>USD</Valuta>
        <Antal>1796</Antal>
        <Nominellt_belopp />
        <Kurs_som_använts_vid_värdering_av_instrumentet>22.2435</Kurs_som_använts_vid_värdering_av_instrumentet>
        <Valutakurs_instrument>10.41495</Valutakurs_instrument>
        <Marknadsvärde_instrument>416070.23</Marknadsvärde_instrument>
        <Andel_av_fondförmögenhet_instrument>0.21</Andel_av_fondförmögenhet_instrument>
        <Bransch>
          <Branschkod_instrument>0</Branschkod_instrument>
          <Bransch_namn_instrument />
        </Bransch>
      </FinansielltInstrument>
      <FinansielltInstrument>
        <Tillgångsslag_enligt_LVF_5_kap>Fondandel</Tillgångsslag_enligt_LVF_5_kap>
        <Instrumentnamn>JPMorgan - AC Asia Pacific ex Japan Reserach Enchanced ETF</Instrumentnamn>
        <ISIN-kod_instrument>IE00BMDV7354</ISIN-kod_instrument>
        <Landkod_Emittent>US</Landkod_Emittent>
        <Valuta>USD</Valuta>
        <Antal>2065</Antal>
        <Nominellt_belopp />
        <Kurs_som_använts_vid_värdering_av_instrumentet>20.757</Kurs_som_använts_vid_värdering_av_instrumentet>
        <Valutakurs_instrument>10.41495</Valutakurs_instrument>
        <Marknadsvärde_instrument>446418.14</Marknadsvärde_instrument>
        <Andel_av_fondförmögenhet_instrument>0.22</Andel_av_fondförmögenhet_instrument>
        <Bransch>
          <Branschkod_instrument>0</Branschkod_instrument>
          <Bransch_namn_instrument />
        </Bransch>
      </FinansielltInstrument>
      <FinansielltInstrument>
        <Tillgångsslag_enligt_LVF_5_kap>Fondandel</Tillgångsslag_enligt_LVF_5_kap>
        <Instrumentnamn>JPMorgan Investment Funds - Global Macro Sustainable Fund I (acc) - SEK (hedged)</Instrumentnamn>
        <ISIN-kod_instrument>LU2003419020</ISIN-kod_instrument>
        <Landkod_Emittent>LU</Landkod_Emittent>
        <Valuta>SEK</Valuta>
        <Antal>7435.272</Antal>
        <Nominellt_belopp />
        <Kurs_som_använts_vid_värdering_av_instrumentet>993.39</Kurs_som_använts_vid_värdering_av_instrumentet>
        <Valutakurs_instrument>1</Valutakurs_instrument>
        <Marknadsvärde_instrument>7386124.85</Marknadsvärde_instrument>
        <Andel_av_fondförmögenhet_instrument>3.72</Andel_av_fondförmögenhet_instrument>
        <Bransch>
          <Branschkod_instrument>0</Branschkod_instrument>
          <Bransch_namn_instrument />
        </Bransch>
      </FinansielltInstrument>
      <FinansielltInstrument>
        <Tillgångsslag_enligt_LVF_5_kap>Fondandel</Tillgångsslag_enligt_LVF_5_kap>
        <Instrumentnamn>JPMorgan US Research Enhanced ETF</Instrumentnamn>
        <ISIN-kod_instrument>IE00BF4G7076</ISIN-kod_instrument>
        <Landkod_Emittent>US</Landkod_Emittent>
        <Valuta>USD</Valuta>
        <Antal>14260</Antal>
        <Nominellt_belopp />
        <Kurs_som_använts_vid_värdering_av_instrumentet>36.8125</Kurs_som_använts_vid_värdering_av_instrumentet>
        <Valutakurs_instrument>10.41495</Valutakurs_instrument>
        <Marknadsvärde_instrument>5467288.95</Marknadsvärde_instrument>
        <Andel_av_fondförmögenhet_instrument>2.75</Andel_av_fondförmögenhet_instrument>
        <Bransch>
          <Branschkod_instrument>0</Branschkod_instrument>
          <Bransch_namn_instrument />
        </Bransch>
      </FinansielltInstrument>
      <FinansielltInstrument>
        <Tillgångsslag_enligt_LVF_5_kap>Fondandel</Tillgångsslag_enligt_LVF_5_kap>
        <Instrumentnamn>L&amp;G Asia Pacific ex Japan UCITS ETF</Instrumentnamn>
        <ISIN-kod_instrument>IE00BFXR5W90</ISIN-kod_instrument>
        <Landkod_Emittent>IE</Landkod_Emittent>
        <Valuta>USD</Valuta>
        <Antal>4779</Antal>
        <Nominellt_belopp />
        <Kurs_som_använts_vid_värdering_av_instrumentet>12.259</Kurs_som_använts_vid_värdering_av_instrumentet>
        <Valutakurs_instrument>10.41495</Valutakurs_instrument>
        <Marknadsvärde_instrument>610167.77</Marknadsvärde_instrument>
        <Andel_av_fondförmögenhet_instrument>0.31</Andel_av_fondförmögenhet_instrument>
        <Bransch>
          <Branschkod_instrument>0</Branschkod_instrument>
          <Bransch_namn_instrument />
        </Bransch>
      </FinansielltInstrument>
      <FinansielltInstrument>
        <Tillgångsslag_enligt_LVF_5_kap>Fondandel</Tillgångsslag_enligt_LVF_5_kap>
        <Instrumentnamn>Lyxor Core STOXX Europe 600 (DR) - UCITS ETF Acc</Instrumentnamn>
        <ISIN-kod_instrument>LU0908500753</ISIN-kod_instrument>
        <Landkod_Emittent>LU</Landkod_Emittent>
        <Valuta>EUR</Valuta>
        <Antal>907</Antal>
        <Nominellt_belopp />
        <Kurs_som_använts_vid_värdering_av_instrumentet>188.1</Kurs_som_använts_vid_värdering_av_instrumentet>
        <Valutakurs_instrument>11.1552</Valutakurs_instrument>
        <Marknadsvärde_instrument>1903151.86</Marknadsvärde_instrument>
        <Andel_av_fondförmögenhet_instrument>0.96</Andel_av_fondförmögenhet_instrument>
        <Bransch>
          <Branschkod_instrument>0</Branschkod_instrument>
          <Bransch_namn_instrument />
        </Bransch>
      </FinansielltInstrument>
      <FinansielltInstrument>
        <Tillgångsslag_enligt_LVF_5_kap>Fondandel</Tillgångsslag_enligt_LVF_5_kap>
        <Instrumentnamn>Lyxor iBoxx $ Liquid Emerging Markets Sovereigns UCITS ETF - Dist</Instrumentnamn>
        <ISIN-kod_instrument>LU1686830909</ISIN-kod_instrument>
        <Landkod_Emittent>LU</Landkod_Emittent>
        <Valuta>USD</Valuta>
        <Antal>12013</Antal>
        <Nominellt_belopp />
        <Kurs_som_använts_vid_värdering_av_instrumentet>74.555</Kurs_som_använts_vid_värdering_av_instrumentet>
        <Valutakurs_instrument>10.41495</Valutakurs_instrument>
        <Marknadsvärde_instrument>9327933.49</Marknadsvärde_instrument>
        <Andel_av_fondförmögenhet_instrument>4.69</Andel_av_fondförmögenhet_instrument>
        <Bransch>
          <Branschkod_instrument>0</Branschkod_instrument>
          <Bransch_namn_instrument />
        </Bransch>
      </FinansielltInstrument>
      <FinansielltInstrument>
        <Tillgångsslag_enligt_LVF_5_kap>Fondandel</Tillgångsslag_enligt_LVF_5_kap>
        <Instrumentnamn>Lyxor MSCI New Energy ESG Filtered (DR) UCITS ETF</Instrumentnamn>
        <ISIN-kod_instrument>FR0010524777</ISIN-kod_instrument>
        <Landkod_Emittent>FR</Landkod_Emittent>
        <Valuta>EUR</Valuta>
        <Antal>4194</Antal>
        <Nominellt_belopp />
        <Kurs_som_använts_vid_värdering_av_instrumentet>36.08</Kurs_som_använts_vid_värdering_av_instrumentet>
        <Valutakurs_instrument>11.1552</Valutakurs_instrument>
        <Marknadsvärde_instrument>1687999.51</Marknadsvärde_instrument>
        <Andel_av_fondförmögenhet_instrument>0.85</Andel_av_fondförmögenhet_instrument>
        <Bransch>
          <Branschkod_instrument>0</Branschkod_instrument>
          <Bransch_namn_instrument />
        </Bransch>
      </FinansielltInstrument>
      <FinansielltInstrument>
        <Tillgångsslag_enligt_LVF_5_kap>Fondandel</Tillgångsslag_enligt_LVF_5_kap>
        <Instrumentnamn>Lyxor Net Zero 2050 S&amp;P W CL ETF</Instrumentnamn>
        <ISIN-kod_instrument>LU2198882362</ISIN-kod_instrument>
        <Landkod_Emittent>LU</Landkod_Emittent>
        <Valuta>USD</Valuta>
        <Antal>5262</Antal>
        <Nominellt_belopp />
        <Kurs_som_använts_vid_värdering_av_instrumentet>21.3725</Kurs_som_använts_vid_värdering_av_instrumentet>
        <Valutakurs_instrument>10.41495</Valutakurs_instrument>
        <Marknadsvärde_instrument>1171287.1</Marknadsvärde_instrument>
        <Andel_av_fondförmögenhet_instrument>0.59</Andel_av_fondförmögenhet_instrument>
        <Bransch>
          <Branschkod_instrument>0</Branschkod_instrument>
          <Bransch_namn_instrument />
        </Bransch>
      </FinansielltInstrument>
      <FinansielltInstrument>
        <Tillgångsslag_enligt_LVF_5_kap>Fondandel</Tillgångsslag_enligt_LVF_5_kap>
        <Instrumentnamn>M&amp;G Sustainable Total Return Credit Investment Fund</Instrumentnamn>
        <ISIN-kod_instrument>LU2360510130</ISIN-kod_instrument>
        <Landkod_Emittent>LU</Landkod_Emittent>
        <Valuta>EUR</Valuta>
        <Antal>8783</Antal>
        <Nominellt_belopp />
        <Kurs_som_använts_vid_värdering_av_instrumentet>98.08</Kurs_som_använts_vid_värdering_av_instrumentet>
        <Valutakurs_instrument>11.1552</Valutakurs_instrument>
        <Marknadsvärde_instrument>9609498.01</Marknadsvärde_instrument>
        <Andel_av_fondförmögenhet_instrument>4.83</Andel_av_fondförmögenhet_instrument>
        <Bransch>
          <Branschkod_instrument>0</Branschkod_instrument>
          <Bransch_namn_instrument />
        </Bransch>
      </FinansielltInstrument>
      <FinansielltInstrument>
        <Tillgångsslag_enligt_LVF_5_kap>Fondandel</Tillgångsslag_enligt_LVF_5_kap>
        <Instrumentnamn>Man AHL Multi Strategy Alternative Class IN H SEK</Instrumentnamn>
        <ISIN-kod_instrument>IE00BRJT8B35</ISIN-kod_instrument>
        <Landkod_Emittent>IE</Landkod_Emittent>
        <Valuta>SEK</Valuta>
        <Antal>51783.477</Antal>
        <Nominellt_belopp />
        <Kurs_som_använts_vid_värdering_av_instrumentet>100.7</Kurs_som_använts_vid_värdering_av_instrumentet>
        <Valutakurs_instrument>1</Valutakurs_instrument>
        <Marknadsvärde_instrument>5214596.13</Marknadsvärde_instrument>
        <Andel_av_fondförmögenhet_instrument>2.62</Andel_av_fondförmögenhet_instrument>
        <Bransch>
          <Branschkod_instrument>0</Branschkod_instrument>
          <Bransch_namn_instrument />
        </Bransch>
      </FinansielltInstrument>
      <FinansielltInstrument>
        <Tillgångsslag_enligt_LVF_5_kap>Fondandel</Tillgångsslag_enligt_LVF_5_kap>
        <Instrumentnamn>Rize Cybersecurity and Data Privacy UCITS ETF</Instrumentnamn>
        <ISIN-kod_instrument>IE00BJXRZJ40</ISIN-kod_instrument>
        <Landkod_Emittent>IE</Landkod_Emittent>
        <Valuta>EUR</Valuta>
        <Antal>36291</Antal>
        <Nominellt_belopp />
        <Kurs_som_använts_vid_värdering_av_instrumentet>4.7105</Kurs_som_använts_vid_värdering_av_instrumentet>
        <Valutakurs_instrument>11.1552</Valutakurs_instrument>
        <Marknadsvärde_instrument>1906967.56</Marknadsvärde_instrument>
        <Andel_av_fondförmögenhet_instrument>0.96</Andel_av_fondförmögenhet_instrument>
        <Bransch>
          <Branschkod_instrument>0</Branschkod_instrument>
          <Bransch_namn_instrument />
        </Bransch>
      </FinansielltInstrument>
      <FinansielltInstrument>
        <Tillgångsslag_enligt_LVF_5_kap>Fondandel</Tillgångsslag_enligt_LVF_5_kap>
        <Instrumentnamn>SPDR Bloomberg 0-3 Year Euro C</Instrumentnamn>
        <ISIN-kod_instrument>IE00BC7GZW19</ISIN-kod_instrument>
        <Landkod_Emittent>IE</Landkod_Emittent>
        <Valuta>EUR</Valuta>
        <Antal>73637</Antal>
        <Nominellt_belopp />
        <Kurs_som_använts_vid_värdering_av_instrumentet>29.005</Kurs_som_använts_vid_värdering_av_instrumentet>
        <Valutakurs_instrument>11.1552</Valutakurs_instrument>
        <Marknadsvärde_instrument>23825735.59</Marknadsvärde_instrument>
        <Andel_av_fondförmögenhet_instrument>11.99</Andel_av_fondförmögenhet_instrument>
        <Bransch>
          <Branschkod_instrument>0</Branschkod_instrument>
          <Bransch_namn_instrument />
        </Bransch>
      </FinansielltInstrument>
      <FinansielltInstrument>
        <Tillgångsslag_enligt_LVF_5_kap>Fondandel</Tillgångsslag_enligt_LVF_5_kap>
        <Instrumentnamn>SPDR MSCI eMkt SCap ETF</Instrumentnamn>
        <ISIN-kod_instrument>IE00B48X4842</ISIN-kod_instrument>
        <Landkod_Emittent>IE</Landkod_Emittent>
        <Valuta>USD</Valuta>
        <Antal>651</Antal>
        <Nominellt_belopp />
        <Kurs_som_använts_vid_värdering_av_instrumentet>91.915</Kurs_som_använts_vid_värdering_av_instrumentet>
        <Valutakurs_instrument>10.41495</Valutakurs_instrument>
        <Marknadsvärde_instrument>623195.87</Marknadsvärde_instrument>
        <Andel_av_fondförmögenhet_instrument>0.31</Andel_av_fondförmögenhet_instrument>
        <Bransch>
          <Branschkod_instrument>0</Branschkod_instrument>
          <Bransch_namn_instrument />
        </Bransch>
      </FinansielltInstrument>
      <FinansielltInstrument>
        <Tillgångsslag_enligt_LVF_5_kap>Fondandel</Tillgångsslag_enligt_LVF_5_kap>
        <Instrumentnamn>SPDR Russell 2000 U.S. Small Cap UCITS ETF</Instrumentnamn>
        <ISIN-kod_instrument>IE00BJ38QD84</ISIN-kod_instrument>
        <Landkod_Emittent>US</Landkod_Emittent>
        <Valuta>USD</Valuta>
        <Antal>2587</Antal>
        <Nominellt_belopp />
        <Kurs_som_använts_vid_värdering_av_instrumentet>49.415</Kurs_som_använts_vid_värdering_av_instrumentet>
        <Valutakurs_instrument>10.41495</Valutakurs_instrument>
        <Marknadsvärde_instrument>1331411.85</Marknadsvärde_instrument>
        <Andel_av_fondförmögenhet_instrument>0.67</Andel_av_fondförmögenhet_instrument>
        <Bransch>
          <Branschkod_instrument>0</Branschkod_instrument>
          <Bransch_namn_instrument />
        </Bransch>
      </FinansielltInstrument>
      <FinansielltInstrument>
        <Tillgångsslag_enligt_LVF_5_kap>Fondandel</Tillgångsslag_enligt_LVF_5_kap>
        <Instrumentnamn>Standard Life Investments Global SICAV - Total Return Credit Fund D Acc SEK Hedged</Instrumentnamn>
        <ISIN-kod_instrument>LU1244838758</ISIN-kod_instrument>
        <Landkod_Emittent>LU</Landkod_Emittent>
        <Valuta>SEK</Valuta>
        <Antal>874684.324</Antal>
        <Nominellt_belopp />
        <Kurs_som_använts_vid_värdering_av_instrumentet>10.6945</Kurs_som_använts_vid_värdering_av_instrumentet>
        <Valutakurs_instrument>1</Valutakurs_instrument>
        <Marknadsvärde_instrument>9354311.5</Marknadsvärde_instrument>
        <Andel_av_fondförmögenhet_instrument>4.71</Andel_av_fondförmögenhet_instrument>
        <Bransch>
          <Branschkod_instrument>0</Branschkod_instrument>
          <Bransch_namn_instrument />
        </Bransch>
      </FinansielltInstrument>
      <FinansielltInstrument>
        <Tillgångsslag_enligt_LVF_5_kap>Fondandel</Tillgångsslag_enligt_LVF_5_kap>
        <Instrumentnamn>Storebrand Global Multifactor A SEK</Instrumentnamn>
        <ISIN-kod_instrument>SE0011642958</ISIN-kod_instrument>
        <Landkod_Emittent>SE</Landkod_Emittent>
        <Valuta>SEK</Valuta>
        <Antal>21558.3261</Antal>
        <Nominellt_belopp />
        <Kurs_som_använts_vid_värdering_av_instrumentet>146.4009</Kurs_som_använts_vid_värdering_av_instrumentet>
        <Valutakurs_instrument>1</Valutakurs_instrument>
        <Marknadsvärde_instrument>3156158.34</Marknadsvärde_instrument>
        <Andel_av_fondförmögenhet_instrument>1.59</Andel_av_fondförmögenhet_instrument>
        <Bransch>
          <Branschkod_instrument>0</Branschkod_instrument>
          <Bransch_namn_instrument />
        </Bransch>
      </FinansielltInstrument>
      <FinansielltInstrument>
        <Tillgångsslag_enligt_LVF_5_kap>Fondandel</Tillgångsslag_enligt_LVF_5_kap>
        <Instrumentnamn>UBS Irl ETF Plc - MSCI World S</Instrumentnamn>
        <ISIN-kod_instrument>IE00BKSCBX74</ISIN-kod_instrument>
        <Landkod_Emittent>IE</Landkod_Emittent>
        <Valuta>USD</Valuta>
        <Antal>89308</Antal>
        <Nominellt_belopp />
        <Kurs_som_använts_vid_värdering_av_instrumentet>8.358</Kurs_som_använts_vid_värdering_av_instrumentet>
        <Valutakurs_instrument>10.41495</Valutakurs_instrument>
        <Marknadsvärde_instrument>7774096.37</Marknadsvärde_instrument>
        <Andel_av_fondförmögenhet_instrument>3.91</Andel_av_fondförmögenhet_instrument>
        <Bransch>
          <Branschkod_instrument>0</Branschkod_instrument>
          <Bransch_namn_instrument />
        </Bransch>
      </FinansielltInstrument>
      <FinansielltInstrument>
        <Tillgångsslag_enligt_LVF_5_kap>Fondandel</Tillgångsslag_enligt_LVF_5_kap>
        <Instrumentnamn>VanEck - Emerging Markets Equity UCITS R2 SEK</Instrumentnamn>
        <ISIN-kod_instrument>IE00BJN4RD36</ISIN-kod_instrument>
        <Landkod_Emittent>IE</Landkod_Emittent>
        <Valuta>SEK</Valuta>
        <Antal>11541.077</Antal>
        <Nominellt_belopp />
        <Kurs_som_använts_vid_värdering_av_instrumentet>89.25</Kurs_som_använts_vid_värdering_av_instrumentet>
        <Valutakurs_instrument>1</Valutakurs_instrument>
        <Marknadsvärde_instrument>1030041.12</Marknadsvärde_instrument>
        <Andel_av_fondförmögenhet_instrument>0.52</Andel_av_fondförmögenhet_instrument>
        <Bransch>
          <Branschkod_instrument>0</Branschkod_instrument>
          <Bransch_namn_instrument />
        </Bransch>
      </FinansielltInstrument>
      <FinansielltInstrument>
        <Tillgångsslag_enligt_LVF_5_kap>Fondandel</Tillgångsslag_enligt_LVF_5_kap>
        <Instrumentnamn>Vanguard FTSE North America UCITS ETF (USD)</Instrumentnamn>
        <ISIN-kod_instrument>IE00BKX55R35</ISIN-kod_instrument>
        <Landkod_Emittent>IE</Landkod_Emittent>
        <Valuta>USD</Valuta>
        <Antal>5645</Antal>
        <Nominellt_belopp />
        <Kurs_som_använts_vid_värdering_av_instrumentet>93.12</Kurs_som_använts_vid_värdering_av_instrumentet>
        <Valutakurs_instrument>10.41495</Valutakurs_instrument>
        <Marknadsvärde_instrument>5474747.61</Marknadsvärde_instrument>
        <Andel_av_fondförmögenhet_instrument>2.75</Andel_av_fondförmögenhet_instrument>
        <Bransch>
          <Branschkod_instrument>0</Branschkod_instrument>
          <Bransch_namn_instrument />
        </Bransch>
      </FinansielltInstrument>
      <FinansielltInstrument>
        <Tillgångsslag_enligt_LVF_5_kap>Fondandel</Tillgångsslag_enligt_LVF_5_kap>
        <Instrumentnamn>XACT Sweden All Bond (UCITS ETF)</Instrumentnamn>
        <ISIN-kod_instrument>SE0007491287</ISIN-kod_instrument>
        <Landkod_Emittent>SE</Landkod_Emittent>
        <Valuta>SEK</Valuta>
        <Antal>44162</Antal>
        <Nominellt_belopp />
        <Kurs_som_använts_vid_värdering_av_instrumentet>95.59</Kurs_som_använts_vid_värdering_av_instrumentet>
        <Valutakurs_instrument>1</Valutakurs_instrument>
        <Marknadsvärde_instrument>4221445.58</Marknadsvärde_instrument>
        <Andel_av_fondförmögenhet_instrument>2.12</Andel_av_fondförmögenhet_instrument>
        <Bransch>
          <Branschkod_instrument>0</Branschkod_instrument>
          <Bransch_namn_instrument />
        </Bransch>
      </FinansielltInstrument>
      <FinansielltInstrument>
        <Tillgångsslag_enligt_LVF_5_kap>Fondandel</Tillgångsslag_enligt_LVF_5_kap>
        <Instrumentnamn>Xtrackers MSCI AC World ESG Sc</Instrumentnamn>
        <ISIN-kod_instrument>IE00BGHQ0G80</ISIN-kod_instrument>
        <Landkod_Emittent>IE</Landkod_Emittent>
        <Valuta>USD</Valuta>
        <Antal>11092</Antal>
        <Nominellt_belopp />
        <Kurs_som_använts_vid_värdering_av_instrumentet>28.735</Kurs_som_använts_vid_värdering_av_instrumentet>
        <Valutakurs_instrument>10.41495</Valutakurs_instrument>
        <Marknadsvärde_instrument>3319542.64</Marknadsvärde_instrument>
        <Andel_av_fondförmögenhet_instrument>1.67</Andel_av_fondförmögenhet_instrument>
        <Bransch>
          <Branschkod_instrument>0</Branschkod_instrument>
          <Bransch_namn_instrument />
        </Bransch>
      </FinansielltInstrument>
      <FinansielltInstrument>
        <Tillgångsslag_enligt_LVF_5_kap>Fondandel</Tillgångsslag_enligt_LVF_5_kap>
        <Instrumentnamn>Xtrackers S&amp;P Select Frontier Swap UCITS ETF 1C - USD</Instrumentnamn>
        <ISIN-kod_instrument>LU0328476410</ISIN-kod_instrument>
        <Landkod_Emittent>LU</Landkod_Emittent>
        <Valuta>USD</Valuta>
        <Antal>4119</Antal>
        <Nominellt_belopp />
        <Kurs_som_använts_vid_värdering_av_instrumentet>13.93</Kurs_som_använts_vid_värdering_av_instrumentet>
        <Valutakurs_instrument>10.41495</Valutakurs_instrument>
        <Marknadsvärde_instrument>597585.56</Marknadsvärde_instrument>
        <Andel_av_fondförmögenhet_instrument>0.3</Andel_av_fondförmögenhet_instrument>
        <Bransch>
          <Branschkod_instrument>0</Branschkod_instrument>
          <Bransch_namn_instrument />
        </Bransch>
      </FinansielltInstrument>
      <FinansielltInstrument>
        <Tillgångsslag_enligt_LVF_5_kap>DerivatinstrumentSamtTeknikerOchInstrument</Tillgångsslag_enligt_LVF_5_kap>
        <Instrumentnamn>Jan 23 Calls on SPX 4300</Instrumentnamn>
        <ISIN-kod_instrument />
        <Landkod_Emittent>US</Landkod_Emittent>
        <Valuta>USD</Valuta>
        <Antal>-150</Antal>
        <Nominellt_belopp />
        <Kurs_som_använts_vid_värdering_av_instrumentet>0.55</Kurs_som_använts_vid_värdering_av_instrumentet>
        <Valutakurs_instrument>10.41495</Valutakurs_instrument>
        <Marknadsvärde_instrument>-859.23</Marknadsvärde_instrument>
        <Andel_av_fondförmögenhet_instrument>0</Andel_av_fondförmögenhet_instrument>
      </FinansielltInstrument>
      <FinansielltInstrument>
        <Tillgångsslag_enligt_LVF_5_kap>DerivatinstrumentSamtTeknikerOchInstrument</Tillgångsslag_enligt_LVF_5_kap>
        <Instrumentnamn>Jan 23 Puts on SPX 3600</Instrumentnamn>
        <ISIN-kod_instrument />
        <Landkod_Emittent>US</Landkod_Emittent>
        <Valuta>USD</Valuta>
        <Antal>-150</Antal>
        <Nominellt_belopp />
        <Kurs_som_använts_vid_värdering_av_instrumentet>11.25</Kurs_som_använts_vid_värdering_av_instrumentet>
        <Valutakurs_instrument>10.41495</Valutakurs_instrument>
        <Marknadsvärde_instrument>-17575.23</Marknadsvärde_instrument>
        <Andel_av_fondförmögenhet_instrument>-0.01</Andel_av_fondförmögenhet_instrument>
      </FinansielltInstrument>
      <FinansielltInstrument>
        <Tillgångsslag_enligt_LVF_5_kap>DerivatinstrumentSamtTeknikerOchInstrument</Tillgångsslag_enligt_LVF_5_kap>
        <Instrumentnamn>Jan 23 Puts on SPX 3800</Instrumentnamn>
        <ISIN-kod_instrument />
        <Landkod_Emittent>US</Landkod_Emittent>
        <Valuta>USD</Valuta>
        <Antal>150</Antal>
        <Nominellt_belopp />
        <Kurs_som_använts_vid_värdering_av_instrumentet>51.5</Kurs_som_använts_vid_värdering_av_instrumentet>
        <Valutakurs_instrument>10.41495</Valutakurs_instrument>
        <Marknadsvärde_instrument>80455.49</Marknadsvärde_instrument>
        <Andel_av_fondförmögenhet_instrument>0.04</Andel_av_fondförmögenhet_instrument>
      </FinansielltInstrument>
      <FinansielltInstrument>
        <Tillgångsslag_enligt_LVF_5_kap>DerivatinstrumentSamtTeknikerOchInstrument</Tillgångsslag_enligt_LVF_5_kap>
        <Instrumentnamn>Valutatermin EUR/SEK 230216</Instrumentnamn>
        <ISIN-kod_instrument />
        <Landkod_Emittent>SE</Landkod_Emittent>
        <Valuta>EUR</Valuta>
        <Antal />
        <Nominellt_belopp>-2890000</Nominellt_belopp>
        <Kurs_som_använts_vid_värdering_av_instrumentet>100.05103727</Kurs_som_använts_vid_värdering_av_instrumentet>
        <Valutakurs_instrument>11.1552</Valutakurs_instrument>
        <Marknadsvärde_instrument>-751452.41</Marknadsvärde_instrument>
        <Andel_av_fondförmögenhet_instrument>-0.38</Andel_av_fondförmögenhet_instrument>
      </FinansielltInstrument>
      <FinansielltInstrument>
        <Tillgångsslag_enligt_LVF_5_kap>DerivatinstrumentSamtTeknikerOchInstrument</Tillgångsslag_enligt_LVF_5_kap>
        <Instrumentnamn>Valutatermin USD/SEK 230216</Instrumentnamn>
        <ISIN-kod_instrument />
        <Landkod_Emittent>SE</Landkod_Emittent>
        <Valuta>USD</Valuta>
        <Antal />
        <Nominellt_belopp>-2498000</Nominellt_belopp>
        <Kurs_som_använts_vid_värdering_av_instrumentet>99.71960813</Kurs_som_använts_vid_värdering_av_instrumentet>
        <Valutakurs_instrument>10.41495</Valutakurs_instrument>
        <Marknadsvärde_instrument>124196.66</Marknadsvärde_instrument>
        <Andel_av_fondförmögenhet_instrument>0.06</Andel_av_fondförmögenhet_instrument>
      </FinansielltInstrument>
    </FinansiellaInstrument>
  </Fondinformation>
  <Fondinformation />
</VärdepappersfondInnehav>