﻿<?xml version="1.0" encoding="utf-8"?>
<VärdepappersfondInnehav xmlns="http://schemas.fi.se/publika/vardepappersfonder/20200331">
  <Rapportinformation>
    <Kvartalsslut>2022-12-31</Kvartalsslut>
  </Rapportinformation>
  <Bolagsinformation>
    <Fondbolag_namn>Nordnet Fonder AB</Fondbolag_namn>
    <Fondbolag_institutnummer>35153</Fondbolag_institutnummer>
    <Fondbolag_LEI-kod>549300Y4NIW9TU7HNK63</Fondbolag_LEI-kod>
  </Bolagsinformation>
  <Fondinformation>
    <Fond_institutnummer>66694</Fond_institutnummer>
    <Fond_ISIN-kod>SE0017832017</Fond_ISIN-kod>
    <Fond_namn>Nordnet One Forsigtig DKK</Fond_namn>
    <Förvaltningsavgift>
      <UtanAndelsklasser>
        <Förvaltningsavgift_fast>0.45</Förvaltningsavgift_fast>
      </UtanAndelsklasser>
    </Förvaltningsavgift>
    <Fondförmögenhet>27096867</Fondförmögenhet>
    <Likvida_medel>1182936</Likvida_medel>
    <Övriga_tillgångar_och_skulder>-763758</Övriga_tillgångar_och_skulder>
    <Standardavvikelse_24_månader>0.00</Standardavvikelse_24_månader>
    <Jämförelseindex>BBG AGG CRED HEDG DK 21; MSCI WORLD ESG NET 24; OMXC25ESG 3; MSCI EM ESG LEADERS 3; BBG DK SER-E GOV 1-3 49; </Jämförelseindex>
    <FinansiellaInstrument>
      <FinansielltInstrument>
        <Tillgångsslag_enligt_LVF_5_kap>Fondandel</Tillgångsslag_enligt_LVF_5_kap>
        <Instrumentnamn>SEB GLOBAL HY</Instrumentnamn>
        <ISIN-kod_instrument>LU2086633489</ISIN-kod_instrument>
        <Landkod_Emittent>LU</Landkod_Emittent>
        <Valuta>EUR</Valuta>
        <Antal>124.911</Antal>
        <Nominellt_belopp />
        <Kurs_som_använts_vid_värdering_av_instrumentet>905.938</Kurs_som_använts_vid_värdering_av_instrumentet>
        <Valutakurs_instrument>11.1604</Valutakurs_instrument>
        <Marknadsvärde_instrument>1262904.48</Marknadsvärde_instrument>
        <Andel_av_fondförmögenhet_instrument>4.66</Andel_av_fondförmögenhet_instrument>
        <Bransch>
          <Branschkod_instrument>0</Branschkod_instrument>
          <Bransch_namn_instrument>Övrigt</Bransch_namn_instrument>
        </Bransch>
      </FinansielltInstrument>
      <FinansielltInstrument>
        <Tillgångsslag_enligt_LVF_5_kap>Fondandel</Tillgångsslag_enligt_LVF_5_kap>
        <Instrumentnamn>SEB CORP BOND IC EUR</Instrumentnamn>
        <ISIN-kod_instrument>LU2464406896</ISIN-kod_instrument>
        <Landkod_Emittent>LU</Landkod_Emittent>
        <Valuta>EUR</Valuta>
        <Antal>3258.177</Antal>
        <Nominellt_belopp />
        <Kurs_som_använts_vid_värdering_av_instrumentet>95.937</Kurs_som_använts_vid_värdering_av_instrumentet>
        <Valutakurs_instrument>11.1604</Valutakurs_instrument>
        <Marknadsvärde_instrument>3488447.17</Marknadsvärde_instrument>
        <Andel_av_fondförmögenhet_instrument>12.87</Andel_av_fondförmögenhet_instrument>
        <Bransch>
          <Branschkod_instrument>0</Branschkod_instrument>
          <Bransch_namn_instrument>Övrigt</Bransch_namn_instrument>
        </Bransch>
      </FinansielltInstrument>
      <FinansielltInstrument>
        <Tillgångsslag_enligt_LVF_5_kap>Fondandel</Tillgångsslag_enligt_LVF_5_kap>
        <Instrumentnamn>SEB 5 DANISH MG IC</Instrumentnamn>
        <ISIN-kod_instrument>LU2059846316</ISIN-kod_instrument>
        <Landkod_Emittent>LU</Landkod_Emittent>
        <Valuta>DKK</Valuta>
        <Antal>22904.875</Antal>
        <Nominellt_belopp />
        <Kurs_som_använts_vid_värdering_av_instrumentet>77.807</Kurs_som_använts_vid_värdering_av_instrumentet>
        <Valutakurs_instrument>1.5006903175</Valutakurs_instrument>
        <Marknadsvärde_instrument>2674469.67</Marknadsvärde_instrument>
        <Andel_av_fondförmögenhet_instrument>9.87</Andel_av_fondförmögenhet_instrument>
        <Bransch>
          <Branschkod_instrument>0</Branschkod_instrument>
          <Bransch_namn_instrument>Övrigt</Bransch_namn_instrument>
        </Bransch>
      </FinansielltInstrument>
      <FinansielltInstrument>
        <Tillgångsslag_enligt_LVF_5_kap>Fondandel</Tillgångsslag_enligt_LVF_5_kap>
        <Instrumentnamn>SEB5-DY B-ICHEUR</Instrumentnamn>
        <ISIN-kod_instrument>LU0979738811</ISIN-kod_instrument>
        <Landkod_Emittent>LU</Landkod_Emittent>
        <Valuta>EUR</Valuta>
        <Antal>3802.857</Antal>
        <Nominellt_belopp />
        <Kurs_som_använts_vid_värdering_av_instrumentet>99.071</Kurs_som_använts_vid_värdering_av_instrumentet>
        <Valutakurs_instrument>11.1604</Valutakurs_instrument>
        <Marknadsvärde_instrument>4204630.96</Marknadsvärde_instrument>
        <Andel_av_fondförmögenhet_instrument>15.52</Andel_av_fondförmögenhet_instrument>
        <Bransch>
          <Branschkod_instrument>0</Branschkod_instrument>
          <Bransch_namn_instrument>Övrigt</Bransch_namn_instrument>
        </Bransch>
      </FinansielltInstrument>
      <FinansielltInstrument>
        <Tillgångsslag_enligt_LVF_5_kap>Fondandel</Tillgångsslag_enligt_LVF_5_kap>
        <Instrumentnamn>SEB-SH BD EUR-ICEUR</Instrumentnamn>
        <ISIN-kod_instrument>LU1267950506</ISIN-kod_instrument>
        <Landkod_Emittent>LU</Landkod_Emittent>
        <Valuta>EUR</Valuta>
        <Antal>4014.08</Antal>
        <Nominellt_belopp />
        <Kurs_som_använts_vid_värdering_av_instrumentet>94.669</Kurs_som_använts_vid_värdering_av_instrumentet>
        <Valutakurs_instrument>11.1604</Valutakurs_instrument>
        <Marknadsvärde_instrument>4240969.57</Marknadsvärde_instrument>
        <Andel_av_fondförmögenhet_instrument>15.65</Andel_av_fondförmögenhet_instrument>
        <Bransch>
          <Branschkod_instrument>0</Branschkod_instrument>
          <Bransch_namn_instrument>Övrigt</Bransch_namn_instrument>
        </Bransch>
      </FinansielltInstrument>
      <FinansielltInstrument>
        <Tillgångsslag_enligt_LVF_5_kap>Fondandel</Tillgångsslag_enligt_LVF_5_kap>
        <Instrumentnamn>SEB GREEN BOND FUND</Instrumentnamn>
        <ISIN-kod_instrument>LU1144887475</ISIN-kod_instrument>
        <Landkod_Emittent>LU</Landkod_Emittent>
        <Valuta>EUR</Valuta>
        <Antal>2298.287</Antal>
        <Nominellt_belopp />
        <Kurs_som_använts_vid_värdering_av_instrumentet>92.157</Kurs_som_använts_vid_värdering_av_instrumentet>
        <Valutakurs_instrument>11.1604</Valutakurs_instrument>
        <Marknadsvärde_instrument>2363763.01</Marknadsvärde_instrument>
        <Andel_av_fondförmögenhet_instrument>8.72</Andel_av_fondförmögenhet_instrument>
        <Bransch>
          <Branschkod_instrument>0</Branschkod_instrument>
          <Bransch_namn_instrument>Övrigt</Bransch_namn_instrument>
        </Bransch>
      </FinansielltInstrument>
      <FinansielltInstrument>
        <Tillgångsslag_enligt_LVF_5_kap>Fondandel</Tillgångsslag_enligt_LVF_5_kap>
        <Instrumentnamn>NN INDEX EU ESG DKK</Instrumentnamn>
        <ISIN-kod_instrument>IE00BMTD2P21</ISIN-kod_instrument>
        <Landkod_Emittent>IE</Landkod_Emittent>
        <Valuta>DKK</Valuta>
        <Antal>6069.725</Antal>
        <Nominellt_belopp />
        <Kurs_som_använts_vid_värdering_av_instrumentet>121.811</Kurs_som_använts_vid_värdering_av_instrumentet>
        <Valutakurs_instrument>1.5006903175</Valutakurs_instrument>
        <Marknadsvärde_instrument>1109549.3</Marknadsvärde_instrument>
        <Andel_av_fondförmögenhet_instrument>4.09</Andel_av_fondförmögenhet_instrument>
        <Bransch>
          <Branschkod_instrument>0</Branschkod_instrument>
          <Bransch_namn_instrument>Övrigt</Bransch_namn_instrument>
        </Bransch>
      </FinansielltInstrument>
      <FinansielltInstrument>
        <Tillgångsslag_enligt_LVF_5_kap>Fondandel</Tillgångsslag_enligt_LVF_5_kap>
        <Instrumentnamn>NN INDEX DANMARK ESG</Instrumentnamn>
        <ISIN-kod_instrument>SE0014956371</ISIN-kod_instrument>
        <Landkod_Emittent>SE</Landkod_Emittent>
        <Valuta>DKK</Valuta>
        <Antal>1991.6382</Antal>
        <Nominellt_belopp />
        <Kurs_som_använts_vid_värdering_av_instrumentet>240.91</Kurs_som_använts_vid_värdering_av_instrumentet>
        <Valutakurs_instrument>1.5006903175</Valutakurs_instrument>
        <Marknadsvärde_instrument>720039.56</Marknadsvärde_instrument>
        <Andel_av_fondförmögenhet_instrument>2.66</Andel_av_fondförmögenhet_instrument>
        <Bransch>
          <Branschkod_instrument>0</Branschkod_instrument>
          <Bransch_namn_instrument>Övrigt</Bransch_namn_instrument>
        </Bransch>
      </FinansielltInstrument>
      <FinansielltInstrument>
        <Tillgångsslag_enligt_LVF_5_kap>Fondandel</Tillgångsslag_enligt_LVF_5_kap>
        <Instrumentnamn>NN IND EM ESG DK</Instrumentnamn>
        <ISIN-kod_instrument>IE00BMTD2T68</ISIN-kod_instrument>
        <Landkod_Emittent>IE</Landkod_Emittent>
        <Valuta>DKK</Valuta>
        <Antal>6264.1781</Antal>
        <Nominellt_belopp />
        <Kurs_som_använts_vid_värdering_av_instrumentet>100.405</Kurs_som_använts_vid_värdering_av_instrumentet>
        <Valutakurs_instrument>1.5006903175</Valutakurs_instrument>
        <Marknadsvärde_instrument>943866.38</Marknadsvärde_instrument>
        <Andel_av_fondförmögenhet_instrument>3.48</Andel_av_fondförmögenhet_instrument>
        <Bransch>
          <Branschkod_instrument>0</Branschkod_instrument>
          <Bransch_namn_instrument>Övrigt</Bransch_namn_instrument>
        </Bransch>
      </FinansielltInstrument>
      <FinansielltInstrument>
        <Tillgångsslag_enligt_LVF_5_kap>Fondandel</Tillgångsslag_enligt_LVF_5_kap>
        <Instrumentnamn>NN INDEX USA ESG DKK</Instrumentnamn>
        <ISIN-kod_instrument>IE00BMTD2Y12</ISIN-kod_instrument>
        <Landkod_Emittent>IE</Landkod_Emittent>
        <Valuta>DKK</Valuta>
        <Antal>7526.7587</Antal>
        <Nominellt_belopp />
        <Kurs_som_använts_vid_värdering_av_instrumentet>137.731</Kurs_som_använts_vid_värdering_av_instrumentet>
        <Valutakurs_instrument>1.5006903175</Valutakurs_instrument>
        <Marknadsvärde_instrument>1555717.63</Marknadsvärde_instrument>
        <Andel_av_fondförmögenhet_instrument>5.74</Andel_av_fondförmögenhet_instrument>
        <Bransch>
          <Branschkod_instrument>0</Branschkod_instrument>
          <Bransch_namn_instrument>Övrigt</Bransch_namn_instrument>
        </Bransch>
      </FinansielltInstrument>
      <FinansielltInstrument>
        <Tillgångsslag_enligt_LVF_5_kap>Fondandel</Tillgångsslag_enligt_LVF_5_kap>
        <Instrumentnamn>NN INDEX TEC ESG DKK</Instrumentnamn>
        <ISIN-kod_instrument>IE00BNNLSN94</ISIN-kod_instrument>
        <Landkod_Emittent>IE</Landkod_Emittent>
        <Valuta>DKK</Valuta>
        <Antal>5407.2599</Antal>
        <Nominellt_belopp />
        <Kurs_som_använts_vid_värdering_av_instrumentet>95.963</Kurs_som_använts_vid_värdering_av_instrumentet>
        <Valutakurs_instrument>1.5006903175</Valutakurs_instrument>
        <Marknadsvärde_instrument>778703.53</Marknadsvärde_instrument>
        <Andel_av_fondförmögenhet_instrument>2.87</Andel_av_fondförmögenhet_instrument>
        <Bransch>
          <Branschkod_instrument>0</Branschkod_instrument>
          <Bransch_namn_instrument>Övrigt</Bransch_namn_instrument>
        </Bransch>
      </FinansielltInstrument>
      <FinansielltInstrument>
        <Tillgångsslag_enligt_LVF_5_kap>Fondandel</Tillgångsslag_enligt_LVF_5_kap>
        <Instrumentnamn>NN INDEX GLO ESG DKK</Instrumentnamn>
        <ISIN-kod_instrument>IE00BMTD2K75</ISIN-kod_instrument>
        <Landkod_Emittent>IE</Landkod_Emittent>
        <Valuta>DKK</Valuta>
        <Antal>17215.4127</Antal>
        <Nominellt_belopp />
        <Kurs_som_använts_vid_värdering_av_instrumentet>129.074</Kurs_som_använts_vid_värdering_av_instrumentet>
        <Valutakurs_instrument>1.5006903175</Valutakurs_instrument>
        <Marknadsvärde_instrument>3334627.2</Marknadsvärde_instrument>
        <Andel_av_fondförmögenhet_instrument>12.31</Andel_av_fondförmögenhet_instrument>
        <Bransch>
          <Branschkod_instrument>0</Branschkod_instrument>
          <Bransch_namn_instrument>Övrigt</Bransch_namn_instrument>
        </Bransch>
      </FinansielltInstrument>
    </FinansiellaInstrument>
  </Fondinformation>
  <Fondinformation />
</VärdepappersfondInnehav>