﻿<?xml version="1.0" encoding="utf-8"?>
<VärdepappersfondInnehav xmlns="http://schemas.fi.se/publika/vardepappersfonder/20200331">
  <Rapportinformation>
    <Kvartalsslut>2022-12-31</Kvartalsslut>
  </Rapportinformation>
  <Bolagsinformation>
    <Fondbolag_namn>Alfred Berg Kapitalforvaltning AS</Fondbolag_namn>
    <Fondbolag_institutnummer>91</Fondbolag_institutnummer>
    <Fondbolag_LEI-kod>549300DT47YM6PPU3813</Fondbolag_LEI-kod>
  </Bolagsinformation>
  <Fondinformation>
    <Fond_institutnummer>54700</Fond_institutnummer>
    <Fond_ISIN-kod>SE0013877461</Fond_ISIN-kod>
    <Fond_namn>Alfred Berg Nordic High Yield Acc</Fond_namn>
    <Förvaltningsavgift>
      <MedAndelsklasser>
        <Förvaltningsavgift>
          <Andelsklass_namn>AB NORDIC HIGH YIELD ACC C</Andelsklass_namn>
          <Förvaltningsavgift_Typ>
            <Förvaltningsavgift_fast>0.8</Förvaltningsavgift_fast>
          </Förvaltningsavgift_Typ>
        </Förvaltningsavgift>
        <Förvaltningsavgift>
          <Andelsklass_namn>AB NORDIC HIGH YIELD ACC G</Andelsklass_namn>
          <Förvaltningsavgift_Typ>
            <Förvaltningsavgift_fast>0.8</Förvaltningsavgift_fast>
          </Förvaltningsavgift_Typ>
        </Förvaltningsavgift>
        <Förvaltningsavgift>
          <Andelsklass_namn>AB NORDIC HIGH YIELD ACC A</Andelsklass_namn>
          <Förvaltningsavgift_Typ>
            <Förvaltningsavgift_fast>0.8</Förvaltningsavgift_fast>
          </Förvaltningsavgift_Typ>
        </Förvaltningsavgift>
      </MedAndelsklasser>
    </Förvaltningsavgift>
    <Fondförmögenhet>463436558</Fondförmögenhet>
    <Likvida_medel>65372347</Likvida_medel>
    <Övriga_tillgångar_och_skulder>-5948192</Övriga_tillgångar_och_skulder>
    <Aktiv_risk>1.3</Aktiv_risk>
    <Standardavvikelse_24_månader>4.28</Standardavvikelse_24_månader>
    <Jämförelseindex>
      <Jämförelseindex>NOHYNH</Jämförelseindex>
    </Jämförelseindex>
    <FinansiellaInstrument>
      <FinansielltInstrument>
        <Tillgångsslag_enligt_LVF_5_kap>ÖverlåtbartVärdepapper</Tillgångsslag_enligt_LVF_5_kap>
        <Instrumentnamn>ENDURN FRN 250303</Instrumentnamn>
        <ISIN-kod_instrument>NO0010935430</ISIN-kod_instrument>
        <Landkod_Emittent>NO</Landkod_Emittent>
        <Valuta>NOK</Valuta>
        <Antal />
        <Nominellt_belopp>8500000</Nominellt_belopp>
        <Kurs_som_använts_vid_värdering_av_instrumentet>99.8227777777778</Kurs_som_använts_vid_värdering_av_instrumentet>
        <Valutakurs_instrument>1.0628</Valutakurs_instrument>
        <Marknadsvärde_instrument>9017790.1</Marknadsvärde_instrument>
        <Andel_av_fondförmögenhet_instrument>1.95</Andel_av_fondförmögenhet_instrument>
        <Bransch>
          <Branschkod_instrument>20</Branschkod_instrument>
          <Bransch_namn_instrument>Industrivaror och tjänster</Bransch_namn_instrument>
        </Bransch>
      </FinansielltInstrument>
      <FinansielltInstrument>
        <Tillgångsslag_enligt_LVF_5_kap>ÖverlåtbartVärdepapper</Tillgångsslag_enligt_LVF_5_kap>
        <Instrumentnamn>ODLNO FRN 260223</Instrumentnamn>
        <ISIN-kod_instrument>NO0012439480</ISIN-kod_instrument>
        <Landkod_Emittent>NO</Landkod_Emittent>
        <Valuta>NOK</Valuta>
        <Antal />
        <Nominellt_belopp>2500000</Nominellt_belopp>
        <Kurs_som_använts_vid_värdering_av_instrumentet>106.469611111111</Kurs_som_använts_vid_värdering_av_instrumentet>
        <Valutakurs_instrument>1.0628</Valutakurs_instrument>
        <Marknadsvärde_instrument>2828897.57</Marknadsvärde_instrument>
        <Andel_av_fondförmögenhet_instrument>0.61</Andel_av_fondförmögenhet_instrument>
        <Bransch>
          <Branschkod_instrument>10</Branschkod_instrument>
          <Bransch_namn_instrument>Energi</Bransch_namn_instrument>
        </Bransch>
      </FinansielltInstrument>
      <FinansielltInstrument>
        <Tillgångsslag_enligt_LVF_5_kap>ÖverlåtbartVärdepapper</Tillgångsslag_enligt_LVF_5_kap>
        <Instrumentnamn>EPNENG FRN 260908</Instrumentnamn>
        <ISIN-kod_instrument>DK0030511613</ISIN-kod_instrument>
        <Landkod_Emittent>DK</Landkod_Emittent>
        <Valuta>EUR</Valuta>
        <Antal />
        <Nominellt_belopp>600000</Nominellt_belopp>
        <Kurs_som_använts_vid_värdering_av_instrumentet>100.307191666667</Kurs_som_använts_vid_värdering_av_instrumentet>
        <Valutakurs_instrument>11.15697869</Valutakurs_instrument>
        <Marknadsvärde_instrument>6711845.75</Marknadsvärde_instrument>
        <Andel_av_fondförmögenhet_instrument>1.45</Andel_av_fondförmögenhet_instrument>
        <Bransch>
          <Branschkod_instrument>10</Branschkod_instrument>
          <Bransch_namn_instrument>Energi</Bransch_namn_instrument>
        </Bransch>
      </FinansielltInstrument>
      <FinansielltInstrument>
        <Tillgångsslag_enligt_LVF_5_kap>ÖverlåtbartVärdepapper</Tillgångsslag_enligt_LVF_5_kap>
        <Instrumentnamn>MEDGAM FRN 241127</Instrumentnamn>
        <ISIN-kod_instrument>SE0015194527</ISIN-kod_instrument>
        <Landkod_Emittent>MT</Landkod_Emittent>
        <Valuta>EUR</Valuta>
        <Antal />
        <Nominellt_belopp>600000</Nominellt_belopp>
        <Kurs_som_använts_vid_värdering_av_instrumentet>96.2019833333333</Kurs_som_använts_vid_värdering_av_instrumentet>
        <Valutakurs_instrument>11.15697869</Valutakurs_instrument>
        <Marknadsvärde_instrument>6437154.32</Marknadsvärde_instrument>
        <Andel_av_fondförmögenhet_instrument>1.39</Andel_av_fondförmögenhet_instrument>
        <Bransch>
          <Branschkod_instrument>40</Branschkod_instrument>
          <Bransch_namn_instrument>Finans</Bransch_namn_instrument>
        </Bransch>
      </FinansielltInstrument>
      <FinansielltInstrument>
        <Tillgångsslag_enligt_LVF_5_kap>ÖverlåtbartVärdepapper</Tillgångsslag_enligt_LVF_5_kap>
        <Instrumentnamn>MEDGAM FRN 260621</Instrumentnamn>
        <ISIN-kod_instrument>SE0018042277</ISIN-kod_instrument>
        <Landkod_Emittent>MT</Landkod_Emittent>
        <Valuta>EUR</Valuta>
        <Antal />
        <Nominellt_belopp>600000</Nominellt_belopp>
        <Kurs_som_använts_vid_värdering_av_instrumentet>94.9809166666667</Kurs_som_använts_vid_värdering_av_instrumentet>
        <Valutakurs_instrument>11.15697869</Valutakurs_instrument>
        <Marknadsvärde_instrument>6355449.2</Marknadsvärde_instrument>
        <Andel_av_fondförmögenhet_instrument>1.37</Andel_av_fondförmögenhet_instrument>
        <Bransch>
          <Branschkod_instrument>45</Branschkod_instrument>
          <Bransch_namn_instrument>Informationsteknologi</Bransch_namn_instrument>
        </Bransch>
      </FinansielltInstrument>
      <FinansielltInstrument>
        <Tillgångsslag_enligt_LVF_5_kap>ÖverlåtbartVärdepapper</Tillgångsslag_enligt_LVF_5_kap>
        <Instrumentnamn>AXDELO FRN 240421</Instrumentnamn>
        <ISIN-kod_instrument>FI4000252119</ISIN-kod_instrument>
        <Landkod_Emittent>FI</Landkod_Emittent>
        <Valuta>EUR</Valuta>
        <Antal />
        <Nominellt_belopp>262471.18</Nominellt_belopp>
        <Kurs_som_använts_vid_värdering_av_instrumentet>84.8095388888889</Kurs_som_använts_vid_värdering_av_instrumentet>
        <Valutakurs_instrument>11.15697869</Valutakurs_instrument>
        <Marknadsvärde_instrument>2482475.5</Marknadsvärde_instrument>
        <Andel_av_fondförmögenhet_instrument>0.54</Andel_av_fondförmögenhet_instrument>
        <Bransch>
          <Branschkod_instrument>20</Branschkod_instrument>
          <Bransch_namn_instrument>Industrivaror och tjänster</Bransch_namn_instrument>
        </Bransch>
      </FinansielltInstrument>
      <FinansielltInstrument>
        <Tillgångsslag_enligt_LVF_5_kap>ÖverlåtbartVärdepapper</Tillgångsslag_enligt_LVF_5_kap>
        <Instrumentnamn>KISTEF FRN 260909</Instrumentnamn>
        <ISIN-kod_instrument>NO0012662362</ISIN-kod_instrument>
        <Landkod_Emittent>NO</Landkod_Emittent>
        <Valuta>NOK</Valuta>
        <Antal />
        <Nominellt_belopp>3800000</Nominellt_belopp>
        <Kurs_som_använts_vid_värdering_av_instrumentet>101.986855555556</Kurs_som_använts_vid_värdering_av_instrumentet>
        <Valutakurs_instrument>1.0628</Valutakurs_instrument>
        <Marknadsvärde_instrument>4118881.94</Marknadsvärde_instrument>
        <Andel_av_fondförmögenhet_instrument>0.89</Andel_av_fondförmögenhet_instrument>
        <Bransch>
          <Branschkod_instrument>40</Branschkod_instrument>
          <Bransch_namn_instrument>Finans</Bransch_namn_instrument>
        </Bransch>
      </FinansielltInstrument>
      <FinansielltInstrument>
        <Tillgångsslag_enligt_LVF_5_kap>ÖverlåtbartVärdepapper</Tillgångsslag_enligt_LVF_5_kap>
        <Instrumentnamn>KNTGBL 10% 260628</Instrumentnamn>
        <ISIN-kod_instrument>NO0011032336</ISIN-kod_instrument>
        <Landkod_Emittent>GB</Landkod_Emittent>
        <Valuta>USD</Valuta>
        <Antal />
        <Nominellt_belopp>730000</Nominellt_belopp>
        <Kurs_som_använts_vid_värdering_av_instrumentet>92.4237917808219</Kurs_som_använts_vid_värdering_av_instrumentet>
        <Valutakurs_instrument>10.4283</Valutakurs_instrument>
        <Marknadsvärde_instrument>7029956.39</Marknadsvärde_instrument>
        <Andel_av_fondförmögenhet_instrument>1.52</Andel_av_fondförmögenhet_instrument>
        <Bransch>
          <Branschkod_instrument>10</Branschkod_instrument>
          <Bransch_namn_instrument>Energi</Bransch_namn_instrument>
        </Bransch>
      </FinansielltInstrument>
      <FinansielltInstrument>
        <Tillgångsslag_enligt_LVF_5_kap>ÖverlåtbartVärdepapper</Tillgångsslag_enligt_LVF_5_kap>
        <Instrumentnamn>INTENO FRN 260906</Instrumentnamn>
        <ISIN-kod_instrument>SE0018040891</ISIN-kod_instrument>
        <Landkod_Emittent>SE</Landkod_Emittent>
        <Valuta>EUR</Valuta>
        <Antal />
        <Nominellt_belopp>400000</Nominellt_belopp>
        <Kurs_som_använts_vid_värdering_av_instrumentet>100.657986111111</Kurs_som_använts_vid_värdering_av_instrumentet>
        <Valutakurs_instrument>11.15697869</Valutakurs_instrument>
        <Marknadsvärde_instrument>4490212.28</Marknadsvärde_instrument>
        <Andel_av_fondförmögenhet_instrument>0.97</Andel_av_fondförmögenhet_instrument>
        <Bransch>
          <Branschkod_instrument>50</Branschkod_instrument>
          <Bransch_namn_instrument>Telekomoperatörer</Bransch_namn_instrument>
        </Bransch>
      </FinansielltInstrument>
      <FinansielltInstrument>
        <Tillgångsslag_enligt_LVF_5_kap>ÖverlåtbartVärdepapper</Tillgångsslag_enligt_LVF_5_kap>
        <Instrumentnamn>IOGLN FRN 240920</Instrumentnamn>
        <ISIN-kod_instrument>NO0010863236</ISIN-kod_instrument>
        <Landkod_Emittent>GB</Landkod_Emittent>
        <Valuta>EUR</Valuta>
        <Antal />
        <Nominellt_belopp>1100000</Nominellt_belopp>
        <Kurs_som_använts_vid_värdering_av_instrumentet>98.027825</Kurs_som_använts_vid_värdering_av_instrumentet>
        <Valutakurs_instrument>11.15697869</Valutakurs_instrument>
        <Marknadsvärde_instrument>12025432.28</Marknadsvärde_instrument>
        <Andel_av_fondförmögenhet_instrument>2.59</Andel_av_fondförmögenhet_instrument>
        <Bransch>
          <Branschkod_instrument>10</Branschkod_instrument>
          <Bransch_namn_instrument>Energi</Bransch_namn_instrument>
        </Bransch>
      </FinansielltInstrument>
      <FinansielltInstrument>
        <Tillgångsslag_enligt_LVF_5_kap>ÖverlåtbartVärdepapper</Tillgångsslag_enligt_LVF_5_kap>
        <Instrumentnamn>LINKNO 3,375% 251215</Instrumentnamn>
        <ISIN-kod_instrument>NO0010911506</ISIN-kod_instrument>
        <Landkod_Emittent>NO</Landkod_Emittent>
        <Valuta>EUR</Valuta>
        <Antal />
        <Nominellt_belopp>300000</Nominellt_belopp>
        <Kurs_som_använts_vid_värdering_av_instrumentet>84.9604452054795</Kurs_som_använts_vid_värdering_av_instrumentet>
        <Valutakurs_instrument>11.15697869</Valutakurs_instrument>
        <Marknadsvärde_instrument>2842475.17</Marknadsvärde_instrument>
        <Andel_av_fondförmögenhet_instrument>0.61</Andel_av_fondförmögenhet_instrument>
        <Bransch>
          <Branschkod_instrument>45</Branschkod_instrument>
          <Bransch_namn_instrument>Informationsteknologi</Bransch_namn_instrument>
        </Bransch>
      </FinansielltInstrument>
      <FinansielltInstrument>
        <Tillgångsslag_enligt_LVF_5_kap>ÖverlåtbartVärdepapper</Tillgångsslag_enligt_LVF_5_kap>
        <Instrumentnamn>LRGLBL FRN 250203</Instrumentnamn>
        <ISIN-kod_instrument>NO0010894850</ISIN-kod_instrument>
        <Landkod_Emittent>DE</Landkod_Emittent>
        <Valuta>EUR</Valuta>
        <Antal />
        <Nominellt_belopp>245000</Nominellt_belopp>
        <Kurs_som_använts_vid_värdering_av_instrumentet>84.2925666666667</Kurs_som_använts_vid_värdering_av_instrumentet>
        <Valutakurs_instrument>11.15697869</Valutakurs_instrument>
        <Marknadsvärde_instrument>2303106.43</Marknadsvärde_instrument>
        <Andel_av_fondförmögenhet_instrument>0.5</Andel_av_fondförmögenhet_instrument>
        <Bransch>
          <Branschkod_instrument>0</Branschkod_instrument>
          <Bransch_namn_instrument>Övrigt</Bransch_namn_instrument>
        </Bransch>
      </FinansielltInstrument>
      <FinansielltInstrument>
        <Tillgångsslag_enligt_LVF_5_kap>ÖverlåtbartVärdepapper</Tillgångsslag_enligt_LVF_5_kap>
        <Instrumentnamn>WWLNO FRN 270421</Instrumentnamn>
        <ISIN-kod_instrument>NO0012495912</ISIN-kod_instrument>
        <Landkod_Emittent>NO</Landkod_Emittent>
        <Valuta>NOK</Valuta>
        <Antal />
        <Nominellt_belopp>7500000</Nominellt_belopp>
        <Kurs_som_använts_vid_värdering_av_instrumentet>102.121916666667</Kurs_som_använts_vid_värdering_av_instrumentet>
        <Valutakurs_instrument>1.0628</Valutakurs_instrument>
        <Marknadsvärde_instrument>8140137.98</Marknadsvärde_instrument>
        <Andel_av_fondförmögenhet_instrument>1.76</Andel_av_fondförmögenhet_instrument>
        <Bransch>
          <Branschkod_instrument>20</Branschkod_instrument>
          <Bransch_namn_instrument>Industrivaror och tjänster</Bransch_namn_instrument>
        </Bransch>
      </FinansielltInstrument>
      <FinansielltInstrument>
        <Tillgångsslag_enligt_LVF_5_kap>ÖverlåtbartVärdepapper</Tillgångsslag_enligt_LVF_5_kap>
        <Instrumentnamn>LIMPET FRN 250707</Instrumentnamn>
        <ISIN-kod_instrument>NO0012559246</ISIN-kod_instrument>
        <Landkod_Emittent>NO</Landkod_Emittent>
        <Valuta>NOK</Valuta>
        <Antal />
        <Nominellt_belopp>7500000</Nominellt_belopp>
        <Kurs_som_använts_vid_värdering_av_instrumentet>102.977333333333</Kurs_som_använts_vid_värdering_av_instrumentet>
        <Valutakurs_instrument>1.0628</Valutakurs_instrument>
        <Marknadsvärde_instrument>8208323.24</Marknadsvärde_instrument>
        <Andel_av_fondförmögenhet_instrument>1.77</Andel_av_fondförmögenhet_instrument>
        <Bransch>
          <Branschkod_instrument>10</Branschkod_instrument>
          <Bransch_namn_instrument>Energi</Bransch_namn_instrument>
        </Bransch>
      </FinansielltInstrument>
      <FinansielltInstrument>
        <Tillgångsslag_enligt_LVF_5_kap>ÖverlåtbartVärdepapper</Tillgångsslag_enligt_LVF_5_kap>
        <Instrumentnamn>FRUGR FRN 251221</Instrumentnamn>
        <ISIN-kod_instrument>NO0012702549</ISIN-kod_instrument>
        <Landkod_Emittent>FI</Landkod_Emittent>
        <Valuta>EUR</Valuta>
        <Antal />
        <Nominellt_belopp>160000</Nominellt_belopp>
        <Kurs_som_använts_vid_värdering_av_instrumentet>97.7656388888889</Kurs_som_använts_vid_värdering_av_instrumentet>
        <Valutakurs_instrument>11.15697869</Valutakurs_instrument>
        <Marknadsvärde_instrument>1744475.48</Marknadsvärde_instrument>
        <Andel_av_fondförmögenhet_instrument>0.38</Andel_av_fondförmögenhet_instrument>
        <Bransch>
          <Branschkod_instrument>40</Branschkod_instrument>
          <Bransch_namn_instrument>Finans</Bransch_namn_instrument>
        </Bransch>
      </FinansielltInstrument>
      <FinansielltInstrument>
        <Tillgångsslag_enligt_LVF_5_kap>ÖverlåtbartVärdepapper</Tillgångsslag_enligt_LVF_5_kap>
        <Instrumentnamn>FRUGR FRN PERP</Instrumentnamn>
        <ISIN-kod_instrument>NO0011037327</ISIN-kod_instrument>
        <Landkod_Emittent>FI</Landkod_Emittent>
        <Valuta>EUR</Valuta>
        <Antal />
        <Nominellt_belopp>620000</Nominellt_belopp>
        <Kurs_som_använts_vid_värdering_av_instrumentet>97.157</Kurs_som_använts_vid_värdering_av_instrumentet>
        <Valutakurs_instrument>11.15697869</Valutakurs_instrument>
        <Marknadsvärde_instrument>6717759.17</Marknadsvärde_instrument>
        <Andel_av_fondförmögenhet_instrument>1.45</Andel_av_fondförmögenhet_instrument>
        <Bransch>
          <Branschkod_instrument>40</Branschkod_instrument>
          <Bransch_namn_instrument>Finans</Bransch_namn_instrument>
        </Bransch>
      </FinansielltInstrument>
      <FinansielltInstrument>
        <Tillgångsslag_enligt_LVF_5_kap>ÖverlåtbartVärdepapper</Tillgångsslag_enligt_LVF_5_kap>
        <Instrumentnamn>FINGAB FRN 241223</Instrumentnamn>
        <ISIN-kod_instrument>SE0017071855</ISIN-kod_instrument>
        <Landkod_Emittent>SE</Landkod_Emittent>
        <Valuta>SEK</Valuta>
        <Antal />
        <Nominellt_belopp>2500000</Nominellt_belopp>
        <Kurs_som_använts_vid_värdering_av_instrumentet>89.2575111111111</Kurs_som_använts_vid_värdering_av_instrumentet>
        <Valutakurs_instrument>1</Valutakurs_instrument>
        <Marknadsvärde_instrument>2231437.78</Marknadsvärde_instrument>
        <Andel_av_fondförmögenhet_instrument>0.48</Andel_av_fondförmögenhet_instrument>
        <Bransch>
          <Branschkod_instrument>20</Branschkod_instrument>
          <Bransch_namn_instrument>Industrivaror och tjänster</Bransch_namn_instrument>
        </Bransch>
      </FinansielltInstrument>
      <FinansielltInstrument>
        <Tillgångsslag_enligt_LVF_5_kap>ÖverlåtbartVärdepapper</Tillgångsslag_enligt_LVF_5_kap>
        <Instrumentnamn>FORCEB FRN 260705</Instrumentnamn>
        <ISIN-kod_instrument>SE0016275820</ISIN-kod_instrument>
        <Landkod_Emittent>DK</Landkod_Emittent>
        <Valuta>EUR</Valuta>
        <Antal />
        <Nominellt_belopp>500000</Nominellt_belopp>
        <Kurs_som_använts_vid_värdering_av_instrumentet>98.6717916666667</Kurs_som_använts_vid_värdering_av_instrumentet>
        <Valutakurs_instrument>11.15697869</Valutakurs_instrument>
        <Marknadsvärde_instrument>5502013.65</Marknadsvärde_instrument>
        <Andel_av_fondförmögenhet_instrument>1.19</Andel_av_fondförmögenhet_instrument>
        <Bransch>
          <Branschkod_instrument>10</Branschkod_instrument>
          <Bransch_namn_instrument>Energi</Bransch_namn_instrument>
        </Bransch>
      </FinansielltInstrument>
      <FinansielltInstrument>
        <Tillgångsslag_enligt_LVF_5_kap>ÖverlåtbartVärdepapper</Tillgångsslag_enligt_LVF_5_kap>
        <Instrumentnamn>GRENRG FRN 250527</Instrumentnamn>
        <ISIN-kod_instrument>NO0012526187</ISIN-kod_instrument>
        <Landkod_Emittent>NO</Landkod_Emittent>
        <Valuta>NOK</Valuta>
        <Antal />
        <Nominellt_belopp>7000000</Nominellt_belopp>
        <Kurs_som_använts_vid_värdering_av_instrumentet>89.7678333333333</Kurs_som_använts_vid_värdering_av_instrumentet>
        <Valutakurs_instrument>1.0628</Valutakurs_instrument>
        <Marknadsvärde_instrument>6678367.73</Marknadsvärde_instrument>
        <Andel_av_fondförmögenhet_instrument>1.44</Andel_av_fondförmögenhet_instrument>
        <Bransch>
          <Branschkod_instrument>10</Branschkod_instrument>
          <Bransch_namn_instrument>Energi</Bransch_namn_instrument>
        </Bransch>
      </FinansielltInstrument>
      <FinansielltInstrument>
        <Tillgångsslag_enligt_LVF_5_kap>ÖverlåtbartVärdepapper</Tillgångsslag_enligt_LVF_5_kap>
        <Instrumentnamn>HLNG FRN 250130</Instrumentnamn>
        <ISIN-kod_instrument>NO0010873755</ISIN-kod_instrument>
        <Landkod_Emittent>NO</Landkod_Emittent>
        <Valuta>NOK</Valuta>
        <Antal />
        <Nominellt_belopp>5000000</Nominellt_belopp>
        <Kurs_som_använts_vid_värdering_av_instrumentet>103.765027777778</Kurs_som_använts_vid_värdering_av_instrumentet>
        <Valutakurs_instrument>1.0628</Valutakurs_instrument>
        <Marknadsvärde_instrument>5514073.58</Marknadsvärde_instrument>
        <Andel_av_fondförmögenhet_instrument>1.19</Andel_av_fondförmögenhet_instrument>
        <Bransch>
          <Branschkod_instrument>20</Branschkod_instrument>
          <Bransch_namn_instrument>Industrivaror och tjänster</Bransch_namn_instrument>
        </Bransch>
      </FinansielltInstrument>
      <FinansielltInstrument>
        <Tillgångsslag_enligt_LVF_5_kap>ÖverlåtbartVärdepapper</Tillgångsslag_enligt_LVF_5_kap>
        <Instrumentnamn>HUMBLE FRN 250721</Instrumentnamn>
        <ISIN-kod_instrument>SE0016273742</ISIN-kod_instrument>
        <Landkod_Emittent>SE</Landkod_Emittent>
        <Valuta>SEK</Valuta>
        <Antal />
        <Nominellt_belopp>10000000</Nominellt_belopp>
        <Kurs_som_använts_vid_värdering_av_instrumentet>99.5301888888889</Kurs_som_använts_vid_värdering_av_instrumentet>
        <Valutakurs_instrument>1</Valutakurs_instrument>
        <Marknadsvärde_instrument>9953018.89</Marknadsvärde_instrument>
        <Andel_av_fondförmögenhet_instrument>2.15</Andel_av_fondförmögenhet_instrument>
        <Bransch>
          <Branschkod_instrument>15</Branschkod_instrument>
          <Bransch_namn_instrument>Material</Bransch_namn_instrument>
        </Bransch>
      </FinansielltInstrument>
      <FinansielltInstrument>
        <Tillgångsslag_enligt_LVF_5_kap>ÖverlåtbartVärdepapper</Tillgångsslag_enligt_LVF_5_kap>
        <Instrumentnamn>GRNTVT FRN 240923</Instrumentnamn>
        <ISIN-kod_instrument>NO0011094658</ISIN-kod_instrument>
        <Landkod_Emittent>NO</Landkod_Emittent>
        <Valuta>NOK</Valuta>
        <Antal />
        <Nominellt_belopp>6400000</Nominellt_belopp>
        <Kurs_som_använts_vid_värdering_av_instrumentet>91.063</Kurs_som_använts_vid_värdering_av_instrumentet>
        <Valutakurs_instrument>1.0628</Valutakurs_instrument>
        <Marknadsvärde_instrument>6194032.41</Marknadsvärde_instrument>
        <Andel_av_fondförmögenhet_instrument>1.34</Andel_av_fondförmögenhet_instrument>
        <Bransch>
          <Branschkod_instrument>30</Branschkod_instrument>
          <Bransch_namn_instrument>Dagligvaror</Bransch_namn_instrument>
        </Bransch>
      </FinansielltInstrument>
      <FinansielltInstrument>
        <Tillgångsslag_enligt_LVF_5_kap>ÖverlåtbartVärdepapper</Tillgångsslag_enligt_LVF_5_kap>
        <Instrumentnamn>HLDMNG FRN 250210</Instrumentnamn>
        <ISIN-kod_instrument>NO0012428996</ISIN-kod_instrument>
        <Landkod_Emittent>NL</Landkod_Emittent>
        <Valuta>USD</Valuta>
        <Antal />
        <Nominellt_belopp>1070000</Nominellt_belopp>
        <Kurs_som_använts_vid_värdering_av_instrumentet>103.2255</Kurs_som_använts_vid_värdering_av_instrumentet>
        <Valutakurs_instrument>10.4283</Valutakurs_instrument>
        <Marknadsvärde_instrument>11508448.05</Marknadsvärde_instrument>
        <Andel_av_fondförmögenhet_instrument>2.48</Andel_av_fondförmögenhet_instrument>
        <Bransch>
          <Branschkod_instrument>40</Branschkod_instrument>
          <Bransch_namn_instrument>Finans</Bransch_namn_instrument>
        </Bransch>
      </FinansielltInstrument>
      <FinansielltInstrument>
        <Tillgångsslag_enligt_LVF_5_kap>ÖverlåtbartVärdepapper</Tillgångsslag_enligt_LVF_5_kap>
        <Instrumentnamn>WWLNO FRN 260303</Instrumentnamn>
        <ISIN-kod_instrument>NO0011082091</ISIN-kod_instrument>
        <Landkod_Emittent>NO</Landkod_Emittent>
        <Valuta>NOK</Valuta>
        <Antal />
        <Nominellt_belopp>5000000</Nominellt_belopp>
        <Kurs_som_använts_vid_värdering_av_instrumentet>100.905833333333</Kurs_som_använts_vid_värdering_av_instrumentet>
        <Valutakurs_instrument>1.0628</Valutakurs_instrument>
        <Marknadsvärde_instrument>5362135.98</Marknadsvärde_instrument>
        <Andel_av_fondförmögenhet_instrument>1.16</Andel_av_fondförmögenhet_instrument>
        <Bransch>
          <Branschkod_instrument>20</Branschkod_instrument>
          <Bransch_namn_instrument>Industrivaror och tjänster</Bransch_namn_instrument>
        </Bransch>
      </FinansielltInstrument>
      <FinansielltInstrument>
        <Tillgångsslag_enligt_LVF_5_kap>ÖverlåtbartVärdepapper</Tillgångsslag_enligt_LVF_5_kap>
        <Instrumentnamn>SFL 7,25% 260512</Instrumentnamn>
        <ISIN-kod_instrument>NO0010992944</ISIN-kod_instrument>
        <Landkod_Emittent>NO</Landkod_Emittent>
        <Valuta>USD</Valuta>
        <Antal />
        <Nominellt_belopp>600000</Nominellt_belopp>
        <Kurs_som_använts_vid_värdering_av_instrumentet>97.3482876712329</Kurs_som_använts_vid_värdering_av_instrumentet>
        <Valutakurs_instrument>10.4283</Valutakurs_instrument>
        <Marknadsvärde_instrument>6085910.42</Marknadsvärde_instrument>
        <Andel_av_fondförmögenhet_instrument>1.31</Andel_av_fondförmögenhet_instrument>
        <Bransch>
          <Branschkod_instrument>20</Branschkod_instrument>
          <Bransch_namn_instrument>Industrivaror och tjänster</Bransch_namn_instrument>
        </Bransch>
      </FinansielltInstrument>
      <FinansielltInstrument>
        <Tillgångsslag_enligt_LVF_5_kap>ÖverlåtbartVärdepapper</Tillgångsslag_enligt_LVF_5_kap>
        <Instrumentnamn>STORSK FRN 240514</Instrumentnamn>
        <ISIN-kod_instrument>SE0015810460</ISIN-kod_instrument>
        <Landkod_Emittent>SE</Landkod_Emittent>
        <Valuta>SEK</Valuta>
        <Antal />
        <Nominellt_belopp>2500000</Nominellt_belopp>
        <Kurs_som_använts_vid_värdering_av_instrumentet>85.842175</Kurs_som_använts_vid_värdering_av_instrumentet>
        <Valutakurs_instrument>1</Valutakurs_instrument>
        <Marknadsvärde_instrument>2146054.38</Marknadsvärde_instrument>
        <Andel_av_fondförmögenhet_instrument>0.46</Andel_av_fondförmögenhet_instrument>
        <Bransch>
          <Branschkod_instrument>40</Branschkod_instrument>
          <Bransch_namn_instrument>Finans</Bransch_namn_instrument>
        </Bransch>
      </FinansielltInstrument>
      <FinansielltInstrument>
        <Tillgångsslag_enligt_LVF_5_kap>ÖverlåtbartVärdepapper</Tillgångsslag_enligt_LVF_5_kap>
        <Instrumentnamn>SCANBD 11,5% 250906</Instrumentnamn>
        <ISIN-kod_instrument>NO0012441007</ISIN-kod_instrument>
        <Landkod_Emittent>DK</Landkod_Emittent>
        <Valuta>EUR</Valuta>
        <Antal />
        <Nominellt_belopp>506542</Nominellt_belopp>
        <Kurs_som_använts_vid_värdering_av_instrumentet>101.016666666667</Kurs_som_använts_vid_värdering_av_instrumentet>
        <Valutakurs_instrument>11.15697869</Valutakurs_instrument>
        <Marknadsvärde_instrument>5706464.76</Marknadsvärde_instrument>
        <Andel_av_fondförmögenhet_instrument>1.23</Andel_av_fondförmögenhet_instrument>
        <Bransch>
          <Branschkod_instrument>20</Branschkod_instrument>
          <Bransch_namn_instrument>Industrivaror och tjänster</Bransch_namn_instrument>
        </Bransch>
      </FinansielltInstrument>
      <FinansielltInstrument>
        <Tillgångsslag_enligt_LVF_5_kap>ÖverlåtbartVärdepapper</Tillgångsslag_enligt_LVF_5_kap>
        <Instrumentnamn>SCANBD 7,75% 250804</Instrumentnamn>
        <ISIN-kod_instrument>SE0015810759</ISIN-kod_instrument>
        <Landkod_Emittent>DK</Landkod_Emittent>
        <Valuta>EUR</Valuta>
        <Antal />
        <Nominellt_belopp>920000</Nominellt_belopp>
        <Kurs_som_använts_vid_värdering_av_instrumentet>99.7652777777778</Kurs_som_använts_vid_värdering_av_instrumentet>
        <Valutakurs_instrument>11.15697869</Valutakurs_instrument>
        <Marknadsvärde_instrument>10235896.56</Marknadsvärde_instrument>
        <Andel_av_fondförmögenhet_instrument>2.21</Andel_av_fondförmögenhet_instrument>
        <Bransch>
          <Branschkod_instrument>10</Branschkod_instrument>
          <Bransch_namn_instrument>Energi</Bransch_namn_instrument>
        </Bransch>
      </FinansielltInstrument>
      <FinansielltInstrument>
        <Tillgångsslag_enligt_LVF_5_kap>ÖverlåtbartVärdepapper</Tillgångsslag_enligt_LVF_5_kap>
        <Instrumentnamn>TKSHTN FLOAT 241018</Instrumentnamn>
        <ISIN-kod_instrument>NO0010866163</ISIN-kod_instrument>
        <Landkod_Emittent>BM</Landkod_Emittent>
        <Valuta>USD</Valuta>
        <Antal />
        <Nominellt_belopp>600000</Nominellt_belopp>
        <Kurs_som_använts_vid_värdering_av_instrumentet>93.5731515</Kurs_som_använts_vid_värdering_av_instrumentet>
        <Valutakurs_instrument>10.4283</Valutakurs_instrument>
        <Marknadsvärde_instrument>5849900.72</Marknadsvärde_instrument>
        <Andel_av_fondförmögenhet_instrument>1.26</Andel_av_fondförmögenhet_instrument>
        <Bransch>
          <Branschkod_instrument>0</Branschkod_instrument>
          <Bransch_namn_instrument>Övrigt</Bransch_namn_instrument>
        </Bransch>
      </FinansielltInstrument>
      <FinansielltInstrument>
        <Tillgångsslag_enligt_LVF_5_kap>ÖverlåtbartVärdepapper</Tillgångsslag_enligt_LVF_5_kap>
        <Instrumentnamn>TRYMNO  FRN 240910</Instrumentnamn>
        <ISIN-kod_instrument>NO0011088627</ISIN-kod_instrument>
        <Landkod_Emittent>NO</Landkod_Emittent>
        <Valuta>NOK</Valuta>
        <Antal />
        <Nominellt_belopp>2500000</Nominellt_belopp>
        <Kurs_som_använts_vid_värdering_av_instrumentet>99.6451666666666</Kurs_som_använts_vid_värdering_av_instrumentet>
        <Valutakurs_instrument>1.0628</Valutakurs_instrument>
        <Marknadsvärde_instrument>2647572.08</Marknadsvärde_instrument>
        <Andel_av_fondförmögenhet_instrument>0.57</Andel_av_fondförmögenhet_instrument>
        <Bransch>
          <Branschkod_instrument>40</Branschkod_instrument>
          <Bransch_namn_instrument>Finans</Bransch_namn_instrument>
        </Bransch>
      </FinansielltInstrument>
      <FinansielltInstrument>
        <Tillgångsslag_enligt_LVF_5_kap>ÖverlåtbartVärdepapper</Tillgångsslag_enligt_LVF_5_kap>
        <Instrumentnamn>STORSK FRN 251201</Instrumentnamn>
        <ISIN-kod_instrument>SE0017084650</ISIN-kod_instrument>
        <Landkod_Emittent>SE</Landkod_Emittent>
        <Valuta>SEK</Valuta>
        <Antal />
        <Nominellt_belopp>2500000</Nominellt_belopp>
        <Kurs_som_använts_vid_värdering_av_instrumentet>74.0657833333333</Kurs_som_använts_vid_värdering_av_instrumentet>
        <Valutakurs_instrument>1</Valutakurs_instrument>
        <Marknadsvärde_instrument>1851644.58</Marknadsvärde_instrument>
        <Andel_av_fondförmögenhet_instrument>0.4</Andel_av_fondförmögenhet_instrument>
        <Bransch>
          <Branschkod_instrument>40</Branschkod_instrument>
          <Bransch_namn_instrument>Finans</Bransch_namn_instrument>
        </Bransch>
      </FinansielltInstrument>
      <FinansielltInstrument>
        <Tillgångsslag_enligt_LVF_5_kap>ÖverlåtbartVärdepapper</Tillgångsslag_enligt_LVF_5_kap>
        <Instrumentnamn>TKSHTN 9,5% 251215</Instrumentnamn>
        <ISIN-kod_instrument>NO0011167785</ISIN-kod_instrument>
        <Landkod_Emittent>BM</Landkod_Emittent>
        <Valuta>USD</Valuta>
        <Antal />
        <Nominellt_belopp>1600000</Nominellt_belopp>
        <Kurs_som_använts_vid_värdering_av_instrumentet>87.7497383561644</Kurs_som_använts_vid_värdering_av_instrumentet>
        <Valutakurs_instrument>10.4283</Valutakurs_instrument>
        <Marknadsvärde_instrument>14628904.39</Marknadsvärde_instrument>
        <Andel_av_fondförmögenhet_instrument>3.16</Andel_av_fondförmögenhet_instrument>
        <Bransch>
          <Branschkod_instrument>20</Branschkod_instrument>
          <Bransch_namn_instrument>Industrivaror och tjänster</Bransch_namn_instrument>
        </Bransch>
      </FinansielltInstrument>
      <FinansielltInstrument>
        <Tillgångsslag_enligt_LVF_5_kap>ÖverlåtbartVärdepapper</Tillgångsslag_enligt_LVF_5_kap>
        <Instrumentnamn>RDKECK FRN 261028</Instrumentnamn>
        <ISIN-kod_instrument>NO0011130148</ISIN-kod_instrument>
        <Landkod_Emittent>FI</Landkod_Emittent>
        <Valuta>EUR</Valuta>
        <Antal />
        <Nominellt_belopp>930000</Nominellt_belopp>
        <Kurs_som_använts_vid_värdering_av_instrumentet>100.274977777778</Kurs_som_använts_vid_värdering_av_instrumentet>
        <Valutakurs_instrument>11.15697869</Valutakurs_instrument>
        <Marknadsvärde_instrument>10400019.84</Marknadsvärde_instrument>
        <Andel_av_fondförmögenhet_instrument>2.24</Andel_av_fondförmögenhet_instrument>
        <Bransch>
          <Branschkod_instrument>20</Branschkod_instrument>
          <Bransch_namn_instrument>Industrivaror och tjänster</Bransch_namn_instrument>
        </Bransch>
      </FinansielltInstrument>
      <FinansielltInstrument>
        <Tillgångsslag_enligt_LVF_5_kap>ÖverlåtbartVärdepapper</Tillgångsslag_enligt_LVF_5_kap>
        <Instrumentnamn>VESTUM FRN 241028</Instrumentnamn>
        <ISIN-kod_instrument>SE0016844526</ISIN-kod_instrument>
        <Landkod_Emittent>SE</Landkod_Emittent>
        <Valuta>SEK</Valuta>
        <Antal />
        <Nominellt_belopp>1250000</Nominellt_belopp>
        <Kurs_som_använts_vid_värdering_av_instrumentet>94.5844444444444</Kurs_som_använts_vid_värdering_av_instrumentet>
        <Valutakurs_instrument>1</Valutakurs_instrument>
        <Marknadsvärde_instrument>1182305.56</Marknadsvärde_instrument>
        <Andel_av_fondförmögenhet_instrument>0.26</Andel_av_fondförmögenhet_instrument>
        <Bransch>
          <Branschkod_instrument>40</Branschkod_instrument>
          <Bransch_namn_instrument>Finans</Bransch_namn_instrument>
        </Bransch>
      </FinansielltInstrument>
      <FinansielltInstrument>
        <Tillgångsslag_enligt_LVF_5_kap>ÖverlåtbartVärdepapper</Tillgångsslag_enligt_LVF_5_kap>
        <Instrumentnamn>MRVIAA FRN 240707</Instrumentnamn>
        <ISIN-kod_instrument>SE0015938378</ISIN-kod_instrument>
        <Landkod_Emittent>SE</Landkod_Emittent>
        <Valuta>SEK</Valuta>
        <Antal />
        <Nominellt_belopp>7500000</Nominellt_belopp>
        <Kurs_som_använts_vid_värdering_av_instrumentet>98.5924583333333</Kurs_som_använts_vid_värdering_av_instrumentet>
        <Valutakurs_instrument>1</Valutakurs_instrument>
        <Marknadsvärde_instrument>7394434.38</Marknadsvärde_instrument>
        <Andel_av_fondförmögenhet_instrument>1.6</Andel_av_fondförmögenhet_instrument>
        <Bransch>
          <Branschkod_instrument>40</Branschkod_instrument>
          <Bransch_namn_instrument>Finans</Bransch_namn_instrument>
        </Bransch>
      </FinansielltInstrument>
      <FinansielltInstrument>
        <Tillgångsslag_enligt_LVF_5_kap>ÖverlåtbartVärdepapper</Tillgångsslag_enligt_LVF_5_kap>
        <Instrumentnamn>MODEXA FRN 260302</Instrumentnamn>
        <ISIN-kod_instrument>NO0010932460</ISIN-kod_instrument>
        <Landkod_Emittent>NO</Landkod_Emittent>
        <Valuta>NOK</Valuta>
        <Antal />
        <Nominellt_belopp>5700000</Nominellt_belopp>
        <Kurs_som_använts_vid_värdering_av_instrumentet>97.3653555555556</Kurs_som_använts_vid_värdering_av_instrumentet>
        <Valutakurs_instrument>1.0628</Valutakurs_instrument>
        <Marknadsvärde_instrument>5898354.29</Marknadsvärde_instrument>
        <Andel_av_fondförmögenhet_instrument>1.27</Andel_av_fondförmögenhet_instrument>
        <Bransch>
          <Branschkod_instrument>20</Branschkod_instrument>
          <Bransch_namn_instrument>Industrivaror och tjänster</Bransch_namn_instrument>
        </Bransch>
      </FinansielltInstrument>
      <FinansielltInstrument>
        <Tillgångsslag_enligt_LVF_5_kap>ÖverlåtbartVärdepapper</Tillgångsslag_enligt_LVF_5_kap>
        <Instrumentnamn>VIACON FRN 251104</Instrumentnamn>
        <ISIN-kod_instrument>SE0016844617</ISIN-kod_instrument>
        <Landkod_Emittent>SE</Landkod_Emittent>
        <Valuta>EUR</Valuta>
        <Antal />
        <Nominellt_belopp>1100000</Nominellt_belopp>
        <Kurs_som_använts_vid_värdering_av_instrumentet>84.5753666666667</Kurs_som_använts_vid_värdering_av_instrumentet>
        <Valutakurs_instrument>11.15697869</Valutakurs_instrument>
        <Marknadsvärde_instrument>10375169.95</Marknadsvärde_instrument>
        <Andel_av_fondförmögenhet_instrument>2.24</Andel_av_fondförmögenhet_instrument>
        <Bransch>
          <Branschkod_instrument>0</Branschkod_instrument>
          <Bransch_namn_instrument>Övrigt</Bransch_namn_instrument>
        </Bransch>
      </FinansielltInstrument>
      <FinansielltInstrument>
        <Tillgångsslag_enligt_LVF_5_kap>ÖverlåtbartVärdepapper</Tillgångsslag_enligt_LVF_5_kap>
        <Instrumentnamn>PROVAS FRN 260211</Instrumentnamn>
        <ISIN-kod_instrument>NO0012433301</ISIN-kod_instrument>
        <Landkod_Emittent>NO</Landkod_Emittent>
        <Valuta>NOK</Valuta>
        <Antal />
        <Nominellt_belopp>6500000</Nominellt_belopp>
        <Kurs_som_använts_vid_värdering_av_instrumentet>97.2402555555555</Kurs_som_använts_vid_värdering_av_instrumentet>
        <Valutakurs_instrument>1.0628</Valutakurs_instrument>
        <Marknadsvärde_instrument>6717551.33</Marknadsvärde_instrument>
        <Andel_av_fondförmögenhet_instrument>1.45</Andel_av_fondförmögenhet_instrument>
        <Bransch>
          <Branschkod_instrument>40</Branschkod_instrument>
          <Bransch_namn_instrument>Finans</Bransch_namn_instrument>
        </Bransch>
      </FinansielltInstrument>
      <FinansielltInstrument>
        <Tillgångsslag_enligt_LVF_5_kap>ÖverlåtbartVärdepapper</Tillgångsslag_enligt_LVF_5_kap>
        <Instrumentnamn>RBLNOP FRN 250520</Instrumentnamn>
        <ISIN-kod_instrument>SE0017486509</ISIN-kod_instrument>
        <Landkod_Emittent>SE</Landkod_Emittent>
        <Valuta>SEK</Valuta>
        <Antal />
        <Nominellt_belopp>2500000</Nominellt_belopp>
        <Kurs_som_använts_vid_värdering_av_instrumentet>96.4248777777778</Kurs_som_använts_vid_värdering_av_instrumentet>
        <Valutakurs_instrument>1</Valutakurs_instrument>
        <Marknadsvärde_instrument>2410621.94</Marknadsvärde_instrument>
        <Andel_av_fondförmögenhet_instrument>0.52</Andel_av_fondförmögenhet_instrument>
        <Bransch>
          <Branschkod_instrument>20</Branschkod_instrument>
          <Bransch_namn_instrument>Industrivaror och tjänster</Bransch_namn_instrument>
        </Bransch>
      </FinansielltInstrument>
      <FinansielltInstrument>
        <Tillgångsslag_enligt_LVF_5_kap>ÖverlåtbartVärdepapper</Tillgångsslag_enligt_LVF_5_kap>
        <Instrumentnamn>PDNERG 9,75% 260603</Instrumentnamn>
        <ISIN-kod_instrument>NO0012535816</ISIN-kod_instrument>
        <Landkod_Emittent>NO</Landkod_Emittent>
        <Valuta>USD</Valuta>
        <Antal />
        <Nominellt_belopp>400000</Nominellt_belopp>
        <Kurs_som_använts_vid_värdering_av_instrumentet>99.00935</Kurs_som_använts_vid_värdering_av_instrumentet>
        <Valutakurs_instrument>10.4283</Valutakurs_instrument>
        <Marknadsvärde_instrument>4126503.23</Marknadsvärde_instrument>
        <Andel_av_fondförmögenhet_instrument>0.89</Andel_av_fondförmögenhet_instrument>
        <Bransch>
          <Branschkod_instrument>10</Branschkod_instrument>
          <Bransch_namn_instrument>Energi</Bransch_namn_instrument>
        </Bransch>
      </FinansielltInstrument>
      <FinansielltInstrument>
        <Tillgångsslag_enligt_LVF_5_kap>ÖverlåtbartVärdepapper</Tillgångsslag_enligt_LVF_5_kap>
        <Instrumentnamn>PHMGRP FRN 260619</Instrumentnamn>
        <ISIN-kod_instrument>FI4000541685</ISIN-kod_instrument>
        <Landkod_Emittent>FI</Landkod_Emittent>
        <Valuta>EUR</Valuta>
        <Antal />
        <Nominellt_belopp>400000</Nominellt_belopp>
        <Kurs_som_använts_vid_värdering_av_instrumentet>101.100233333333</Kurs_som_använts_vid_värdering_av_instrumentet>
        <Valutakurs_instrument>11.15697869</Valutakurs_instrument>
        <Marknadsvärde_instrument>4509940.31</Marknadsvärde_instrument>
        <Andel_av_fondförmögenhet_instrument>0.97</Andel_av_fondförmögenhet_instrument>
        <Bransch>
          <Branschkod_instrument>60</Branschkod_instrument>
          <Bransch_namn_instrument>Fastigheter</Bransch_namn_instrument>
        </Bransch>
      </FinansielltInstrument>
      <FinansielltInstrument>
        <Tillgångsslag_enligt_LVF_5_kap>ÖverlåtbartVärdepapper</Tillgångsslag_enligt_LVF_5_kap>
        <Instrumentnamn>CAYBON FRN 250303</Instrumentnamn>
        <ISIN-kod_instrument>SE0017084478</ISIN-kod_instrument>
        <Landkod_Emittent>SE</Landkod_Emittent>
        <Valuta>SEK</Valuta>
        <Antal />
        <Nominellt_belopp>6250000</Nominellt_belopp>
        <Kurs_som_använts_vid_värdering_av_instrumentet>83.4898111111111</Kurs_som_använts_vid_värdering_av_instrumentet>
        <Valutakurs_instrument>1</Valutakurs_instrument>
        <Marknadsvärde_instrument>5218113.19</Marknadsvärde_instrument>
        <Andel_av_fondförmögenhet_instrument>1.13</Andel_av_fondförmögenhet_instrument>
        <Bransch>
          <Branschkod_instrument>50</Branschkod_instrument>
          <Bransch_namn_instrument>Telekomoperatörer</Bransch_namn_instrument>
        </Bransch>
      </FinansielltInstrument>
      <FinansielltInstrument>
        <Tillgångsslag_enligt_LVF_5_kap>ÖverlåtbartVärdepapper</Tillgångsslag_enligt_LVF_5_kap>
        <Instrumentnamn>EHABSE FRN 250126</Instrumentnamn>
        <ISIN-kod_instrument>SE0017133564</ISIN-kod_instrument>
        <Landkod_Emittent>SE</Landkod_Emittent>
        <Valuta>SEK</Valuta>
        <Antal />
        <Nominellt_belopp>2500000</Nominellt_belopp>
        <Kurs_som_använts_vid_värdering_av_instrumentet>93.5087833333333</Kurs_som_använts_vid_värdering_av_instrumentet>
        <Valutakurs_instrument>1</Valutakurs_instrument>
        <Marknadsvärde_instrument>2337719.58</Marknadsvärde_instrument>
        <Andel_av_fondförmögenhet_instrument>0.5</Andel_av_fondförmögenhet_instrument>
        <Bransch>
          <Branschkod_instrument>40</Branschkod_instrument>
          <Bransch_namn_instrument>Finans</Bransch_namn_instrument>
        </Bransch>
      </FinansielltInstrument>
      <FinansielltInstrument>
        <Tillgångsslag_enligt_LVF_5_kap>ÖverlåtbartVärdepapper</Tillgångsslag_enligt_LVF_5_kap>
        <Instrumentnamn>CHIPBI FRN 241213</Instrumentnamn>
        <ISIN-kod_instrument>NO0010869761</ISIN-kod_instrument>
        <Landkod_Emittent>NO</Landkod_Emittent>
        <Valuta>NOK</Valuta>
        <Antal />
        <Nominellt_belopp>9100000</Nominellt_belopp>
        <Kurs_som_använts_vid_värdering_av_instrumentet>98.0615</Kurs_som_använts_vid_värdering_av_instrumentet>
        <Valutakurs_instrument>1.0628</Valutakurs_instrument>
        <Marknadsvärde_instrument>9483998.36</Marknadsvärde_instrument>
        <Andel_av_fondförmögenhet_instrument>2.05</Andel_av_fondförmögenhet_instrument>
        <Bransch>
          <Branschkod_instrument>40</Branschkod_instrument>
          <Bransch_namn_instrument>Finans</Bransch_namn_instrument>
        </Bransch>
      </FinansielltInstrument>
      <FinansielltInstrument>
        <Tillgångsslag_enligt_LVF_5_kap>ÖverlåtbartVärdepapper</Tillgångsslag_enligt_LVF_5_kap>
        <Instrumentnamn>AZRION 7,25% 240428</Instrumentnamn>
        <ISIN-kod_instrument>SE0015837794</ISIN-kod_instrument>
        <Landkod_Emittent>NL</Landkod_Emittent>
        <Valuta>EUR</Valuta>
        <Antal />
        <Nominellt_belopp>1210000</Nominellt_belopp>
        <Kurs_som_använts_vid_värdering_av_instrumentet>96.7486111111111</Kurs_som_använts_vid_värdering_av_instrumentet>
        <Valutakurs_instrument>11.15697869</Valutakurs_instrument>
        <Marknadsvärde_instrument>13055357.07</Marknadsvärde_instrument>
        <Andel_av_fondförmögenhet_instrument>2.82</Andel_av_fondförmögenhet_instrument>
        <Bransch>
          <Branschkod_instrument>45</Branschkod_instrument>
          <Bransch_namn_instrument>Informationsteknologi</Bransch_namn_instrument>
        </Bransch>
      </FinansielltInstrument>
      <FinansielltInstrument>
        <Tillgångsslag_enligt_LVF_5_kap>ÖverlåtbartVärdepapper</Tillgångsslag_enligt_LVF_5_kap>
        <Instrumentnamn>BTWO FRN 260922</Instrumentnamn>
        <ISIN-kod_instrument>NO0012704107</ISIN-kod_instrument>
        <Landkod_Emittent>NO</Landkod_Emittent>
        <Valuta>EUR</Valuta>
        <Antal />
        <Nominellt_belopp>900000</Nominellt_belopp>
        <Kurs_som_använts_vid_värdering_av_instrumentet>97.932825</Kurs_som_använts_vid_värdering_av_instrumentet>
        <Valutakurs_instrument>11.15697869</Valutakurs_instrument>
        <Marknadsvärde_instrument>9829454.96</Marknadsvärde_instrument>
        <Andel_av_fondförmögenhet_instrument>2.12</Andel_av_fondförmögenhet_instrument>
        <Bransch>
          <Branschkod_instrument>40</Branschkod_instrument>
          <Bransch_namn_instrument>Finans</Bransch_namn_instrument>
        </Bransch>
      </FinansielltInstrument>
      <FinansielltInstrument>
        <Tillgångsslag_enligt_LVF_5_kap>ÖverlåtbartVärdepapper</Tillgångsslag_enligt_LVF_5_kap>
        <Instrumentnamn>CASTSS 3,125% PERP</Instrumentnamn>
        <ISIN-kod_instrument>XS2380124227</ISIN-kod_instrument>
        <Landkod_Emittent>SE</Landkod_Emittent>
        <Valuta>EUR</Valuta>
        <Antal />
        <Nominellt_belopp>400000</Nominellt_belopp>
        <Kurs_som_använts_vid_värdering_av_instrumentet>68.6027397260274</Kurs_som_använts_vid_värdering_av_instrumentet>
        <Valutakurs_instrument>11.15697869</Valutakurs_instrument>
        <Marknadsvärde_instrument>3060272.48</Marknadsvärde_instrument>
        <Andel_av_fondförmögenhet_instrument>0.66</Andel_av_fondförmögenhet_instrument>
        <Bransch>
          <Branschkod_instrument>60</Branschkod_instrument>
          <Bransch_namn_instrument>Fastigheter</Bransch_namn_instrument>
        </Bransch>
      </FinansielltInstrument>
      <FinansielltInstrument>
        <Tillgångsslag_enligt_LVF_5_kap>ÖverlåtbartVärdepapper</Tillgångsslag_enligt_LVF_5_kap>
        <Instrumentnamn>CIDR ROM NOK 261022</Instrumentnamn>
        <ISIN-kod_instrument>NO0011134405</ISIN-kod_instrument>
        <Landkod_Emittent>JE</Landkod_Emittent>
        <Valuta>NOK</Valuta>
        <Antal />
        <Nominellt_belopp>4311378</Nominellt_belopp>
        <Kurs_som_använts_vid_värdering_av_instrumentet>104.151988888889</Kurs_som_använts_vid_värdering_av_instrumentet>
        <Valutakurs_instrument>1.0628</Valutakurs_instrument>
        <Marknadsvärde_instrument>4772382.17</Marknadsvärde_instrument>
        <Andel_av_fondförmögenhet_instrument>1.03</Andel_av_fondförmögenhet_instrument>
        <Bransch>
          <Branschkod_instrument>0</Branschkod_instrument>
          <Bransch_namn_instrument>Övrigt</Bransch_namn_instrument>
        </Bransch>
      </FinansielltInstrument>
      <FinansielltInstrument>
        <Tillgångsslag_enligt_LVF_5_kap>ÖverlåtbartVärdepapper</Tillgångsslag_enligt_LVF_5_kap>
        <Instrumentnamn>DOFSUB 0% 20491231</Instrumentnamn>
        <ISIN-kod_instrument>NO0012672734</ISIN-kod_instrument>
        <Landkod_Emittent>NO</Landkod_Emittent>
        <Valuta>NOK</Valuta>
        <Antal />
        <Nominellt_belopp>144603</Nominellt_belopp>
        <Kurs_som_använts_vid_värdering_av_instrumentet>0</Kurs_som_använts_vid_värdering_av_instrumentet>
        <Valutakurs_instrument>1.0628</Valutakurs_instrument>
        <Marknadsvärde_instrument>0</Marknadsvärde_instrument>
        <Andel_av_fondförmögenhet_instrument>0</Andel_av_fondförmögenhet_instrument>
        <Bransch>
          <Branschkod_instrument>10</Branschkod_instrument>
          <Bransch_namn_instrument>Energi</Bransch_namn_instrument>
        </Bransch>
      </FinansielltInstrument>
      <FinansielltInstrument>
        <Tillgångsslag_enligt_LVF_5_kap>ÖverlåtbartVärdepapper</Tillgångsslag_enligt_LVF_5_kap>
        <Instrumentnamn>DOFSUB 0% 491231</Instrumentnamn>
        <ISIN-kod_instrument>NO0012536384</ISIN-kod_instrument>
        <Landkod_Emittent>NO</Landkod_Emittent>
        <Valuta>NOK</Valuta>
        <Antal />
        <Nominellt_belopp>77941</Nominellt_belopp>
        <Kurs_som_använts_vid_värdering_av_instrumentet>0</Kurs_som_använts_vid_värdering_av_instrumentet>
        <Valutakurs_instrument>1.0628</Valutakurs_instrument>
        <Marknadsvärde_instrument>0</Marknadsvärde_instrument>
        <Andel_av_fondförmögenhet_instrument>0</Andel_av_fondförmögenhet_instrument>
        <Bransch>
          <Branschkod_instrument>10</Branschkod_instrument>
          <Bransch_namn_instrument>Energi</Bransch_namn_instrument>
        </Bransch>
      </FinansielltInstrument>
      <FinansielltInstrument>
        <Tillgångsslag_enligt_LVF_5_kap>ÖverlåtbartVärdepapper</Tillgångsslag_enligt_LVF_5_kap>
        <Instrumentnamn>DOFSUB FRN PERP</Instrumentnamn>
        <ISIN-kod_instrument>NO0010971005</ISIN-kod_instrument>
        <Landkod_Emittent>NO</Landkod_Emittent>
        <Valuta>NOK</Valuta>
        <Antal />
        <Nominellt_belopp>7500000</Nominellt_belopp>
        <Kurs_som_använts_vid_värdering_av_instrumentet>75.3281111111111</Kurs_som_använts_vid_värdering_av_instrumentet>
        <Valutakurs_instrument>1.0628</Valutakurs_instrument>
        <Marknadsvärde_instrument>6004403.74</Marknadsvärde_instrument>
        <Andel_av_fondförmögenhet_instrument>1.3</Andel_av_fondförmögenhet_instrument>
        <Bransch>
          <Branschkod_instrument>10</Branschkod_instrument>
          <Bransch_namn_instrument>Energi</Bransch_namn_instrument>
        </Bransch>
      </FinansielltInstrument>
      <FinansielltInstrument>
        <Tillgångsslag_enligt_LVF_5_kap>ÖverlåtbartVärdepapper</Tillgångsslag_enligt_LVF_5_kap>
        <Instrumentnamn>CSAMHE FRN 240925</Instrumentnamn>
        <ISIN-kod_instrument>NO0010893738</ISIN-kod_instrument>
        <Landkod_Emittent>NO</Landkod_Emittent>
        <Valuta>NOK</Valuta>
        <Antal />
        <Nominellt_belopp>1250000</Nominellt_belopp>
        <Kurs_som_använts_vid_värdering_av_instrumentet>92.8018055555556</Kurs_som_använts_vid_värdering_av_instrumentet>
        <Valutakurs_instrument>1.0628</Valutakurs_instrument>
        <Marknadsvärde_instrument>1232871.99</Marknadsvärde_instrument>
        <Andel_av_fondförmögenhet_instrument>0.27</Andel_av_fondförmögenhet_instrument>
        <Bransch>
          <Branschkod_instrument>45</Branschkod_instrument>
          <Bransch_namn_instrument>Informationsteknologi</Bransch_namn_instrument>
        </Bransch>
      </FinansielltInstrument>
      <FinansielltInstrument>
        <Tillgångsslag_enligt_LVF_5_kap>ÖverlåtbartVärdepapper</Tillgångsslag_enligt_LVF_5_kap>
        <Instrumentnamn>DBBJUP FRN 241003</Instrumentnamn>
        <ISIN-kod_instrument>NO0010832488</ISIN-kod_instrument>
        <Landkod_Emittent>DK</Landkod_Emittent>
        <Valuta>EUR</Valuta>
        <Antal />
        <Nominellt_belopp>683754</Nominellt_belopp>
        <Kurs_som_använts_vid_värdering_av_instrumentet>62.2479916666667</Kurs_som_använts_vid_värdering_av_instrumentet>
        <Valutakurs_instrument>11.15697869</Valutakurs_instrument>
        <Marknadsvärde_instrument>4746613.49</Marknadsvärde_instrument>
        <Andel_av_fondförmögenhet_instrument>1.02</Andel_av_fondförmögenhet_instrument>
        <Bransch>
          <Branschkod_instrument>10</Branschkod_instrument>
          <Bransch_namn_instrument>Energi</Bransch_namn_instrument>
        </Bransch>
      </FinansielltInstrument>
      <FinansielltInstrument>
        <Tillgångsslag_enligt_LVF_5_kap>ÖverlåtbartVärdepapper</Tillgångsslag_enligt_LVF_5_kap>
        <Instrumentnamn>DDMDEB 9% 260419</Instrumentnamn>
        <ISIN-kod_instrument>SE0015797683</ISIN-kod_instrument>
        <Landkod_Emittent>SE</Landkod_Emittent>
        <Valuta>EUR</Valuta>
        <Antal />
        <Nominellt_belopp>1400000</Nominellt_belopp>
        <Kurs_som_använts_vid_värdering_av_instrumentet>64.525</Kurs_som_använts_vid_värdering_av_instrumentet>
        <Valutakurs_instrument>11.15697869</Valutakurs_instrument>
        <Marknadsvärde_instrument>10074295.69</Marknadsvärde_instrument>
        <Andel_av_fondförmögenhet_instrument>2.17</Andel_av_fondförmögenhet_instrument>
        <Bransch>
          <Branschkod_instrument>40</Branschkod_instrument>
          <Bransch_namn_instrument>Finans</Bransch_namn_instrument>
        </Bransch>
      </FinansielltInstrument>
      <FinansielltInstrument>
        <Tillgångsslag_enligt_LVF_5_kap>ÖverlåtbartVärdepapper</Tillgångsslag_enligt_LVF_5_kap>
        <Instrumentnamn>AIRGBL FRN 250512</Instrumentnamn>
        <ISIN-kod_instrument>NO0010991987</ISIN-kod_instrument>
        <Landkod_Emittent>NO</Landkod_Emittent>
        <Valuta>USD</Valuta>
        <Antal />
        <Nominellt_belopp>1100000</Nominellt_belopp>
        <Kurs_som_använts_vid_värdering_av_instrumentet>100.089194444444</Kurs_som_använts_vid_värdering_av_instrumentet>
        <Valutakurs_instrument>10.4283</Valutakurs_instrument>
        <Marknadsvärde_instrument>11471649.46</Marknadsvärde_instrument>
        <Andel_av_fondförmögenhet_instrument>2.48</Andel_av_fondförmögenhet_instrument>
        <Bransch>
          <Branschkod_instrument>20</Branschkod_instrument>
          <Bransch_namn_instrument>Industrivaror och tjänster</Bransch_namn_instrument>
        </Bransch>
      </FinansielltInstrument>
      <FinansielltInstrument>
        <Tillgångsslag_enligt_LVF_5_kap>ÖverlåtbartVärdepapper</Tillgångsslag_enligt_LVF_5_kap>
        <Instrumentnamn>AKEHRZ FRN 250815</Instrumentnamn>
        <ISIN-kod_instrument>NO0010923220</ISIN-kod_instrument>
        <Landkod_Emittent>NO</Landkod_Emittent>
        <Valuta>NOK</Valuta>
        <Antal />
        <Nominellt_belopp>10000000</Nominellt_belopp>
        <Kurs_som_använts_vid_värdering_av_instrumentet>95.6779111111111</Kurs_som_använts_vid_värdering_av_instrumentet>
        <Valutakurs_instrument>1.0628</Valutakurs_instrument>
        <Marknadsvärde_instrument>10168648.39</Marknadsvärde_instrument>
        <Andel_av_fondförmögenhet_instrument>2.19</Andel_av_fondförmögenhet_instrument>
        <Bransch>
          <Branschkod_instrument>40</Branschkod_instrument>
          <Bransch_namn_instrument>Finans</Bransch_namn_instrument>
        </Bransch>
      </FinansielltInstrument>
      <FinansielltInstrument>
        <Tillgångsslag_enligt_LVF_5_kap>ÖverlåtbartVärdepapper</Tillgångsslag_enligt_LVF_5_kap>
        <Instrumentnamn>AUTCRC FRN 250617</Instrumentnamn>
        <ISIN-kod_instrument>SE0017885916</ISIN-kod_instrument>
        <Landkod_Emittent>SE</Landkod_Emittent>
        <Valuta>SEK</Valuta>
        <Antal />
        <Nominellt_belopp>2500000</Nominellt_belopp>
        <Kurs_som_använts_vid_värdering_av_instrumentet>102.376133333333</Kurs_som_använts_vid_värdering_av_instrumentet>
        <Valutakurs_instrument>1</Valutakurs_instrument>
        <Marknadsvärde_instrument>2559403.33</Marknadsvärde_instrument>
        <Andel_av_fondförmögenhet_instrument>0.55</Andel_av_fondförmögenhet_instrument>
        <Bransch>
          <Branschkod_instrument>25</Branschkod_instrument>
          <Bransch_namn_instrument>Sällanköpvaror och tjänster</Bransch_namn_instrument>
        </Bransch>
      </FinansielltInstrument>
      <FinansielltInstrument>
        <Tillgångsslag_enligt_LVF_5_kap>ÖverlåtbartVärdepapper</Tillgångsslag_enligt_LVF_5_kap>
        <Instrumentnamn>ADRKNS FRN 260520</Instrumentnamn>
        <ISIN-kod_instrument>NO0012520495</ISIN-kod_instrument>
        <Landkod_Emittent>NO</Landkod_Emittent>
        <Valuta>NOK</Valuta>
        <Antal />
        <Nominellt_belopp>1500000</Nominellt_belopp>
        <Kurs_som_använts_vid_värdering_av_instrumentet>99.0344444444444</Kurs_som_använts_vid_värdering_av_instrumentet>
        <Valutakurs_instrument>1.0628</Valutakurs_instrument>
        <Marknadsvärde_instrument>1578807.11</Marknadsvärde_instrument>
        <Andel_av_fondförmögenhet_instrument>0.34</Andel_av_fondförmögenhet_instrument>
        <Bransch>
          <Branschkod_instrument>20</Branschkod_instrument>
          <Bransch_namn_instrument>Industrivaror och tjänster</Bransch_namn_instrument>
        </Bransch>
      </FinansielltInstrument>
      <FinansielltInstrument>
        <Tillgångsslag_enligt_LVF_5_kap>ÖverlåtbartVärdepapper</Tillgångsslag_enligt_LVF_5_kap>
        <Instrumentnamn>FERTSA FRN 251222</Instrumentnamn>
        <ISIN-kod_instrument>NO0010912801</ISIN-kod_instrument>
        <Landkod_Emittent>ES</Landkod_Emittent>
        <Valuta>EUR</Valuta>
        <Antal />
        <Nominellt_belopp>1800000</Nominellt_belopp>
        <Kurs_som_använts_vid_värdering_av_instrumentet>99.952025</Kurs_som_använts_vid_värdering_av_instrumentet>
        <Valutakurs_instrument>11.15697869</Valutakurs_instrument>
        <Marknadsvärde_instrument>20064241.54</Marknadsvärde_instrument>
        <Andel_av_fondförmögenhet_instrument>4.33</Andel_av_fondförmögenhet_instrument>
        <Bransch>
          <Branschkod_instrument>15</Branschkod_instrument>
          <Bransch_namn_instrument>Material</Bransch_namn_instrument>
        </Bransch>
      </FinansielltInstrument>
      <FinansielltInstrument>
        <Tillgångsslag_enligt_LVF_5_kap>ÖverlåtbartVärdepapper</Tillgångsslag_enligt_LVF_5_kap>
        <Instrumentnamn>EXREHO FRN 270330</Instrumentnamn>
        <ISIN-kod_instrument>NO0012475567</ISIN-kod_instrument>
        <Landkod_Emittent>SE</Landkod_Emittent>
        <Valuta>SEK</Valuta>
        <Antal />
        <Nominellt_belopp>6000000</Nominellt_belopp>
        <Kurs_som_använts_vid_värdering_av_instrumentet>95.96365</Kurs_som_använts_vid_värdering_av_instrumentet>
        <Valutakurs_instrument>1</Valutakurs_instrument>
        <Marknadsvärde_instrument>5757819</Marknadsvärde_instrument>
        <Andel_av_fondförmögenhet_instrument>1.24</Andel_av_fondförmögenhet_instrument>
        <Bransch>
          <Branschkod_instrument>25</Branschkod_instrument>
          <Bransch_namn_instrument>Sällanköpvaror och tjänster</Bransch_namn_instrument>
        </Bransch>
      </FinansielltInstrument>
      <FinansielltInstrument>
        <Tillgångsslag_enligt_LVF_5_kap>Penningmarknadsinstrument</Tillgångsslag_enligt_LVF_5_kap>
        <Instrumentnamn>SOLISB FRN 240106</Instrumentnamn>
        <ISIN-kod_instrument>NO0010914914</ISIN-kod_instrument>
        <Landkod_Emittent>IE</Landkod_Emittent>
        <Valuta>EUR</Valuta>
        <Antal />
        <Nominellt_belopp>1560000</Nominellt_belopp>
        <Kurs_som_använts_vid_värdering_av_instrumentet>100.270494444444</Kurs_som_använts_vid_värdering_av_instrumentet>
        <Valutakurs_instrument>11.15697869</Valutakurs_instrument>
        <Marknadsvärde_instrument>17444414.59</Marknadsvärde_instrument>
        <Andel_av_fondförmögenhet_instrument>3.76</Andel_av_fondförmögenhet_instrument>
        <Bransch>
          <Branschkod_instrument>55</Branschkod_instrument>
          <Bransch_namn_instrument>Kraftförsörjning</Bransch_namn_instrument>
        </Bransch>
      </FinansielltInstrument>
      <FinansielltInstrument>
        <Tillgångsslag_enligt_LVF_5_kap>Penningmarknadsinstrument</Tillgångsslag_enligt_LVF_5_kap>
        <Instrumentnamn>DOFSUB FRN 231127</Instrumentnamn>
        <ISIN-kod_instrument>NO0010836810</ISIN-kod_instrument>
        <Landkod_Emittent>NO</Landkod_Emittent>
        <Valuta>NOK</Valuta>
        <Antal />
        <Nominellt_belopp>6000000</Nominellt_belopp>
        <Kurs_som_använts_vid_värdering_av_instrumentet>74.5211333333333</Kurs_som_använts_vid_värdering_av_instrumentet>
        <Valutakurs_instrument>1.0628</Valutakurs_instrument>
        <Marknadsvärde_instrument>4752063.63</Marknadsvärde_instrument>
        <Andel_av_fondförmögenhet_instrument>1.03</Andel_av_fondförmögenhet_instrument>
        <Bransch>
          <Branschkod_instrument>10</Branschkod_instrument>
          <Bransch_namn_instrument>Energi</Bransch_namn_instrument>
        </Bransch>
      </FinansielltInstrument>
      <FinansielltInstrument>
        <Tillgångsslag_enligt_LVF_5_kap>Penningmarknadsinstrument</Tillgångsslag_enligt_LVF_5_kap>
        <Instrumentnamn>IJSBEE FRN 230907</Instrumentnamn>
        <ISIN-kod_instrument>NO0010891872</ISIN-kod_instrument>
        <Landkod_Emittent>NL</Landkod_Emittent>
        <Valuta>EUR</Valuta>
        <Antal />
        <Nominellt_belopp>600000</Nominellt_belopp>
        <Kurs_som_använts_vid_värdering_av_instrumentet>81.265</Kurs_som_använts_vid_värdering_av_instrumentet>
        <Valutakurs_instrument>11.15697869</Valutakurs_instrument>
        <Marknadsvärde_instrument>5437677.35</Marknadsvärde_instrument>
        <Andel_av_fondförmögenhet_instrument>1.17</Andel_av_fondförmögenhet_instrument>
        <Bransch>
          <Branschkod_instrument>55</Branschkod_instrument>
          <Bransch_namn_instrument>Kraftförsörjning</Bransch_namn_instrument>
        </Bransch>
      </FinansielltInstrument>
      <FinansielltInstrument>
        <Tillgångsslag_enligt_LVF_5_kap>Penningmarknadsinstrument</Tillgångsslag_enligt_LVF_5_kap>
        <Instrumentnamn>BULKID FRN 230714</Instrumentnamn>
        <ISIN-kod_instrument>NO0010886922</ISIN-kod_instrument>
        <Landkod_Emittent>NO</Landkod_Emittent>
        <Valuta>NOK</Valuta>
        <Antal />
        <Nominellt_belopp>7000000</Nominellt_belopp>
        <Kurs_som_använts_vid_värdering_av_instrumentet>99.7684666666667</Kurs_som_använts_vid_värdering_av_instrumentet>
        <Valutakurs_instrument>1.0628</Valutakurs_instrument>
        <Marknadsvärde_instrument>7422374.85</Marknadsvärde_instrument>
        <Andel_av_fondförmögenhet_instrument>1.6</Andel_av_fondförmögenhet_instrument>
        <Bransch>
          <Branschkod_instrument>20</Branschkod_instrument>
          <Bransch_namn_instrument>Industrivaror och tjänster</Bransch_namn_instrument>
        </Bransch>
      </FinansielltInstrument>
      <FinansielltInstrument>
        <Tillgångsslag_enligt_LVF_5_kap>DerivatinstrumentSamtTeknikerOchInstrument</Tillgångsslag_enligt_LVF_5_kap>
        <Instrumentnamn>USDSEK 230315 10.359</Instrumentnamn>
        <ISIN-kod_instrument />
        <Landkod_Emittent>SE</Landkod_Emittent>
        <Valuta>USD</Valuta>
        <Antal>-17299</Antal>
        <Nominellt_belopp />
        <Kurs_som_använts_vid_värdering_av_instrumentet>10.4307075231717</Kurs_som_använts_vid_värdering_av_instrumentet>
        <Valutakurs_instrument>10.4283</Valutakurs_instrument>
        <Marknadsvärde_instrument>-1219.42</Marknadsvärde_instrument>
        <Andel_av_fondförmögenhet_instrument>0</Andel_av_fondförmögenhet_instrument>
      </FinansielltInstrument>
      <FinansielltInstrument>
        <Tillgångsslag_enligt_LVF_5_kap>DerivatinstrumentSamtTeknikerOchInstrument</Tillgångsslag_enligt_LVF_5_kap>
        <Instrumentnamn>USDSEK 230315 10.300</Instrumentnamn>
        <ISIN-kod_instrument />
        <Landkod_Emittent>SE</Landkod_Emittent>
        <Valuta>USD</Valuta>
        <Antal>-103373.32</Antal>
        <Nominellt_belopp />
        <Kurs_som_använts_vid_värdering_av_instrumentet>10.4307075231717</Kurs_som_använts_vid_värdering_av_instrumentet>
        <Valutakurs_instrument>10.4283</Valutakurs_instrument>
        <Marknadsvärde_instrument>-13431.68</Marknadsvärde_instrument>
        <Andel_av_fondförmögenhet_instrument>0</Andel_av_fondförmögenhet_instrument>
      </FinansielltInstrument>
      <FinansielltInstrument>
        <Tillgångsslag_enligt_LVF_5_kap>DerivatinstrumentSamtTeknikerOchInstrument</Tillgångsslag_enligt_LVF_5_kap>
        <Instrumentnamn>USDNOK 230315 9.8486</Instrumentnamn>
        <ISIN-kod_instrument />
        <Landkod_Emittent>SE</Landkod_Emittent>
        <Valuta>USD</Valuta>
        <Antal>-7212950.59</Antal>
        <Nominellt_belopp />
        <Kurs_som_använts_vid_värdering_av_instrumentet>9.82343626555956</Kurs_som_använts_vid_värdering_av_instrumentet>
        <Valutakurs_instrument>10.4283</Valutakurs_instrument>
        <Marknadsvärde_instrument>191880.77</Marknadsvärde_instrument>
        <Andel_av_fondförmögenhet_instrument>0.04</Andel_av_fondförmögenhet_instrument>
      </FinansielltInstrument>
      <FinansielltInstrument>
        <Tillgångsslag_enligt_LVF_5_kap>DerivatinstrumentSamtTeknikerOchInstrument</Tillgångsslag_enligt_LVF_5_kap>
        <Instrumentnamn>USDSEK 230315 10.318</Instrumentnamn>
        <ISIN-kod_instrument />
        <Landkod_Emittent>SE</Landkod_Emittent>
        <Valuta>USD</Valuta>
        <Antal>-51122.9</Antal>
        <Nominellt_belopp />
        <Kurs_som_använts_vid_värdering_av_instrumentet>10.4307075231717</Kurs_som_använts_vid_värdering_av_instrumentet>
        <Valutakurs_instrument>10.4283</Valutakurs_instrument>
        <Marknadsvärde_instrument>-5688.5</Marknadsvärde_instrument>
        <Andel_av_fondförmögenhet_instrument>0</Andel_av_fondförmögenhet_instrument>
      </FinansielltInstrument>
      <FinansielltInstrument>
        <Tillgångsslag_enligt_LVF_5_kap>DerivatinstrumentSamtTeknikerOchInstrument</Tillgångsslag_enligt_LVF_5_kap>
        <Instrumentnamn>USDSEK 230315 10.398</Instrumentnamn>
        <ISIN-kod_instrument />
        <Landkod_Emittent>SE</Landkod_Emittent>
        <Valuta>USD</Valuta>
        <Antal>-1509.63</Antal>
        <Nominellt_belopp />
        <Kurs_som_använts_vid_värdering_av_instrumentet>10.4307075231717</Kurs_som_använts_vid_värdering_av_instrumentet>
        <Valutakurs_instrument>10.4283</Valutakurs_instrument>
        <Marknadsvärde_instrument>-47.81</Marknadsvärde_instrument>
        <Andel_av_fondförmögenhet_instrument>0</Andel_av_fondförmögenhet_instrument>
      </FinansielltInstrument>
      <FinansielltInstrument>
        <Tillgångsslag_enligt_LVF_5_kap>DerivatinstrumentSamtTeknikerOchInstrument</Tillgångsslag_enligt_LVF_5_kap>
        <Instrumentnamn>USDSEK 230315 10.393</Instrumentnamn>
        <ISIN-kod_instrument />
        <Landkod_Emittent>SE</Landkod_Emittent>
        <Valuta>USD</Valuta>
        <Antal>-410.86</Antal>
        <Nominellt_belopp />
        <Kurs_som_använts_vid_värdering_av_instrumentet>10.4307075231717</Kurs_som_använts_vid_värdering_av_instrumentet>
        <Valutakurs_instrument>10.4283</Valutakurs_instrument>
        <Marknadsvärde_instrument>-15.31</Marknadsvärde_instrument>
        <Andel_av_fondförmögenhet_instrument>0</Andel_av_fondförmögenhet_instrument>
      </FinansielltInstrument>
      <FinansielltInstrument>
        <Tillgångsslag_enligt_LVF_5_kap>DerivatinstrumentSamtTeknikerOchInstrument</Tillgångsslag_enligt_LVF_5_kap>
        <Instrumentnamn>USDSEK 230315 10.367</Instrumentnamn>
        <ISIN-kod_instrument />
        <Landkod_Emittent>SE</Landkod_Emittent>
        <Valuta>USD</Valuta>
        <Antal>33215.55</Antal>
        <Nominellt_belopp />
        <Kurs_som_använts_vid_värdering_av_instrumentet>10.4307075231717</Kurs_som_använts_vid_värdering_av_instrumentet>
        <Valutakurs_instrument>10.4283</Valutakurs_instrument>
        <Marknadsvärde_instrument>2103.28</Marknadsvärde_instrument>
        <Andel_av_fondförmögenhet_instrument>0</Andel_av_fondförmögenhet_instrument>
      </FinansielltInstrument>
      <FinansielltInstrument>
        <Tillgångsslag_enligt_LVF_5_kap>DerivatinstrumentSamtTeknikerOchInstrument</Tillgångsslag_enligt_LVF_5_kap>
        <Instrumentnamn>USDSEK 230315 10.405</Instrumentnamn>
        <ISIN-kod_instrument />
        <Landkod_Emittent>SE</Landkod_Emittent>
        <Valuta>USD</Valuta>
        <Antal>-2369.23</Antal>
        <Nominellt_belopp />
        <Kurs_som_använts_vid_värdering_av_instrumentet>10.4307075231717</Kurs_som_använts_vid_värdering_av_instrumentet>
        <Valutakurs_instrument>10.4283</Valutakurs_instrument>
        <Marknadsvärde_instrument>-59.11</Marknadsvärde_instrument>
        <Andel_av_fondförmögenhet_instrument>0</Andel_av_fondförmögenhet_instrument>
      </FinansielltInstrument>
      <FinansielltInstrument>
        <Tillgångsslag_enligt_LVF_5_kap>DerivatinstrumentSamtTeknikerOchInstrument</Tillgångsslag_enligt_LVF_5_kap>
        <Instrumentnamn>EURSEK 230315 11.015</Instrumentnamn>
        <ISIN-kod_instrument />
        <Landkod_Emittent>SE</Landkod_Emittent>
        <Valuta>EUR</Valuta>
        <Antal>-114416.42</Antal>
        <Nominellt_belopp />
        <Kurs_som_använts_vid_värdering_av_instrumentet>11.1618900805207</Kurs_som_använts_vid_värdering_av_instrumentet>
        <Valutakurs_instrument>11.15697869</Valutakurs_instrument>
        <Marknadsvärde_instrument>-16707.51</Marknadsvärde_instrument>
        <Andel_av_fondförmögenhet_instrument>0</Andel_av_fondförmögenhet_instrument>
      </FinansielltInstrument>
      <FinansielltInstrument>
        <Tillgångsslag_enligt_LVF_5_kap>DerivatinstrumentSamtTeknikerOchInstrument</Tillgångsslag_enligt_LVF_5_kap>
        <Instrumentnamn>EURSEK 230315 11.054</Instrumentnamn>
        <ISIN-kod_instrument />
        <Landkod_Emittent>SE</Landkod_Emittent>
        <Valuta>EUR</Valuta>
        <Antal>-39124</Antal>
        <Nominellt_belopp />
        <Kurs_som_använts_vid_värdering_av_instrumentet>11.1618900805207</Kurs_som_använts_vid_värdering_av_instrumentet>
        <Valutakurs_instrument>11.15697869</Valutakurs_instrument>
        <Marknadsvärde_instrument>-4181.81</Marknadsvärde_instrument>
        <Andel_av_fondförmögenhet_instrument>0</Andel_av_fondförmögenhet_instrument>
      </FinansielltInstrument>
      <FinansielltInstrument>
        <Tillgångsslag_enligt_LVF_5_kap>DerivatinstrumentSamtTeknikerOchInstrument</Tillgångsslag_enligt_LVF_5_kap>
        <Instrumentnamn>EURSEK 230315 11.081</Instrumentnamn>
        <ISIN-kod_instrument />
        <Landkod_Emittent>SE</Landkod_Emittent>
        <Valuta>EUR</Valuta>
        <Antal>-6341.43</Antal>
        <Nominellt_belopp />
        <Kurs_som_använts_vid_värdering_av_instrumentet>11.1618900805207</Kurs_som_använts_vid_värdering_av_instrumentet>
        <Valutakurs_instrument>11.15697869</Valutakurs_instrument>
        <Marknadsvärde_instrument>-504.64</Marknadsvärde_instrument>
        <Andel_av_fondförmögenhet_instrument>0</Andel_av_fondförmögenhet_instrument>
      </FinansielltInstrument>
      <FinansielltInstrument>
        <Tillgångsslag_enligt_LVF_5_kap>DerivatinstrumentSamtTeknikerOchInstrument</Tillgångsslag_enligt_LVF_5_kap>
        <Instrumentnamn>EURNOK 230315 10.548</Instrumentnamn>
        <ISIN-kod_instrument />
        <Landkod_Emittent>SE</Landkod_Emittent>
        <Valuta>EUR</Valuta>
        <Antal>411.81</Antal>
        <Nominellt_belopp />
        <Kurs_som_använts_vid_värdering_av_instrumentet>10.516397041159</Kurs_som_använts_vid_värdering_av_instrumentet>
        <Valutakurs_instrument>11.15697869</Valutakurs_instrument>
        <Marknadsvärde_instrument>-14.1</Marknadsvärde_instrument>
        <Andel_av_fondförmögenhet_instrument>0</Andel_av_fondförmögenhet_instrument>
      </FinansielltInstrument>
      <FinansielltInstrument>
        <Tillgångsslag_enligt_LVF_5_kap>DerivatinstrumentSamtTeknikerOchInstrument</Tillgångsslag_enligt_LVF_5_kap>
        <Instrumentnamn>EURSEK 230315 11.002</Instrumentnamn>
        <ISIN-kod_instrument />
        <Landkod_Emittent>SE</Landkod_Emittent>
        <Valuta>EUR</Valuta>
        <Antal>-236106.48</Antal>
        <Nominellt_belopp />
        <Kurs_som_använts_vid_värdering_av_instrumentet>11.1618900805207</Kurs_som_använts_vid_värdering_av_instrumentet>
        <Valutakurs_instrument>11.15697869</Valutakurs_instrument>
        <Marknadsvärde_instrument>-37420.93</Marknadsvärde_instrument>
        <Andel_av_fondförmögenhet_instrument>-0.01</Andel_av_fondförmögenhet_instrument>
      </FinansielltInstrument>
      <FinansielltInstrument>
        <Tillgångsslag_enligt_LVF_5_kap>DerivatinstrumentSamtTeknikerOchInstrument</Tillgångsslag_enligt_LVF_5_kap>
        <Instrumentnamn>EURSEK 230315 11.007</Instrumentnamn>
        <ISIN-kod_instrument />
        <Landkod_Emittent>SE</Landkod_Emittent>
        <Valuta>EUR</Valuta>
        <Antal>12986.03</Antal>
        <Nominellt_belopp />
        <Kurs_som_använts_vid_värdering_av_instrumentet>11.1618900805207</Kurs_som_använts_vid_värdering_av_instrumentet>
        <Valutakurs_instrument>11.15697869</Valutakurs_instrument>
        <Marknadsvärde_instrument>1989.98</Marknadsvärde_instrument>
        <Andel_av_fondförmögenhet_instrument>0</Andel_av_fondförmögenhet_instrument>
      </FinansielltInstrument>
      <FinansielltInstrument>
        <Tillgångsslag_enligt_LVF_5_kap>DerivatinstrumentSamtTeknikerOchInstrument</Tillgångsslag_enligt_LVF_5_kap>
        <Instrumentnamn>EURSEK 230315 11.085</Instrumentnamn>
        <ISIN-kod_instrument />
        <Landkod_Emittent>SE</Landkod_Emittent>
        <Valuta>EUR</Valuta>
        <Antal>178.76</Antal>
        <Nominellt_belopp />
        <Kurs_som_använts_vid_värdering_av_instrumentet>11.1618900805207</Kurs_som_använts_vid_värdering_av_instrumentet>
        <Valutakurs_instrument>11.15697869</Valutakurs_instrument>
        <Marknadsvärde_instrument>13.56</Marknadsvärde_instrument>
        <Andel_av_fondförmögenhet_instrument>0</Andel_av_fondförmögenhet_instrument>
      </FinansielltInstrument>
      <FinansielltInstrument>
        <Tillgångsslag_enligt_LVF_5_kap>DerivatinstrumentSamtTeknikerOchInstrument</Tillgångsslag_enligt_LVF_5_kap>
        <Instrumentnamn>EURUSD 230315 1.0659</Instrumentnamn>
        <ISIN-kod_instrument />
        <Landkod_Emittent>SE</Landkod_Emittent>
        <Valuta>EUR</Valuta>
        <Antal>-251.4</Antal>
        <Nominellt_belopp />
        <Kurs_som_använts_vid_värdering_av_instrumentet>1.07077325256229</Kurs_som_använts_vid_värdering_av_instrumentet>
        <Valutakurs_instrument>11.15697869</Valutakurs_instrument>
        <Marknadsvärde_instrument>-12.59</Marknadsvärde_instrument>
        <Andel_av_fondförmögenhet_instrument>0</Andel_av_fondförmögenhet_instrument>
      </FinansielltInstrument>
      <FinansielltInstrument>
        <Tillgångsslag_enligt_LVF_5_kap>DerivatinstrumentSamtTeknikerOchInstrument</Tillgångsslag_enligt_LVF_5_kap>
        <Instrumentnamn>EURUSD 230315 1.0677</Instrumentnamn>
        <ISIN-kod_instrument />
        <Landkod_Emittent>SE</Landkod_Emittent>
        <Valuta>EUR</Valuta>
        <Antal>17355.18</Antal>
        <Nominellt_belopp />
        <Kurs_som_använts_vid_värdering_av_instrumentet>1.07077325256229</Kurs_som_använts_vid_värdering_av_instrumentet>
        <Valutakurs_instrument>11.15697869</Valutakurs_instrument>
        <Marknadsvärde_instrument>537.62</Marknadsvärde_instrument>
        <Andel_av_fondförmögenhet_instrument>0</Andel_av_fondförmögenhet_instrument>
      </FinansielltInstrument>
      <FinansielltInstrument>
        <Tillgångsslag_enligt_LVF_5_kap>DerivatinstrumentSamtTeknikerOchInstrument</Tillgångsslag_enligt_LVF_5_kap>
        <Instrumentnamn>EURUSD 230315 1.0718</Instrumentnamn>
        <ISIN-kod_instrument />
        <Landkod_Emittent>SE</Landkod_Emittent>
        <Valuta>EUR</Valuta>
        <Antal>-258.81</Antal>
        <Nominellt_belopp />
        <Kurs_som_använts_vid_värdering_av_instrumentet>1.07077325256229</Kurs_som_använts_vid_värdering_av_instrumentet>
        <Valutakurs_instrument>11.15697869</Valutakurs_instrument>
        <Marknadsvärde_instrument>2.84</Marknadsvärde_instrument>
        <Andel_av_fondförmögenhet_instrument>0</Andel_av_fondförmögenhet_instrument>
      </FinansielltInstrument>
      <FinansielltInstrument>
        <Tillgångsslag_enligt_LVF_5_kap>DerivatinstrumentSamtTeknikerOchInstrument</Tillgångsslag_enligt_LVF_5_kap>
        <Instrumentnamn>EURSEK 230315 11.087</Instrumentnamn>
        <ISIN-kod_instrument />
        <Landkod_Emittent>SE</Landkod_Emittent>
        <Valuta>EUR</Valuta>
        <Antal>73951.06</Antal>
        <Nominellt_belopp />
        <Kurs_som_använts_vid_värdering_av_instrumentet>11.1618900805207</Kurs_som_använts_vid_värdering_av_instrumentet>
        <Valutakurs_instrument>11.15697869</Valutakurs_instrument>
        <Marknadsvärde_instrument>5456.83</Marknadsvärde_instrument>
        <Andel_av_fondförmögenhet_instrument>0</Andel_av_fondförmögenhet_instrument>
      </FinansielltInstrument>
      <FinansielltInstrument>
        <Tillgångsslag_enligt_LVF_5_kap>DerivatinstrumentSamtTeknikerOchInstrument</Tillgångsslag_enligt_LVF_5_kap>
        <Instrumentnamn>EURSEK 230315 11.141</Instrumentnamn>
        <ISIN-kod_instrument />
        <Landkod_Emittent>SE</Landkod_Emittent>
        <Valuta>EUR</Valuta>
        <Antal>-180.98</Antal>
        <Nominellt_belopp />
        <Kurs_som_använts_vid_värdering_av_instrumentet>11.1618900805207</Kurs_som_använts_vid_värdering_av_instrumentet>
        <Valutakurs_instrument>11.15697869</Valutakurs_instrument>
        <Marknadsvärde_instrument>-3.72</Marknadsvärde_instrument>
        <Andel_av_fondförmögenhet_instrument>0</Andel_av_fondförmögenhet_instrument>
      </FinansielltInstrument>
      <FinansielltInstrument>
        <Tillgångsslag_enligt_LVF_5_kap>DerivatinstrumentSamtTeknikerOchInstrument</Tillgångsslag_enligt_LVF_5_kap>
        <Instrumentnamn>EURSEK 230315 11.142</Instrumentnamn>
        <ISIN-kod_instrument />
        <Landkod_Emittent>SE</Landkod_Emittent>
        <Valuta>EUR</Valuta>
        <Antal>-4935.61</Antal>
        <Nominellt_belopp />
        <Kurs_som_använts_vid_värdering_av_instrumentet>11.1618900805207</Kurs_som_använts_vid_värdering_av_instrumentet>
        <Valutakurs_instrument>11.15697869</Valutakurs_instrument>
        <Marknadsvärde_instrument>-96.68</Marknadsvärde_instrument>
        <Andel_av_fondförmögenhet_instrument>0</Andel_av_fondförmögenhet_instrument>
      </FinansielltInstrument>
      <FinansielltInstrument>
        <Tillgångsslag_enligt_LVF_5_kap>DerivatinstrumentSamtTeknikerOchInstrument</Tillgångsslag_enligt_LVF_5_kap>
        <Instrumentnamn>NOKSEK 230315 1.0579</Instrumentnamn>
        <ISIN-kod_instrument />
        <Landkod_Emittent>SE</Landkod_Emittent>
        <Valuta>NOK</Valuta>
        <Antal>-77391.62</Antal>
        <Nominellt_belopp />
        <Kurs_som_använts_vid_värdering_av_instrumentet>1.0609204197896</Kurs_som_använts_vid_värdering_av_instrumentet>
        <Valutakurs_instrument>1.0628</Valutakurs_instrument>
        <Marknadsvärde_instrument>-227.57</Marknadsvärde_instrument>
        <Andel_av_fondförmögenhet_instrument>0</Andel_av_fondförmögenhet_instrument>
      </FinansielltInstrument>
      <FinansielltInstrument>
        <Tillgångsslag_enligt_LVF_5_kap>DerivatinstrumentSamtTeknikerOchInstrument</Tillgångsslag_enligt_LVF_5_kap>
        <Instrumentnamn>NOKSEK 230315 1.0563</Instrumentnamn>
        <ISIN-kod_instrument />
        <Landkod_Emittent>SE</Landkod_Emittent>
        <Valuta>NOK</Valuta>
        <Antal>-83876.48</Antal>
        <Nominellt_belopp />
        <Kurs_som_använts_vid_värdering_av_instrumentet>1.0609204197896</Kurs_som_använts_vid_värdering_av_instrumentet>
        <Valutakurs_instrument>1.0628</Valutakurs_instrument>
        <Marknadsvärde_instrument>-385.28</Marknadsvärde_instrument>
        <Andel_av_fondförmögenhet_instrument>0</Andel_av_fondförmögenhet_instrument>
      </FinansielltInstrument>
      <FinansielltInstrument>
        <Tillgångsslag_enligt_LVF_5_kap>DerivatinstrumentSamtTeknikerOchInstrument</Tillgångsslag_enligt_LVF_5_kap>
        <Instrumentnamn>NOKSEK 230315 1.0558</Instrumentnamn>
        <ISIN-kod_instrument />
        <Landkod_Emittent>SE</Landkod_Emittent>
        <Valuta>NOK</Valuta>
        <Antal>-224299</Antal>
        <Nominellt_belopp />
        <Kurs_som_använts_vid_värdering_av_instrumentet>1.0609204197896</Kurs_som_använts_vid_värdering_av_instrumentet>
        <Valutakurs_instrument>1.0628</Valutakurs_instrument>
        <Marknadsvärde_instrument>-1140.6</Marknadsvärde_instrument>
        <Andel_av_fondförmögenhet_instrument>0</Andel_av_fondförmögenhet_instrument>
      </FinansielltInstrument>
      <FinansielltInstrument>
        <Tillgångsslag_enligt_LVF_5_kap>DerivatinstrumentSamtTeknikerOchInstrument</Tillgångsslag_enligt_LVF_5_kap>
        <Instrumentnamn>NOKSEK 230315 1.0632</Instrumentnamn>
        <ISIN-kod_instrument />
        <Landkod_Emittent>SE</Landkod_Emittent>
        <Valuta>NOK</Valuta>
        <Antal>-64560.15</Antal>
        <Nominellt_belopp />
        <Kurs_som_använts_vid_värdering_av_instrumentet>1.0609204197896</Kurs_som_använts_vid_värdering_av_instrumentet>
        <Valutakurs_instrument>1.0628</Valutakurs_instrument>
        <Marknadsvärde_instrument>152.65</Marknadsvärde_instrument>
        <Andel_av_fondförmögenhet_instrument>0</Andel_av_fondförmögenhet_instrument>
      </FinansielltInstrument>
      <FinansielltInstrument>
        <Tillgångsslag_enligt_LVF_5_kap>DerivatinstrumentSamtTeknikerOchInstrument</Tillgångsslag_enligt_LVF_5_kap>
        <Instrumentnamn>NOKSEK 230315 1.0598</Instrumentnamn>
        <ISIN-kod_instrument />
        <Landkod_Emittent>SE</Landkod_Emittent>
        <Valuta>NOK</Valuta>
        <Antal>1131854.17</Antal>
        <Nominellt_belopp />
        <Kurs_som_använts_vid_värdering_av_instrumentet>1.0609204197896</Kurs_som_använts_vid_värdering_av_instrumentet>
        <Valutakurs_instrument>1.0628</Valutakurs_instrument>
        <Marknadsvärde_instrument>1171.82</Marknadsvärde_instrument>
        <Andel_av_fondförmögenhet_instrument>0</Andel_av_fondförmögenhet_instrument>
      </FinansielltInstrument>
      <FinansielltInstrument>
        <Tillgångsslag_enligt_LVF_5_kap>DerivatinstrumentSamtTeknikerOchInstrument</Tillgångsslag_enligt_LVF_5_kap>
        <Instrumentnamn>NOKSEK 230315 1.0590</Instrumentnamn>
        <ISIN-kod_instrument />
        <Landkod_Emittent>SE</Landkod_Emittent>
        <Valuta>NOK</Valuta>
        <Antal>-5425.24</Antal>
        <Nominellt_belopp />
        <Kurs_som_använts_vid_värdering_av_instrumentet>1.0609204197896</Kurs_som_använts_vid_värdering_av_instrumentet>
        <Valutakurs_instrument>1.0628</Valutakurs_instrument>
        <Marknadsvärde_instrument>-10.04</Marknadsvärde_instrument>
        <Andel_av_fondförmögenhet_instrument>0</Andel_av_fondförmögenhet_instrument>
      </FinansielltInstrument>
      <FinansielltInstrument>
        <Tillgångsslag_enligt_LVF_5_kap>DerivatinstrumentSamtTeknikerOchInstrument</Tillgångsslag_enligt_LVF_5_kap>
        <Instrumentnamn>NOKSEK 230315 1.0529</Instrumentnamn>
        <ISIN-kod_instrument />
        <Landkod_Emittent>SE</Landkod_Emittent>
        <Valuta>NOK</Valuta>
        <Antal>499831.22</Antal>
        <Nominellt_belopp />
        <Kurs_som_använts_vid_värdering_av_instrumentet>1.0609204197896</Kurs_som_använts_vid_värdering_av_instrumentet>
        <Valutakurs_instrument>1.0628</Valutakurs_instrument>
        <Marknadsvärde_instrument>3978.37</Marknadsvärde_instrument>
        <Andel_av_fondförmögenhet_instrument>0</Andel_av_fondförmögenhet_instrument>
      </FinansielltInstrument>
      <FinansielltInstrument>
        <Tillgångsslag_enligt_LVF_5_kap>DerivatinstrumentSamtTeknikerOchInstrument</Tillgångsslag_enligt_LVF_5_kap>
        <Instrumentnamn>EURNOK 230315 10.509</Instrumentnamn>
        <ISIN-kod_instrument />
        <Landkod_Emittent>SE</Landkod_Emittent>
        <Valuta>EUR</Valuta>
        <Antal>814.74</Antal>
        <Nominellt_belopp />
        <Kurs_som_använts_vid_värdering_av_instrumentet>10.516397041159</Kurs_som_använts_vid_värdering_av_instrumentet>
        <Valutakurs_instrument>11.15697869</Valutakurs_instrument>
        <Marknadsvärde_instrument>6.22</Marknadsvärde_instrument>
        <Andel_av_fondförmögenhet_instrument>0</Andel_av_fondförmögenhet_instrument>
      </FinansielltInstrument>
      <FinansielltInstrument>
        <Tillgångsslag_enligt_LVF_5_kap>DerivatinstrumentSamtTeknikerOchInstrument</Tillgångsslag_enligt_LVF_5_kap>
        <Instrumentnamn>EURNOK 230315 10.517</Instrumentnamn>
        <ISIN-kod_instrument />
        <Landkod_Emittent>SE</Landkod_Emittent>
        <Valuta>EUR</Valuta>
        <Antal>30167.89</Antal>
        <Nominellt_belopp />
        <Kurs_som_använts_vid_värdering_av_instrumentet>10.516397041159</Kurs_som_använts_vid_värdering_av_instrumentet>
        <Valutakurs_instrument>11.15697869</Valutakurs_instrument>
        <Marknadsvärde_instrument>-30.86</Marknadsvärde_instrument>
        <Andel_av_fondförmögenhet_instrument>0</Andel_av_fondförmögenhet_instrument>
      </FinansielltInstrument>
      <FinansielltInstrument>
        <Tillgångsslag_enligt_LVF_5_kap>DerivatinstrumentSamtTeknikerOchInstrument</Tillgångsslag_enligt_LVF_5_kap>
        <Instrumentnamn>EURNOK 230315 10.521</Instrumentnamn>
        <ISIN-kod_instrument />
        <Landkod_Emittent>SE</Landkod_Emittent>
        <Valuta>EUR</Valuta>
        <Antal>-16474505.18</Antal>
        <Nominellt_belopp />
        <Kurs_som_använts_vid_värdering_av_instrumentet>10.516397041159</Kurs_som_använts_vid_värdering_av_instrumentet>
        <Valutakurs_instrument>11.15697869</Valutakurs_instrument>
        <Marknadsvärde_instrument>92356.7</Marknadsvärde_instrument>
        <Andel_av_fondförmögenhet_instrument>0.02</Andel_av_fondförmögenhet_instrument>
      </FinansielltInstrument>
      <FinansielltInstrument>
        <Tillgångsslag_enligt_LVF_5_kap>DerivatinstrumentSamtTeknikerOchInstrument</Tillgångsslag_enligt_LVF_5_kap>
        <Instrumentnamn>NOKSEK 230315 1.0459</Instrumentnamn>
        <ISIN-kod_instrument />
        <Landkod_Emittent>SE</Landkod_Emittent>
        <Valuta>NOK</Valuta>
        <Antal>51454895.36</Antal>
        <Nominellt_belopp />
        <Kurs_som_använts_vid_värdering_av_instrumentet>1.0609204197896</Kurs_som_använts_vid_värdering_av_instrumentet>
        <Valutakurs_instrument>1.0628</Valutakurs_instrument>
        <Marknadsvärde_instrument>769302.62</Marknadsvärde_instrument>
        <Andel_av_fondförmögenhet_instrument>0.17</Andel_av_fondförmögenhet_instrument>
      </FinansielltInstrument>
      <FinansielltInstrument>
        <Tillgångsslag_enligt_LVF_5_kap>DerivatinstrumentSamtTeknikerOchInstrument</Tillgångsslag_enligt_LVF_5_kap>
        <Instrumentnamn>NOKSEK 230315 1.0457</Instrumentnamn>
        <ISIN-kod_instrument />
        <Landkod_Emittent>SE</Landkod_Emittent>
        <Valuta>NOK</Valuta>
        <Antal>-860686.81</Antal>
        <Nominellt_belopp />
        <Kurs_som_använts_vid_värdering_av_instrumentet>1.0609204197896</Kurs_som_använts_vid_värdering_av_instrumentet>
        <Valutakurs_instrument>1.0628</Valutakurs_instrument>
        <Marknadsvärde_instrument>-13026.91</Marknadsvärde_instrument>
        <Andel_av_fondförmögenhet_instrument>0</Andel_av_fondförmögenhet_instrument>
      </FinansielltInstrument>
      <FinansielltInstrument>
        <Tillgångsslag_enligt_LVF_5_kap>DerivatinstrumentSamtTeknikerOchInstrument</Tillgångsslag_enligt_LVF_5_kap>
        <Instrumentnamn>EURNOK 230315 10.460</Instrumentnamn>
        <ISIN-kod_instrument />
        <Landkod_Emittent>SE</Landkod_Emittent>
        <Valuta>EUR</Valuta>
        <Antal>-937.25</Antal>
        <Nominellt_belopp />
        <Kurs_som_använts_vid_värdering_av_instrumentet>10.516397041159</Kurs_som_använts_vid_värdering_av_instrumentet>
        <Valutakurs_instrument>11.15697869</Valutakurs_instrument>
        <Marknadsvärde_instrument>-55.46</Marknadsvärde_instrument>
        <Andel_av_fondförmögenhet_instrument>0</Andel_av_fondförmögenhet_instrument>
      </FinansielltInstrument>
    </FinansiellaInstrument>
  </Fondinformation>
  <Fondinformation />
</VärdepappersfondInnehav>