﻿<?xml version="1.0" encoding="utf-8"?>
<VärdepappersfondInnehav xmlns="http://schemas.fi.se/publika/vardepappersfonder/20200331">
  <Rapportinformation>
    <Kvartalsslut>2022-12-31</Kvartalsslut>
  </Rapportinformation>
  <Bolagsinformation>
    <Fondbolag_namn>FCG Fonder AB</Fondbolag_namn>
    <Fondbolag_institutnummer>59005</Fondbolag_institutnummer>
    <Fondbolag_LEI-kod>254900CCW358UPZNRP67</Fondbolag_LEI-kod>
  </Bolagsinformation>
  <Fondinformation>
    <Fond_institutnummer>66944</Fond_institutnummer>
    <Fond_ISIN-kod>SE0017885171</Fond_ISIN-kod>
    <Fond_namn>Global Assets Dynamic</Fond_namn>
    <Förvaltningsavgift>
      <MedAndelsklasser>
        <Förvaltningsavgift>
          <Andelsklass_namn>Global Asset Dynamic A</Andelsklass_namn>
          <Förvaltningsavgift_Typ>
            <Förvaltningsavgift_fast>1.99</Förvaltningsavgift_fast>
            <Förvaltningsavgift_Prestationsbaserad>
              <Avkastningströskel>MSCI World All Cap Net Index</Avkastningströskel>
              <ProcentuelltUttag>20.0</ProcentuelltUttag>
            </Förvaltningsavgift_Prestationsbaserad>
          </Förvaltningsavgift_Typ>
        </Förvaltningsavgift>
        <Förvaltningsavgift>
          <Andelsklass_namn>Global Asset Dynamic B</Andelsklass_namn>
          <Förvaltningsavgift_Typ>
            <Förvaltningsavgift_fast>1.5</Förvaltningsavgift_fast>
            <Förvaltningsavgift_Prestationsbaserad>
              <Avkastningströskel>MSCI World All Cap Net Index</Avkastningströskel>
              <ProcentuelltUttag>20.0</ProcentuelltUttag>
            </Förvaltningsavgift_Prestationsbaserad>
          </Förvaltningsavgift_Typ>
        </Förvaltningsavgift>
        <Förvaltningsavgift>
          <Andelsklass_namn>Global Asset Dynamic C</Andelsklass_namn>
          <Förvaltningsavgift_Typ>
            <Förvaltningsavgift_fast>1.69</Förvaltningsavgift_fast>
            <Förvaltningsavgift_Prestationsbaserad>
              <Avkastningströskel>MSCI World All Cap Net Index</Avkastningströskel>
              <ProcentuelltUttag>20.0</ProcentuelltUttag>
            </Förvaltningsavgift_Prestationsbaserad>
          </Förvaltningsavgift_Typ>
        </Förvaltningsavgift>
        <Förvaltningsavgift>
          <Andelsklass_namn>Global Asset Dynamic D</Andelsklass_namn>
          <Förvaltningsavgift_Typ>
            <Förvaltningsavgift_fast>1.99</Förvaltningsavgift_fast>
            <Förvaltningsavgift_Prestationsbaserad>
              <Avkastningströskel>MSCI World All Cap Net Index</Avkastningströskel>
              <ProcentuelltUttag>20.0</ProcentuelltUttag>
            </Förvaltningsavgift_Prestationsbaserad>
          </Förvaltningsavgift_Typ>
        </Förvaltningsavgift>
        <Förvaltningsavgift>
          <Andelsklass_namn>Global Asset Dynamic E</Andelsklass_namn>
          <Förvaltningsavgift_Typ>
            <Förvaltningsavgift_fast>1.5</Förvaltningsavgift_fast>
            <Förvaltningsavgift_Prestationsbaserad>
              <Avkastningströskel>MSCI World All Cap Net Index</Avkastningströskel>
              <ProcentuelltUttag>20.0</ProcentuelltUttag>
            </Förvaltningsavgift_Prestationsbaserad>
          </Förvaltningsavgift_Typ>
        </Förvaltningsavgift>
        <Förvaltningsavgift>
          <Andelsklass_namn>Global Asset Dynamic F</Andelsklass_namn>
          <Förvaltningsavgift_Typ>
            <Förvaltningsavgift_fast>1.99</Förvaltningsavgift_fast>
            <Förvaltningsavgift_Prestationsbaserad>
              <Avkastningströskel>MSCI World All Cap Net Index</Avkastningströskel>
              <ProcentuelltUttag>20.0</ProcentuelltUttag>
            </Förvaltningsavgift_Prestationsbaserad>
          </Förvaltningsavgift_Typ>
        </Förvaltningsavgift>
        <Förvaltningsavgift>
          <Andelsklass_namn>Global Asset Dynamic G</Andelsklass_namn>
          <Förvaltningsavgift_Typ>
            <Förvaltningsavgift_fast>1.5</Förvaltningsavgift_fast>
            <Förvaltningsavgift_Prestationsbaserad>
              <Avkastningströskel>MSCI World All Cap Net Index</Avkastningströskel>
              <ProcentuelltUttag>20.0</ProcentuelltUttag>
            </Förvaltningsavgift_Prestationsbaserad>
          </Förvaltningsavgift_Typ>
        </Förvaltningsavgift>
      </MedAndelsklasser>
    </Förvaltningsavgift>
    <Fondförmögenhet>8598519</Fondförmögenhet>
    <Likvida_medel>1369786</Likvida_medel>
    <Övriga_tillgångar_och_skulder>-12178</Övriga_tillgångar_och_skulder>
    <Jämförelseindex>
      <Jämförelseindex>MSCI World All Cap Net Index</Jämförelseindex>
    </Jämförelseindex>
    <FinansiellaInstrument>
      <FinansielltInstrument>
        <Tillgångsslag_enligt_LVF_5_kap>ÖverlåtbartVärdepapper</Tillgångsslag_enligt_LVF_5_kap>
        <Instrumentnamn>AT&amp;T Inc</Instrumentnamn>
        <ISIN-kod_instrument>US00206R1023</ISIN-kod_instrument>
        <Landkod_Emittent>US</Landkod_Emittent>
        <Valuta>USD</Valuta>
        <Antal>829.0</Antal>
        <Nominellt_belopp />
        <Kurs_som_använts_vid_värdering_av_instrumentet>18.41</Kurs_som_använts_vid_värdering_av_instrumentet>
        <Valutakurs_instrument>9.790161</Valutakurs_instrument>
        <Marknadsvärde_instrument>149416.35</Marknadsvärde_instrument>
        <Andel_av_fondförmögenhet_instrument>1.74</Andel_av_fondförmögenhet_instrument>
        <Bransch>
          <Branschkod_instrument>50</Branschkod_instrument>
          <Bransch_namn_instrument />
        </Bransch>
      </FinansielltInstrument>
      <FinansielltInstrument>
        <Tillgångsslag_enligt_LVF_5_kap>ÖverlåtbartVärdepapper</Tillgångsslag_enligt_LVF_5_kap>
        <Instrumentnamn>Allianz SE</Instrumentnamn>
        <ISIN-kod_instrument>DE0008404005</ISIN-kod_instrument>
        <Landkod_Emittent>DE</Landkod_Emittent>
        <Valuta>EUR</Valuta>
        <Antal>73.0</Antal>
        <Nominellt_belopp />
        <Kurs_som_använts_vid_värdering_av_instrumentet>200.9</Kurs_som_använts_vid_värdering_av_instrumentet>
        <Valutakurs_instrument>10.479767</Valutakurs_instrument>
        <Marknadsvärde_instrument>153693.12</Marknadsvärde_instrument>
        <Andel_av_fondförmögenhet_instrument>1.79</Andel_av_fondförmögenhet_instrument>
        <Bransch>
          <Branschkod_instrument>40</Branschkod_instrument>
          <Bransch_namn_instrument />
        </Bransch>
      </FinansielltInstrument>
      <FinansielltInstrument>
        <Tillgångsslag_enligt_LVF_5_kap>ÖverlåtbartVärdepapper</Tillgångsslag_enligt_LVF_5_kap>
        <Instrumentnamn>Alphabet Inc</Instrumentnamn>
        <ISIN-kod_instrument>US02079K3059</ISIN-kod_instrument>
        <Landkod_Emittent>US</Landkod_Emittent>
        <Valuta>USD</Valuta>
        <Antal>155.0</Antal>
        <Nominellt_belopp />
        <Kurs_som_använts_vid_värdering_av_instrumentet>88.23</Kurs_som_använts_vid_värdering_av_instrumentet>
        <Valutakurs_instrument>9.790161</Valutakurs_instrument>
        <Marknadsvärde_instrument>133886.81</Marknadsvärde_instrument>
        <Andel_av_fondförmögenhet_instrument>1.56</Andel_av_fondförmögenhet_instrument>
        <Bransch>
          <Branschkod_instrument>50</Branschkod_instrument>
          <Bransch_namn_instrument />
        </Bransch>
      </FinansielltInstrument>
      <FinansielltInstrument>
        <Tillgångsslag_enligt_LVF_5_kap>ÖverlåtbartVärdepapper</Tillgångsslag_enligt_LVF_5_kap>
        <Instrumentnamn>Amazon.com Inc</Instrumentnamn>
        <ISIN-kod_instrument>US0231351067</ISIN-kod_instrument>
        <Landkod_Emittent>US</Landkod_Emittent>
        <Valuta>USD</Valuta>
        <Antal>162.0</Antal>
        <Nominellt_belopp />
        <Kurs_som_använts_vid_värdering_av_instrumentet>84.0</Kurs_som_använts_vid_värdering_av_instrumentet>
        <Valutakurs_instrument>9.790161</Valutakurs_instrument>
        <Marknadsvärde_instrument>133224.5</Marknadsvärde_instrument>
        <Andel_av_fondförmögenhet_instrument>1.55</Andel_av_fondförmögenhet_instrument>
        <Bransch>
          <Branschkod_instrument>25</Branschkod_instrument>
          <Bransch_namn_instrument />
        </Bransch>
      </FinansielltInstrument>
      <FinansielltInstrument>
        <Tillgångsslag_enligt_LVF_5_kap>ÖverlåtbartVärdepapper</Tillgångsslag_enligt_LVF_5_kap>
        <Instrumentnamn>Apple Inc</Instrumentnamn>
        <ISIN-kod_instrument>US0378331005</ISIN-kod_instrument>
        <Landkod_Emittent>US</Landkod_Emittent>
        <Valuta>USD</Valuta>
        <Antal>103.0</Antal>
        <Nominellt_belopp />
        <Kurs_som_använts_vid_värdering_av_instrumentet>129.93</Kurs_som_använts_vid_värdering_av_instrumentet>
        <Valutakurs_instrument>9.790161</Valutakurs_instrument>
        <Marknadsvärde_instrument>131019.66</Marknadsvärde_instrument>
        <Andel_av_fondförmögenhet_instrument>1.52</Andel_av_fondförmögenhet_instrument>
        <Bransch>
          <Branschkod_instrument>45</Branschkod_instrument>
          <Bransch_namn_instrument />
        </Bransch>
      </FinansielltInstrument>
      <FinansielltInstrument>
        <Tillgångsslag_enligt_LVF_5_kap>ÖverlåtbartVärdepapper</Tillgångsslag_enligt_LVF_5_kap>
        <Instrumentnamn>Assa Abloy AB</Instrumentnamn>
        <ISIN-kod_instrument>SE0007100581</ISIN-kod_instrument>
        <Landkod_Emittent>SE</Landkod_Emittent>
        <Valuta>SEK</Valuta>
        <Antal>666.0</Antal>
        <Nominellt_belopp />
        <Kurs_som_använts_vid_värdering_av_instrumentet>223.7</Kurs_som_använts_vid_värdering_av_instrumentet>
        <Valutakurs_instrument>0.938879</Valutakurs_instrument>
        <Marknadsvärde_instrument>139878.13</Marknadsvärde_instrument>
        <Andel_av_fondförmögenhet_instrument>1.63</Andel_av_fondförmögenhet_instrument>
        <Bransch>
          <Branschkod_instrument>20</Branschkod_instrument>
          <Bransch_namn_instrument />
        </Bransch>
      </FinansielltInstrument>
      <FinansielltInstrument>
        <Tillgångsslag_enligt_LVF_5_kap>ÖverlåtbartVärdepapper</Tillgångsslag_enligt_LVF_5_kap>
        <Instrumentnamn>Atlas Copco AB A</Instrumentnamn>
        <ISIN-kod_instrument>SE0017486889</ISIN-kod_instrument>
        <Landkod_Emittent>SE</Landkod_Emittent>
        <Valuta>SEK</Valuta>
        <Antal>1215.0</Antal>
        <Nominellt_belopp />
        <Kurs_som_använts_vid_värdering_av_instrumentet>123.1</Kurs_som_använts_vid_värdering_av_instrumentet>
        <Valutakurs_instrument>0.938879</Valutakurs_instrument>
        <Marknadsvärde_instrument>140424.84</Marknadsvärde_instrument>
        <Andel_av_fondförmögenhet_instrument>1.63</Andel_av_fondförmögenhet_instrument>
        <Bransch>
          <Branschkod_instrument>20</Branschkod_instrument>
          <Bransch_namn_instrument />
        </Bransch>
      </FinansielltInstrument>
      <FinansielltInstrument>
        <Tillgångsslag_enligt_LVF_5_kap>ÖverlåtbartVärdepapper</Tillgångsslag_enligt_LVF_5_kap>
        <Instrumentnamn>BP PLC</Instrumentnamn>
        <ISIN-kod_instrument>GB0007980591</ISIN-kod_instrument>
        <Landkod_Emittent>GB</Landkod_Emittent>
        <Valuta>GBP</Valuta>
        <Antal>2677.0</Antal>
        <Nominellt_belopp />
        <Kurs_som_använts_vid_värdering_av_instrumentet>4.749</Kurs_som_använts_vid_värdering_av_instrumentet>
        <Valutakurs_instrument>11.845461</Valutakurs_instrument>
        <Marknadsvärde_instrument>150592.2</Marknadsvärde_instrument>
        <Andel_av_fondförmögenhet_instrument>1.75</Andel_av_fondförmögenhet_instrument>
        <Bransch>
          <Branschkod_instrument>10</Branschkod_instrument>
          <Bransch_namn_instrument />
        </Bransch>
      </FinansielltInstrument>
      <FinansielltInstrument>
        <Tillgångsslag_enligt_LVF_5_kap>ÖverlåtbartVärdepapper</Tillgångsslag_enligt_LVF_5_kap>
        <Instrumentnamn>Berkshire Hathaway Inc</Instrumentnamn>
        <ISIN-kod_instrument>US0846707026</ISIN-kod_instrument>
        <Landkod_Emittent>US</Landkod_Emittent>
        <Valuta>USD</Valuta>
        <Antal>48.0</Antal>
        <Nominellt_belopp />
        <Kurs_som_använts_vid_värdering_av_instrumentet>308.9</Kurs_som_använts_vid_värdering_av_instrumentet>
        <Valutakurs_instrument>9.790161</Valutakurs_instrument>
        <Marknadsvärde_instrument>145160.67</Marknadsvärde_instrument>
        <Andel_av_fondförmögenhet_instrument>1.69</Andel_av_fondförmögenhet_instrument>
        <Bransch>
          <Branschkod_instrument>40</Branschkod_instrument>
          <Bransch_namn_instrument />
        </Bransch>
      </FinansielltInstrument>
      <FinansielltInstrument>
        <Tillgångsslag_enligt_LVF_5_kap>ÖverlåtbartVärdepapper</Tillgångsslag_enligt_LVF_5_kap>
        <Instrumentnamn>CVS Health Corp</Instrumentnamn>
        <ISIN-kod_instrument>US1266501006</ISIN-kod_instrument>
        <Landkod_Emittent>US</Landkod_Emittent>
        <Valuta>USD</Valuta>
        <Antal>153.0</Antal>
        <Nominellt_belopp />
        <Kurs_som_använts_vid_värdering_av_instrumentet>93.19</Kurs_som_använts_vid_värdering_av_instrumentet>
        <Valutakurs_instrument>9.790161</Valutakurs_instrument>
        <Marknadsvärde_instrument>139588.79</Marknadsvärde_instrument>
        <Andel_av_fondförmögenhet_instrument>1.62</Andel_av_fondförmögenhet_instrument>
        <Bransch>
          <Branschkod_instrument>35</Branschkod_instrument>
          <Bransch_namn_instrument />
        </Bransch>
      </FinansielltInstrument>
      <FinansielltInstrument>
        <Tillgångsslag_enligt_LVF_5_kap>ÖverlåtbartVärdepapper</Tillgångsslag_enligt_LVF_5_kap>
        <Instrumentnamn>Chevron Corp</Instrumentnamn>
        <ISIN-kod_instrument>US1667641005</ISIN-kod_instrument>
        <Landkod_Emittent>US</Landkod_Emittent>
        <Valuta>USD</Valuta>
        <Antal>89.0</Antal>
        <Nominellt_belopp />
        <Kurs_som_använts_vid_värdering_av_instrumentet>179.49</Kurs_som_använts_vid_värdering_av_instrumentet>
        <Valutakurs_instrument>9.790161</Valutakurs_instrument>
        <Marknadsvärde_instrument>156394.0</Marknadsvärde_instrument>
        <Andel_av_fondförmögenhet_instrument>1.82</Andel_av_fondförmögenhet_instrument>
        <Bransch>
          <Branschkod_instrument>10</Branschkod_instrument>
          <Bransch_namn_instrument />
        </Bransch>
      </FinansielltInstrument>
      <FinansielltInstrument>
        <Tillgångsslag_enligt_LVF_5_kap>ÖverlåtbartVärdepapper</Tillgångsslag_enligt_LVF_5_kap>
        <Instrumentnamn>Citigroup Inc</Instrumentnamn>
        <ISIN-kod_instrument>US1729674242</ISIN-kod_instrument>
        <Landkod_Emittent>US</Landkod_Emittent>
        <Valuta>USD</Valuta>
        <Antal>325.0</Antal>
        <Nominellt_belopp />
        <Kurs_som_använts_vid_värdering_av_instrumentet>45.23</Kurs_som_använts_vid_värdering_av_instrumentet>
        <Valutakurs_instrument>9.790161</Valutakurs_instrument>
        <Marknadsvärde_instrument>143912.91</Marknadsvärde_instrument>
        <Andel_av_fondförmögenhet_instrument>1.67</Andel_av_fondförmögenhet_instrument>
        <Bransch>
          <Branschkod_instrument>40</Branschkod_instrument>
          <Bransch_namn_instrument />
        </Bransch>
      </FinansielltInstrument>
      <FinansielltInstrument>
        <Tillgångsslag_enligt_LVF_5_kap>ÖverlåtbartVärdepapper</Tillgångsslag_enligt_LVF_5_kap>
        <Instrumentnamn>Comcast Corp</Instrumentnamn>
        <ISIN-kod_instrument>US20030N1019</ISIN-kod_instrument>
        <Landkod_Emittent>US</Landkod_Emittent>
        <Valuta>USD</Valuta>
        <Antal>431.0</Antal>
        <Nominellt_belopp />
        <Kurs_som_använts_vid_värdering_av_instrumentet>34.97</Kurs_som_använts_vid_värdering_av_instrumentet>
        <Valutakurs_instrument>9.790161</Valutakurs_instrument>
        <Marknadsvärde_instrument>147557.99</Marknadsvärde_instrument>
        <Andel_av_fondförmögenhet_instrument>1.72</Andel_av_fondförmögenhet_instrument>
        <Bransch>
          <Branschkod_instrument>50</Branschkod_instrument>
          <Bransch_namn_instrument />
        </Bransch>
      </FinansielltInstrument>
      <FinansielltInstrument>
        <Tillgångsslag_enligt_LVF_5_kap>ÖverlåtbartVärdepapper</Tillgångsslag_enligt_LVF_5_kap>
        <Instrumentnamn>DSV A/S</Instrumentnamn>
        <ISIN-kod_instrument>DK0060079531</ISIN-kod_instrument>
        <Landkod_Emittent>DK</Landkod_Emittent>
        <Valuta>DKK</Valuta>
        <Antal>98.0</Antal>
        <Nominellt_belopp />
        <Kurs_som_använts_vid_värdering_av_instrumentet>1096.5</Kurs_som_använts_vid_värdering_av_instrumentet>
        <Valutakurs_instrument>1.409915</Valutakurs_instrument>
        <Marknadsvärde_instrument>151505.19</Marknadsvärde_instrument>
        <Andel_av_fondförmögenhet_instrument>1.76</Andel_av_fondförmögenhet_instrument>
        <Bransch>
          <Branschkod_instrument>20</Branschkod_instrument>
          <Bransch_namn_instrument />
        </Bransch>
      </FinansielltInstrument>
      <FinansielltInstrument>
        <Tillgångsslag_enligt_LVF_5_kap>ÖverlåtbartVärdepapper</Tillgångsslag_enligt_LVF_5_kap>
        <Instrumentnamn>Danske Bank</Instrumentnamn>
        <ISIN-kod_instrument>DK0010274414</ISIN-kod_instrument>
        <Landkod_Emittent>DK</Landkod_Emittent>
        <Valuta>DKK</Valuta>
        <Antal>854.0</Antal>
        <Nominellt_belopp />
        <Kurs_som_använts_vid_värdering_av_instrumentet>137.3</Kurs_som_använts_vid_värdering_av_instrumentet>
        <Valutakurs_instrument>1.409915</Valutakurs_instrument>
        <Marknadsvärde_instrument>165318.4</Marknadsvärde_instrument>
        <Andel_av_fondförmögenhet_instrument>1.92</Andel_av_fondförmögenhet_instrument>
        <Bransch>
          <Branschkod_instrument>40</Branschkod_instrument>
          <Bransch_namn_instrument />
        </Bransch>
      </FinansielltInstrument>
      <FinansielltInstrument>
        <Tillgångsslag_enligt_LVF_5_kap>ÖverlåtbartVärdepapper</Tillgångsslag_enligt_LVF_5_kap>
        <Instrumentnamn>Deutsche Telekom AG</Instrumentnamn>
        <ISIN-kod_instrument>DE0005557508</ISIN-kod_instrument>
        <Landkod_Emittent>DE</Landkod_Emittent>
        <Valuta>EUR</Valuta>
        <Antal>754.0</Antal>
        <Nominellt_belopp />
        <Kurs_som_använts_vid_värdering_av_instrumentet>18.638</Kurs_som_använts_vid_värdering_av_instrumentet>
        <Valutakurs_instrument>10.479767</Valutakurs_instrument>
        <Marknadsvärde_instrument>147272.71</Marknadsvärde_instrument>
        <Andel_av_fondförmögenhet_instrument>1.71</Andel_av_fondförmögenhet_instrument>
        <Bransch>
          <Branschkod_instrument>50</Branschkod_instrument>
          <Bransch_namn_instrument />
        </Bransch>
      </FinansielltInstrument>
      <FinansielltInstrument>
        <Tillgångsslag_enligt_LVF_5_kap>ÖverlåtbartVärdepapper</Tillgångsslag_enligt_LVF_5_kap>
        <Instrumentnamn>DnB ASA</Instrumentnamn>
        <ISIN-kod_instrument>NO0010161896</ISIN-kod_instrument>
        <Landkod_Emittent>NO</Landkod_Emittent>
        <Valuta>NOK</Valuta>
        <Antal>797.0</Antal>
        <Nominellt_belopp />
        <Kurs_som_använts_vid_värdering_av_instrumentet>194.45</Kurs_som_använts_vid_värdering_av_instrumentet>
        <Valutakurs_instrument>1.0</Valutakurs_instrument>
        <Marknadsvärde_instrument>154976.65</Marknadsvärde_instrument>
        <Andel_av_fondförmögenhet_instrument>1.8</Andel_av_fondförmögenhet_instrument>
        <Bransch>
          <Branschkod_instrument>40</Branschkod_instrument>
          <Bransch_namn_instrument />
        </Bransch>
      </FinansielltInstrument>
      <FinansielltInstrument>
        <Tillgångsslag_enligt_LVF_5_kap>ÖverlåtbartVärdepapper</Tillgångsslag_enligt_LVF_5_kap>
        <Instrumentnamn>Equinor ASA</Instrumentnamn>
        <ISIN-kod_instrument>NO0010096985</ISIN-kod_instrument>
        <Landkod_Emittent>NO</Landkod_Emittent>
        <Valuta>NOK</Valuta>
        <Antal>410.0</Antal>
        <Nominellt_belopp />
        <Kurs_som_använts_vid_värdering_av_instrumentet>351.8</Kurs_som_använts_vid_värdering_av_instrumentet>
        <Valutakurs_instrument>1.0</Valutakurs_instrument>
        <Marknadsvärde_instrument>144238.0</Marknadsvärde_instrument>
        <Andel_av_fondförmögenhet_instrument>1.68</Andel_av_fondförmögenhet_instrument>
        <Bransch>
          <Branschkod_instrument>10</Branschkod_instrument>
          <Bransch_namn_instrument />
        </Bransch>
      </FinansielltInstrument>
      <FinansielltInstrument>
        <Tillgångsslag_enligt_LVF_5_kap>ÖverlåtbartVärdepapper</Tillgångsslag_enligt_LVF_5_kap>
        <Instrumentnamn>Ericsson AB (B)</Instrumentnamn>
        <ISIN-kod_instrument>SE0000108656</ISIN-kod_instrument>
        <Landkod_Emittent>SE</Landkod_Emittent>
        <Valuta>SEK</Valuta>
        <Antal>2511.0</Antal>
        <Nominellt_belopp />
        <Kurs_som_använts_vid_värdering_av_instrumentet>60.9</Kurs_som_använts_vid_värdering_av_instrumentet>
        <Valutakurs_instrument>0.938879</Valutakurs_instrument>
        <Marknadsvärde_instrument>143573.28</Marknadsvärde_instrument>
        <Andel_av_fondförmögenhet_instrument>1.67</Andel_av_fondförmögenhet_instrument>
        <Bransch>
          <Branschkod_instrument>45</Branschkod_instrument>
          <Bransch_namn_instrument />
        </Bransch>
      </FinansielltInstrument>
      <FinansielltInstrument>
        <Tillgångsslag_enligt_LVF_5_kap>ÖverlåtbartVärdepapper</Tillgångsslag_enligt_LVF_5_kap>
        <Instrumentnamn>Exxon Mobil Corp</Instrumentnamn>
        <ISIN-kod_instrument>US30231G1022</ISIN-kod_instrument>
        <Landkod_Emittent>US</Landkod_Emittent>
        <Valuta>USD</Valuta>
        <Antal>144.0</Antal>
        <Nominellt_belopp />
        <Kurs_som_använts_vid_värdering_av_instrumentet>110.3</Kurs_som_använts_vid_värdering_av_instrumentet>
        <Valutakurs_instrument>9.790161</Valutakurs_instrument>
        <Marknadsvärde_instrument>155499.08</Marknadsvärde_instrument>
        <Andel_av_fondförmögenhet_instrument>1.81</Andel_av_fondförmögenhet_instrument>
        <Bransch>
          <Branschkod_instrument>10</Branschkod_instrument>
          <Bransch_namn_instrument />
        </Bransch>
      </FinansielltInstrument>
      <FinansielltInstrument>
        <Tillgångsslag_enligt_LVF_5_kap>ÖverlåtbartVärdepapper</Tillgångsslag_enligt_LVF_5_kap>
        <Instrumentnamn>Hennes &amp; Mauritz AB (B)</Instrumentnamn>
        <ISIN-kod_instrument>SE0000106270</ISIN-kod_instrument>
        <Landkod_Emittent>SE</Landkod_Emittent>
        <Valuta>SEK</Valuta>
        <Antal>1333.0</Antal>
        <Nominellt_belopp />
        <Kurs_som_använts_vid_värdering_av_instrumentet>112.24</Kurs_som_använts_vid_värdering_av_instrumentet>
        <Valutakurs_instrument>0.938879</Valutakurs_instrument>
        <Marknadsvärde_instrument>140471.24</Marknadsvärde_instrument>
        <Andel_av_fondförmögenhet_instrument>1.63</Andel_av_fondförmögenhet_instrument>
        <Bransch>
          <Branschkod_instrument>25</Branschkod_instrument>
          <Bransch_namn_instrument />
        </Bransch>
      </FinansielltInstrument>
      <FinansielltInstrument>
        <Tillgångsslag_enligt_LVF_5_kap>ÖverlåtbartVärdepapper</Tillgångsslag_enligt_LVF_5_kap>
        <Instrumentnamn>JPMorgan Chase &amp; Co</Instrumentnamn>
        <ISIN-kod_instrument>US46625H1005</ISIN-kod_instrument>
        <Landkod_Emittent>US</Landkod_Emittent>
        <Valuta>USD</Valuta>
        <Antal>113.0</Antal>
        <Nominellt_belopp />
        <Kurs_som_använts_vid_värdering_av_instrumentet>134.1</Kurs_som_använts_vid_värdering_av_instrumentet>
        <Valutakurs_instrument>9.790161</Valutakurs_instrument>
        <Marknadsvärde_instrument>148353.24</Marknadsvärde_instrument>
        <Andel_av_fondförmögenhet_instrument>1.73</Andel_av_fondförmögenhet_instrument>
        <Bransch>
          <Branschkod_instrument>40</Branschkod_instrument>
          <Bransch_namn_instrument />
        </Bransch>
      </FinansielltInstrument>
      <FinansielltInstrument>
        <Tillgångsslag_enligt_LVF_5_kap>ÖverlåtbartVärdepapper</Tillgångsslag_enligt_LVF_5_kap>
        <Instrumentnamn>Johnson &amp; Johnson</Instrumentnamn>
        <ISIN-kod_instrument>US4781601046</ISIN-kod_instrument>
        <Landkod_Emittent>US</Landkod_Emittent>
        <Valuta>USD</Valuta>
        <Antal>87.0</Antal>
        <Nominellt_belopp />
        <Kurs_som_använts_vid_värdering_av_instrumentet>176.65</Kurs_som_använts_vid_värdering_av_instrumentet>
        <Valutakurs_instrument>9.790161</Valutakurs_instrument>
        <Marknadsvärde_instrument>150460.57</Marknadsvärde_instrument>
        <Andel_av_fondförmögenhet_instrument>1.75</Andel_av_fondförmögenhet_instrument>
        <Bransch>
          <Branschkod_instrument>35</Branschkod_instrument>
          <Bransch_namn_instrument />
        </Bransch>
      </FinansielltInstrument>
      <FinansielltInstrument>
        <Tillgångsslag_enligt_LVF_5_kap>ÖverlåtbartVärdepapper</Tillgångsslag_enligt_LVF_5_kap>
        <Instrumentnamn>LVMH Moet Hennessy Louis Vuitt</Instrumentnamn>
        <ISIN-kod_instrument>FR0000121014</ISIN-kod_instrument>
        <Landkod_Emittent>FR</Landkod_Emittent>
        <Valuta>EUR</Valuta>
        <Antal>21.0</Antal>
        <Nominellt_belopp />
        <Kurs_som_använts_vid_värdering_av_instrumentet>679.9</Kurs_som_använts_vid_värdering_av_instrumentet>
        <Valutakurs_instrument>10.479767</Valutakurs_instrument>
        <Marknadsvärde_instrument>149629.07</Marknadsvärde_instrument>
        <Andel_av_fondförmögenhet_instrument>1.74</Andel_av_fondförmögenhet_instrument>
        <Bransch>
          <Branschkod_instrument>25</Branschkod_instrument>
          <Bransch_namn_instrument />
        </Bransch>
      </FinansielltInstrument>
      <FinansielltInstrument>
        <Tillgångsslag_enligt_LVF_5_kap>ÖverlåtbartVärdepapper</Tillgångsslag_enligt_LVF_5_kap>
        <Instrumentnamn>Meta Platforms Inc</Instrumentnamn>
        <ISIN-kod_instrument>US30303M1027</ISIN-kod_instrument>
        <Landkod_Emittent>US</Landkod_Emittent>
        <Valuta>USD</Valuta>
        <Antal>129.0</Antal>
        <Nominellt_belopp />
        <Kurs_som_använts_vid_värdering_av_instrumentet>120.34</Kurs_som_använts_vid_värdering_av_instrumentet>
        <Valutakurs_instrument>9.790161</Valutakurs_instrument>
        <Marknadsvärde_instrument>151981.08</Marknadsvärde_instrument>
        <Andel_av_fondförmögenhet_instrument>1.77</Andel_av_fondförmögenhet_instrument>
        <Bransch>
          <Branschkod_instrument>45</Branschkod_instrument>
          <Bransch_namn_instrument />
        </Bransch>
      </FinansielltInstrument>
      <FinansielltInstrument>
        <Tillgångsslag_enligt_LVF_5_kap>ÖverlåtbartVärdepapper</Tillgångsslag_enligt_LVF_5_kap>
        <Instrumentnamn>Microsoft</Instrumentnamn>
        <ISIN-kod_instrument>US5949181045</ISIN-kod_instrument>
        <Landkod_Emittent>US</Landkod_Emittent>
        <Valuta>USD</Valuta>
        <Antal>62.0</Antal>
        <Nominellt_belopp />
        <Kurs_som_använts_vid_värdering_av_instrumentet>239.82</Kurs_som_använts_vid_värdering_av_instrumentet>
        <Valutakurs_instrument>9.790161</Valutakurs_instrument>
        <Marknadsvärde_instrument>145568.33</Marknadsvärde_instrument>
        <Andel_av_fondförmögenhet_instrument>1.69</Andel_av_fondförmögenhet_instrument>
        <Bransch>
          <Branschkod_instrument>45</Branschkod_instrument>
          <Bransch_namn_instrument />
        </Bransch>
      </FinansielltInstrument>
      <FinansielltInstrument>
        <Tillgångsslag_enligt_LVF_5_kap>ÖverlåtbartVärdepapper</Tillgångsslag_enligt_LVF_5_kap>
        <Instrumentnamn>Morgan Stanley</Instrumentnamn>
        <ISIN-kod_instrument>US6174464486</ISIN-kod_instrument>
        <Landkod_Emittent>US</Landkod_Emittent>
        <Valuta>USD</Valuta>
        <Antal>164.0</Antal>
        <Nominellt_belopp />
        <Kurs_som_använts_vid_värdering_av_instrumentet>85.02</Kurs_som_använts_vid_värdering_av_instrumentet>
        <Valutakurs_instrument>9.790161</Valutakurs_instrument>
        <Marknadsvärde_instrument>136506.95</Marknadsvärde_instrument>
        <Andel_av_fondförmögenhet_instrument>1.59</Andel_av_fondförmögenhet_instrument>
        <Bransch>
          <Branschkod_instrument>40</Branschkod_instrument>
          <Bransch_namn_instrument />
        </Bransch>
      </FinansielltInstrument>
      <FinansielltInstrument>
        <Tillgångsslag_enligt_LVF_5_kap>ÖverlåtbartVärdepapper</Tillgångsslag_enligt_LVF_5_kap>
        <Instrumentnamn>NOVO Nordisk B</Instrumentnamn>
        <ISIN-kod_instrument>DK0060534915</ISIN-kod_instrument>
        <Landkod_Emittent>DK</Landkod_Emittent>
        <Valuta>DKK</Valuta>
        <Antal>123.0</Antal>
        <Nominellt_belopp />
        <Kurs_som_använts_vid_värdering_av_instrumentet>938.0</Kurs_som_använts_vid_värdering_av_instrumentet>
        <Valutakurs_instrument>1.409915</Valutakurs_instrument>
        <Marknadsvärde_instrument>162667.48</Marknadsvärde_instrument>
        <Andel_av_fondförmögenhet_instrument>1.89</Andel_av_fondförmögenhet_instrument>
        <Bransch>
          <Branschkod_instrument>35</Branschkod_instrument>
          <Bransch_namn_instrument />
        </Bransch>
      </FinansielltInstrument>
      <FinansielltInstrument>
        <Tillgångsslag_enligt_LVF_5_kap>ÖverlåtbartVärdepapper</Tillgångsslag_enligt_LVF_5_kap>
        <Instrumentnamn>Norsk Hydro ASA</Instrumentnamn>
        <ISIN-kod_instrument>NO0005052605</ISIN-kod_instrument>
        <Landkod_Emittent>NO</Landkod_Emittent>
        <Valuta>NOK</Valuta>
        <Antal>2086.0</Antal>
        <Nominellt_belopp />
        <Kurs_som_använts_vid_värdering_av_instrumentet>73.32</Kurs_som_använts_vid_värdering_av_instrumentet>
        <Valutakurs_instrument>1.0</Valutakurs_instrument>
        <Marknadsvärde_instrument>152945.52</Marknadsvärde_instrument>
        <Andel_av_fondförmögenhet_instrument>1.78</Andel_av_fondförmögenhet_instrument>
        <Bransch>
          <Branschkod_instrument>15</Branschkod_instrument>
          <Bransch_namn_instrument />
        </Bransch>
      </FinansielltInstrument>
      <FinansielltInstrument>
        <Tillgångsslag_enligt_LVF_5_kap>ÖverlåtbartVärdepapper</Tillgångsslag_enligt_LVF_5_kap>
        <Instrumentnamn>ORSTED A/S</Instrumentnamn>
        <ISIN-kod_instrument>DK0060094928</ISIN-kod_instrument>
        <Landkod_Emittent>DK</Landkod_Emittent>
        <Valuta>DKK</Valuta>
        <Antal>175.0</Antal>
        <Nominellt_belopp />
        <Kurs_som_använts_vid_värdering_av_instrumentet>631.3</Kurs_som_använts_vid_värdering_av_instrumentet>
        <Valutakurs_instrument>1.409915</Valutakurs_instrument>
        <Marknadsvärde_instrument>155763.84</Marknadsvärde_instrument>
        <Andel_av_fondförmögenhet_instrument>1.81</Andel_av_fondförmögenhet_instrument>
        <Bransch>
          <Branschkod_instrument>55</Branschkod_instrument>
          <Bransch_namn_instrument />
        </Bransch>
      </FinansielltInstrument>
      <FinansielltInstrument>
        <Tillgångsslag_enligt_LVF_5_kap>ÖverlåtbartVärdepapper</Tillgångsslag_enligt_LVF_5_kap>
        <Instrumentnamn>Pfizer Inc</Instrumentnamn>
        <ISIN-kod_instrument>US7170811035</ISIN-kod_instrument>
        <Landkod_Emittent>US</Landkod_Emittent>
        <Valuta>USD</Valuta>
        <Antal>300.0</Antal>
        <Nominellt_belopp />
        <Kurs_som_använts_vid_värdering_av_instrumentet>51.24</Kurs_som_använts_vid_värdering_av_instrumentet>
        <Valutakurs_instrument>9.790161</Valutakurs_instrument>
        <Marknadsvärde_instrument>150494.35</Marknadsvärde_instrument>
        <Andel_av_fondförmögenhet_instrument>1.75</Andel_av_fondförmögenhet_instrument>
        <Bransch>
          <Branschkod_instrument>35</Branschkod_instrument>
          <Bransch_namn_instrument />
        </Bransch>
      </FinansielltInstrument>
      <FinansielltInstrument>
        <Tillgångsslag_enligt_LVF_5_kap>ÖverlåtbartVärdepapper</Tillgångsslag_enligt_LVF_5_kap>
        <Instrumentnamn>Procter &amp; Gamble Co/The</Instrumentnamn>
        <ISIN-kod_instrument>US7427181091</ISIN-kod_instrument>
        <Landkod_Emittent>US</Landkod_Emittent>
        <Valuta>USD</Valuta>
        <Antal>107.0</Antal>
        <Nominellt_belopp />
        <Kurs_som_använts_vid_värdering_av_instrumentet>151.56</Kurs_som_använts_vid_värdering_av_instrumentet>
        <Valutakurs_instrument>9.790161</Valutakurs_instrument>
        <Marknadsvärde_instrument>158766.25</Marknadsvärde_instrument>
        <Andel_av_fondförmögenhet_instrument>1.85</Andel_av_fondförmögenhet_instrument>
        <Bransch>
          <Branschkod_instrument>30</Branschkod_instrument>
          <Bransch_namn_instrument />
        </Bransch>
      </FinansielltInstrument>
      <FinansielltInstrument>
        <Tillgångsslag_enligt_LVF_5_kap>ÖverlåtbartVärdepapper</Tillgångsslag_enligt_LVF_5_kap>
        <Instrumentnamn>Sandvik AB</Instrumentnamn>
        <ISIN-kod_instrument>SE0000667891</ISIN-kod_instrument>
        <Landkod_Emittent>SE</Landkod_Emittent>
        <Valuta>SEK</Valuta>
        <Antal>832.0</Antal>
        <Nominellt_belopp />
        <Kurs_som_använts_vid_värdering_av_instrumentet>188.4</Kurs_som_använts_vid_värdering_av_instrumentet>
        <Valutakurs_instrument>0.938879</Valutakurs_instrument>
        <Marknadsvärde_instrument>147168.15</Marknadsvärde_instrument>
        <Andel_av_fondförmögenhet_instrument>1.71</Andel_av_fondförmögenhet_instrument>
        <Bransch>
          <Branschkod_instrument>20</Branschkod_instrument>
          <Bransch_namn_instrument />
        </Bransch>
      </FinansielltInstrument>
      <FinansielltInstrument>
        <Tillgångsslag_enligt_LVF_5_kap>ÖverlåtbartVärdepapper</Tillgångsslag_enligt_LVF_5_kap>
        <Instrumentnamn>Shell PLC</Instrumentnamn>
        <ISIN-kod_instrument>GB00BP6MXD84</ISIN-kod_instrument>
        <Landkod_Emittent>GB</Landkod_Emittent>
        <Valuta>GBP</Valuta>
        <Antal>535.0</Antal>
        <Nominellt_belopp />
        <Kurs_som_använts_vid_värdering_av_instrumentet>23.26</Kurs_som_använts_vid_värdering_av_instrumentet>
        <Valutakurs_instrument>11.845461</Valutakurs_instrument>
        <Marknadsvärde_instrument>147406.1</Marknadsvärde_instrument>
        <Andel_av_fondförmögenhet_instrument>1.71</Andel_av_fondförmögenhet_instrument>
        <Bransch>
          <Branschkod_instrument>10</Branschkod_instrument>
          <Bransch_namn_instrument />
        </Bransch>
      </FinansielltInstrument>
      <FinansielltInstrument>
        <Tillgångsslag_enligt_LVF_5_kap>ÖverlåtbartVärdepapper</Tillgångsslag_enligt_LVF_5_kap>
        <Instrumentnamn>Skandinaviska Enskilda Banken A</Instrumentnamn>
        <ISIN-kod_instrument>SE0000148884</ISIN-kod_instrument>
        <Landkod_Emittent>SE</Landkod_Emittent>
        <Valuta>SEK</Valuta>
        <Antal>1364.0</Antal>
        <Nominellt_belopp />
        <Kurs_som_använts_vid_värdering_av_instrumentet>119.95</Kurs_som_använts_vid_värdering_av_instrumentet>
        <Valutakurs_instrument>0.938879</Valutakurs_instrument>
        <Marknadsvärde_instrument>153611.68</Marknadsvärde_instrument>
        <Andel_av_fondförmögenhet_instrument>1.79</Andel_av_fondförmögenhet_instrument>
        <Bransch>
          <Branschkod_instrument>40</Branschkod_instrument>
          <Bransch_namn_instrument />
        </Bransch>
      </FinansielltInstrument>
      <FinansielltInstrument>
        <Tillgångsslag_enligt_LVF_5_kap>ÖverlåtbartVärdepapper</Tillgångsslag_enligt_LVF_5_kap>
        <Instrumentnamn>Svenska Handelsbanken AB</Instrumentnamn>
        <ISIN-kod_instrument>SE0007100599</ISIN-kod_instrument>
        <Landkod_Emittent>SE</Landkod_Emittent>
        <Valuta>SEK</Valuta>
        <Antal>1550.0</Antal>
        <Nominellt_belopp />
        <Kurs_som_använts_vid_värdering_av_instrumentet>105.1</Kurs_som_använts_vid_värdering_av_instrumentet>
        <Valutakurs_instrument>0.938879</Valutakurs_instrument>
        <Marknadsvärde_instrument>152948.08</Marknadsvärde_instrument>
        <Andel_av_fondförmögenhet_instrument>1.78</Andel_av_fondförmögenhet_instrument>
        <Bransch>
          <Branschkod_instrument>40</Branschkod_instrument>
          <Bransch_namn_instrument />
        </Bransch>
      </FinansielltInstrument>
      <FinansielltInstrument>
        <Tillgångsslag_enligt_LVF_5_kap>ÖverlåtbartVärdepapper</Tillgångsslag_enligt_LVF_5_kap>
        <Instrumentnamn>Swedbank (A)</Instrumentnamn>
        <ISIN-kod_instrument>SE0000242455</ISIN-kod_instrument>
        <Landkod_Emittent>SE</Landkod_Emittent>
        <Valuta>SEK</Valuta>
        <Antal>973.0</Antal>
        <Nominellt_belopp />
        <Kurs_som_använts_vid_värdering_av_instrumentet>177.3</Kurs_som_använts_vid_värdering_av_instrumentet>
        <Valutakurs_instrument>0.938879</Valutakurs_instrument>
        <Marknadsvärde_instrument>161968.74</Marknadsvärde_instrument>
        <Andel_av_fondförmögenhet_instrument>1.88</Andel_av_fondförmögenhet_instrument>
        <Bransch>
          <Branschkod_instrument>40</Branschkod_instrument>
          <Bransch_namn_instrument />
        </Bransch>
      </FinansielltInstrument>
      <FinansielltInstrument>
        <Tillgångsslag_enligt_LVF_5_kap>ÖverlåtbartVärdepapper</Tillgångsslag_enligt_LVF_5_kap>
        <Instrumentnamn>T-Mobile US Inc</Instrumentnamn>
        <ISIN-kod_instrument>US8725901040</ISIN-kod_instrument>
        <Landkod_Emittent>US</Landkod_Emittent>
        <Valuta>USD</Valuta>
        <Antal>109.0</Antal>
        <Nominellt_belopp />
        <Kurs_som_använts_vid_värdering_av_instrumentet>140.0</Kurs_som_använts_vid_värdering_av_instrumentet>
        <Valutakurs_instrument>9.790161</Valutakurs_instrument>
        <Marknadsvärde_instrument>149397.85</Marknadsvärde_instrument>
        <Andel_av_fondförmögenhet_instrument>1.74</Andel_av_fondförmögenhet_instrument>
        <Bransch>
          <Branschkod_instrument>50</Branschkod_instrument>
          <Bransch_namn_instrument />
        </Bransch>
      </FinansielltInstrument>
      <FinansielltInstrument>
        <Tillgångsslag_enligt_LVF_5_kap>ÖverlåtbartVärdepapper</Tillgångsslag_enligt_LVF_5_kap>
        <Instrumentnamn>Telenor ASA</Instrumentnamn>
        <ISIN-kod_instrument>NO0010063308</ISIN-kod_instrument>
        <Landkod_Emittent>NO</Landkod_Emittent>
        <Valuta>NOK</Valuta>
        <Antal>1645.0</Antal>
        <Nominellt_belopp />
        <Kurs_som_använts_vid_värdering_av_instrumentet>91.6</Kurs_som_använts_vid_värdering_av_instrumentet>
        <Valutakurs_instrument>1.0</Valutakurs_instrument>
        <Marknadsvärde_instrument>150682.0</Marknadsvärde_instrument>
        <Andel_av_fondförmögenhet_instrument>1.75</Andel_av_fondförmögenhet_instrument>
        <Bransch>
          <Branschkod_instrument>50</Branschkod_instrument>
          <Bransch_namn_instrument />
        </Bransch>
      </FinansielltInstrument>
      <FinansielltInstrument>
        <Tillgångsslag_enligt_LVF_5_kap>ÖverlåtbartVärdepapper</Tillgångsslag_enligt_LVF_5_kap>
        <Instrumentnamn>Telia Company AB</Instrumentnamn>
        <ISIN-kod_instrument>SE0000667925</ISIN-kod_instrument>
        <Landkod_Emittent>SE</Landkod_Emittent>
        <Valuta>SEK</Valuta>
        <Antal>5602.0</Antal>
        <Nominellt_belopp />
        <Kurs_som_använts_vid_värdering_av_instrumentet>26.66</Kurs_som_använts_vid_värdering_av_instrumentet>
        <Valutakurs_instrument>0.938879</Valutakurs_instrument>
        <Marknadsvärde_instrument>140220.94</Marknadsvärde_instrument>
        <Andel_av_fondförmögenhet_instrument>1.63</Andel_av_fondförmögenhet_instrument>
        <Bransch>
          <Branschkod_instrument>50</Branschkod_instrument>
          <Bransch_namn_instrument />
        </Bransch>
      </FinansielltInstrument>
      <FinansielltInstrument>
        <Tillgångsslag_enligt_LVF_5_kap>ÖverlåtbartVärdepapper</Tillgångsslag_enligt_LVF_5_kap>
        <Instrumentnamn>The Walt Disney Company</Instrumentnamn>
        <ISIN-kod_instrument>US2546871060</ISIN-kod_instrument>
        <Landkod_Emittent>US</Landkod_Emittent>
        <Valuta>USD</Valuta>
        <Antal>161.0</Antal>
        <Nominellt_belopp />
        <Kurs_som_använts_vid_värdering_av_instrumentet>86.88</Kurs_som_använts_vid_värdering_av_instrumentet>
        <Valutakurs_instrument>9.790161</Valutakurs_instrument>
        <Marknadsvärde_instrument>136941.63</Marknadsvärde_instrument>
        <Andel_av_fondförmögenhet_instrument>1.59</Andel_av_fondförmögenhet_instrument>
        <Bransch>
          <Branschkod_instrument>50</Branschkod_instrument>
          <Bransch_namn_instrument />
        </Bransch>
      </FinansielltInstrument>
      <FinansielltInstrument>
        <Tillgångsslag_enligt_LVF_5_kap>ÖverlåtbartVärdepapper</Tillgångsslag_enligt_LVF_5_kap>
        <Instrumentnamn>TotalEnergies SE</Instrumentnamn>
        <ISIN-kod_instrument>FR0000120271</ISIN-kod_instrument>
        <Landkod_Emittent>FR</Landkod_Emittent>
        <Valuta>EUR</Valuta>
        <Antal>258.0</Antal>
        <Nominellt_belopp />
        <Kurs_som_använts_vid_värdering_av_instrumentet>58.65</Kurs_som_använts_vid_värdering_av_instrumentet>
        <Valutakurs_instrument>10.479767</Valutakurs_instrument>
        <Marknadsvärde_instrument>158576.69</Marknadsvärde_instrument>
        <Andel_av_fondförmögenhet_instrument>1.84</Andel_av_fondförmögenhet_instrument>
        <Bransch>
          <Branschkod_instrument>10</Branschkod_instrument>
          <Bransch_namn_instrument />
        </Bransch>
      </FinansielltInstrument>
      <FinansielltInstrument>
        <Tillgångsslag_enligt_LVF_5_kap>ÖverlåtbartVärdepapper</Tillgångsslag_enligt_LVF_5_kap>
        <Instrumentnamn>United Health Group</Instrumentnamn>
        <ISIN-kod_instrument>US91324P1021</ISIN-kod_instrument>
        <Landkod_Emittent>US</Landkod_Emittent>
        <Valuta>USD</Valuta>
        <Antal>29.0</Antal>
        <Nominellt_belopp />
        <Kurs_som_använts_vid_värdering_av_instrumentet>530.18</Kurs_som_använts_vid_värdering_av_instrumentet>
        <Valutakurs_instrument>9.790161</Valutakurs_instrument>
        <Marknadsvärde_instrument>150525.87</Marknadsvärde_instrument>
        <Andel_av_fondförmögenhet_instrument>1.75</Andel_av_fondförmögenhet_instrument>
        <Bransch>
          <Branschkod_instrument>35</Branschkod_instrument>
          <Bransch_namn_instrument />
        </Bransch>
      </FinansielltInstrument>
      <FinansielltInstrument>
        <Tillgångsslag_enligt_LVF_5_kap>ÖverlåtbartVärdepapper</Tillgångsslag_enligt_LVF_5_kap>
        <Instrumentnamn>Verizon Communications Inc</Instrumentnamn>
        <ISIN-kod_instrument>US92343V1044</ISIN-kod_instrument>
        <Landkod_Emittent>US</Landkod_Emittent>
        <Valuta>USD</Valuta>
        <Antal>406.0</Antal>
        <Nominellt_belopp />
        <Kurs_som_använts_vid_värdering_av_instrumentet>39.4</Kurs_som_använts_vid_värdering_av_instrumentet>
        <Valutakurs_instrument>9.790161</Valutakurs_instrument>
        <Marknadsvärde_instrument>156607.32</Marknadsvärde_instrument>
        <Andel_av_fondförmögenhet_instrument>1.82</Andel_av_fondförmögenhet_instrument>
        <Bransch>
          <Branschkod_instrument>50</Branschkod_instrument>
          <Bransch_namn_instrument />
        </Bransch>
      </FinansielltInstrument>
      <FinansielltInstrument>
        <Tillgångsslag_enligt_LVF_5_kap>ÖverlåtbartVärdepapper</Tillgångsslag_enligt_LVF_5_kap>
        <Instrumentnamn>Volkswagen AG</Instrumentnamn>
        <ISIN-kod_instrument>DE0007664005</ISIN-kod_instrument>
        <Landkod_Emittent>DE</Landkod_Emittent>
        <Valuta>EUR</Valuta>
        <Antal>84.0</Antal>
        <Nominellt_belopp />
        <Kurs_som_använts_vid_värdering_av_instrumentet>147.65</Kurs_som_använts_vid_värdering_av_instrumentet>
        <Valutakurs_instrument>10.479767</Valutakurs_instrument>
        <Marknadsvärde_instrument>129976.36</Marknadsvärde_instrument>
        <Andel_av_fondförmögenhet_instrument>1.51</Andel_av_fondförmögenhet_instrument>
        <Bransch>
          <Branschkod_instrument>20</Branschkod_instrument>
          <Bransch_namn_instrument />
        </Bransch>
      </FinansielltInstrument>
      <FinansielltInstrument>
        <Tillgångsslag_enligt_LVF_5_kap>ÖverlåtbartVärdepapper</Tillgångsslag_enligt_LVF_5_kap>
        <Instrumentnamn>Volvo AB (B)</Instrumentnamn>
        <ISIN-kod_instrument>SE0000115446</ISIN-kod_instrument>
        <Landkod_Emittent>SE</Landkod_Emittent>
        <Valuta>SEK</Valuta>
        <Antal>832.0</Antal>
        <Nominellt_belopp />
        <Kurs_som_använts_vid_värdering_av_instrumentet>188.48</Kurs_som_använts_vid_värdering_av_instrumentet>
        <Valutakurs_instrument>0.938879</Valutakurs_instrument>
        <Marknadsvärde_instrument>147230.65</Marknadsvärde_instrument>
        <Andel_av_fondförmögenhet_instrument>1.71</Andel_av_fondförmögenhet_instrument>
        <Bransch>
          <Branschkod_instrument>20</Branschkod_instrument>
          <Bransch_namn_instrument />
        </Bransch>
      </FinansielltInstrument>
      <FinansielltInstrument>
        <Tillgångsslag_enligt_LVF_5_kap>ÖverlåtbartVärdepapper</Tillgångsslag_enligt_LVF_5_kap>
        <Instrumentnamn>Volvo Car AB B</Instrumentnamn>
        <ISIN-kod_instrument>SE0016844831</ISIN-kod_instrument>
        <Landkod_Emittent>SE</Landkod_Emittent>
        <Valuta>SEK</Valuta>
        <Antal>3058.0</Antal>
        <Nominellt_belopp />
        <Kurs_som_använts_vid_värdering_av_instrumentet>47.38</Kurs_som_använts_vid_värdering_av_instrumentet>
        <Valutakurs_instrument>0.938879</Valutakurs_instrument>
        <Marknadsvärde_instrument>136032.33</Marknadsvärde_instrument>
        <Andel_av_fondförmögenhet_instrument>1.58</Andel_av_fondförmögenhet_instrument>
        <Bransch>
          <Branschkod_instrument>25</Branschkod_instrument>
          <Bransch_namn_instrument />
        </Bransch>
      </FinansielltInstrument>
      <FinansielltInstrument>
        <Tillgångsslag_enligt_LVF_5_kap>ÖverlåtbartVärdepapper</Tillgångsslag_enligt_LVF_5_kap>
        <Instrumentnamn>Wal-Mart Stores Inc</Instrumentnamn>
        <ISIN-kod_instrument>US9311421039</ISIN-kod_instrument>
        <Landkod_Emittent>US</Landkod_Emittent>
        <Valuta>USD</Valuta>
        <Antal>105.0</Antal>
        <Nominellt_belopp />
        <Kurs_som_använts_vid_värdering_av_instrumentet>141.79</Kurs_som_använts_vid_värdering_av_instrumentet>
        <Valutakurs_instrument>9.790161</Valutakurs_instrument>
        <Marknadsvärde_instrument>145755.42</Marknadsvärde_instrument>
        <Andel_av_fondförmögenhet_instrument>1.7</Andel_av_fondförmögenhet_instrument>
        <Bransch>
          <Branschkod_instrument>30</Branschkod_instrument>
          <Bransch_namn_instrument />
        </Bransch>
      </FinansielltInstrument>
      <FinansielltInstrument>
        <Tillgångsslag_enligt_LVF_5_kap>ÖverlåtbartVärdepapper</Tillgångsslag_enligt_LVF_5_kap>
        <Instrumentnamn>Wells Fargo &amp; Co</Instrumentnamn>
        <ISIN-kod_instrument>US9497461015</ISIN-kod_instrument>
        <Landkod_Emittent>US</Landkod_Emittent>
        <Valuta>USD</Valuta>
        <Antal>359.0</Antal>
        <Nominellt_belopp />
        <Kurs_som_använts_vid_värdering_av_instrumentet>41.29</Kurs_som_använts_vid_värdering_av_instrumentet>
        <Valutakurs_instrument>9.790161</Valutakurs_instrument>
        <Marknadsvärde_instrument>145120.63</Marknadsvärde_instrument>
        <Andel_av_fondförmögenhet_instrument>1.69</Andel_av_fondförmögenhet_instrument>
        <Bransch>
          <Branschkod_instrument>40</Branschkod_instrument>
          <Bransch_namn_instrument />
        </Bransch>
      </FinansielltInstrument>
      <FinansielltInstrument>
        <Tillgångsslag_enligt_LVF_5_kap>DerivatinstrumentSamtTeknikerOchInstrument</Tillgångsslag_enligt_LVF_5_kap>
        <Instrumentnamn>CBOE VIX FUTURE Feb23</Instrumentnamn>
        <ISIN-kod_instrument />
        <Landkod_Emittent>US</Landkod_Emittent>
        <Valuta>USD</Valuta>
        <Antal>2.0</Antal>
        <Nominellt_belopp />
        <Kurs_som_använts_vid_värdering_av_instrumentet>24.5453</Kurs_som_använts_vid_värdering_av_instrumentet>
        <Valutakurs_instrument>9.790161</Valutakurs_instrument>
        <Marknadsvärde_instrument>0.0</Marknadsvärde_instrument>
        <Andel_av_fondförmögenhet_instrument>0.0</Andel_av_fondförmögenhet_instrument>
      </FinansielltInstrument>
      <FinansielltInstrument>
        <Tillgångsslag_enligt_LVF_5_kap>DerivatinstrumentSamtTeknikerOchInstrument</Tillgångsslag_enligt_LVF_5_kap>
        <Instrumentnamn>CBOE VIX FUTURE Jan23</Instrumentnamn>
        <ISIN-kod_instrument />
        <Landkod_Emittent>US</Landkod_Emittent>
        <Valuta>USD</Valuta>
        <Antal>2.0</Antal>
        <Nominellt_belopp />
        <Kurs_som_använts_vid_värdering_av_instrumentet>23.0981</Kurs_som_använts_vid_värdering_av_instrumentet>
        <Valutakurs_instrument>9.790161</Valutakurs_instrument>
        <Marknadsvärde_instrument>0.0</Marknadsvärde_instrument>
        <Andel_av_fondförmögenhet_instrument>0.0</Andel_av_fondförmögenhet_instrument>
      </FinansielltInstrument>
    </FinansiellaInstrument>
  </Fondinformation>
  <Fondinformation />
</VärdepappersfondInnehav>