﻿<?xml version="1.0" encoding="utf-8"?>
<VärdepappersfondInnehav xmlns="http://schemas.fi.se/publika/vardepappersfonder/20200331">
  <Rapportinformation>
    <Kvartalsslut>2022-12-31</Kvartalsslut>
  </Rapportinformation>
  <Bolagsinformation>
    <Fondbolag_namn>FCG Fonder AB</Fondbolag_namn>
    <Fondbolag_institutnummer>59005</Fondbolag_institutnummer>
    <Fondbolag_LEI-kod>254900CCW358UPZNRP67</Fondbolag_LEI-kod>
  </Bolagsinformation>
  <Fondinformation>
    <Fond_institutnummer>54626</Fond_institutnummer>
    <Fond_ISIN-kod>SE0013749413</Fond_ISIN-kod>
    <Fond_namn>Placerum Balanserad</Fond_namn>
    <Förvaltningsavgift>
      <MedAndelsklasser>
        <Förvaltningsavgift>
          <Andelsklass_namn>Placerum Balancerad - A</Andelsklass_namn>
          <Förvaltningsavgift_Typ>
            <Förvaltningsavgift_fast>0.95</Förvaltningsavgift_fast>
          </Förvaltningsavgift_Typ>
        </Förvaltningsavgift>
        <Förvaltningsavgift>
          <Andelsklass_namn>Placerum Balancerad - B</Andelsklass_namn>
          <Förvaltningsavgift_Typ>
            <Förvaltningsavgift_fast>1.75</Förvaltningsavgift_fast>
          </Förvaltningsavgift_Typ>
        </Förvaltningsavgift>
      </MedAndelsklasser>
    </Förvaltningsavgift>
    <Fondförmögenhet>524966971</Fondförmögenhet>
    <Likvida_medel>78541137</Likvida_medel>
    <Övriga_tillgångar_och_skulder>1150721</Övriga_tillgångar_och_skulder>
    <Standardavvikelse_24_månader>8.68</Standardavvikelse_24_månader>
    <Jämförelseindex>
      <Jämförelseindex>Jämförelseindex saknas</Jämförelseindex>
    </Jämförelseindex>
    <FinansiellaInstrument>
      <FinansielltInstrument>
        <Tillgångsslag_enligt_LVF_5_kap>Fondandel</Tillgångsslag_enligt_LVF_5_kap>
        <Instrumentnamn>HANDSBK-USA IDX CRITERIA-A1S</Instrumentnamn>
        <ISIN-kod_instrument>SE0004139780</ISIN-kod_instrument>
        <Landkod_Emittent>SE</Landkod_Emittent>
        <Valuta>SEK</Valuta>
        <Antal>40047.846</Antal>
        <Nominellt_belopp />
        <Kurs_som_använts_vid_värdering_av_instrumentet>607.77</Kurs_som_använts_vid_värdering_av_instrumentet>
        <Valutakurs_instrument>1</Valutakurs_instrument>
        <Marknadsvärde_instrument>24339879.37</Marknadsvärde_instrument>
        <Andel_av_fondförmögenhet_instrument>4.64</Andel_av_fondförmögenhet_instrument>
        <Bransch>
          <Branschkod_instrument>40</Branschkod_instrument>
          <Bransch_namn_instrument />
        </Bransch>
      </FinansielltInstrument>
      <FinansielltInstrument>
        <Tillgångsslag_enligt_LVF_5_kap>Fondandel</Tillgångsslag_enligt_LVF_5_kap>
        <Instrumentnamn>HB SVERIGE IND CRIT- A1 SEK</Instrumentnamn>
        <ISIN-kod_instrument>SE0001466368</ISIN-kod_instrument>
        <Landkod_Emittent>SE</Landkod_Emittent>
        <Valuta>SEK</Valuta>
        <Antal>154776.27</Antal>
        <Nominellt_belopp />
        <Kurs_som_använts_vid_värdering_av_instrumentet>378.55</Kurs_som_använts_vid_värdering_av_instrumentet>
        <Valutakurs_instrument>1</Valutakurs_instrument>
        <Marknadsvärde_instrument>58590556.98</Marknadsvärde_instrument>
        <Andel_av_fondförmögenhet_instrument>11.16</Andel_av_fondförmögenhet_instrument>
        <Bransch>
          <Branschkod_instrument>40</Branschkod_instrument>
          <Bransch_namn_instrument />
        </Bransch>
      </FinansielltInstrument>
      <FinansielltInstrument>
        <Tillgångsslag_enligt_LVF_5_kap>Fondandel</Tillgångsslag_enligt_LVF_5_kap>
        <Instrumentnamn>SWEDBANK ROBUR ACCESS USA</Instrumentnamn>
        <ISIN-kod_instrument>SE0007074083</ISIN-kod_instrument>
        <Landkod_Emittent>SE</Landkod_Emittent>
        <Valuta>SEK</Valuta>
        <Antal>90967.918</Antal>
        <Nominellt_belopp />
        <Kurs_som_använts_vid_värdering_av_instrumentet>465.16</Kurs_som_använts_vid_värdering_av_instrumentet>
        <Valutakurs_instrument>1</Valutakurs_instrument>
        <Marknadsvärde_instrument>42314636.55</Marknadsvärde_instrument>
        <Andel_av_fondförmögenhet_instrument>8.06</Andel_av_fondförmögenhet_instrument>
        <Bransch>
          <Branschkod_instrument>40</Branschkod_instrument>
          <Bransch_namn_instrument />
        </Bransch>
      </FinansielltInstrument>
      <FinansielltInstrument>
        <Tillgångsslag_enligt_LVF_5_kap>Fondandel</Tillgångsslag_enligt_LVF_5_kap>
        <Instrumentnamn>CLIENS SMABOLAG A</Instrumentnamn>
        <ISIN-kod_instrument>SE0008992069</ISIN-kod_instrument>
        <Landkod_Emittent>SE</Landkod_Emittent>
        <Valuta>SEK</Valuta>
        <Antal>11377.503</Antal>
        <Nominellt_belopp />
        <Kurs_som_använts_vid_värdering_av_instrumentet>2663.38</Kurs_som_använts_vid_värdering_av_instrumentet>
        <Valutakurs_instrument>1</Valutakurs_instrument>
        <Marknadsvärde_instrument>30302614.48</Marknadsvärde_instrument>
        <Andel_av_fondförmögenhet_instrument>5.77</Andel_av_fondförmögenhet_instrument>
        <Bransch>
          <Branschkod_instrument>40</Branschkod_instrument>
          <Bransch_namn_instrument />
        </Bransch>
      </FinansielltInstrument>
      <FinansielltInstrument>
        <Tillgångsslag_enligt_LVF_5_kap>Fondandel</Tillgångsslag_enligt_LVF_5_kap>
        <Instrumentnamn>NORRON SICAV-PRESERVE-RC SEK</Instrumentnamn>
        <ISIN-kod_instrument>LU0580530409</ISIN-kod_instrument>
        <Landkod_Emittent>LU</Landkod_Emittent>
        <Valuta>SEK</Valuta>
        <Antal>437342.398</Antal>
        <Nominellt_belopp />
        <Kurs_som_använts_vid_värdering_av_instrumentet>119.98</Kurs_som_använts_vid_värdering_av_instrumentet>
        <Valutakurs_instrument>1</Valutakurs_instrument>
        <Marknadsvärde_instrument>52472340.93</Marknadsvärde_instrument>
        <Andel_av_fondförmögenhet_instrument>10.00</Andel_av_fondförmögenhet_instrument>
        <Bransch>
          <Branschkod_instrument>40</Branschkod_instrument>
          <Bransch_namn_instrument />
        </Bransch>
      </FinansielltInstrument>
      <FinansielltInstrument>
        <Tillgångsslag_enligt_LVF_5_kap>Fondandel</Tillgångsslag_enligt_LVF_5_kap>
        <Instrumentnamn>KORTRANTA SEK-A1 SEK</Instrumentnamn>
        <ISIN-kod_instrument>SE0000356305</ISIN-kod_instrument>
        <Landkod_Emittent>SE</Landkod_Emittent>
        <Valuta>SEK</Valuta>
        <Antal>759582.364</Antal>
        <Nominellt_belopp />
        <Kurs_som_använts_vid_värdering_av_instrumentet>104.84</Kurs_som_använts_vid_värdering_av_instrumentet>
        <Valutakurs_instrument>1</Valutakurs_instrument>
        <Marknadsvärde_instrument>79634615.03</Marknadsvärde_instrument>
        <Andel_av_fondförmögenhet_instrument>15.17</Andel_av_fondförmögenhet_instrument>
        <Bransch>
          <Branschkod_instrument>40</Branschkod_instrument>
          <Bransch_namn_instrument />
        </Bransch>
      </FinansielltInstrument>
      <FinansielltInstrument>
        <Tillgångsslag_enligt_LVF_5_kap>Fondandel</Tillgångsslag_enligt_LVF_5_kap>
        <Instrumentnamn>SWEDBANK ROBUR ACCESS EUROPA</Instrumentnamn>
        <ISIN-kod_instrument>SE0007073937</ISIN-kod_instrument>
        <Landkod_Emittent>SE</Landkod_Emittent>
        <Valuta>SEK</Valuta>
        <Antal>271613.988</Antal>
        <Nominellt_belopp />
        <Kurs_som_använts_vid_värdering_av_instrumentet>178.19</Kurs_som_använts_vid_värdering_av_instrumentet>
        <Valutakurs_instrument>1</Valutakurs_instrument>
        <Marknadsvärde_instrument>48398896.55</Marknadsvärde_instrument>
        <Andel_av_fondförmögenhet_instrument>9.22</Andel_av_fondförmögenhet_instrument>
        <Bransch>
          <Branschkod_instrument>40</Branschkod_instrument>
          <Bransch_namn_instrument />
        </Bransch>
      </FinansielltInstrument>
      <FinansielltInstrument>
        <Tillgångsslag_enligt_LVF_5_kap>Fondandel</Tillgångsslag_enligt_LVF_5_kap>
        <Instrumentnamn>SWEDBANK ROBUR RANTEFOND KOR</Instrumentnamn>
        <ISIN-kod_instrument>SE0000543043</ISIN-kod_instrument>
        <Landkod_Emittent>SE</Landkod_Emittent>
        <Valuta>SEK</Valuta>
        <Antal>831439.491</Antal>
        <Nominellt_belopp />
        <Kurs_som_använts_vid_värdering_av_instrumentet>100.76</Kurs_som_använts_vid_värdering_av_instrumentet>
        <Valutakurs_instrument>1</Valutakurs_instrument>
        <Marknadsvärde_instrument>83775843.14</Marknadsvärde_instrument>
        <Andel_av_fondförmögenhet_instrument>15.96</Andel_av_fondförmögenhet_instrument>
        <Bransch>
          <Branschkod_instrument>40</Branschkod_instrument>
          <Bransch_namn_instrument />
        </Bransch>
      </FinansielltInstrument>
      <FinansielltInstrument>
        <Tillgångsslag_enligt_LVF_5_kap>Fondandel</Tillgångsslag_enligt_LVF_5_kap>
        <Instrumentnamn>SWEDBANK ROBUR ACCESS SVERIGE</Instrumentnamn>
        <ISIN-kod_instrument>SE0007074075</ISIN-kod_instrument>
        <Landkod_Emittent>SE</Landkod_Emittent>
        <Valuta>SEK</Valuta>
        <Antal>20.718</Antal>
        <Nominellt_belopp />
        <Kurs_som_använts_vid_värdering_av_instrumentet>240.37</Kurs_som_använts_vid_värdering_av_instrumentet>
        <Valutakurs_instrument>1</Valutakurs_instrument>
        <Marknadsvärde_instrument>4980.04</Marknadsvärde_instrument>
        <Andel_av_fondförmögenhet_instrument>0.00</Andel_av_fondförmögenhet_instrument>
        <Bransch>
          <Branschkod_instrument>40</Branschkod_instrument>
          <Bransch_namn_instrument />
        </Bransch>
      </FinansielltInstrument>
      <FinansielltInstrument>
        <Tillgångsslag_enligt_LVF_5_kap>Fondandel</Tillgångsslag_enligt_LVF_5_kap>
        <Instrumentnamn>LANNEBO SVERIGE PLUS</Instrumentnamn>
        <ISIN-kod_instrument>SE0002686584</ISIN-kod_instrument>
        <Landkod_Emittent>SE</Landkod_Emittent>
        <Valuta>SEK</Valuta>
        <Antal>343098.443</Antal>
        <Nominellt_belopp />
        <Kurs_som_använts_vid_värdering_av_instrumentet>74.15</Kurs_som_använts_vid_värdering_av_instrumentet>
        <Valutakurs_instrument>1</Valutakurs_instrument>
        <Marknadsvärde_instrument>25440749.54</Marknadsvärde_instrument>
        <Andel_av_fondförmögenhet_instrument>4.85</Andel_av_fondförmögenhet_instrument>
        <Bransch>
          <Branschkod_instrument>40</Branschkod_instrument>
          <Bransch_namn_instrument />
        </Bransch>
      </FinansielltInstrument>
    </FinansiellaInstrument>
  </Fondinformation>
  <Fondinformation />
</VärdepappersfondInnehav>