﻿<?xml version="1.0" encoding="utf-8"?>
<VärdepappersfondInnehav xmlns="http://schemas.fi.se/publika/vardepappersfonder/20200331">
  <Rapportinformation>
    <Kvartalsslut>2022-12-31</Kvartalsslut>
  </Rapportinformation>
  <Bolagsinformation>
    <Fondbolag_namn>FCG Fonder AB</Fondbolag_namn>
    <Fondbolag_institutnummer>59005</Fondbolag_institutnummer>
    <Fondbolag_LEI-kod>254900CCW358UPZNRP67</Fondbolag_LEI-kod>
  </Bolagsinformation>
  <Fondinformation>
    <Fond_institutnummer>63596</Fond_institutnummer>
    <Fond_ISIN-kod>SE0016798805</Fond_ISIN-kod>
    <Fond_namn>PLUS Fastigheter Sverige Index</Fond_namn>
    <Förvaltningsavgift>
      <UtanAndelsklasser>
        <Förvaltningsavgift_fast>0.2</Förvaltningsavgift_fast>
      </UtanAndelsklasser>
    </Förvaltningsavgift>
    <Fondförmögenhet>134801882</Fondförmögenhet>
    <Likvida_medel>517338</Likvida_medel>
    <Övriga_tillgångar_och_skulder>-20946</Övriga_tillgångar_och_skulder>
    <Jämförelseindex>
      <Jämförelseindex>SIX Real Estate Index</Jämförelseindex>
    </Jämförelseindex>
    <FinansiellaInstrument>
      <FinansielltInstrument>
        <Tillgångsslag_enligt_LVF_5_kap>ÖverlåtbartVärdepapper</Tillgångsslag_enligt_LVF_5_kap>
        <Instrumentnamn>Acrinova AB-B</Instrumentnamn>
        <ISIN-kod_instrument>SE0015660030</ISIN-kod_instrument>
        <Landkod_Emittent>SE</Landkod_Emittent>
        <Valuta>SEK</Valuta>
        <Antal>9610.0</Antal>
        <Nominellt_belopp />
        <Kurs_som_använts_vid_värdering_av_instrumentet>7.86</Kurs_som_använts_vid_värdering_av_instrumentet>
        <Valutakurs_instrument>1.0</Valutakurs_instrument>
        <Marknadsvärde_instrument>75534.6</Marknadsvärde_instrument>
        <Andel_av_fondförmögenhet_instrument>0.06</Andel_av_fondförmögenhet_instrument>
        <Bransch>
          <Branschkod_instrument>60</Branschkod_instrument>
          <Bransch_namn_instrument />
        </Bransch>
      </FinansielltInstrument>
      <FinansielltInstrument>
        <Tillgångsslag_enligt_LVF_5_kap>ÖverlåtbartVärdepapper</Tillgångsslag_enligt_LVF_5_kap>
        <Instrumentnamn>Annehem Fastigheter AB</Instrumentnamn>
        <ISIN-kod_instrument>SE0015221684</ISIN-kod_instrument>
        <Landkod_Emittent>SE</Landkod_Emittent>
        <Valuta>SEK</Valuta>
        <Antal>13554.0</Antal>
        <Nominellt_belopp />
        <Kurs_som_använts_vid_värdering_av_instrumentet>19.8</Kurs_som_använts_vid_värdering_av_instrumentet>
        <Valutakurs_instrument>1.0</Valutakurs_instrument>
        <Marknadsvärde_instrument>268369.2</Marknadsvärde_instrument>
        <Andel_av_fondförmögenhet_instrument>0.2</Andel_av_fondförmögenhet_instrument>
        <Bransch>
          <Branschkod_instrument>60</Branschkod_instrument>
          <Bransch_namn_instrument />
        </Bransch>
      </FinansielltInstrument>
      <FinansielltInstrument>
        <Tillgångsslag_enligt_LVF_5_kap>ÖverlåtbartVärdepapper</Tillgångsslag_enligt_LVF_5_kap>
        <Instrumentnamn>Annehem Fastigheter AB VPL</Instrumentnamn>
        <ISIN-kod_instrument>SE0015221684</ISIN-kod_instrument>
        <Landkod_Emittent>SE</Landkod_Emittent>
        <Valuta>SEK</Valuta>
        <Antal>574.0</Antal>
        <Nominellt_belopp />
        <Kurs_som_använts_vid_värdering_av_instrumentet>19.8</Kurs_som_använts_vid_värdering_av_instrumentet>
        <Valutakurs_instrument>1.0</Valutakurs_instrument>
        <Marknadsvärde_instrument>11365.2</Marknadsvärde_instrument>
        <Andel_av_fondförmögenhet_instrument>0.01</Andel_av_fondförmögenhet_instrument>
        <Bransch>
          <Branschkod_instrument>60</Branschkod_instrument>
          <Bransch_namn_instrument />
        </Bransch>
      </FinansielltInstrument>
      <FinansielltInstrument>
        <Tillgångsslag_enligt_LVF_5_kap>ÖverlåtbartVärdepapper</Tillgångsslag_enligt_LVF_5_kap>
        <Instrumentnamn>Atrium Ljungberg AB</Instrumentnamn>
        <ISIN-kod_instrument>SE0000191827</ISIN-kod_instrument>
        <Landkod_Emittent>SE</Landkod_Emittent>
        <Valuta>SEK</Valuta>
        <Antal>19786.0</Antal>
        <Nominellt_belopp />
        <Kurs_som_använts_vid_värdering_av_instrumentet>170.9</Kurs_som_använts_vid_värdering_av_instrumentet>
        <Valutakurs_instrument>1.0</Valutakurs_instrument>
        <Marknadsvärde_instrument>3381427.4</Marknadsvärde_instrument>
        <Andel_av_fondförmögenhet_instrument>2.51</Andel_av_fondförmögenhet_instrument>
        <Bransch>
          <Branschkod_instrument>60</Branschkod_instrument>
          <Bransch_namn_instrument />
        </Bransch>
      </FinansielltInstrument>
      <FinansielltInstrument>
        <Tillgångsslag_enligt_LVF_5_kap>ÖverlåtbartVärdepapper</Tillgångsslag_enligt_LVF_5_kap>
        <Instrumentnamn>Atrium Ljungberg AB VPL</Instrumentnamn>
        <ISIN-kod_instrument>SE0000191827</ISIN-kod_instrument>
        <Landkod_Emittent>SE</Landkod_Emittent>
        <Valuta>SEK</Valuta>
        <Antal>16847.0</Antal>
        <Nominellt_belopp />
        <Kurs_som_använts_vid_värdering_av_instrumentet>170.9</Kurs_som_använts_vid_värdering_av_instrumentet>
        <Valutakurs_instrument>1.0</Valutakurs_instrument>
        <Marknadsvärde_instrument>2879152.3</Marknadsvärde_instrument>
        <Andel_av_fondförmögenhet_instrument>2.14</Andel_av_fondförmögenhet_instrument>
        <Bransch>
          <Branschkod_instrument>60</Branschkod_instrument>
          <Bransch_namn_instrument />
        </Bransch>
      </FinansielltInstrument>
      <FinansielltInstrument>
        <Tillgångsslag_enligt_LVF_5_kap>ÖverlåtbartVärdepapper</Tillgångsslag_enligt_LVF_5_kap>
        <Instrumentnamn>Brinova Fastigheter AB</Instrumentnamn>
        <ISIN-kod_instrument>SE0008347652</ISIN-kod_instrument>
        <Landkod_Emittent>SE</Landkod_Emittent>
        <Valuta>SEK</Valuta>
        <Antal>21533.0</Antal>
        <Nominellt_belopp />
        <Kurs_som_använts_vid_värdering_av_instrumentet>25.8</Kurs_som_använts_vid_värdering_av_instrumentet>
        <Valutakurs_instrument>1.0</Valutakurs_instrument>
        <Marknadsvärde_instrument>555551.4</Marknadsvärde_instrument>
        <Andel_av_fondförmögenhet_instrument>0.41</Andel_av_fondförmögenhet_instrument>
        <Bransch>
          <Branschkod_instrument>60</Branschkod_instrument>
          <Bransch_namn_instrument />
        </Bransch>
      </FinansielltInstrument>
      <FinansielltInstrument>
        <Tillgångsslag_enligt_LVF_5_kap>ÖverlåtbartVärdepapper</Tillgångsslag_enligt_LVF_5_kap>
        <Instrumentnamn>Castellum AB</Instrumentnamn>
        <ISIN-kod_instrument>SE0000379190</ISIN-kod_instrument>
        <Landkod_Emittent>SE</Landkod_Emittent>
        <Valuta>SEK</Valuta>
        <Antal>92437.0</Antal>
        <Nominellt_belopp />
        <Kurs_som_använts_vid_värdering_av_instrumentet>126.25</Kurs_som_använts_vid_värdering_av_instrumentet>
        <Valutakurs_instrument>1.0</Valutakurs_instrument>
        <Marknadsvärde_instrument>11670171.25</Marknadsvärde_instrument>
        <Andel_av_fondförmögenhet_instrument>8.66</Andel_av_fondförmögenhet_instrument>
        <Bransch>
          <Branschkod_instrument>60</Branschkod_instrument>
          <Bransch_namn_instrument />
        </Bransch>
      </FinansielltInstrument>
      <FinansielltInstrument>
        <Tillgångsslag_enligt_LVF_5_kap>ÖverlåtbartVärdepapper</Tillgångsslag_enligt_LVF_5_kap>
        <Instrumentnamn>Castellum AB VPL</Instrumentnamn>
        <ISIN-kod_instrument>SE0000379190</ISIN-kod_instrument>
        <Landkod_Emittent>SE</Landkod_Emittent>
        <Valuta>SEK</Valuta>
        <Antal>6323.0</Antal>
        <Nominellt_belopp />
        <Kurs_som_använts_vid_värdering_av_instrumentet>126.25</Kurs_som_använts_vid_värdering_av_instrumentet>
        <Valutakurs_instrument>1.0</Valutakurs_instrument>
        <Marknadsvärde_instrument>798278.75</Marknadsvärde_instrument>
        <Andel_av_fondförmögenhet_instrument>0.59</Andel_av_fondförmögenhet_instrument>
        <Bransch>
          <Branschkod_instrument>60</Branschkod_instrument>
          <Bransch_namn_instrument />
        </Bransch>
      </FinansielltInstrument>
      <FinansielltInstrument>
        <Tillgångsslag_enligt_LVF_5_kap>ÖverlåtbartVärdepapper</Tillgångsslag_enligt_LVF_5_kap>
        <Instrumentnamn>Catena AB</Instrumentnamn>
        <ISIN-kod_instrument>SE0001664707</ISIN-kod_instrument>
        <Landkod_Emittent>SE</Landkod_Emittent>
        <Valuta>SEK</Valuta>
        <Antal>14249.0</Antal>
        <Nominellt_belopp />
        <Kurs_som_använts_vid_värdering_av_instrumentet>388.6</Kurs_som_använts_vid_värdering_av_instrumentet>
        <Valutakurs_instrument>1.0</Valutakurs_instrument>
        <Marknadsvärde_instrument>5537161.4</Marknadsvärde_instrument>
        <Andel_av_fondförmögenhet_instrument>4.11</Andel_av_fondförmögenhet_instrument>
        <Bransch>
          <Branschkod_instrument>60</Branschkod_instrument>
          <Bransch_namn_instrument />
        </Bransch>
      </FinansielltInstrument>
      <FinansielltInstrument>
        <Tillgångsslag_enligt_LVF_5_kap>ÖverlåtbartVärdepapper</Tillgångsslag_enligt_LVF_5_kap>
        <Instrumentnamn>Cibus Nordic</Instrumentnamn>
        <ISIN-kod_instrument>SE0010832204</ISIN-kod_instrument>
        <Landkod_Emittent>SE</Landkod_Emittent>
        <Valuta>SEK</Valuta>
        <Antal>13632.0</Antal>
        <Nominellt_belopp />
        <Kurs_som_använts_vid_värdering_av_instrumentet>143.4</Kurs_som_använts_vid_värdering_av_instrumentet>
        <Valutakurs_instrument>1.0</Valutakurs_instrument>
        <Marknadsvärde_instrument>1954828.8</Marknadsvärde_instrument>
        <Andel_av_fondförmögenhet_instrument>1.45</Andel_av_fondförmögenhet_instrument>
        <Bransch>
          <Branschkod_instrument>60</Branschkod_instrument>
          <Bransch_namn_instrument />
        </Bransch>
      </FinansielltInstrument>
      <FinansielltInstrument>
        <Tillgångsslag_enligt_LVF_5_kap>ÖverlåtbartVärdepapper</Tillgångsslag_enligt_LVF_5_kap>
        <Instrumentnamn>Corem Property Group AB B</Instrumentnamn>
        <ISIN-kod_instrument>SE0010714287</ISIN-kod_instrument>
        <Landkod_Emittent>SE</Landkod_Emittent>
        <Valuta>SEK</Valuta>
        <Antal>279717.0</Antal>
        <Nominellt_belopp />
        <Kurs_som_använts_vid_värdering_av_instrumentet>8.39</Kurs_som_använts_vid_värdering_av_instrumentet>
        <Valutakurs_instrument>1.0</Valutakurs_instrument>
        <Marknadsvärde_instrument>2346825.63</Marknadsvärde_instrument>
        <Andel_av_fondförmögenhet_instrument>1.74</Andel_av_fondförmögenhet_instrument>
        <Bransch>
          <Branschkod_instrument>60</Branschkod_instrument>
          <Bransch_namn_instrument />
        </Bransch>
      </FinansielltInstrument>
      <FinansielltInstrument>
        <Tillgångsslag_enligt_LVF_5_kap>ÖverlåtbartVärdepapper</Tillgångsslag_enligt_LVF_5_kap>
        <Instrumentnamn>Corem Property Group AB B VPL</Instrumentnamn>
        <ISIN-kod_instrument>SE0010714287</ISIN-kod_instrument>
        <Landkod_Emittent>SE</Landkod_Emittent>
        <Valuta>SEK</Valuta>
        <Antal>34745.0</Antal>
        <Nominellt_belopp />
        <Kurs_som_använts_vid_värdering_av_instrumentet>8.39</Kurs_som_använts_vid_värdering_av_instrumentet>
        <Valutakurs_instrument>1.0</Valutakurs_instrument>
        <Marknadsvärde_instrument>291510.55</Marknadsvärde_instrument>
        <Andel_av_fondförmögenhet_instrument>0.22</Andel_av_fondförmögenhet_instrument>
        <Bransch>
          <Branschkod_instrument>60</Branschkod_instrument>
          <Bransch_namn_instrument />
        </Bransch>
      </FinansielltInstrument>
      <FinansielltInstrument>
        <Tillgångsslag_enligt_LVF_5_kap>ÖverlåtbartVärdepapper</Tillgångsslag_enligt_LVF_5_kap>
        <Instrumentnamn>Dios Fastigheter AB</Instrumentnamn>
        <ISIN-kod_instrument>SE0001634262</ISIN-kod_instrument>
        <Landkod_Emittent>SE</Landkod_Emittent>
        <Valuta>SEK</Valuta>
        <Antal>39903.0</Antal>
        <Nominellt_belopp />
        <Kurs_som_använts_vid_värdering_av_instrumentet>75.45</Kurs_som_använts_vid_värdering_av_instrumentet>
        <Valutakurs_instrument>1.0</Valutakurs_instrument>
        <Marknadsvärde_instrument>3010681.35</Marknadsvärde_instrument>
        <Andel_av_fondförmögenhet_instrument>2.23</Andel_av_fondförmögenhet_instrument>
        <Bransch>
          <Branschkod_instrument>60</Branschkod_instrument>
          <Bransch_namn_instrument />
        </Bransch>
      </FinansielltInstrument>
      <FinansielltInstrument>
        <Tillgångsslag_enligt_LVF_5_kap>ÖverlåtbartVärdepapper</Tillgångsslag_enligt_LVF_5_kap>
        <Instrumentnamn>Eastnine AB</Instrumentnamn>
        <ISIN-kod_instrument>SE0002158568</ISIN-kod_instrument>
        <Landkod_Emittent>SE</Landkod_Emittent>
        <Valuta>SEK</Valuta>
        <Antal>6301.0</Antal>
        <Nominellt_belopp />
        <Kurs_som_använts_vid_värdering_av_instrumentet>120.8</Kurs_som_använts_vid_värdering_av_instrumentet>
        <Valutakurs_instrument>1.0</Valutakurs_instrument>
        <Marknadsvärde_instrument>761160.8</Marknadsvärde_instrument>
        <Andel_av_fondförmögenhet_instrument>0.56</Andel_av_fondförmögenhet_instrument>
        <Bransch>
          <Branschkod_instrument>60</Branschkod_instrument>
          <Bransch_namn_instrument />
        </Bransch>
      </FinansielltInstrument>
      <FinansielltInstrument>
        <Tillgångsslag_enligt_LVF_5_kap>ÖverlåtbartVärdepapper</Tillgångsslag_enligt_LVF_5_kap>
        <Instrumentnamn>Fabege AB</Instrumentnamn>
        <ISIN-kod_instrument>SE0011166974</ISIN-kod_instrument>
        <Landkod_Emittent>SE</Landkod_Emittent>
        <Valuta>SEK</Valuta>
        <Antal>85421.0</Antal>
        <Nominellt_belopp />
        <Kurs_som_använts_vid_värdering_av_instrumentet>88.7</Kurs_som_använts_vid_värdering_av_instrumentet>
        <Valutakurs_instrument>1.0</Valutakurs_instrument>
        <Marknadsvärde_instrument>7576842.7</Marknadsvärde_instrument>
        <Andel_av_fondförmögenhet_instrument>5.62</Andel_av_fondförmögenhet_instrument>
        <Bransch>
          <Branschkod_instrument>60</Branschkod_instrument>
          <Bransch_namn_instrument />
        </Bransch>
      </FinansielltInstrument>
      <FinansielltInstrument>
        <Tillgångsslag_enligt_LVF_5_kap>ÖverlåtbartVärdepapper</Tillgångsslag_enligt_LVF_5_kap>
        <Instrumentnamn>Fabege AB VPL</Instrumentnamn>
        <ISIN-kod_instrument>SE0011166974</ISIN-kod_instrument>
        <Landkod_Emittent>SE</Landkod_Emittent>
        <Valuta>SEK</Valuta>
        <Antal>8461.0</Antal>
        <Nominellt_belopp />
        <Kurs_som_använts_vid_värdering_av_instrumentet>88.7</Kurs_som_använts_vid_värdering_av_instrumentet>
        <Valutakurs_instrument>1.0</Valutakurs_instrument>
        <Marknadsvärde_instrument>750490.7</Marknadsvärde_instrument>
        <Andel_av_fondförmögenhet_instrument>0.56</Andel_av_fondförmögenhet_instrument>
        <Bransch>
          <Branschkod_instrument>60</Branschkod_instrument>
          <Bransch_namn_instrument />
        </Bransch>
      </FinansielltInstrument>
      <FinansielltInstrument>
        <Tillgångsslag_enligt_LVF_5_kap>ÖverlåtbartVärdepapper</Tillgångsslag_enligt_LVF_5_kap>
        <Instrumentnamn>FastPartner AB A</Instrumentnamn>
        <ISIN-kod_instrument>SE0013512506</ISIN-kod_instrument>
        <Landkod_Emittent>SE</Landkod_Emittent>
        <Valuta>SEK</Valuta>
        <Antal>47895.0</Antal>
        <Nominellt_belopp />
        <Kurs_som_använts_vid_värdering_av_instrumentet>71.3</Kurs_som_använts_vid_värdering_av_instrumentet>
        <Valutakurs_instrument>1.0</Valutakurs_instrument>
        <Marknadsvärde_instrument>3414913.5</Marknadsvärde_instrument>
        <Andel_av_fondförmögenhet_instrument>2.53</Andel_av_fondförmögenhet_instrument>
        <Bransch>
          <Branschkod_instrument>60</Branschkod_instrument>
          <Bransch_namn_instrument />
        </Bransch>
      </FinansielltInstrument>
      <FinansielltInstrument>
        <Tillgångsslag_enligt_LVF_5_kap>ÖverlåtbartVärdepapper</Tillgångsslag_enligt_LVF_5_kap>
        <Instrumentnamn>FastPartner AB A VPL</Instrumentnamn>
        <ISIN-kod_instrument>SE0013512506</ISIN-kod_instrument>
        <Landkod_Emittent>SE</Landkod_Emittent>
        <Valuta>SEK</Valuta>
        <Antal>3674.0</Antal>
        <Nominellt_belopp />
        <Kurs_som_använts_vid_värdering_av_instrumentet>71.3</Kurs_som_använts_vid_värdering_av_instrumentet>
        <Valutakurs_instrument>1.0</Valutakurs_instrument>
        <Marknadsvärde_instrument>261956.2</Marknadsvärde_instrument>
        <Andel_av_fondförmögenhet_instrument>0.19</Andel_av_fondförmögenhet_instrument>
        <Bransch>
          <Branschkod_instrument>60</Branschkod_instrument>
          <Bransch_namn_instrument />
        </Bransch>
      </FinansielltInstrument>
      <FinansielltInstrument>
        <Tillgångsslag_enligt_LVF_5_kap>ÖverlåtbartVärdepapper</Tillgångsslag_enligt_LVF_5_kap>
        <Instrumentnamn>Fastator AB</Instrumentnamn>
        <ISIN-kod_instrument>SE0015407382</ISIN-kod_instrument>
        <Landkod_Emittent>SE</Landkod_Emittent>
        <Valuta>SEK</Valuta>
        <Antal>20833.0</Antal>
        <Nominellt_belopp />
        <Kurs_som_använts_vid_värdering_av_instrumentet>11.62</Kurs_som_använts_vid_värdering_av_instrumentet>
        <Valutakurs_instrument>1.0</Valutakurs_instrument>
        <Marknadsvärde_instrument>242079.46</Marknadsvärde_instrument>
        <Andel_av_fondförmögenhet_instrument>0.18</Andel_av_fondförmögenhet_instrument>
        <Bransch>
          <Branschkod_instrument>60</Branschkod_instrument>
          <Bransch_namn_instrument />
        </Bransch>
      </FinansielltInstrument>
      <FinansielltInstrument>
        <Tillgångsslag_enligt_LVF_5_kap>ÖverlåtbartVärdepapper</Tillgångsslag_enligt_LVF_5_kap>
        <Instrumentnamn>Fastighets AB Balder</Instrumentnamn>
        <ISIN-kod_instrument>SE0017832488</ISIN-kod_instrument>
        <Landkod_Emittent>SE</Landkod_Emittent>
        <Valuta>SEK</Valuta>
        <Antal>298306.0</Antal>
        <Nominellt_belopp />
        <Kurs_som_använts_vid_värdering_av_instrumentet>48.52</Kurs_som_använts_vid_värdering_av_instrumentet>
        <Valutakurs_instrument>1.0</Valutakurs_instrument>
        <Marknadsvärde_instrument>14473807.12</Marknadsvärde_instrument>
        <Andel_av_fondförmögenhet_instrument>10.74</Andel_av_fondförmögenhet_instrument>
        <Bransch>
          <Branschkod_instrument>60</Branschkod_instrument>
          <Bransch_namn_instrument />
        </Bransch>
      </FinansielltInstrument>
      <FinansielltInstrument>
        <Tillgångsslag_enligt_LVF_5_kap>ÖverlåtbartVärdepapper</Tillgångsslag_enligt_LVF_5_kap>
        <Instrumentnamn>Fastighets AB Trianon</Instrumentnamn>
        <ISIN-kod_instrument>SE0018013658</ISIN-kod_instrument>
        <Landkod_Emittent>SE</Landkod_Emittent>
        <Valuta>SEK</Valuta>
        <Antal>43254.0</Antal>
        <Nominellt_belopp />
        <Kurs_som_använts_vid_värdering_av_instrumentet>20.85</Kurs_som_använts_vid_värdering_av_instrumentet>
        <Valutakurs_instrument>1.0</Valutakurs_instrument>
        <Marknadsvärde_instrument>901845.9</Marknadsvärde_instrument>
        <Andel_av_fondförmögenhet_instrument>0.67</Andel_av_fondförmögenhet_instrument>
        <Bransch>
          <Branschkod_instrument>60</Branschkod_instrument>
          <Bransch_namn_instrument />
        </Bransch>
      </FinansielltInstrument>
      <FinansielltInstrument>
        <Tillgångsslag_enligt_LVF_5_kap>ÖverlåtbartVärdepapper</Tillgångsslag_enligt_LVF_5_kap>
        <Instrumentnamn>Fastighetsbolag Emilshus AB B</Instrumentnamn>
        <ISIN-kod_instrument>SE0016785786</ISIN-kod_instrument>
        <Landkod_Emittent>SE</Landkod_Emittent>
        <Valuta>SEK</Valuta>
        <Antal>21199.0</Antal>
        <Nominellt_belopp />
        <Kurs_som_använts_vid_värdering_av_instrumentet>27.25</Kurs_som_använts_vid_värdering_av_instrumentet>
        <Valutakurs_instrument>1.0</Valutakurs_instrument>
        <Marknadsvärde_instrument>577672.75</Marknadsvärde_instrument>
        <Andel_av_fondförmögenhet_instrument>0.43</Andel_av_fondförmögenhet_instrument>
        <Bransch>
          <Branschkod_instrument>60</Branschkod_instrument>
          <Bransch_namn_instrument />
        </Bransch>
      </FinansielltInstrument>
      <FinansielltInstrument>
        <Tillgångsslag_enligt_LVF_5_kap>ÖverlåtbartVärdepapper</Tillgångsslag_enligt_LVF_5_kap>
        <Instrumentnamn>Fastighetsbolag Emilshus AB B VPL</Instrumentnamn>
        <ISIN-kod_instrument>SE0016785786</ISIN-kod_instrument>
        <Landkod_Emittent>SE</Landkod_Emittent>
        <Valuta>SEK</Valuta>
        <Antal>800.0</Antal>
        <Nominellt_belopp />
        <Kurs_som_använts_vid_värdering_av_instrumentet>27.25</Kurs_som_använts_vid_värdering_av_instrumentet>
        <Valutakurs_instrument>1.0</Valutakurs_instrument>
        <Marknadsvärde_instrument>21800.0</Marknadsvärde_instrument>
        <Andel_av_fondförmögenhet_instrument>0.02</Andel_av_fondförmögenhet_instrument>
        <Bransch>
          <Branschkod_instrument>60</Branschkod_instrument>
          <Bransch_namn_instrument />
        </Bransch>
      </FinansielltInstrument>
      <FinansielltInstrument>
        <Tillgångsslag_enligt_LVF_5_kap>ÖverlåtbartVärdepapper</Tillgångsslag_enligt_LVF_5_kap>
        <Instrumentnamn>Genova Property Group AB</Instrumentnamn>
        <ISIN-kod_instrument>SE0007184189</ISIN-kod_instrument>
        <Landkod_Emittent>SE</Landkod_Emittent>
        <Valuta>SEK</Valuta>
        <Antal>11514.0</Antal>
        <Nominellt_belopp />
        <Kurs_som_använts_vid_värdering_av_instrumentet>52.4</Kurs_som_använts_vid_värdering_av_instrumentet>
        <Valutakurs_instrument>1.0</Valutakurs_instrument>
        <Marknadsvärde_instrument>603333.6</Marknadsvärde_instrument>
        <Andel_av_fondförmögenhet_instrument>0.45</Andel_av_fondförmögenhet_instrument>
        <Bransch>
          <Branschkod_instrument>60</Branschkod_instrument>
          <Bransch_namn_instrument />
        </Bransch>
      </FinansielltInstrument>
      <FinansielltInstrument>
        <Tillgångsslag_enligt_LVF_5_kap>ÖverlåtbartVärdepapper</Tillgångsslag_enligt_LVF_5_kap>
        <Instrumentnamn>Heba Fastighets AB</Instrumentnamn>
        <ISIN-kod_instrument>SE0017911480</ISIN-kod_instrument>
        <Landkod_Emittent>SE</Landkod_Emittent>
        <Valuta>SEK</Valuta>
        <Antal>26010.0</Antal>
        <Nominellt_belopp />
        <Kurs_som_använts_vid_värdering_av_instrumentet>36.3</Kurs_som_använts_vid_värdering_av_instrumentet>
        <Valutakurs_instrument>1.0</Valutakurs_instrument>
        <Marknadsvärde_instrument>944163.0</Marknadsvärde_instrument>
        <Andel_av_fondförmögenhet_instrument>0.7</Andel_av_fondförmögenhet_instrument>
        <Bransch>
          <Branschkod_instrument>60</Branschkod_instrument>
          <Bransch_namn_instrument />
        </Bransch>
      </FinansielltInstrument>
      <FinansielltInstrument>
        <Tillgångsslag_enligt_LVF_5_kap>ÖverlåtbartVärdepapper</Tillgångsslag_enligt_LVF_5_kap>
        <Instrumentnamn>Heba Fastighets AB VPL</Instrumentnamn>
        <ISIN-kod_instrument>SE0017911480</ISIN-kod_instrument>
        <Landkod_Emittent>SE</Landkod_Emittent>
        <Valuta>SEK</Valuta>
        <Antal>15963.0</Antal>
        <Nominellt_belopp />
        <Kurs_som_använts_vid_värdering_av_instrumentet>36.3</Kurs_som_använts_vid_värdering_av_instrumentet>
        <Valutakurs_instrument>1.0</Valutakurs_instrument>
        <Marknadsvärde_instrument>579456.9</Marknadsvärde_instrument>
        <Andel_av_fondförmögenhet_instrument>0.43</Andel_av_fondförmögenhet_instrument>
        <Bransch>
          <Branschkod_instrument>60</Branschkod_instrument>
          <Bransch_namn_instrument />
        </Bransch>
      </FinansielltInstrument>
      <FinansielltInstrument>
        <Tillgångsslag_enligt_LVF_5_kap>ÖverlåtbartVärdepapper</Tillgångsslag_enligt_LVF_5_kap>
        <Instrumentnamn>Hufvudstaden AB</Instrumentnamn>
        <ISIN-kod_instrument>SE0000170375</ISIN-kod_instrument>
        <Landkod_Emittent>SE</Landkod_Emittent>
        <Valuta>SEK</Valuta>
        <Antal>46770.0</Antal>
        <Nominellt_belopp />
        <Kurs_som_använts_vid_värdering_av_instrumentet>148.3</Kurs_som_använts_vid_värdering_av_instrumentet>
        <Valutakurs_instrument>1.0</Valutakurs_instrument>
        <Marknadsvärde_instrument>6935991.0</Marknadsvärde_instrument>
        <Andel_av_fondförmögenhet_instrument>5.15</Andel_av_fondförmögenhet_instrument>
        <Bransch>
          <Branschkod_instrument>60</Branschkod_instrument>
          <Bransch_namn_instrument />
        </Bransch>
      </FinansielltInstrument>
      <FinansielltInstrument>
        <Tillgångsslag_enligt_LVF_5_kap>ÖverlåtbartVärdepapper</Tillgångsslag_enligt_LVF_5_kap>
        <Instrumentnamn>Hufvudstaden AB VPL</Instrumentnamn>
        <ISIN-kod_instrument>SE0000170375</ISIN-kod_instrument>
        <Landkod_Emittent>SE</Landkod_Emittent>
        <Valuta>SEK</Valuta>
        <Antal>10884.0</Antal>
        <Nominellt_belopp />
        <Kurs_som_använts_vid_värdering_av_instrumentet>148.3</Kurs_som_använts_vid_värdering_av_instrumentet>
        <Valutakurs_instrument>1.0</Valutakurs_instrument>
        <Marknadsvärde_instrument>1614097.2</Marknadsvärde_instrument>
        <Andel_av_fondförmögenhet_instrument>1.2</Andel_av_fondförmögenhet_instrument>
        <Bransch>
          <Branschkod_instrument>60</Branschkod_instrument>
          <Bransch_namn_instrument />
        </Bransch>
      </FinansielltInstrument>
      <FinansielltInstrument>
        <Tillgångsslag_enligt_LVF_5_kap>ÖverlåtbartVärdepapper</Tillgångsslag_enligt_LVF_5_kap>
        <Instrumentnamn>John Mattson Fastighetsforetag AB</Instrumentnamn>
        <ISIN-kod_instrument>SE0012481364</ISIN-kod_instrument>
        <Landkod_Emittent>SE</Landkod_Emittent>
        <Valuta>SEK</Valuta>
        <Antal>4676.0</Antal>
        <Nominellt_belopp />
        <Kurs_som_använts_vid_värdering_av_instrumentet>83.1</Kurs_som_använts_vid_värdering_av_instrumentet>
        <Valutakurs_instrument>1.0</Valutakurs_instrument>
        <Marknadsvärde_instrument>388575.6</Marknadsvärde_instrument>
        <Andel_av_fondförmögenhet_instrument>0.29</Andel_av_fondförmögenhet_instrument>
        <Bransch>
          <Branschkod_instrument>60</Branschkod_instrument>
          <Bransch_namn_instrument />
        </Bransch>
      </FinansielltInstrument>
      <FinansielltInstrument>
        <Tillgångsslag_enligt_LVF_5_kap>ÖverlåtbartVärdepapper</Tillgångsslag_enligt_LVF_5_kap>
        <Instrumentnamn>John Mattson Fastighetsforetag AB VPL</Instrumentnamn>
        <ISIN-kod_instrument>SE0012481364</ISIN-kod_instrument>
        <Landkod_Emittent>SE</Landkod_Emittent>
        <Valuta>SEK</Valuta>
        <Antal>6000.0</Antal>
        <Nominellt_belopp />
        <Kurs_som_använts_vid_värdering_av_instrumentet>83.1</Kurs_som_använts_vid_värdering_av_instrumentet>
        <Valutakurs_instrument>1.0</Valutakurs_instrument>
        <Marknadsvärde_instrument>498600.0</Marknadsvärde_instrument>
        <Andel_av_fondförmögenhet_instrument>0.37</Andel_av_fondförmögenhet_instrument>
        <Bransch>
          <Branschkod_instrument>60</Branschkod_instrument>
          <Bransch_namn_instrument />
        </Bransch>
      </FinansielltInstrument>
      <FinansielltInstrument>
        <Tillgångsslag_enligt_LVF_5_kap>ÖverlåtbartVärdepapper</Tillgångsslag_enligt_LVF_5_kap>
        <Instrumentnamn>K-fast Holding AB B</Instrumentnamn>
        <ISIN-kod_instrument>SE0016101679</ISIN-kod_instrument>
        <Landkod_Emittent>SE</Landkod_Emittent>
        <Valuta>SEK</Valuta>
        <Antal>27622.0</Antal>
        <Nominellt_belopp />
        <Kurs_som_använts_vid_värdering_av_instrumentet>23.54</Kurs_som_använts_vid_värdering_av_instrumentet>
        <Valutakurs_instrument>1.0</Valutakurs_instrument>
        <Marknadsvärde_instrument>650221.88</Marknadsvärde_instrument>
        <Andel_av_fondförmögenhet_instrument>0.48</Andel_av_fondförmögenhet_instrument>
        <Bransch>
          <Branschkod_instrument>60</Branschkod_instrument>
          <Bransch_namn_instrument />
        </Bransch>
      </FinansielltInstrument>
      <FinansielltInstrument>
        <Tillgångsslag_enligt_LVF_5_kap>ÖverlåtbartVärdepapper</Tillgångsslag_enligt_LVF_5_kap>
        <Instrumentnamn>K-fast Holding AB B VPL</Instrumentnamn>
        <ISIN-kod_instrument>SE0016101679</ISIN-kod_instrument>
        <Landkod_Emittent>SE</Landkod_Emittent>
        <Valuta>SEK</Valuta>
        <Antal>26672.0</Antal>
        <Nominellt_belopp />
        <Kurs_som_använts_vid_värdering_av_instrumentet>23.54</Kurs_som_använts_vid_värdering_av_instrumentet>
        <Valutakurs_instrument>1.0</Valutakurs_instrument>
        <Marknadsvärde_instrument>627858.88</Marknadsvärde_instrument>
        <Andel_av_fondförmögenhet_instrument>0.47</Andel_av_fondförmögenhet_instrument>
        <Bransch>
          <Branschkod_instrument>60</Branschkod_instrument>
          <Bransch_namn_instrument />
        </Bransch>
      </FinansielltInstrument>
      <FinansielltInstrument>
        <Tillgångsslag_enligt_LVF_5_kap>ÖverlåtbartVärdepapper</Tillgångsslag_enligt_LVF_5_kap>
        <Instrumentnamn>K2A Knaust &amp; Andersson Fastigheter AB B</Instrumentnamn>
        <ISIN-kod_instrument>SE0010520254</ISIN-kod_instrument>
        <Landkod_Emittent>SE</Landkod_Emittent>
        <Valuta>SEK</Valuta>
        <Antal>17876.0</Antal>
        <Nominellt_belopp />
        <Kurs_som_använts_vid_värdering_av_instrumentet>13.88</Kurs_som_använts_vid_värdering_av_instrumentet>
        <Valutakurs_instrument>1.0</Valutakurs_instrument>
        <Marknadsvärde_instrument>248118.88</Marknadsvärde_instrument>
        <Andel_av_fondförmögenhet_instrument>0.18</Andel_av_fondförmögenhet_instrument>
        <Bransch>
          <Branschkod_instrument>60</Branschkod_instrument>
          <Bransch_namn_instrument />
        </Bransch>
      </FinansielltInstrument>
      <FinansielltInstrument>
        <Tillgångsslag_enligt_LVF_5_kap>ÖverlåtbartVärdepapper</Tillgångsslag_enligt_LVF_5_kap>
        <Instrumentnamn>KlaraBo Sverige AB</Instrumentnamn>
        <ISIN-kod_instrument>SE0010832287</ISIN-kod_instrument>
        <Landkod_Emittent>SE</Landkod_Emittent>
        <Valuta>SEK</Valuta>
        <Antal>30984.0</Antal>
        <Nominellt_belopp />
        <Kurs_som_använts_vid_värdering_av_instrumentet>18.24</Kurs_som_använts_vid_värdering_av_instrumentet>
        <Valutakurs_instrument>1.0</Valutakurs_instrument>
        <Marknadsvärde_instrument>565148.16</Marknadsvärde_instrument>
        <Andel_av_fondförmögenhet_instrument>0.42</Andel_av_fondförmögenhet_instrument>
        <Bransch>
          <Branschkod_instrument>60</Branschkod_instrument>
          <Bransch_namn_instrument />
        </Bransch>
      </FinansielltInstrument>
      <FinansielltInstrument>
        <Tillgångsslag_enligt_LVF_5_kap>ÖverlåtbartVärdepapper</Tillgångsslag_enligt_LVF_5_kap>
        <Instrumentnamn>Logistea AB B</Instrumentnamn>
        <ISIN-kod_instrument>SE0017131337</ISIN-kod_instrument>
        <Landkod_Emittent>SE</Landkod_Emittent>
        <Valuta>SEK</Valuta>
        <Antal>32142.0</Antal>
        <Nominellt_belopp />
        <Kurs_som_använts_vid_värdering_av_instrumentet>11.9</Kurs_som_använts_vid_värdering_av_instrumentet>
        <Valutakurs_instrument>1.0</Valutakurs_instrument>
        <Marknadsvärde_instrument>382489.8</Marknadsvärde_instrument>
        <Andel_av_fondförmögenhet_instrument>0.28</Andel_av_fondförmögenhet_instrument>
        <Bransch>
          <Branschkod_instrument>60</Branschkod_instrument>
          <Bransch_namn_instrument />
        </Bransch>
      </FinansielltInstrument>
      <FinansielltInstrument>
        <Tillgångsslag_enligt_LVF_5_kap>ÖverlåtbartVärdepapper</Tillgångsslag_enligt_LVF_5_kap>
        <Instrumentnamn>NP3 Fastigheter AB</Instrumentnamn>
        <ISIN-kod_instrument>SE0006342333</ISIN-kod_instrument>
        <Landkod_Emittent>SE</Landkod_Emittent>
        <Valuta>SEK</Valuta>
        <Antal>3192.0</Antal>
        <Nominellt_belopp />
        <Kurs_som_använts_vid_värdering_av_instrumentet>198.6</Kurs_som_använts_vid_värdering_av_instrumentet>
        <Valutakurs_instrument>1.0</Valutakurs_instrument>
        <Marknadsvärde_instrument>633931.2</Marknadsvärde_instrument>
        <Andel_av_fondförmögenhet_instrument>0.47</Andel_av_fondförmögenhet_instrument>
        <Bransch>
          <Branschkod_instrument>60</Branschkod_instrument>
          <Bransch_namn_instrument />
        </Bransch>
      </FinansielltInstrument>
      <FinansielltInstrument>
        <Tillgångsslag_enligt_LVF_5_kap>ÖverlåtbartVärdepapper</Tillgångsslag_enligt_LVF_5_kap>
        <Instrumentnamn>NP3 Fastigheter AB VPL</Instrumentnamn>
        <ISIN-kod_instrument>SE0006342333</ISIN-kod_instrument>
        <Landkod_Emittent>SE</Landkod_Emittent>
        <Valuta>SEK</Valuta>
        <Antal>12176.0</Antal>
        <Nominellt_belopp />
        <Kurs_som_använts_vid_värdering_av_instrumentet>198.6</Kurs_som_använts_vid_värdering_av_instrumentet>
        <Valutakurs_instrument>1.0</Valutakurs_instrument>
        <Marknadsvärde_instrument>2418153.6</Marknadsvärde_instrument>
        <Andel_av_fondförmögenhet_instrument>1.79</Andel_av_fondförmögenhet_instrument>
        <Bransch>
          <Branschkod_instrument>60</Branschkod_instrument>
          <Bransch_namn_instrument />
        </Bransch>
      </FinansielltInstrument>
      <FinansielltInstrument>
        <Tillgångsslag_enligt_LVF_5_kap>ÖverlåtbartVärdepapper</Tillgångsslag_enligt_LVF_5_kap>
        <Instrumentnamn>Neobo Fastigheter AB</Instrumentnamn>
        <ISIN-kod_instrument>SE0005034550</ISIN-kod_instrument>
        <Landkod_Emittent>SE</Landkod_Emittent>
        <Valuta>SEK</Valuta>
        <Antal>15790.0</Antal>
        <Nominellt_belopp />
        <Kurs_som_använts_vid_värdering_av_instrumentet>18.411216</Kurs_som_använts_vid_värdering_av_instrumentet>
        <Valutakurs_instrument>1.0</Valutakurs_instrument>
        <Marknadsvärde_instrument>290713.1</Marknadsvärde_instrument>
        <Andel_av_fondförmögenhet_instrument>0.22</Andel_av_fondförmögenhet_instrument>
        <Bransch>
          <Branschkod_instrument>60</Branschkod_instrument>
          <Bransch_namn_instrument />
        </Bransch>
      </FinansielltInstrument>
      <FinansielltInstrument>
        <Tillgångsslag_enligt_LVF_5_kap>ÖverlåtbartVärdepapper</Tillgångsslag_enligt_LVF_5_kap>
        <Instrumentnamn>Neobo Fastigheter AB VPL</Instrumentnamn>
        <ISIN-kod_instrument>SE0005034550</ISIN-kod_instrument>
        <Landkod_Emittent>SE</Landkod_Emittent>
        <Valuta>SEK</Valuta>
        <Antal>18305.0</Antal>
        <Nominellt_belopp />
        <Kurs_som_använts_vid_värdering_av_instrumentet>18.411216</Kurs_som_använts_vid_värdering_av_instrumentet>
        <Valutakurs_instrument>1.0</Valutakurs_instrument>
        <Marknadsvärde_instrument>337017.31</Marknadsvärde_instrument>
        <Andel_av_fondförmögenhet_instrument>0.25</Andel_av_fondförmögenhet_instrument>
        <Bransch>
          <Branschkod_instrument>60</Branschkod_instrument>
          <Bransch_namn_instrument />
        </Bransch>
      </FinansielltInstrument>
      <FinansielltInstrument>
        <Tillgångsslag_enligt_LVF_5_kap>ÖverlåtbartVärdepapper</Tillgångsslag_enligt_LVF_5_kap>
        <Instrumentnamn>Nivika Fastigheter AB</Instrumentnamn>
        <ISIN-kod_instrument>SE0017083272</ISIN-kod_instrument>
        <Landkod_Emittent>SE</Landkod_Emittent>
        <Valuta>SEK</Valuta>
        <Antal>7167.0</Antal>
        <Nominellt_belopp />
        <Kurs_som_använts_vid_värdering_av_instrumentet>41.5</Kurs_som_använts_vid_värdering_av_instrumentet>
        <Valutakurs_instrument>1.0</Valutakurs_instrument>
        <Marknadsvärde_instrument>297430.5</Marknadsvärde_instrument>
        <Andel_av_fondförmögenhet_instrument>0.22</Andel_av_fondförmögenhet_instrument>
        <Bransch>
          <Branschkod_instrument>60</Branschkod_instrument>
          <Bransch_namn_instrument />
        </Bransch>
      </FinansielltInstrument>
      <FinansielltInstrument>
        <Tillgångsslag_enligt_LVF_5_kap>ÖverlåtbartVärdepapper</Tillgångsslag_enligt_LVF_5_kap>
        <Instrumentnamn>Nivika Fastigheter AB VPL</Instrumentnamn>
        <ISIN-kod_instrument>SE0017083272</ISIN-kod_instrument>
        <Landkod_Emittent>SE</Landkod_Emittent>
        <Valuta>SEK</Valuta>
        <Antal>1923.0</Antal>
        <Nominellt_belopp />
        <Kurs_som_använts_vid_värdering_av_instrumentet>41.5</Kurs_som_använts_vid_värdering_av_instrumentet>
        <Valutakurs_instrument>1.0</Valutakurs_instrument>
        <Marknadsvärde_instrument>79804.5</Marknadsvärde_instrument>
        <Andel_av_fondförmögenhet_instrument>0.06</Andel_av_fondförmögenhet_instrument>
        <Bransch>
          <Branschkod_instrument>60</Branschkod_instrument>
          <Bransch_namn_instrument />
        </Bransch>
      </FinansielltInstrument>
      <FinansielltInstrument>
        <Tillgångsslag_enligt_LVF_5_kap>ÖverlåtbartVärdepapper</Tillgångsslag_enligt_LVF_5_kap>
        <Instrumentnamn>Nyfosa Fastigheter AB</Instrumentnamn>
        <ISIN-kod_instrument>SE0011426428</ISIN-kod_instrument>
        <Landkod_Emittent>SE</Landkod_Emittent>
        <Valuta>SEK</Valuta>
        <Antal>54566.0</Antal>
        <Nominellt_belopp />
        <Kurs_som_använts_vid_värdering_av_instrumentet>80.6</Kurs_som_använts_vid_värdering_av_instrumentet>
        <Valutakurs_instrument>1.0</Valutakurs_instrument>
        <Marknadsvärde_instrument>4398019.6</Marknadsvärde_instrument>
        <Andel_av_fondförmögenhet_instrument>3.26</Andel_av_fondförmögenhet_instrument>
        <Bransch>
          <Branschkod_instrument>60</Branschkod_instrument>
          <Bransch_namn_instrument />
        </Bransch>
      </FinansielltInstrument>
      <FinansielltInstrument>
        <Tillgångsslag_enligt_LVF_5_kap>ÖverlåtbartVärdepapper</Tillgångsslag_enligt_LVF_5_kap>
        <Instrumentnamn>Pandox AB</Instrumentnamn>
        <ISIN-kod_instrument>SE0007100359</ISIN-kod_instrument>
        <Landkod_Emittent>SE</Landkod_Emittent>
        <Valuta>SEK</Valuta>
        <Antal>26255.0</Antal>
        <Nominellt_belopp />
        <Kurs_som_använts_vid_värdering_av_instrumentet>116.4</Kurs_som_använts_vid_värdering_av_instrumentet>
        <Valutakurs_instrument>1.0</Valutakurs_instrument>
        <Marknadsvärde_instrument>3056082.0</Marknadsvärde_instrument>
        <Andel_av_fondförmögenhet_instrument>2.27</Andel_av_fondförmögenhet_instrument>
        <Bransch>
          <Branschkod_instrument>60</Branschkod_instrument>
          <Bransch_namn_instrument />
        </Bransch>
      </FinansielltInstrument>
      <FinansielltInstrument>
        <Tillgångsslag_enligt_LVF_5_kap>ÖverlåtbartVärdepapper</Tillgångsslag_enligt_LVF_5_kap>
        <Instrumentnamn>Pandox AB VPL</Instrumentnamn>
        <ISIN-kod_instrument>SE0007100359</ISIN-kod_instrument>
        <Landkod_Emittent>SE</Landkod_Emittent>
        <Valuta>SEK</Valuta>
        <Antal>4379.0</Antal>
        <Nominellt_belopp />
        <Kurs_som_använts_vid_värdering_av_instrumentet>116.4</Kurs_som_använts_vid_värdering_av_instrumentet>
        <Valutakurs_instrument>1.0</Valutakurs_instrument>
        <Marknadsvärde_instrument>509715.6</Marknadsvärde_instrument>
        <Andel_av_fondförmögenhet_instrument>0.38</Andel_av_fondförmögenhet_instrument>
        <Bransch>
          <Branschkod_instrument>60</Branschkod_instrument>
          <Bransch_namn_instrument />
        </Bransch>
      </FinansielltInstrument>
      <FinansielltInstrument>
        <Tillgångsslag_enligt_LVF_5_kap>ÖverlåtbartVärdepapper</Tillgångsslag_enligt_LVF_5_kap>
        <Instrumentnamn>Platzer Fastigheter Holding AB</Instrumentnamn>
        <ISIN-kod_instrument>SE0004977692</ISIN-kod_instrument>
        <Landkod_Emittent>SE</Landkod_Emittent>
        <Valuta>SEK</Valuta>
        <Antal>25584.0</Antal>
        <Nominellt_belopp />
        <Kurs_som_använts_vid_värdering_av_instrumentet>82.3</Kurs_som_använts_vid_värdering_av_instrumentet>
        <Valutakurs_instrument>1.0</Valutakurs_instrument>
        <Marknadsvärde_instrument>2105563.2</Marknadsvärde_instrument>
        <Andel_av_fondförmögenhet_instrument>1.56</Andel_av_fondförmögenhet_instrument>
        <Bransch>
          <Branschkod_instrument>60</Branschkod_instrument>
          <Bransch_namn_instrument />
        </Bransch>
      </FinansielltInstrument>
      <FinansielltInstrument>
        <Tillgångsslag_enligt_LVF_5_kap>ÖverlåtbartVärdepapper</Tillgångsslag_enligt_LVF_5_kap>
        <Instrumentnamn>Platzer Fastigheter Holding AB VPL</Instrumentnamn>
        <ISIN-kod_instrument>SE0004977692</ISIN-kod_instrument>
        <Landkod_Emittent>SE</Landkod_Emittent>
        <Valuta>SEK</Valuta>
        <Antal>2541.0</Antal>
        <Nominellt_belopp />
        <Kurs_som_använts_vid_värdering_av_instrumentet>82.3</Kurs_som_använts_vid_värdering_av_instrumentet>
        <Valutakurs_instrument>1.0</Valutakurs_instrument>
        <Marknadsvärde_instrument>209124.3</Marknadsvärde_instrument>
        <Andel_av_fondförmögenhet_instrument>0.16</Andel_av_fondförmögenhet_instrument>
        <Bransch>
          <Branschkod_instrument>60</Branschkod_instrument>
          <Bransch_namn_instrument />
        </Bransch>
      </FinansielltInstrument>
      <FinansielltInstrument>
        <Tillgångsslag_enligt_LVF_5_kap>ÖverlåtbartVärdepapper</Tillgångsslag_enligt_LVF_5_kap>
        <Instrumentnamn>Sagax AB B</Instrumentnamn>
        <ISIN-kod_instrument>SE0005127818</ISIN-kod_instrument>
        <Landkod_Emittent>SE</Landkod_Emittent>
        <Valuta>SEK</Valuta>
        <Antal>91415.0</Antal>
        <Nominellt_belopp />
        <Kurs_som_använts_vid_värdering_av_instrumentet>236.5</Kurs_som_använts_vid_värdering_av_instrumentet>
        <Valutakurs_instrument>1.0</Valutakurs_instrument>
        <Marknadsvärde_instrument>21619647.5</Marknadsvärde_instrument>
        <Andel_av_fondförmögenhet_instrument>16.04</Andel_av_fondförmögenhet_instrument>
        <Bransch>
          <Branschkod_instrument>60</Branschkod_instrument>
          <Bransch_namn_instrument />
        </Bransch>
      </FinansielltInstrument>
      <FinansielltInstrument>
        <Tillgångsslag_enligt_LVF_5_kap>ÖverlåtbartVärdepapper</Tillgångsslag_enligt_LVF_5_kap>
        <Instrumentnamn>Samhallsbyggnadsbolaget i Nord B</Instrumentnamn>
        <ISIN-kod_instrument>SE0009554454</ISIN-kod_instrument>
        <Landkod_Emittent>SE</Landkod_Emittent>
        <Valuta>SEK</Valuta>
        <Antal>169409.0</Antal>
        <Nominellt_belopp />
        <Kurs_som_använts_vid_värdering_av_instrumentet>17.38</Kurs_som_använts_vid_värdering_av_instrumentet>
        <Valutakurs_instrument>1.0</Valutakurs_instrument>
        <Marknadsvärde_instrument>2944328.42</Marknadsvärde_instrument>
        <Andel_av_fondförmögenhet_instrument>2.18</Andel_av_fondförmögenhet_instrument>
        <Bransch>
          <Branschkod_instrument>60</Branschkod_instrument>
          <Bransch_namn_instrument />
        </Bransch>
      </FinansielltInstrument>
      <FinansielltInstrument>
        <Tillgångsslag_enligt_LVF_5_kap>ÖverlåtbartVärdepapper</Tillgångsslag_enligt_LVF_5_kap>
        <Instrumentnamn>Samhallsbyggnadsbolaget i Nord B VPL</Instrumentnamn>
        <ISIN-kod_instrument>SE0009554454</ISIN-kod_instrument>
        <Landkod_Emittent>SE</Landkod_Emittent>
        <Valuta>SEK</Valuta>
        <Antal>183054.0</Antal>
        <Nominellt_belopp />
        <Kurs_som_använts_vid_värdering_av_instrumentet>17.38</Kurs_som_använts_vid_värdering_av_instrumentet>
        <Valutakurs_instrument>1.0</Valutakurs_instrument>
        <Marknadsvärde_instrument>3181478.52</Marknadsvärde_instrument>
        <Andel_av_fondförmögenhet_instrument>2.36</Andel_av_fondförmögenhet_instrument>
        <Bransch>
          <Branschkod_instrument>60</Branschkod_instrument>
          <Bransch_namn_instrument />
        </Bransch>
      </FinansielltInstrument>
      <FinansielltInstrument>
        <Tillgångsslag_enligt_LVF_5_kap>ÖverlåtbartVärdepapper</Tillgångsslag_enligt_LVF_5_kap>
        <Instrumentnamn>Stendorren Fastigheter AB</Instrumentnamn>
        <ISIN-kod_instrument>SE0006543344</ISIN-kod_instrument>
        <Landkod_Emittent>SE</Landkod_Emittent>
        <Valuta>SEK</Valuta>
        <Antal>5177.0</Antal>
        <Nominellt_belopp />
        <Kurs_som_använts_vid_värdering_av_instrumentet>191.8</Kurs_som_använts_vid_värdering_av_instrumentet>
        <Valutakurs_instrument>1.0</Valutakurs_instrument>
        <Marknadsvärde_instrument>992948.6</Marknadsvärde_instrument>
        <Andel_av_fondförmögenhet_instrument>0.74</Andel_av_fondförmögenhet_instrument>
        <Bransch>
          <Branschkod_instrument>60</Branschkod_instrument>
          <Bransch_namn_instrument />
        </Bransch>
      </FinansielltInstrument>
      <FinansielltInstrument>
        <Tillgångsslag_enligt_LVF_5_kap>ÖverlåtbartVärdepapper</Tillgångsslag_enligt_LVF_5_kap>
        <Instrumentnamn>Stendorren Fastigheter AB VPL</Instrumentnamn>
        <ISIN-kod_instrument>SE0006543344</ISIN-kod_instrument>
        <Landkod_Emittent>SE</Landkod_Emittent>
        <Valuta>SEK</Valuta>
        <Antal>2120.0</Antal>
        <Nominellt_belopp />
        <Kurs_som_använts_vid_värdering_av_instrumentet>191.8</Kurs_som_använts_vid_värdering_av_instrumentet>
        <Valutakurs_instrument>1.0</Valutakurs_instrument>
        <Marknadsvärde_instrument>406616.0</Marknadsvärde_instrument>
        <Andel_av_fondförmögenhet_instrument>0.3</Andel_av_fondförmögenhet_instrument>
        <Bransch>
          <Branschkod_instrument>60</Branschkod_instrument>
          <Bransch_namn_instrument />
        </Bransch>
      </FinansielltInstrument>
      <FinansielltInstrument>
        <Tillgångsslag_enligt_LVF_5_kap>ÖverlåtbartVärdepapper</Tillgångsslag_enligt_LVF_5_kap>
        <Instrumentnamn>Swedish Logistic Property AB</Instrumentnamn>
        <ISIN-kod_instrument>SE0017565476</ISIN-kod_instrument>
        <Landkod_Emittent>SE</Landkod_Emittent>
        <Valuta>SEK</Valuta>
        <Antal>30777.0</Antal>
        <Nominellt_belopp />
        <Kurs_som_använts_vid_värdering_av_instrumentet>24.4</Kurs_som_använts_vid_värdering_av_instrumentet>
        <Valutakurs_instrument>1.0</Valutakurs_instrument>
        <Marknadsvärde_instrument>750958.8</Marknadsvärde_instrument>
        <Andel_av_fondförmögenhet_instrument>0.56</Andel_av_fondförmögenhet_instrument>
        <Bransch>
          <Branschkod_instrument>40</Branschkod_instrument>
          <Bransch_namn_instrument />
        </Bransch>
      </FinansielltInstrument>
      <FinansielltInstrument>
        <Tillgångsslag_enligt_LVF_5_kap>ÖverlåtbartVärdepapper</Tillgångsslag_enligt_LVF_5_kap>
        <Instrumentnamn>Swedish Logistic Property AB VPL</Instrumentnamn>
        <ISIN-kod_instrument>SE0017565476</ISIN-kod_instrument>
        <Landkod_Emittent>SE</Landkod_Emittent>
        <Valuta>SEK</Valuta>
        <Antal>2977.0</Antal>
        <Nominellt_belopp />
        <Kurs_som_använts_vid_värdering_av_instrumentet>24.4</Kurs_som_använts_vid_värdering_av_instrumentet>
        <Valutakurs_instrument>1.0</Valutakurs_instrument>
        <Marknadsvärde_instrument>72638.8</Marknadsvärde_instrument>
        <Andel_av_fondförmögenhet_instrument>0.05</Andel_av_fondförmögenhet_instrument>
        <Bransch>
          <Branschkod_instrument>40</Branschkod_instrument>
          <Bransch_namn_instrument />
        </Bransch>
      </FinansielltInstrument>
      <FinansielltInstrument>
        <Tillgångsslag_enligt_LVF_5_kap>ÖverlåtbartVärdepapper</Tillgångsslag_enligt_LVF_5_kap>
        <Instrumentnamn>Wallenstam AB</Instrumentnamn>
        <ISIN-kod_instrument>SE0017780133</ISIN-kod_instrument>
        <Landkod_Emittent>SE</Landkod_Emittent>
        <Valuta>SEK</Valuta>
        <Antal>167773.0</Antal>
        <Nominellt_belopp />
        <Kurs_som_använts_vid_värdering_av_instrumentet>43.9</Kurs_som_använts_vid_värdering_av_instrumentet>
        <Valutakurs_instrument>1.0</Valutakurs_instrument>
        <Marknadsvärde_instrument>7365234.7</Marknadsvärde_instrument>
        <Andel_av_fondförmögenhet_instrument>5.46</Andel_av_fondförmögenhet_instrument>
        <Bransch>
          <Branschkod_instrument>60</Branschkod_instrument>
          <Bransch_namn_instrument />
        </Bransch>
      </FinansielltInstrument>
      <FinansielltInstrument>
        <Tillgångsslag_enligt_LVF_5_kap>ÖverlåtbartVärdepapper</Tillgångsslag_enligt_LVF_5_kap>
        <Instrumentnamn>Wihlborgs Fastigheter AB</Instrumentnamn>
        <ISIN-kod_instrument>SE0018012635</ISIN-kod_instrument>
        <Landkod_Emittent>SE</Landkod_Emittent>
        <Valuta>SEK</Valuta>
        <Antal>83160.0</Antal>
        <Nominellt_belopp />
        <Kurs_som_använts_vid_värdering_av_instrumentet>78.5</Kurs_som_använts_vid_värdering_av_instrumentet>
        <Valutakurs_instrument>1.0</Valutakurs_instrument>
        <Marknadsvärde_instrument>6528060.0</Marknadsvärde_instrument>
        <Andel_av_fondförmögenhet_instrument>4.84</Andel_av_fondförmögenhet_instrument>
        <Bransch>
          <Branschkod_instrument>60</Branschkod_instrument>
          <Bransch_namn_instrument />
        </Bransch>
      </FinansielltInstrument>
      <FinansielltInstrument>
        <Tillgångsslag_enligt_LVF_5_kap>ÖverlåtbartVärdepapper</Tillgångsslag_enligt_LVF_5_kap>
        <Instrumentnamn>Wihlborgs Fastigheter AB VPL</Instrumentnamn>
        <ISIN-kod_instrument>SE0018012635</ISIN-kod_instrument>
        <Landkod_Emittent>SE</Landkod_Emittent>
        <Valuta>SEK</Valuta>
        <Antal>3905.0</Antal>
        <Nominellt_belopp />
        <Kurs_som_använts_vid_värdering_av_instrumentet>78.5</Kurs_som_använts_vid_värdering_av_instrumentet>
        <Valutakurs_instrument>1.0</Valutakurs_instrument>
        <Marknadsvärde_instrument>306542.5</Marknadsvärde_instrument>
        <Andel_av_fondförmögenhet_instrument>0.23</Andel_av_fondförmögenhet_instrument>
        <Bransch>
          <Branschkod_instrument>60</Branschkod_instrument>
          <Bransch_namn_instrument />
        </Bransch>
      </FinansielltInstrument>
    </FinansiellaInstrument>
  </Fondinformation>
  <Fondinformation />
</VärdepappersfondInnehav>