﻿<?xml version="1.0" encoding="utf-8"?>
<VärdepappersfondInnehav xmlns="http://schemas.fi.se/publika/vardepappersfonder/20200331">
  <Rapportinformation>
    <Kvartalsslut>2022-12-31</Kvartalsslut>
  </Rapportinformation>
  <Bolagsinformation>
    <Fondbolag_namn>SEB Investment Management AB</Fondbolag_namn>
    <Fondbolag_institutnummer>58060</Fondbolag_institutnummer>
    <Fondbolag_LEI-kod>549300DNI5UYVM6X6N69</Fondbolag_LEI-kod>
  </Bolagsinformation>
  <Fondinformation>
    <Fond_institutnummer>60089</Fond_institutnummer>
    <Fond_ISIN-kod>SE0001702416</Fond_ISIN-kod>
    <Fond_namn>Ethos Räntefond</Fond_namn>
    <Förvaltningsavgift>
      <MedAndelsklasser>
        <Förvaltningsavgift>
          <Andelsklass_namn>B</Andelsklass_namn>
          <Förvaltningsavgift_Typ>
            <Förvaltningsavgift_fast>0.06</Förvaltningsavgift_fast>
          </Förvaltningsavgift_Typ>
        </Förvaltningsavgift>
        <Förvaltningsavgift>
          <Andelsklass_namn>A</Andelsklass_namn>
          <Förvaltningsavgift_Typ>
            <Förvaltningsavgift_fast>0.06</Förvaltningsavgift_fast>
          </Förvaltningsavgift_Typ>
        </Förvaltningsavgift>
      </MedAndelsklasser>
    </Förvaltningsavgift>
    <Fondförmögenhet>2104796615</Fondförmögenhet>
    <Likvida_medel>31137394</Likvida_medel>
    <Övriga_tillgångar_och_skulder>11078982</Övriga_tillgångar_och_skulder>
    <Aktiv_risk>0.38</Aktiv_risk>
    <Standardavvikelse_24_månader>3.29</Standardavvikelse_24_månader>
    <Jämförelseindex>
      <Jämförelseindex>OMRX Bond All</Jämförelseindex>
    </Jämförelseindex>
    <FinansiellaInstrument>
      <FinansielltInstrument>
        <Tillgångsslag_enligt_LVF_5_kap>ÖverlåtbartVärdepapper</Tillgångsslag_enligt_LVF_5_kap>
        <Instrumentnamn>Sweden 1053 3.50% 2039-03-30</Instrumentnamn>
        <ISIN-kod_instrument>SE0002829192</ISIN-kod_instrument>
        <Landkod_Emittent>SE</Landkod_Emittent>
        <Valuta>SEK</Valuta>
        <Antal />
        <Nominellt_belopp>50000000.00</Nominellt_belopp>
        <Kurs_som_använts_vid_värdering_av_instrumentet>117.08893</Kurs_som_använts_vid_värdering_av_instrumentet>
        <Valutakurs_instrument>1.00000</Valutakurs_instrument>
        <Marknadsvärde_instrument>58544466.25</Marknadsvärde_instrument>
        <Andel_av_fondförmögenhet_instrument>2.78</Andel_av_fondförmögenhet_instrument>
      </FinansielltInstrument>
      <FinansielltInstrument>
        <Tillgångsslag_enligt_LVF_5_kap>ÖverlåtbartVärdepapper</Tillgångsslag_enligt_LVF_5_kap>
        <Instrumentnamn>Sweden 1056 2.25% 2032-06-01</Instrumentnamn>
        <ISIN-kod_instrument>SE0004517290</ISIN-kod_instrument>
        <Landkod_Emittent>SE</Landkod_Emittent>
        <Valuta>SEK</Valuta>
        <Antal />
        <Nominellt_belopp>16000000.00</Nominellt_belopp>
        <Kurs_som_använts_vid_värdering_av_instrumentet>99.33591</Kurs_som_använts_vid_värdering_av_instrumentet>
        <Valutakurs_instrument>1.00000</Valutakurs_instrument>
        <Marknadsvärde_instrument>15893744.72</Marknadsvärde_instrument>
        <Andel_av_fondförmögenhet_instrument>0.76</Andel_av_fondförmögenhet_instrument>
      </FinansielltInstrument>
      <FinansielltInstrument>
        <Tillgångsslag_enligt_LVF_5_kap>ÖverlåtbartVärdepapper</Tillgångsslag_enligt_LVF_5_kap>
        <Instrumentnamn>Sweden 1058 2.50% 2025-05-12</Instrumentnamn>
        <ISIN-kod_instrument>SE0005676608</ISIN-kod_instrument>
        <Landkod_Emittent>SE</Landkod_Emittent>
        <Valuta>SEK</Valuta>
        <Antal />
        <Nominellt_belopp>2000000.00</Nominellt_belopp>
        <Kurs_som_använts_vid_värdering_av_instrumentet>99.34568</Kurs_som_använts_vid_värdering_av_instrumentet>
        <Valutakurs_instrument>1.00000</Valutakurs_instrument>
        <Marknadsvärde_instrument>1986913.66</Marknadsvärde_instrument>
        <Andel_av_fondförmögenhet_instrument>0.09</Andel_av_fondförmögenhet_instrument>
      </FinansielltInstrument>
      <FinansielltInstrument>
        <Tillgångsslag_enligt_LVF_5_kap>ÖverlåtbartVärdepapper</Tillgångsslag_enligt_LVF_5_kap>
        <Instrumentnamn>Sweden 1059 1.0% 2026-11-12</Instrumentnamn>
        <ISIN-kod_instrument>SE0007125927</ISIN-kod_instrument>
        <Landkod_Emittent>SE</Landkod_Emittent>
        <Valuta>SEK</Valuta>
        <Antal />
        <Nominellt_belopp>50000000.00</Nominellt_belopp>
        <Kurs_som_använts_vid_värdering_av_instrumentet>94.05701</Kurs_som_använts_vid_värdering_av_instrumentet>
        <Valutakurs_instrument>1.00000</Valutakurs_instrument>
        <Marknadsvärde_instrument>47028502.25</Marknadsvärde_instrument>
        <Andel_av_fondförmögenhet_instrument>2.23</Andel_av_fondförmögenhet_instrument>
      </FinansielltInstrument>
      <FinansielltInstrument>
        <Tillgångsslag_enligt_LVF_5_kap>ÖverlåtbartVärdepapper</Tillgångsslag_enligt_LVF_5_kap>
        <Instrumentnamn>Sweden Government 1060 0.75% 2028-05-12</Instrumentnamn>
        <ISIN-kod_instrument>SE0009496367</ISIN-kod_instrument>
        <Landkod_Emittent>SE</Landkod_Emittent>
        <Valuta>SEK</Valuta>
        <Antal />
        <Nominellt_belopp>25000000.00</Nominellt_belopp>
        <Kurs_som_använts_vid_värdering_av_instrumentet>91.30178</Kurs_som_använts_vid_värdering_av_instrumentet>
        <Valutakurs_instrument>1.00000</Valutakurs_instrument>
        <Marknadsvärde_instrument>22825443.75</Marknadsvärde_instrument>
        <Andel_av_fondförmögenhet_instrument>1.08</Andel_av_fondförmögenhet_instrument>
      </FinansielltInstrument>
      <FinansielltInstrument>
        <Tillgångsslag_enligt_LVF_5_kap>ÖverlåtbartVärdepapper</Tillgångsslag_enligt_LVF_5_kap>
        <Instrumentnamn>Sweden Government 1061 0.75% 2029-11-12</Instrumentnamn>
        <ISIN-kod_instrument>SE0011281922</ISIN-kod_instrument>
        <Landkod_Emittent>SE</Landkod_Emittent>
        <Valuta>SEK</Valuta>
        <Antal />
        <Nominellt_belopp>18000000.00</Nominellt_belopp>
        <Kurs_som_använts_vid_värdering_av_instrumentet>89.38569</Kurs_som_använts_vid_värdering_av_instrumentet>
        <Valutakurs_instrument>1.00000</Valutakurs_instrument>
        <Marknadsvärde_instrument>16089424.38</Marknadsvärde_instrument>
        <Andel_av_fondförmögenhet_instrument>0.76</Andel_av_fondförmögenhet_instrument>
      </FinansielltInstrument>
      <FinansielltInstrument>
        <Tillgångsslag_enligt_LVF_5_kap>ÖverlåtbartVärdepapper</Tillgångsslag_enligt_LVF_5_kap>
        <Instrumentnamn>Kommuninvest 1% 2025-05-12</Instrumentnamn>
        <ISIN-kod_instrument>SE0011414010</ISIN-kod_instrument>
        <Landkod_Emittent>SE</Landkod_Emittent>
        <Valuta>SEK</Valuta>
        <Antal />
        <Nominellt_belopp>20000000.00</Nominellt_belopp>
        <Kurs_som_använts_vid_värdering_av_instrumentet>94.58250</Kurs_som_använts_vid_värdering_av_instrumentet>
        <Valutakurs_instrument>1.00000</Valutakurs_instrument>
        <Marknadsvärde_instrument>18916500.00</Marknadsvärde_instrument>
        <Andel_av_fondförmögenhet_instrument>0.90</Andel_av_fondförmögenhet_instrument>
      </FinansielltInstrument>
      <FinansielltInstrument>
        <Tillgångsslag_enligt_LVF_5_kap>ÖverlåtbartVärdepapper</Tillgångsslag_enligt_LVF_5_kap>
        <Instrumentnamn>Kommuninvest 0.375% 2024-03-27</Instrumentnamn>
        <ISIN-kod_instrument>XS1968465572</ISIN-kod_instrument>
        <Landkod_Emittent>SE</Landkod_Emittent>
        <Valuta>SEK</Valuta>
        <Antal />
        <Nominellt_belopp>12000000.00</Nominellt_belopp>
        <Kurs_som_använts_vid_värdering_av_instrumentet>96.49198</Kurs_som_använts_vid_värdering_av_instrumentet>
        <Valutakurs_instrument>1.00000</Valutakurs_instrument>
        <Marknadsvärde_instrument>11579037.96</Marknadsvärde_instrument>
        <Andel_av_fondförmögenhet_instrument>0.55</Andel_av_fondförmögenhet_instrument>
      </FinansielltInstrument>
      <FinansielltInstrument>
        <Tillgångsslag_enligt_LVF_5_kap>ÖverlåtbartVärdepapper</Tillgångsslag_enligt_LVF_5_kap>
        <Instrumentnamn>African Devel Bank 0.375% 2024-04-11</Instrumentnamn>
        <ISIN-kod_instrument>XS1980180829</ISIN-kod_instrument>
        <Landkod_Emittent>CI</Landkod_Emittent>
        <Valuta>SEK</Valuta>
        <Antal />
        <Nominellt_belopp>30000000.00</Nominellt_belopp>
        <Kurs_som_använts_vid_värdering_av_instrumentet>96.18647</Kurs_som_använts_vid_värdering_av_instrumentet>
        <Valutakurs_instrument>1.00000</Valutakurs_instrument>
        <Marknadsvärde_instrument>28855941.30</Marknadsvärde_instrument>
        <Andel_av_fondförmögenhet_instrument>1.37</Andel_av_fondförmögenhet_instrument>
      </FinansielltInstrument>
      <FinansielltInstrument>
        <Tillgångsslag_enligt_LVF_5_kap>ÖverlåtbartVärdepapper</Tillgångsslag_enligt_LVF_5_kap>
        <Instrumentnamn>Kommuninvest I Sverige AB 0.75% 260204</Instrumentnamn>
        <ISIN-kod_instrument>SE0013745452</ISIN-kod_instrument>
        <Landkod_Emittent>SE</Landkod_Emittent>
        <Valuta>SEK</Valuta>
        <Antal />
        <Nominellt_belopp>20000000.00</Nominellt_belopp>
        <Kurs_som_använts_vid_värdering_av_instrumentet>92.13200</Kurs_som_använts_vid_värdering_av_instrumentet>
        <Valutakurs_instrument>1.00000</Valutakurs_instrument>
        <Marknadsvärde_instrument>18426400.00</Marknadsvärde_instrument>
        <Andel_av_fondförmögenhet_instrument>0.88</Andel_av_fondförmögenhet_instrument>
      </FinansielltInstrument>
      <FinansielltInstrument>
        <Tillgångsslag_enligt_LVF_5_kap>ÖverlåtbartVärdepapper</Tillgångsslag_enligt_LVF_5_kap>
        <Instrumentnamn>Sweden Government International Bond 0.125% 300909</Instrumentnamn>
        <ISIN-kod_instrument>XS2226974504</ISIN-kod_instrument>
        <Landkod_Emittent>SE</Landkod_Emittent>
        <Valuta>SEK</Valuta>
        <Antal />
        <Nominellt_belopp>44000000.00</Nominellt_belopp>
        <Kurs_som_använts_vid_värdering_av_instrumentet>84.52500</Kurs_som_använts_vid_värdering_av_instrumentet>
        <Valutakurs_instrument>1.00000</Valutakurs_instrument>
        <Marknadsvärde_instrument>37191000.00</Marknadsvärde_instrument>
        <Andel_av_fondförmögenhet_instrument>1.77</Andel_av_fondförmögenhet_instrument>
      </FinansielltInstrument>
      <FinansielltInstrument>
        <Tillgångsslag_enligt_LVF_5_kap>ÖverlåtbartVärdepapper</Tillgångsslag_enligt_LVF_5_kap>
        <Instrumentnamn>Kommuninvest I Sverige AB 0.375% 260610</Instrumentnamn>
        <ISIN-kod_instrument>XS2351401109</ISIN-kod_instrument>
        <Landkod_Emittent>SE</Landkod_Emittent>
        <Valuta>SEK</Valuta>
        <Antal />
        <Nominellt_belopp>47000000.00</Nominellt_belopp>
        <Kurs_som_använts_vid_värdering_av_instrumentet>89.93625</Kurs_som_använts_vid_värdering_av_instrumentet>
        <Valutakurs_instrument>1.00000</Valutakurs_instrument>
        <Marknadsvärde_instrument>42270038.21</Marknadsvärde_instrument>
        <Andel_av_fondförmögenhet_instrument>2.01</Andel_av_fondförmögenhet_instrument>
      </FinansielltInstrument>
      <FinansielltInstrument>
        <Tillgångsslag_enligt_LVF_5_kap>ÖverlåtbartVärdepapper</Tillgångsslag_enligt_LVF_5_kap>
        <Instrumentnamn>City of Gothenburg Sweden 0.48% 270617</Instrumentnamn>
        <ISIN-kod_instrument>XS2355244653</ISIN-kod_instrument>
        <Landkod_Emittent>SE</Landkod_Emittent>
        <Valuta>SEK</Valuta>
        <Antal />
        <Nominellt_belopp>20000000.00</Nominellt_belopp>
        <Kurs_som_använts_vid_värdering_av_instrumentet>87.37771</Kurs_som_använts_vid_värdering_av_instrumentet>
        <Valutakurs_instrument>1.00000</Valutakurs_instrument>
        <Marknadsvärde_instrument>17475542.50</Marknadsvärde_instrument>
        <Andel_av_fondförmögenhet_instrument>0.83</Andel_av_fondförmögenhet_instrument>
      </FinansielltInstrument>
      <FinansielltInstrument>
        <Tillgångsslag_enligt_LVF_5_kap>ÖverlåtbartVärdepapper</Tillgångsslag_enligt_LVF_5_kap>
        <Instrumentnamn>Sweden Government Bond 1.375% 710623</Instrumentnamn>
        <ISIN-kod_instrument>SE0016102115</ISIN-kod_instrument>
        <Landkod_Emittent>SE</Landkod_Emittent>
        <Valuta>SEK</Valuta>
        <Antal />
        <Nominellt_belopp>9000000.00</Nominellt_belopp>
        <Kurs_som_använts_vid_värdering_av_instrumentet>60.43712</Kurs_som_använts_vid_värdering_av_instrumentet>
        <Valutakurs_instrument>1.00000</Valutakurs_instrument>
        <Marknadsvärde_instrument>5439340.62</Marknadsvärde_instrument>
        <Andel_av_fondförmögenhet_instrument>0.26</Andel_av_fondförmögenhet_instrument>
      </FinansielltInstrument>
      <FinansielltInstrument>
        <Tillgångsslag_enligt_LVF_5_kap>ÖverlåtbartVärdepapper</Tillgångsslag_enligt_LVF_5_kap>
        <Instrumentnamn>City of Malmo Sweden 0.328% 260915</Instrumentnamn>
        <ISIN-kod_instrument>XS2386989367</ISIN-kod_instrument>
        <Landkod_Emittent>SE</Landkod_Emittent>
        <Valuta>SEK</Valuta>
        <Antal />
        <Nominellt_belopp>24000000.00</Nominellt_belopp>
        <Kurs_som_använts_vid_värdering_av_instrumentet>88.91800</Kurs_som_använts_vid_värdering_av_instrumentet>
        <Valutakurs_instrument>1.00000</Valutakurs_instrument>
        <Marknadsvärde_instrument>21340320.00</Marknadsvärde_instrument>
        <Andel_av_fondförmögenhet_instrument>1.01</Andel_av_fondförmögenhet_instrument>
      </FinansielltInstrument>
      <FinansielltInstrument>
        <Tillgångsslag_enligt_LVF_5_kap>ÖverlåtbartVärdepapper</Tillgångsslag_enligt_LVF_5_kap>
        <Instrumentnamn>Kommuninvest I Sverige AB 0.875% 290516</Instrumentnamn>
        <ISIN-kod_instrument>XS2402061530</ISIN-kod_instrument>
        <Landkod_Emittent>SE</Landkod_Emittent>
        <Valuta>SEK</Valuta>
        <Antal />
        <Nominellt_belopp>61000000.00</Nominellt_belopp>
        <Kurs_som_använts_vid_värdering_av_instrumentet>84.57659</Kurs_som_använts_vid_värdering_av_instrumentet>
        <Valutakurs_instrument>1.00000</Valutakurs_instrument>
        <Marknadsvärde_instrument>51591722.34</Marknadsvärde_instrument>
        <Andel_av_fondförmögenhet_instrument>2.45</Andel_av_fondförmögenhet_instrument>
      </FinansielltInstrument>
      <FinansielltInstrument>
        <Tillgångsslag_enligt_LVF_5_kap>ÖverlåtbartVärdepapper</Tillgångsslag_enligt_LVF_5_kap>
        <Instrumentnamn>City of Helsingborg Sweden 0.75% 261112</Instrumentnamn>
        <ISIN-kod_instrument>SE0017071434</ISIN-kod_instrument>
        <Landkod_Emittent>SE</Landkod_Emittent>
        <Valuta>SEK</Valuta>
        <Antal />
        <Nominellt_belopp>26000000.00</Nominellt_belopp>
        <Kurs_som_använts_vid_värdering_av_instrumentet>89.90800</Kurs_som_använts_vid_värdering_av_instrumentet>
        <Valutakurs_instrument>1.00000</Valutakurs_instrument>
        <Marknadsvärde_instrument>23376080.00</Marknadsvärde_instrument>
        <Andel_av_fondförmögenhet_instrument>1.11</Andel_av_fondförmögenhet_instrument>
      </FinansielltInstrument>
      <FinansielltInstrument>
        <Tillgångsslag_enligt_LVF_5_kap>ÖverlåtbartVärdepapper</Tillgångsslag_enligt_LVF_5_kap>
        <Instrumentnamn>Sweden Government Bond 1.75% 331111</Instrumentnamn>
        <ISIN-kod_instrument>SE0017830730</ISIN-kod_instrument>
        <Landkod_Emittent>SE</Landkod_Emittent>
        <Valuta>SEK</Valuta>
        <Antal />
        <Nominellt_belopp>30000000.00</Nominellt_belopp>
        <Kurs_som_använts_vid_värdering_av_instrumentet>93.94527</Kurs_som_använts_vid_värdering_av_instrumentet>
        <Valutakurs_instrument>1.00000</Valutakurs_instrument>
        <Marknadsvärde_instrument>28183581.30</Marknadsvärde_instrument>
        <Andel_av_fondförmögenhet_instrument>1.34</Andel_av_fondförmögenhet_instrument>
      </FinansielltInstrument>
      <FinansielltInstrument>
        <Tillgångsslag_enligt_LVF_5_kap>ÖverlåtbartVärdepapper</Tillgångsslag_enligt_LVF_5_kap>
        <Instrumentnamn>Kommuninvest I Sverige AB 3% 250901</Instrumentnamn>
        <ISIN-kod_instrument>XS2530407340</ISIN-kod_instrument>
        <Landkod_Emittent>SE</Landkod_Emittent>
        <Valuta>SEK</Valuta>
        <Antal />
        <Nominellt_belopp>30000000.00</Nominellt_belopp>
        <Kurs_som_använts_vid_värdering_av_instrumentet>98.70925</Kurs_som_använts_vid_värdering_av_instrumentet>
        <Valutakurs_instrument>1.00000</Valutakurs_instrument>
        <Marknadsvärde_instrument>29612774.10</Marknadsvärde_instrument>
        <Andel_av_fondförmögenhet_instrument>1.41</Andel_av_fondförmögenhet_instrument>
      </FinansielltInstrument>
      <FinansielltInstrument>
        <Tillgångsslag_enligt_LVF_5_kap>ÖverlåtbartVärdepapper</Tillgångsslag_enligt_LVF_5_kap>
        <Instrumentnamn>SCBC 147 2% 2026-06-17</Instrumentnamn>
        <ISIN-kod_instrument>SE0009383664</ISIN-kod_instrument>
        <Landkod_Emittent>SE</Landkod_Emittent>
        <Valuta>SEK</Valuta>
        <Antal />
        <Nominellt_belopp>120000000.00</Nominellt_belopp>
        <Kurs_som_använts_vid_värdering_av_instrumentet>94.91921</Kurs_som_använts_vid_värdering_av_instrumentet>
        <Valutakurs_instrument>1.00000</Valutakurs_instrument>
        <Marknadsvärde_instrument>113903053.80</Marknadsvärde_instrument>
        <Andel_av_fondförmögenhet_instrument>5.41</Andel_av_fondförmögenhet_instrument>
        <Bransch>
          <Branschkod_instrument>0</Branschkod_instrument>
          <Bransch_namn_instrument />
        </Bransch>
      </FinansielltInstrument>
      <FinansielltInstrument>
        <Tillgångsslag_enligt_LVF_5_kap>ÖverlåtbartVärdepapper</Tillgångsslag_enligt_LVF_5_kap>
        <Instrumentnamn>Länsförsäkringar Hyp. 1.25% 2025-09-17</Instrumentnamn>
        <ISIN-kod_instrument>SE0011309244</ISIN-kod_instrument>
        <Landkod_Emittent>SE</Landkod_Emittent>
        <Valuta>SEK</Valuta>
        <Antal />
        <Nominellt_belopp>20000000.00</Nominellt_belopp>
        <Kurs_som_använts_vid_värdering_av_instrumentet>94.15697</Kurs_som_använts_vid_värdering_av_instrumentet>
        <Valutakurs_instrument>1.00000</Valutakurs_instrument>
        <Marknadsvärde_instrument>18831392.90</Marknadsvärde_instrument>
        <Andel_av_fondförmögenhet_instrument>0.89</Andel_av_fondförmögenhet_instrument>
        <Bransch>
          <Branschkod_instrument>0</Branschkod_instrument>
          <Bransch_namn_instrument />
        </Bransch>
      </FinansielltInstrument>
      <FinansielltInstrument>
        <Tillgångsslag_enligt_LVF_5_kap>ÖverlåtbartVärdepapper</Tillgångsslag_enligt_LVF_5_kap>
        <Instrumentnamn>Lansforsakringar Hypotek AB 1.5% 260916</Instrumentnamn>
        <ISIN-kod_instrument>SE0012324341</ISIN-kod_instrument>
        <Landkod_Emittent>SE</Landkod_Emittent>
        <Valuta>SEK</Valuta>
        <Antal />
        <Nominellt_belopp>35000000.00</Nominellt_belopp>
        <Kurs_som_använts_vid_värdering_av_instrumentet>92.78041</Kurs_som_använts_vid_värdering_av_instrumentet>
        <Valutakurs_instrument>1.00000</Valutakurs_instrument>
        <Marknadsvärde_instrument>32473143.33</Marknadsvärde_instrument>
        <Andel_av_fondförmögenhet_instrument>1.54</Andel_av_fondförmögenhet_instrument>
        <Bransch>
          <Branschkod_instrument>0</Branschkod_instrument>
          <Bransch_namn_instrument />
        </Bransch>
      </FinansielltInstrument>
      <FinansielltInstrument>
        <Tillgångsslag_enligt_LVF_5_kap>ÖverlåtbartVärdepapper</Tillgångsslag_enligt_LVF_5_kap>
        <Instrumentnamn>Landshypotek Bank 0.615% 2025-11-18</Instrumentnamn>
        <ISIN-kod_instrument>SE0011870021</ISIN-kod_instrument>
        <Landkod_Emittent>SE</Landkod_Emittent>
        <Valuta>SEK</Valuta>
        <Antal />
        <Nominellt_belopp>40000000.00</Nominellt_belopp>
        <Kurs_som_använts_vid_värdering_av_instrumentet>91.78498</Kurs_som_använts_vid_värdering_av_instrumentet>
        <Valutakurs_instrument>1.00000</Valutakurs_instrument>
        <Marknadsvärde_instrument>36713992.60</Marknadsvärde_instrument>
        <Andel_av_fondförmögenhet_instrument>1.74</Andel_av_fondförmögenhet_instrument>
        <Bransch>
          <Branschkod_instrument>0</Branschkod_instrument>
          <Bransch_namn_instrument />
        </Bransch>
      </FinansielltInstrument>
      <FinansielltInstrument>
        <Tillgångsslag_enligt_LVF_5_kap>ÖverlåtbartVärdepapper</Tillgångsslag_enligt_LVF_5_kap>
        <Instrumentnamn>SCBC 151 1% 2030-06-12</Instrumentnamn>
        <ISIN-kod_instrument>SE0013486156</ISIN-kod_instrument>
        <Landkod_Emittent>SE</Landkod_Emittent>
        <Valuta>SEK</Valuta>
        <Antal />
        <Nominellt_belopp>10000000.00</Nominellt_belopp>
        <Kurs_som_använts_vid_värdering_av_instrumentet>82.13045</Kurs_som_använts_vid_värdering_av_instrumentet>
        <Valutakurs_instrument>1.00000</Valutakurs_instrument>
        <Marknadsvärde_instrument>8213044.50</Marknadsvärde_instrument>
        <Andel_av_fondförmögenhet_instrument>0.39</Andel_av_fondförmögenhet_instrument>
        <Bransch>
          <Branschkod_instrument>0</Branschkod_instrument>
          <Bransch_namn_instrument />
        </Bransch>
      </FinansielltInstrument>
      <FinansielltInstrument>
        <Tillgångsslag_enligt_LVF_5_kap>ÖverlåtbartVärdepapper</Tillgångsslag_enligt_LVF_5_kap>
        <Instrumentnamn>Swedbank Hypotek 1% 2025-06-18</Instrumentnamn>
        <ISIN-kod_instrument>SE0013546066</ISIN-kod_instrument>
        <Landkod_Emittent>SE</Landkod_Emittent>
        <Valuta>SEK</Valuta>
        <Antal />
        <Nominellt_belopp>50000000.00</Nominellt_belopp>
        <Kurs_som_använts_vid_värdering_av_instrumentet>94.15971</Kurs_som_använts_vid_värdering_av_instrumentet>
        <Valutakurs_instrument>1.00000</Valutakurs_instrument>
        <Marknadsvärde_instrument>47079854.25</Marknadsvärde_instrument>
        <Andel_av_fondförmögenhet_instrument>2.24</Andel_av_fondförmögenhet_instrument>
        <Bransch>
          <Branschkod_instrument>0</Branschkod_instrument>
          <Bransch_namn_instrument />
        </Bransch>
      </FinansielltInstrument>
      <FinansielltInstrument>
        <Tillgångsslag_enligt_LVF_5_kap>ÖverlåtbartVärdepapper</Tillgångsslag_enligt_LVF_5_kap>
        <Instrumentnamn>Stadshypotek 1% 2025-09-03</Instrumentnamn>
        <ISIN-kod_instrument>SE0012676690</ISIN-kod_instrument>
        <Landkod_Emittent>SE</Landkod_Emittent>
        <Valuta>SEK</Valuta>
        <Antal />
        <Nominellt_belopp>174000000.00</Nominellt_belopp>
        <Kurs_som_använts_vid_värdering_av_instrumentet>93.62873</Kurs_som_använts_vid_värdering_av_instrumentet>
        <Valutakurs_instrument>1.00000</Valutakurs_instrument>
        <Marknadsvärde_instrument>162913992.81</Marknadsvärde_instrument>
        <Andel_av_fondförmögenhet_instrument>7.74</Andel_av_fondförmögenhet_instrument>
        <Bransch>
          <Branschkod_instrument>0</Branschkod_instrument>
          <Bransch_namn_instrument />
        </Bransch>
      </FinansielltInstrument>
      <FinansielltInstrument>
        <Tillgångsslag_enligt_LVF_5_kap>ÖverlåtbartVärdepapper</Tillgångsslag_enligt_LVF_5_kap>
        <Instrumentnamn>SCBC 146 0.5% 2025-06-11</Instrumentnamn>
        <ISIN-kod_instrument>SE0013381571</ISIN-kod_instrument>
        <Landkod_Emittent>SE</Landkod_Emittent>
        <Valuta>SEK</Valuta>
        <Antal />
        <Nominellt_belopp>8000000.00</Nominellt_belopp>
        <Kurs_som_använts_vid_värdering_av_instrumentet>93.05848</Kurs_som_använts_vid_värdering_av_instrumentet>
        <Valutakurs_instrument>1.00000</Valutakurs_instrument>
        <Marknadsvärde_instrument>7444678.68</Marknadsvärde_instrument>
        <Andel_av_fondförmögenhet_instrument>0.35</Andel_av_fondförmögenhet_instrument>
        <Bransch>
          <Branschkod_instrument>0</Branschkod_instrument>
          <Bransch_namn_instrument />
        </Bransch>
      </FinansielltInstrument>
      <FinansielltInstrument>
        <Tillgångsslag_enligt_LVF_5_kap>ÖverlåtbartVärdepapper</Tillgångsslag_enligt_LVF_5_kap>
        <Instrumentnamn>SEB 1% 2025-12-17</Instrumentnamn>
        <ISIN-kod_instrument>SE0013101722</ISIN-kod_instrument>
        <Landkod_Emittent>SE</Landkod_Emittent>
        <Valuta>SEK</Valuta>
        <Antal />
        <Nominellt_belopp>54000000.00</Nominellt_belopp>
        <Kurs_som_använts_vid_värdering_av_instrumentet>92.87352</Kurs_som_använts_vid_värdering_av_instrumentet>
        <Valutakurs_instrument>1.00000</Valutakurs_instrument>
        <Marknadsvärde_instrument>50151700.26</Marknadsvärde_instrument>
        <Andel_av_fondförmögenhet_instrument>2.38</Andel_av_fondförmögenhet_instrument>
        <Bransch>
          <Branschkod_instrument>0</Branschkod_instrument>
          <Bransch_namn_instrument />
        </Bransch>
      </FinansielltInstrument>
      <FinansielltInstrument>
        <Tillgångsslag_enligt_LVF_5_kap>ÖverlåtbartVärdepapper</Tillgångsslag_enligt_LVF_5_kap>
        <Instrumentnamn>Nordea Hypotek 5535 1% 2025-09-17</Instrumentnamn>
        <ISIN-kod_instrument>SE0013358413</ISIN-kod_instrument>
        <Landkod_Emittent>SE</Landkod_Emittent>
        <Valuta>SEK</Valuta>
        <Antal />
        <Nominellt_belopp>55000000.00</Nominellt_belopp>
        <Kurs_som_använts_vid_värdering_av_instrumentet>93.51097</Kurs_som_använts_vid_värdering_av_instrumentet>
        <Valutakurs_instrument>1.00000</Valutakurs_instrument>
        <Marknadsvärde_instrument>51431032.13</Marknadsvärde_instrument>
        <Andel_av_fondförmögenhet_instrument>2.44</Andel_av_fondförmögenhet_instrument>
        <Bransch>
          <Branschkod_instrument>0</Branschkod_instrument>
          <Bransch_namn_instrument />
        </Bransch>
      </FinansielltInstrument>
      <FinansielltInstrument>
        <Tillgångsslag_enligt_LVF_5_kap>ÖverlåtbartVärdepapper</Tillgångsslag_enligt_LVF_5_kap>
        <Instrumentnamn>Lansforsakringar Hypotek AB 1% 270915</Instrumentnamn>
        <ISIN-kod_instrument>SE0014694659</ISIN-kod_instrument>
        <Landkod_Emittent>SE</Landkod_Emittent>
        <Valuta>SEK</Valuta>
        <Antal />
        <Nominellt_belopp>90000000.00</Nominellt_belopp>
        <Kurs_som_använts_vid_värdering_av_instrumentet>88.65735</Kurs_som_använts_vid_värdering_av_instrumentet>
        <Valutakurs_instrument>1.00000</Valutakurs_instrument>
        <Marknadsvärde_instrument>79791612.75</Marknadsvärde_instrument>
        <Andel_av_fondförmögenhet_instrument>3.79</Andel_av_fondförmögenhet_instrument>
        <Bransch>
          <Branschkod_instrument>0</Branschkod_instrument>
          <Bransch_namn_instrument />
        </Bransch>
      </FinansielltInstrument>
      <FinansielltInstrument>
        <Tillgångsslag_enligt_LVF_5_kap>ÖverlåtbartVärdepapper</Tillgångsslag_enligt_LVF_5_kap>
        <Instrumentnamn>Stadshypotek AB 0.5% 260601</Instrumentnamn>
        <ISIN-kod_instrument>SE0013882644</ISIN-kod_instrument>
        <Landkod_Emittent>SE</Landkod_Emittent>
        <Valuta>SEK</Valuta>
        <Antal />
        <Nominellt_belopp>20000000.00</Nominellt_belopp>
        <Kurs_som_använts_vid_värdering_av_instrumentet>90.27175</Kurs_som_använts_vid_värdering_av_instrumentet>
        <Valutakurs_instrument>1.00000</Valutakurs_instrument>
        <Marknadsvärde_instrument>18054349.60</Marknadsvärde_instrument>
        <Andel_av_fondförmögenhet_instrument>0.86</Andel_av_fondförmögenhet_instrument>
        <Bransch>
          <Branschkod_instrument>0</Branschkod_instrument>
          <Bransch_namn_instrument />
        </Bransch>
      </FinansielltInstrument>
      <FinansielltInstrument>
        <Tillgångsslag_enligt_LVF_5_kap>ÖverlåtbartVärdepapper</Tillgångsslag_enligt_LVF_5_kap>
        <Instrumentnamn>Swedbank Hypotek AB 1% 260318</Instrumentnamn>
        <ISIN-kod_instrument>SE0015244991</ISIN-kod_instrument>
        <Landkod_Emittent>SE</Landkod_Emittent>
        <Valuta>SEK</Valuta>
        <Antal />
        <Nominellt_belopp>90000000.00</Nominellt_belopp>
        <Kurs_som_använts_vid_värdering_av_instrumentet>92.30967</Kurs_som_använts_vid_värdering_av_instrumentet>
        <Valutakurs_instrument>1.00000</Valutakurs_instrument>
        <Marknadsvärde_instrument>83078700.30</Marknadsvärde_instrument>
        <Andel_av_fondförmögenhet_instrument>3.95</Andel_av_fondförmögenhet_instrument>
        <Bransch>
          <Branschkod_instrument>0</Branschkod_instrument>
          <Bransch_namn_instrument />
        </Bransch>
      </FinansielltInstrument>
      <FinansielltInstrument>
        <Tillgångsslag_enligt_LVF_5_kap>ÖverlåtbartVärdepapper</Tillgångsslag_enligt_LVF_5_kap>
        <Instrumentnamn>Sveriges Sakerstallda Obligationer AB 0.25% 270609</Instrumentnamn>
        <ISIN-kod_instrument>SE0015243415</ISIN-kod_instrument>
        <Landkod_Emittent>SE</Landkod_Emittent>
        <Valuta>SEK</Valuta>
        <Antal />
        <Nominellt_belopp>80000000.00</Nominellt_belopp>
        <Kurs_som_använts_vid_värdering_av_instrumentet>86.26953</Kurs_som_använts_vid_värdering_av_instrumentet>
        <Valutakurs_instrument>1.00000</Valutakurs_instrument>
        <Marknadsvärde_instrument>69015622.80</Marknadsvärde_instrument>
        <Andel_av_fondförmögenhet_instrument>3.28</Andel_av_fondförmögenhet_instrument>
        <Bransch>
          <Branschkod_instrument>0</Branschkod_instrument>
          <Bransch_namn_instrument />
        </Bransch>
      </FinansielltInstrument>
      <FinansielltInstrument>
        <Tillgångsslag_enligt_LVF_5_kap>ÖverlåtbartVärdepapper</Tillgångsslag_enligt_LVF_5_kap>
        <Instrumentnamn>Nordea Hypotek AB 0.5% 260916</Instrumentnamn>
        <ISIN-kod_instrument>SE0013358439</ISIN-kod_instrument>
        <Landkod_Emittent>SE</Landkod_Emittent>
        <Valuta>SEK</Valuta>
        <Antal />
        <Nominellt_belopp>70000000.00</Nominellt_belopp>
        <Kurs_som_använts_vid_värdering_av_instrumentet>89.38358</Kurs_som_använts_vid_värdering_av_instrumentet>
        <Valutakurs_instrument>1.00000</Valutakurs_instrument>
        <Marknadsvärde_instrument>62568506.70</Marknadsvärde_instrument>
        <Andel_av_fondförmögenhet_instrument>2.97</Andel_av_fondförmögenhet_instrument>
        <Bransch>
          <Branschkod_instrument>0</Branschkod_instrument>
          <Bransch_namn_instrument />
        </Bransch>
      </FinansielltInstrument>
      <FinansielltInstrument>
        <Tillgångsslag_enligt_LVF_5_kap>ÖverlåtbartVärdepapper</Tillgångsslag_enligt_LVF_5_kap>
        <Instrumentnamn>Skandinaviska Enskilda Banken AB 0.5% 261216</Instrumentnamn>
        <ISIN-kod_instrument>SE0013102043</ISIN-kod_instrument>
        <Landkod_Emittent>SE</Landkod_Emittent>
        <Valuta>SEK</Valuta>
        <Antal />
        <Nominellt_belopp>80000000.00</Nominellt_belopp>
        <Kurs_som_använts_vid_värdering_av_instrumentet>88.64326</Kurs_som_använts_vid_värdering_av_instrumentet>
        <Valutakurs_instrument>1.00000</Valutakurs_instrument>
        <Marknadsvärde_instrument>70914606.00</Marknadsvärde_instrument>
        <Andel_av_fondförmögenhet_instrument>3.37</Andel_av_fondförmögenhet_instrument>
        <Bransch>
          <Branschkod_instrument>0</Branschkod_instrument>
          <Bransch_namn_instrument />
        </Bransch>
      </FinansielltInstrument>
      <FinansielltInstrument>
        <Tillgångsslag_enligt_LVF_5_kap>ÖverlåtbartVärdepapper</Tillgångsslag_enligt_LVF_5_kap>
        <Instrumentnamn>Landshypotek Bank AB 0.425% 260318</Instrumentnamn>
        <ISIN-kod_instrument>SE0013360237</ISIN-kod_instrument>
        <Landkod_Emittent>SE</Landkod_Emittent>
        <Valuta>SEK</Valuta>
        <Antal />
        <Nominellt_belopp>20000000.00</Nominellt_belopp>
        <Kurs_som_använts_vid_värdering_av_instrumentet>90.23175</Kurs_som_använts_vid_värdering_av_instrumentet>
        <Valutakurs_instrument>1.00000</Valutakurs_instrument>
        <Marknadsvärde_instrument>18046349.90</Marknadsvärde_instrument>
        <Andel_av_fondförmögenhet_instrument>0.86</Andel_av_fondförmögenhet_instrument>
        <Bransch>
          <Branschkod_instrument>0</Branschkod_instrument>
          <Bransch_namn_instrument />
        </Bransch>
      </FinansielltInstrument>
      <FinansielltInstrument>
        <Tillgångsslag_enligt_LVF_5_kap>ÖverlåtbartVärdepapper</Tillgångsslag_enligt_LVF_5_kap>
        <Instrumentnamn>Landshypotek Bank AB 0.443% 270201</Instrumentnamn>
        <ISIN-kod_instrument>SE0014783148</ISIN-kod_instrument>
        <Landkod_Emittent>SE</Landkod_Emittent>
        <Valuta>SEK</Valuta>
        <Antal />
        <Nominellt_belopp>40000000.00</Nominellt_belopp>
        <Kurs_som_använts_vid_värdering_av_instrumentet>87.56360</Kurs_som_använts_vid_värdering_av_instrumentet>
        <Valutakurs_instrument>1.00000</Valutakurs_instrument>
        <Marknadsvärde_instrument>35025438.40</Marknadsvärde_instrument>
        <Andel_av_fondförmögenhet_instrument>1.66</Andel_av_fondförmögenhet_instrument>
        <Bransch>
          <Branschkod_instrument>0</Branschkod_instrument>
          <Bransch_namn_instrument />
        </Bransch>
      </FinansielltInstrument>
      <FinansielltInstrument>
        <Tillgångsslag_enligt_LVF_5_kap>ÖverlåtbartVärdepapper</Tillgångsslag_enligt_LVF_5_kap>
        <Instrumentnamn>Swedbank Hypotek AB 1% 270317</Instrumentnamn>
        <ISIN-kod_instrument>SE0016828529</ISIN-kod_instrument>
        <Landkod_Emittent>SE</Landkod_Emittent>
        <Valuta>SEK</Valuta>
        <Antal />
        <Nominellt_belopp>110000000.00</Nominellt_belopp>
        <Kurs_som_använts_vid_värdering_av_instrumentet>89.81434</Kurs_som_använts_vid_värdering_av_instrumentet>
        <Valutakurs_instrument>1.00000</Valutakurs_instrument>
        <Marknadsvärde_instrument>98795771.80</Marknadsvärde_instrument>
        <Andel_av_fondförmögenhet_instrument>4.69</Andel_av_fondförmögenhet_instrument>
        <Bransch>
          <Branschkod_instrument>0</Branschkod_instrument>
          <Bransch_namn_instrument />
        </Bransch>
      </FinansielltInstrument>
      <FinansielltInstrument>
        <Tillgångsslag_enligt_LVF_5_kap>ÖverlåtbartVärdepapper</Tillgångsslag_enligt_LVF_5_kap>
        <Instrumentnamn>Nordea Hypotek AB 1% 270616</Instrumentnamn>
        <ISIN-kod_instrument>SE0013358447</ISIN-kod_instrument>
        <Landkod_Emittent>SE</Landkod_Emittent>
        <Valuta>SEK</Valuta>
        <Antal />
        <Nominellt_belopp>40000000.00</Nominellt_belopp>
        <Kurs_som_använts_vid_värdering_av_instrumentet>89.25300</Kurs_som_använts_vid_värdering_av_instrumentet>
        <Valutakurs_instrument>1.00000</Valutakurs_instrument>
        <Marknadsvärde_instrument>35701201.00</Marknadsvärde_instrument>
        <Andel_av_fondförmögenhet_instrument>1.70</Andel_av_fondförmögenhet_instrument>
        <Bransch>
          <Branschkod_instrument>0</Branschkod_instrument>
          <Bransch_namn_instrument />
        </Bransch>
      </FinansielltInstrument>
      <FinansielltInstrument>
        <Tillgångsslag_enligt_LVF_5_kap>ÖverlåtbartVärdepapper</Tillgångsslag_enligt_LVF_5_kap>
        <Instrumentnamn>Nordea Hypotek AB 3.375% 271125</Instrumentnamn>
        <ISIN-kod_instrument>SE0013360856</ISIN-kod_instrument>
        <Landkod_Emittent>SE</Landkod_Emittent>
        <Valuta>SEK</Valuta>
        <Antal />
        <Nominellt_belopp>90000000.00</Nominellt_belopp>
        <Kurs_som_använts_vid_värdering_av_instrumentet>98.59586</Kurs_som_använts_vid_värdering_av_instrumentet>
        <Valutakurs_instrument>1.00000</Valutakurs_instrument>
        <Marknadsvärde_instrument>88736277.60</Marknadsvärde_instrument>
        <Andel_av_fondförmögenhet_instrument>4.22</Andel_av_fondförmögenhet_instrument>
        <Bransch>
          <Branschkod_instrument>0</Branschkod_instrument>
          <Bransch_namn_instrument />
        </Bransch>
      </FinansielltInstrument>
      <FinansielltInstrument>
        <Tillgångsslag_enligt_LVF_5_kap>ÖverlåtbartVärdepapper</Tillgångsslag_enligt_LVF_5_kap>
        <Instrumentnamn>Jernhusen 0.938% 2024-04-18</Instrumentnamn>
        <ISIN-kod_instrument>SE0012193688</ISIN-kod_instrument>
        <Landkod_Emittent>SE</Landkod_Emittent>
        <Valuta>SEK</Valuta>
        <Antal />
        <Nominellt_belopp>14000000.00</Nominellt_belopp>
        <Kurs_som_använts_vid_värdering_av_instrumentet>96.11225</Kurs_som_använts_vid_värdering_av_instrumentet>
        <Valutakurs_instrument>1.00000</Valutakurs_instrument>
        <Marknadsvärde_instrument>13455715.14</Marknadsvärde_instrument>
        <Andel_av_fondförmögenhet_instrument>0.64</Andel_av_fondförmögenhet_instrument>
        <Bransch>
          <Branschkod_instrument>0</Branschkod_instrument>
          <Bransch_namn_instrument />
        </Bransch>
      </FinansielltInstrument>
      <FinansielltInstrument>
        <Tillgångsslag_enligt_LVF_5_kap>ÖverlåtbartVärdepapper</Tillgångsslag_enligt_LVF_5_kap>
        <Instrumentnamn>Akademiska Hus 0.272% 2024-06-20</Instrumentnamn>
        <ISIN-kod_instrument>XS2015238855</ISIN-kod_instrument>
        <Landkod_Emittent>SE</Landkod_Emittent>
        <Valuta>SEK</Valuta>
        <Antal />
        <Nominellt_belopp>15000000.00</Nominellt_belopp>
        <Kurs_som_använts_vid_värdering_av_instrumentet>95.18611</Kurs_som_använts_vid_värdering_av_instrumentet>
        <Valutakurs_instrument>1.00000</Valutakurs_instrument>
        <Marknadsvärde_instrument>14277915.90</Marknadsvärde_instrument>
        <Andel_av_fondförmögenhet_instrument>0.68</Andel_av_fondförmögenhet_instrument>
        <Bransch>
          <Branschkod_instrument>0</Branschkod_instrument>
          <Bransch_namn_instrument />
        </Bransch>
      </FinansielltInstrument>
      <FinansielltInstrument>
        <Tillgångsslag_enligt_LVF_5_kap>ÖverlåtbartVärdepapper</Tillgångsslag_enligt_LVF_5_kap>
        <Instrumentnamn>Humlegarden Fastigheter FRN 2024-10-07</Instrumentnamn>
        <ISIN-kod_instrument>SE0012676526</ISIN-kod_instrument>
        <Landkod_Emittent>SE</Landkod_Emittent>
        <Valuta>SEK</Valuta>
        <Antal />
        <Nominellt_belopp>12000000.00</Nominellt_belopp>
        <Kurs_som_använts_vid_värdering_av_instrumentet>97.74769</Kurs_som_använts_vid_värdering_av_instrumentet>
        <Valutakurs_instrument>1.00000</Valutakurs_instrument>
        <Marknadsvärde_instrument>11729722.68</Marknadsvärde_instrument>
        <Andel_av_fondförmögenhet_instrument>0.56</Andel_av_fondförmögenhet_instrument>
        <Bransch>
          <Branschkod_instrument>0</Branschkod_instrument>
          <Bransch_namn_instrument />
        </Bransch>
      </FinansielltInstrument>
      <FinansielltInstrument>
        <Tillgångsslag_enligt_LVF_5_kap>ÖverlåtbartVärdepapper</Tillgångsslag_enligt_LVF_5_kap>
        <Instrumentnamn>Rikshem AB 0.828% 250203</Instrumentnamn>
        <ISIN-kod_instrument>XS2112951392</ISIN-kod_instrument>
        <Landkod_Emittent>SE</Landkod_Emittent>
        <Valuta>SEK</Valuta>
        <Antal />
        <Nominellt_belopp>14000000.00</Nominellt_belopp>
        <Kurs_som_använts_vid_värdering_av_instrumentet>92.78536</Kurs_som_använts_vid_värdering_av_instrumentet>
        <Valutakurs_instrument>1.00000</Valutakurs_instrument>
        <Marknadsvärde_instrument>12989950.75</Marknadsvärde_instrument>
        <Andel_av_fondförmögenhet_instrument>0.62</Andel_av_fondförmögenhet_instrument>
        <Bransch>
          <Branschkod_instrument>0</Branschkod_instrument>
          <Bransch_namn_instrument />
        </Bransch>
      </FinansielltInstrument>
      <FinansielltInstrument>
        <Tillgångsslag_enligt_LVF_5_kap>ÖverlåtbartVärdepapper</Tillgångsslag_enligt_LVF_5_kap>
        <Instrumentnamn>Vasakronan AB 1.165% 250604</Instrumentnamn>
        <ISIN-kod_instrument>XS2183011340</ISIN-kod_instrument>
        <Landkod_Emittent>SE</Landkod_Emittent>
        <Valuta>SEK</Valuta>
        <Antal />
        <Nominellt_belopp>14000000.00</Nominellt_belopp>
        <Kurs_som_använts_vid_värdering_av_instrumentet>92.49818</Kurs_som_använts_vid_värdering_av_instrumentet>
        <Valutakurs_instrument>1.00000</Valutakurs_instrument>
        <Marknadsvärde_instrument>12949745.34</Marknadsvärde_instrument>
        <Andel_av_fondförmögenhet_instrument>0.62</Andel_av_fondförmögenhet_instrument>
        <Bransch>
          <Branschkod_instrument>0</Branschkod_instrument>
          <Bransch_namn_instrument />
        </Bransch>
      </FinansielltInstrument>
      <FinansielltInstrument>
        <Tillgångsslag_enligt_LVF_5_kap>ÖverlåtbartVärdepapper</Tillgångsslag_enligt_LVF_5_kap>
        <Instrumentnamn>Fabege AB 1.364% 240221</Instrumentnamn>
        <ISIN-kod_instrument>SE0013359767</ISIN-kod_instrument>
        <Landkod_Emittent>SE</Landkod_Emittent>
        <Valuta>SEK</Valuta>
        <Antal />
        <Nominellt_belopp>14000000.00</Nominellt_belopp>
        <Kurs_som_använts_vid_värdering_av_instrumentet>94.54039</Kurs_som_använts_vid_värdering_av_instrumentet>
        <Valutakurs_instrument>1.00000</Valutakurs_instrument>
        <Marknadsvärde_instrument>13235654.46</Marknadsvärde_instrument>
        <Andel_av_fondförmögenhet_instrument>0.63</Andel_av_fondförmögenhet_instrument>
        <Bransch>
          <Branschkod_instrument>0</Branschkod_instrument>
          <Bransch_namn_instrument />
        </Bransch>
      </FinansielltInstrument>
      <FinansielltInstrument>
        <Tillgångsslag_enligt_LVF_5_kap>ÖverlåtbartVärdepapper</Tillgångsslag_enligt_LVF_5_kap>
        <Instrumentnamn>Stockholm Exergi Holding AB 1.085% 270917</Instrumentnamn>
        <ISIN-kod_instrument>SE0013101912</ISIN-kod_instrument>
        <Landkod_Emittent>SE</Landkod_Emittent>
        <Valuta>SEK</Valuta>
        <Antal />
        <Nominellt_belopp>4000000.00</Nominellt_belopp>
        <Kurs_som_använts_vid_värdering_av_instrumentet>85.13917</Kurs_som_använts_vid_värdering_av_instrumentet>
        <Valutakurs_instrument>1.00000</Valutakurs_instrument>
        <Marknadsvärde_instrument>3405566.70</Marknadsvärde_instrument>
        <Andel_av_fondförmögenhet_instrument>0.16</Andel_av_fondförmögenhet_instrument>
        <Bransch>
          <Branschkod_instrument>0</Branschkod_instrument>
          <Bransch_namn_instrument />
        </Bransch>
      </FinansielltInstrument>
      <FinansielltInstrument>
        <Tillgångsslag_enligt_LVF_5_kap>ÖverlåtbartVärdepapper</Tillgångsslag_enligt_LVF_5_kap>
        <Instrumentnamn>Humlegarden Fastigheter AB 1.205% 250922</Instrumentnamn>
        <ISIN-kod_instrument>SE0013882511</ISIN-kod_instrument>
        <Landkod_Emittent>SE</Landkod_Emittent>
        <Valuta>SEK</Valuta>
        <Antal />
        <Nominellt_belopp>6000000.00</Nominellt_belopp>
        <Kurs_som_använts_vid_värdering_av_instrumentet>87.93453</Kurs_som_använts_vid_värdering_av_instrumentet>
        <Valutakurs_instrument>1.00000</Valutakurs_instrument>
        <Marknadsvärde_instrument>5276071.71</Marknadsvärde_instrument>
        <Andel_av_fondförmögenhet_instrument>0.25</Andel_av_fondförmögenhet_instrument>
        <Bransch>
          <Branschkod_instrument>0</Branschkod_instrument>
          <Bransch_namn_instrument />
        </Bransch>
      </FinansielltInstrument>
      <FinansielltInstrument>
        <Tillgångsslag_enligt_LVF_5_kap>ÖverlåtbartVärdepapper</Tillgångsslag_enligt_LVF_5_kap>
        <Instrumentnamn>Volvofinans Bank AB 0.858% 251120</Instrumentnamn>
        <ISIN-kod_instrument>SE0013359973</ISIN-kod_instrument>
        <Landkod_Emittent>SE</Landkod_Emittent>
        <Valuta>SEK</Valuta>
        <Antal />
        <Nominellt_belopp>6000000.00</Nominellt_belopp>
        <Kurs_som_använts_vid_värdering_av_instrumentet>90.07696</Kurs_som_använts_vid_värdering_av_instrumentet>
        <Valutakurs_instrument>1.00000</Valutakurs_instrument>
        <Marknadsvärde_instrument>5404617.54</Marknadsvärde_instrument>
        <Andel_av_fondförmögenhet_instrument>0.26</Andel_av_fondförmögenhet_instrument>
        <Bransch>
          <Branschkod_instrument>0</Branschkod_instrument>
          <Bransch_namn_instrument />
        </Bransch>
      </FinansielltInstrument>
      <FinansielltInstrument>
        <Tillgångsslag_enligt_LVF_5_kap>ÖverlåtbartVärdepapper</Tillgångsslag_enligt_LVF_5_kap>
        <Instrumentnamn>Svensk Exportkredit AB 0.25% 250626</Instrumentnamn>
        <ISIN-kod_instrument>XS2194282278</ISIN-kod_instrument>
        <Landkod_Emittent>SE</Landkod_Emittent>
        <Valuta>SEK</Valuta>
        <Antal />
        <Nominellt_belopp>20000000.00</Nominellt_belopp>
        <Kurs_som_använts_vid_värdering_av_instrumentet>91.88010</Kurs_som_använts_vid_värdering_av_instrumentet>
        <Valutakurs_instrument>1.00000</Valutakurs_instrument>
        <Marknadsvärde_instrument>18376020.40</Marknadsvärde_instrument>
        <Andel_av_fondförmögenhet_instrument>0.87</Andel_av_fondförmögenhet_instrument>
        <Bransch>
          <Branschkod_instrument>0</Branschkod_instrument>
          <Bransch_namn_instrument />
        </Bransch>
      </FinansielltInstrument>
      <FinansielltInstrument>
        <Tillgångsslag_enligt_LVF_5_kap>ÖverlåtbartVärdepapper</Tillgångsslag_enligt_LVF_5_kap>
        <Instrumentnamn>Fabege AB 1.265% 270202</Instrumentnamn>
        <ISIN-kod_instrument>SE0013104353</ISIN-kod_instrument>
        <Landkod_Emittent>SE</Landkod_Emittent>
        <Valuta>SEK</Valuta>
        <Antal />
        <Nominellt_belopp>6000000.00</Nominellt_belopp>
        <Kurs_som_använts_vid_värdering_av_instrumentet>79.21141</Kurs_som_använts_vid_värdering_av_instrumentet>
        <Valutakurs_instrument>1.00000</Valutakurs_instrument>
        <Marknadsvärde_instrument>4752684.81</Marknadsvärde_instrument>
        <Andel_av_fondförmögenhet_instrument>0.23</Andel_av_fondförmögenhet_instrument>
        <Bransch>
          <Branschkod_instrument>0</Branschkod_instrument>
          <Bransch_namn_instrument />
        </Bransch>
      </FinansielltInstrument>
      <FinansielltInstrument>
        <Tillgångsslag_enligt_LVF_5_kap>ÖverlåtbartVärdepapper</Tillgångsslag_enligt_LVF_5_kap>
        <Instrumentnamn>Skandiabanken AB FRN 240823</Instrumentnamn>
        <ISIN-kod_instrument>SE0014783155</ISIN-kod_instrument>
        <Landkod_Emittent>SE</Landkod_Emittent>
        <Valuta>SEK</Valuta>
        <Antal />
        <Nominellt_belopp>42000000.00</Nominellt_belopp>
        <Kurs_som_använts_vid_värdering_av_instrumentet>99.85732</Kurs_som_använts_vid_värdering_av_instrumentet>
        <Valutakurs_instrument>1.00000</Valutakurs_instrument>
        <Marknadsvärde_instrument>41940074.61</Marknadsvärde_instrument>
        <Andel_av_fondförmögenhet_instrument>1.99</Andel_av_fondförmögenhet_instrument>
        <Bransch>
          <Branschkod_instrument>0</Branschkod_instrument>
          <Bransch_namn_instrument />
        </Bransch>
      </FinansielltInstrument>
      <FinansielltInstrument>
        <Tillgångsslag_enligt_LVF_5_kap>ÖverlåtbartVärdepapper</Tillgångsslag_enligt_LVF_5_kap>
        <Instrumentnamn>Svensk Exportkredit AB 0.215% 250915</Instrumentnamn>
        <ISIN-kod_instrument>XS2231047205</ISIN-kod_instrument>
        <Landkod_Emittent>SE</Landkod_Emittent>
        <Valuta>SEK</Valuta>
        <Antal />
        <Nominellt_belopp>10000000.00</Nominellt_belopp>
        <Kurs_som_använts_vid_värdering_av_instrumentet>91.12974</Kurs_som_använts_vid_värdering_av_instrumentet>
        <Valutakurs_instrument>1.00000</Valutakurs_instrument>
        <Marknadsvärde_instrument>9112974.05</Marknadsvärde_instrument>
        <Andel_av_fondförmögenhet_instrument>0.43</Andel_av_fondförmögenhet_instrument>
        <Bransch>
          <Branschkod_instrument>0</Branschkod_instrument>
          <Bransch_namn_instrument />
        </Bransch>
      </FinansielltInstrument>
      <FinansielltInstrument>
        <Tillgångsslag_enligt_LVF_5_kap>ÖverlåtbartVärdepapper</Tillgångsslag_enligt_LVF_5_kap>
        <Instrumentnamn>Willhem AB 0.615% 250930</Instrumentnamn>
        <ISIN-kod_instrument>SE0016274138</ISIN-kod_instrument>
        <Landkod_Emittent>SE</Landkod_Emittent>
        <Valuta>SEK</Valuta>
        <Antal />
        <Nominellt_belopp>30000000.00</Nominellt_belopp>
        <Kurs_som_använts_vid_värdering_av_instrumentet>89.92017</Kurs_som_använts_vid_värdering_av_instrumentet>
        <Valutakurs_instrument>1.00000</Valutakurs_instrument>
        <Marknadsvärde_instrument>26976050.85</Marknadsvärde_instrument>
        <Andel_av_fondförmögenhet_instrument>1.28</Andel_av_fondförmögenhet_instrument>
        <Bransch>
          <Branschkod_instrument>0</Branschkod_instrument>
          <Bransch_namn_instrument />
        </Bransch>
      </FinansielltInstrument>
      <FinansielltInstrument>
        <Tillgångsslag_enligt_LVF_5_kap>ÖverlåtbartVärdepapper</Tillgångsslag_enligt_LVF_5_kap>
        <Instrumentnamn>Specialfastigheter Sverige AB FRN 270226</Instrumentnamn>
        <ISIN-kod_instrument>SE0016274229</ISIN-kod_instrument>
        <Landkod_Emittent>SE</Landkod_Emittent>
        <Valuta>SEK</Valuta>
        <Antal />
        <Nominellt_belopp>20000000.00</Nominellt_belopp>
        <Kurs_som_använts_vid_värdering_av_instrumentet>100.31648</Kurs_som_använts_vid_värdering_av_instrumentet>
        <Valutakurs_instrument>1.00000</Valutakurs_instrument>
        <Marknadsvärde_instrument>20063295.50</Marknadsvärde_instrument>
        <Andel_av_fondförmögenhet_instrument>0.95</Andel_av_fondförmögenhet_instrument>
        <Bransch>
          <Branschkod_instrument>0</Branschkod_instrument>
          <Bransch_namn_instrument />
        </Bransch>
      </FinansielltInstrument>
      <FinansielltInstrument>
        <Tillgångsslag_enligt_LVF_5_kap>ÖverlåtbartVärdepapper</Tillgångsslag_enligt_LVF_5_kap>
        <Instrumentnamn>Electrolux AB 1.705% 270224</Instrumentnamn>
        <ISIN-kod_instrument>XS2448242268</ISIN-kod_instrument>
        <Landkod_Emittent>SE</Landkod_Emittent>
        <Valuta>SEK</Valuta>
        <Antal />
        <Nominellt_belopp>12000000.00</Nominellt_belopp>
        <Kurs_som_använts_vid_värdering_av_instrumentet>88.45896</Kurs_som_använts_vid_värdering_av_instrumentet>
        <Valutakurs_instrument>1.00000</Valutakurs_instrument>
        <Marknadsvärde_instrument>10615075.08</Marknadsvärde_instrument>
        <Andel_av_fondförmögenhet_instrument>0.50</Andel_av_fondförmögenhet_instrument>
        <Bransch>
          <Branschkod_instrument>0</Branschkod_instrument>
          <Bransch_namn_instrument />
        </Bransch>
      </FinansielltInstrument>
      <FinansielltInstrument>
        <Tillgångsslag_enligt_LVF_5_kap>ÖverlåtbartVärdepapper</Tillgångsslag_enligt_LVF_5_kap>
        <Instrumentnamn>Vasakronan AB 3.115% 270510</Instrumentnamn>
        <ISIN-kod_instrument>XS2477756410</ISIN-kod_instrument>
        <Landkod_Emittent>SE</Landkod_Emittent>
        <Valuta>SEK</Valuta>
        <Antal />
        <Nominellt_belopp>15000000.00</Nominellt_belopp>
        <Kurs_som_använts_vid_värdering_av_instrumentet>93.56038</Kurs_som_använts_vid_värdering_av_instrumentet>
        <Valutakurs_instrument>1.00000</Valutakurs_instrument>
        <Marknadsvärde_instrument>14034057.08</Marknadsvärde_instrument>
        <Andel_av_fondförmögenhet_instrument>0.67</Andel_av_fondförmögenhet_instrument>
        <Bransch>
          <Branschkod_instrument>0</Branschkod_instrument>
          <Bransch_namn_instrument />
        </Bransch>
      </FinansielltInstrument>
      <FinansielltInstrument>
        <Tillgångsslag_enligt_LVF_5_kap>ÖverlåtbartVärdepapper</Tillgångsslag_enligt_LVF_5_kap>
        <Instrumentnamn>Stockholm Exergi Holding AB 3.093% 260518</Instrumentnamn>
        <ISIN-kod_instrument>SE0016274468</ISIN-kod_instrument>
        <Landkod_Emittent>SE</Landkod_Emittent>
        <Valuta>SEK</Valuta>
        <Antal />
        <Nominellt_belopp>6000000.00</Nominellt_belopp>
        <Kurs_som_använts_vid_värdering_av_instrumentet>95.55772</Kurs_som_använts_vid_värdering_av_instrumentet>
        <Valutakurs_instrument>1.00000</Valutakurs_instrument>
        <Marknadsvärde_instrument>5733462.99</Marknadsvärde_instrument>
        <Andel_av_fondförmögenhet_instrument>0.27</Andel_av_fondförmögenhet_instrument>
        <Bransch>
          <Branschkod_instrument>0</Branschkod_instrument>
          <Bransch_namn_instrument />
        </Bransch>
      </FinansielltInstrument>
      <FinansielltInstrument>
        <Tillgångsslag_enligt_LVF_5_kap>ÖverlåtbartVärdepapper</Tillgångsslag_enligt_LVF_5_kap>
        <Instrumentnamn>SBAB Bank AB 4.2% 270902</Instrumentnamn>
        <ISIN-kod_instrument>XS2527965177</ISIN-kod_instrument>
        <Landkod_Emittent>SE</Landkod_Emittent>
        <Valuta>SEK</Valuta>
        <Antal />
        <Nominellt_belopp>25000000.00</Nominellt_belopp>
        <Kurs_som_använts_vid_värdering_av_instrumentet>96.46480</Kurs_som_använts_vid_värdering_av_instrumentet>
        <Valutakurs_instrument>1.00000</Valutakurs_instrument>
        <Marknadsvärde_instrument>24116199.75</Marknadsvärde_instrument>
        <Andel_av_fondförmögenhet_instrument>1.15</Andel_av_fondförmögenhet_instrument>
        <Bransch>
          <Branschkod_instrument>0</Branschkod_instrument>
          <Bransch_namn_instrument />
        </Bransch>
      </FinansielltInstrument>
      <FinansielltInstrument>
        <Tillgångsslag_enligt_LVF_5_kap>ÖverlåtbartVärdepapper</Tillgångsslag_enligt_LVF_5_kap>
        <Instrumentnamn>Lansforsakringar Bank AB 4.913% 261118</Instrumentnamn>
        <ISIN-kod_instrument>XS2555716567</ISIN-kod_instrument>
        <Landkod_Emittent>SE</Landkod_Emittent>
        <Valuta>SEK</Valuta>
        <Antal />
        <Nominellt_belopp>10000000.00</Nominellt_belopp>
        <Kurs_som_använts_vid_värdering_av_instrumentet>99.61656</Kurs_som_använts_vid_värdering_av_instrumentet>
        <Valutakurs_instrument>1.00000</Valutakurs_instrument>
        <Marknadsvärde_instrument>9961656.05</Marknadsvärde_instrument>
        <Andel_av_fondförmögenhet_instrument>0.47</Andel_av_fondförmögenhet_instrument>
        <Bransch>
          <Branschkod_instrument>0</Branschkod_instrument>
          <Bransch_namn_instrument />
        </Bransch>
      </FinansielltInstrument>
      <FinansielltInstrument>
        <Tillgångsslag_enligt_LVF_5_kap>ÖverlåtbartVärdepapper</Tillgångsslag_enligt_LVF_5_kap>
        <Instrumentnamn>Jernhusen AB 4.418% 271118</Instrumentnamn>
        <ISIN-kod_instrument>SE0013883782</ISIN-kod_instrument>
        <Landkod_Emittent>SE</Landkod_Emittent>
        <Valuta>SEK</Valuta>
        <Antal />
        <Nominellt_belopp>12000000.00</Nominellt_belopp>
        <Kurs_som_använts_vid_värdering_av_instrumentet>99.52303</Kurs_som_använts_vid_värdering_av_instrumentet>
        <Valutakurs_instrument>1.00000</Valutakurs_instrument>
        <Marknadsvärde_instrument>11942763.06</Marknadsvärde_instrument>
        <Andel_av_fondförmögenhet_instrument>0.57</Andel_av_fondförmögenhet_instrument>
        <Bransch>
          <Branschkod_instrument>0</Branschkod_instrument>
          <Bransch_namn_instrument />
        </Bransch>
      </FinansielltInstrument>
      <FinansielltInstrument>
        <Tillgångsslag_enligt_LVF_5_kap>ÖverlåtbartVärdepapper</Tillgångsslag_enligt_LVF_5_kap>
        <Instrumentnamn>Specialfastigheter Sverige AB 3.708% 271130</Instrumentnamn>
        <ISIN-kod_instrument>SE0017780364</ISIN-kod_instrument>
        <Landkod_Emittent>SE</Landkod_Emittent>
        <Valuta>SEK</Valuta>
        <Antal />
        <Nominellt_belopp>30000000.00</Nominellt_belopp>
        <Kurs_som_använts_vid_värdering_av_instrumentet>98.54650</Kurs_som_använts_vid_värdering_av_instrumentet>
        <Valutakurs_instrument>1.00000</Valutakurs_instrument>
        <Marknadsvärde_instrument>29563950.00</Marknadsvärde_instrument>
        <Andel_av_fondförmögenhet_instrument>1.40</Andel_av_fondförmögenhet_instrument>
        <Bransch>
          <Branschkod_instrument>0</Branschkod_instrument>
          <Bransch_namn_instrument />
        </Bransch>
      </FinansielltInstrument>
      <FinansielltInstrument>
        <Tillgångsslag_enligt_LVF_5_kap>Penningmarknadsinstrument</Tillgångsslag_enligt_LVF_5_kap>
        <Instrumentnamn>INTL BK Recon &amp; Develop 0.5% 231010</Instrumentnamn>
        <ISIN-kod_instrument>XS1891149400</ISIN-kod_instrument>
        <Landkod_Emittent>US</Landkod_Emittent>
        <Valuta>SEK</Valuta>
        <Antal />
        <Nominellt_belopp>20000000.00</Nominellt_belopp>
        <Kurs_som_använts_vid_värdering_av_instrumentet>97.79475</Kurs_som_använts_vid_värdering_av_instrumentet>
        <Valutakurs_instrument>1.00000</Valutakurs_instrument>
        <Marknadsvärde_instrument>19558950.40</Marknadsvärde_instrument>
        <Andel_av_fondförmögenhet_instrument>0.93</Andel_av_fondförmögenhet_instrument>
      </FinansielltInstrument>
      <FinansielltInstrument>
        <Tillgångsslag_enligt_LVF_5_kap>Penningmarknadsinstrument</Tillgångsslag_enligt_LVF_5_kap>
        <Instrumentnamn>Landshypotek Bank 0.75% 2023-05-25</Instrumentnamn>
        <ISIN-kod_instrument>XS1824244807</ISIN-kod_instrument>
        <Landkod_Emittent>SE</Landkod_Emittent>
        <Valuta>SEK</Valuta>
        <Antal />
        <Nominellt_belopp>26000000.00</Nominellt_belopp>
        <Kurs_som_använts_vid_värdering_av_instrumentet>99.14075</Kurs_som_använts_vid_värdering_av_instrumentet>
        <Valutakurs_instrument>1.00000</Valutakurs_instrument>
        <Marknadsvärde_instrument>25776594.09</Marknadsvärde_instrument>
        <Andel_av_fondförmögenhet_instrument>1.22</Andel_av_fondförmögenhet_instrument>
        <Bransch>
          <Branschkod_instrument>0</Branschkod_instrument>
          <Bransch_namn_instrument />
        </Bransch>
      </FinansielltInstrument>
      <FinansielltInstrument>
        <Tillgångsslag_enligt_LVF_5_kap>Penningmarknadsinstrument</Tillgångsslag_enligt_LVF_5_kap>
        <Instrumentnamn>Statnett SF 0.518% 230630</Instrumentnamn>
        <ISIN-kod_instrument>XS2197989382</ISIN-kod_instrument>
        <Landkod_Emittent>NO</Landkod_Emittent>
        <Valuta>SEK</Valuta>
        <Antal />
        <Nominellt_belopp>12000000.00</Nominellt_belopp>
        <Kurs_som_använts_vid_värdering_av_instrumentet>98.50312</Kurs_som_använts_vid_värdering_av_instrumentet>
        <Valutakurs_instrument>1.00000</Valutakurs_instrument>
        <Marknadsvärde_instrument>11820374.70</Marknadsvärde_instrument>
        <Andel_av_fondförmögenhet_instrument>0.56</Andel_av_fondförmögenhet_instrument>
        <Bransch>
          <Branschkod_instrument>0</Branschkod_instrument>
          <Bransch_namn_instrument />
        </Bransch>
      </FinansielltInstrument>
    </FinansiellaInstrument>
  </Fondinformation>
  <Fondinformation />
</VärdepappersfondInnehav>