﻿<?xml version="1.0" encoding="utf-8"?>
<VärdepappersfondInnehav xmlns="http://schemas.fi.se/publika/vardepappersfonder/20200331">
  <Rapportinformation>
    <Kvartalsslut>2022-12-31</Kvartalsslut>
  </Rapportinformation>
  <Bolagsinformation>
    <Fondbolag_namn>SEB Investment Management AB</Fondbolag_namn>
    <Fondbolag_institutnummer>58060</Fondbolag_institutnummer>
    <Fondbolag_LEI-kod>549300DNI5UYVM6X6N69</Fondbolag_LEI-kod>
  </Bolagsinformation>
  <Fondinformation>
    <Fond_institutnummer>52310</Fond_institutnummer>
    <Fond_ISIN-kod>SE0000577470</Fond_ISIN-kod>
    <Fond_namn>SEB Likviditetsfond SEK</Fond_namn>
    <Förvaltningsavgift>
      <MedAndelsklasser>
        <Förvaltningsavgift>
          <Andelsklass_namn>B</Andelsklass_namn>
          <Förvaltningsavgift_Typ>
            <Förvaltningsavgift_fast>0.10</Förvaltningsavgift_fast>
          </Förvaltningsavgift_Typ>
        </Förvaltningsavgift>
        <Förvaltningsavgift>
          <Andelsklass_namn>A</Andelsklass_namn>
          <Förvaltningsavgift_Typ>
            <Förvaltningsavgift_fast>0.10</Förvaltningsavgift_fast>
          </Förvaltningsavgift_Typ>
        </Förvaltningsavgift>
      </MedAndelsklasser>
    </Förvaltningsavgift>
    <Fondförmögenhet>9786789777</Fondförmögenhet>
    <Likvida_medel>528250158</Likvida_medel>
    <Övriga_tillgångar_och_skulder>47229835</Övriga_tillgångar_och_skulder>
    <Aktiv_risk>0.11</Aktiv_risk>
    <Standardavvikelse_24_månader>0.23</Standardavvikelse_24_månader>
    <Jämförelseindex>
      <Jämförelseindex>OMRX-Tbill Index</Jämförelseindex>
    </Jämförelseindex>
    <FinansiellaInstrument>
      <FinansielltInstrument>
        <Tillgångsslag_enligt_LVF_5_kap>Penningmarknadsinstrument</Tillgångsslag_enligt_LVF_5_kap>
        <Instrumentnamn>Kommuninvest 0.75% S2302 2023-02-22</Instrumentnamn>
        <ISIN-kod_instrument>SE0009662943</ISIN-kod_instrument>
        <Landkod_Emittent>SE</Landkod_Emittent>
        <Valuta>SEK</Valuta>
        <Antal />
        <Nominellt_belopp>1000000000.00</Nominellt_belopp>
        <Kurs_som_använts_vid_värdering_av_instrumentet>99.81000</Kurs_som_använts_vid_värdering_av_instrumentet>
        <Valutakurs_instrument>1.00000</Valutakurs_instrument>
        <Marknadsvärde_instrument>998100000.00</Marknadsvärde_instrument>
        <Andel_av_fondförmögenhet_instrument>10.20</Andel_av_fondförmögenhet_instrument>
      </FinansielltInstrument>
      <FinansielltInstrument>
        <Tillgångsslag_enligt_LVF_5_kap>Penningmarknadsinstrument</Tillgångsslag_enligt_LVF_5_kap>
        <Instrumentnamn>Sweden Treasury Bill 0% 230315</Instrumentnamn>
        <ISIN-kod_instrument>SE0017564297</ISIN-kod_instrument>
        <Landkod_Emittent>SE</Landkod_Emittent>
        <Valuta>SEK</Valuta>
        <Antal />
        <Nominellt_belopp>100000000.00</Nominellt_belopp>
        <Kurs_som_använts_vid_värdering_av_instrumentet>99.60004</Kurs_som_använts_vid_värdering_av_instrumentet>
        <Valutakurs_instrument>1.00000</Valutakurs_instrument>
        <Marknadsvärde_instrument>99600041.00</Marknadsvärde_instrument>
        <Andel_av_fondförmögenhet_instrument>1.02</Andel_av_fondförmögenhet_instrument>
      </FinansielltInstrument>
      <FinansielltInstrument>
        <Tillgångsslag_enligt_LVF_5_kap>Penningmarknadsinstrument</Tillgångsslag_enligt_LVF_5_kap>
        <Instrumentnamn>Sweden Treasury Bill 0% 230118</Instrumentnamn>
        <ISIN-kod_instrument>SE0018767873</ISIN-kod_instrument>
        <Landkod_Emittent>SE</Landkod_Emittent>
        <Valuta>SEK</Valuta>
        <Antal />
        <Nominellt_belopp>500000000.00</Nominellt_belopp>
        <Kurs_som_använts_vid_värdering_av_instrumentet>99.93221</Kurs_som_använts_vid_värdering_av_instrumentet>
        <Valutakurs_instrument>1.00000</Valutakurs_instrument>
        <Marknadsvärde_instrument>499661045.00</Marknadsvärde_instrument>
        <Andel_av_fondförmögenhet_instrument>5.11</Andel_av_fondförmögenhet_instrument>
      </FinansielltInstrument>
      <FinansielltInstrument>
        <Tillgångsslag_enligt_LVF_5_kap>Penningmarknadsinstrument</Tillgångsslag_enligt_LVF_5_kap>
        <Instrumentnamn>Sweden Treasury Bill 0% 230215</Instrumentnamn>
        <ISIN-kod_instrument>SE0019071226</ISIN-kod_instrument>
        <Landkod_Emittent>SE</Landkod_Emittent>
        <Valuta>SEK</Valuta>
        <Antal />
        <Nominellt_belopp>200000000.00</Nominellt_belopp>
        <Kurs_som_använts_vid_värdering_av_instrumentet>99.78040</Kurs_som_använts_vid_värdering_av_instrumentet>
        <Valutakurs_instrument>1.00000</Valutakurs_instrument>
        <Marknadsvärde_instrument>199560798.00</Marknadsvärde_instrument>
        <Andel_av_fondförmögenhet_instrument>2.04</Andel_av_fondförmögenhet_instrument>
      </FinansielltInstrument>
      <FinansielltInstrument>
        <Tillgångsslag_enligt_LVF_5_kap>Penningmarknadsinstrument</Tillgångsslag_enligt_LVF_5_kap>
        <Instrumentnamn>Länsforsakringar Hypotek 516 1.25% 2023-09-20</Instrumentnamn>
        <ISIN-kod_instrument>SE0009190390</ISIN-kod_instrument>
        <Landkod_Emittent>SE</Landkod_Emittent>
        <Valuta>SEK</Valuta>
        <Antal />
        <Nominellt_belopp>770000000.00</Nominellt_belopp>
        <Kurs_som_använts_vid_värdering_av_instrumentet>98.74427</Kurs_som_använts_vid_värdering_av_instrumentet>
        <Valutakurs_instrument>1.00000</Valutakurs_instrument>
        <Marknadsvärde_instrument>760330840.50</Marknadsvärde_instrument>
        <Andel_av_fondförmögenhet_instrument>7.77</Andel_av_fondförmögenhet_instrument>
        <Bransch>
          <Branschkod_instrument>0</Branschkod_instrument>
          <Bransch_namn_instrument />
        </Bransch>
      </FinansielltInstrument>
      <FinansielltInstrument>
        <Tillgångsslag_enligt_LVF_5_kap>Penningmarknadsinstrument</Tillgångsslag_enligt_LVF_5_kap>
        <Instrumentnamn>Swedbank Hypotek 1% 192 2023-03-15</Instrumentnamn>
        <ISIN-kod_instrument>SE0010133207</ISIN-kod_instrument>
        <Landkod_Emittent>SE</Landkod_Emittent>
        <Valuta>SEK</Valuta>
        <Antal />
        <Nominellt_belopp>2195000000.00</Nominellt_belopp>
        <Kurs_som_använts_vid_värdering_av_instrumentet>99.71532</Kurs_som_använts_vid_värdering_av_instrumentet>
        <Valutakurs_instrument>1.00000</Valutakurs_instrument>
        <Marknadsvärde_instrument>2188751317.90</Marknadsvärde_instrument>
        <Andel_av_fondförmögenhet_instrument>22.36</Andel_av_fondförmögenhet_instrument>
        <Bransch>
          <Branschkod_instrument>0</Branschkod_instrument>
          <Bransch_namn_instrument />
        </Bransch>
      </FinansielltInstrument>
      <FinansielltInstrument>
        <Tillgångsslag_enligt_LVF_5_kap>Penningmarknadsinstrument</Tillgångsslag_enligt_LVF_5_kap>
        <Instrumentnamn>Stadshypotek 1587 1.5% 2023-06-01</Instrumentnamn>
        <ISIN-kod_instrument>SE0010441303</ISIN-kod_instrument>
        <Landkod_Emittent>SE</Landkod_Emittent>
        <Valuta>SEK</Valuta>
        <Antal />
        <Nominellt_belopp>1265000000.00</Nominellt_belopp>
        <Kurs_som_använts_vid_värdering_av_instrumentet>99.49134</Kurs_som_använts_vid_värdering_av_instrumentet>
        <Valutakurs_instrument>1.00000</Valutakurs_instrument>
        <Marknadsvärde_instrument>1258565444.68</Marknadsvärde_instrument>
        <Andel_av_fondförmögenhet_instrument>12.86</Andel_av_fondförmögenhet_instrument>
        <Bransch>
          <Branschkod_instrument>0</Branschkod_instrument>
          <Bransch_namn_instrument />
        </Bransch>
      </FinansielltInstrument>
      <FinansielltInstrument>
        <Tillgångsslag_enligt_LVF_5_kap>Penningmarknadsinstrument</Tillgångsslag_enligt_LVF_5_kap>
        <Instrumentnamn>Nordea Hypotek 5533 1.25% 2023-09-20</Instrumentnamn>
        <ISIN-kod_instrument>SE0010442731</ISIN-kod_instrument>
        <Landkod_Emittent>SE</Landkod_Emittent>
        <Valuta>SEK</Valuta>
        <Antal />
        <Nominellt_belopp>1190000000.00</Nominellt_belopp>
        <Kurs_som_använts_vid_värdering_av_instrumentet>98.74530</Kurs_som_använts_vid_värdering_av_instrumentet>
        <Valutakurs_instrument>1.00000</Valutakurs_instrument>
        <Marknadsvärde_instrument>1175069105.70</Marknadsvärde_instrument>
        <Andel_av_fondförmögenhet_instrument>12.01</Andel_av_fondförmögenhet_instrument>
        <Bransch>
          <Branschkod_instrument>0</Branschkod_instrument>
          <Bransch_namn_instrument />
        </Bransch>
      </FinansielltInstrument>
      <FinansielltInstrument>
        <Tillgångsslag_enligt_LVF_5_kap>Penningmarknadsinstrument</Tillgångsslag_enligt_LVF_5_kap>
        <Instrumentnamn>Sbab 144 1% 2023-06-21</Instrumentnamn>
        <ISIN-kod_instrument>SE0011167428</ISIN-kod_instrument>
        <Landkod_Emittent>SE</Landkod_Emittent>
        <Valuta>SEK</Valuta>
        <Antal />
        <Nominellt_belopp>638000000.00</Nominellt_belopp>
        <Kurs_som_använts_vid_värdering_av_instrumentet>99.18274</Kurs_som_använts_vid_värdering_av_instrumentet>
        <Valutakurs_instrument>1.00000</Valutakurs_instrument>
        <Marknadsvärde_instrument>632785874.82</Marknadsvärde_instrument>
        <Andel_av_fondförmögenhet_instrument>6.47</Andel_av_fondförmögenhet_instrument>
        <Bransch>
          <Branschkod_instrument>0</Branschkod_instrument>
          <Bransch_namn_instrument />
        </Bransch>
      </FinansielltInstrument>
      <FinansielltInstrument>
        <Tillgångsslag_enligt_LVF_5_kap>Penningmarknadsinstrument</Tillgångsslag_enligt_LVF_5_kap>
        <Instrumentnamn>FC Sundsvalls Kommun 2023-02-16</Instrumentnamn>
        <ISIN-kod_instrument>SE0019173006</ISIN-kod_instrument>
        <Landkod_Emittent>SE</Landkod_Emittent>
        <Valuta>SEK</Valuta>
        <Antal />
        <Nominellt_belopp>50000000.00</Nominellt_belopp>
        <Kurs_som_använts_vid_värdering_av_instrumentet>99.68842</Kurs_som_använts_vid_värdering_av_instrumentet>
        <Valutakurs_instrument>1.00000</Valutakurs_instrument>
        <Marknadsvärde_instrument>49844211.92</Marknadsvärde_instrument>
        <Andel_av_fondförmögenhet_instrument>0.51</Andel_av_fondförmögenhet_instrument>
        <Bransch>
          <Branschkod_instrument>0</Branschkod_instrument>
          <Bransch_namn_instrument />
        </Bransch>
      </FinansielltInstrument>
      <FinansielltInstrument>
        <Tillgångsslag_enligt_LVF_5_kap>Penningmarknadsinstrument</Tillgångsslag_enligt_LVF_5_kap>
        <Instrumentnamn>FC Östersunds Kommun 2023-02-17</Instrumentnamn>
        <ISIN-kod_instrument>SE0019173055</ISIN-kod_instrument>
        <Landkod_Emittent>SE</Landkod_Emittent>
        <Valuta>SEK</Valuta>
        <Antal />
        <Nominellt_belopp>50000000.00</Nominellt_belopp>
        <Kurs_som_använts_vid_värdering_av_instrumentet>99.68120</Kurs_som_använts_vid_värdering_av_instrumentet>
        <Valutakurs_instrument>1.00000</Valutakurs_instrument>
        <Marknadsvärde_instrument>49840598.69</Marknadsvärde_instrument>
        <Andel_av_fondförmögenhet_instrument>0.51</Andel_av_fondförmögenhet_instrument>
        <Bransch>
          <Branschkod_instrument>0</Branschkod_instrument>
          <Bransch_namn_instrument />
        </Bransch>
      </FinansielltInstrument>
      <FinansielltInstrument>
        <Tillgångsslag_enligt_LVF_5_kap>Penningmarknadsinstrument</Tillgångsslag_enligt_LVF_5_kap>
        <Instrumentnamn>FC Östersunds Kommun 2023-03-02</Instrumentnamn>
        <ISIN-kod_instrument>SE0019175654</ISIN-kod_instrument>
        <Landkod_Emittent>SE</Landkod_Emittent>
        <Valuta>SEK</Valuta>
        <Antal />
        <Nominellt_belopp>25000000.00</Nominellt_belopp>
        <Kurs_som_använts_vid_värdering_av_instrumentet>99.58489</Kurs_som_använts_vid_värdering_av_instrumentet>
        <Valutakurs_instrument>1.00000</Valutakurs_instrument>
        <Marknadsvärde_instrument>24896221.44</Marknadsvärde_instrument>
        <Andel_av_fondförmögenhet_instrument>0.25</Andel_av_fondförmögenhet_instrument>
        <Bransch>
          <Branschkod_instrument>0</Branschkod_instrument>
          <Bransch_namn_instrument />
        </Bransch>
      </FinansielltInstrument>
      <FinansielltInstrument>
        <Tillgångsslag_enligt_LVF_5_kap>Penningmarknadsinstrument</Tillgångsslag_enligt_LVF_5_kap>
        <Instrumentnamn>FC Göteborgs Kommun 2023-03-06</Instrumentnamn>
        <ISIN-kod_instrument>SE0019175993</ISIN-kod_instrument>
        <Landkod_Emittent>SE</Landkod_Emittent>
        <Valuta>SEK</Valuta>
        <Antal />
        <Nominellt_belopp>25000000.00</Nominellt_belopp>
        <Kurs_som_använts_vid_värdering_av_instrumentet>99.55418</Kurs_som_använts_vid_värdering_av_instrumentet>
        <Valutakurs_instrument>1.00000</Valutakurs_instrument>
        <Marknadsvärde_instrument>24888545.64</Marknadsvärde_instrument>
        <Andel_av_fondförmögenhet_instrument>0.25</Andel_av_fondförmögenhet_instrument>
        <Bransch>
          <Branschkod_instrument>0</Branschkod_instrument>
          <Bransch_namn_instrument />
        </Bransch>
      </FinansielltInstrument>
      <FinansielltInstrument>
        <Tillgångsslag_enligt_LVF_5_kap>Penningmarknadsinstrument</Tillgångsslag_enligt_LVF_5_kap>
        <Instrumentnamn>FC Jönköpings Kommun 2023-03-16</Instrumentnamn>
        <ISIN-kod_instrument>SE0019352923</ISIN-kod_instrument>
        <Landkod_Emittent>SE</Landkod_Emittent>
        <Valuta>SEK</Valuta>
        <Antal />
        <Nominellt_belopp>50000000.00</Nominellt_belopp>
        <Kurs_som_använts_vid_värdering_av_instrumentet>99.47557</Kurs_som_använts_vid_värdering_av_instrumentet>
        <Valutakurs_instrument>1.00000</Valutakurs_instrument>
        <Marknadsvärde_instrument>49737785.16</Marknadsvärde_instrument>
        <Andel_av_fondförmögenhet_instrument>0.51</Andel_av_fondförmögenhet_instrument>
        <Bransch>
          <Branschkod_instrument>0</Branschkod_instrument>
          <Bransch_namn_instrument />
        </Bransch>
      </FinansielltInstrument>
      <FinansielltInstrument>
        <Tillgångsslag_enligt_LVF_5_kap>Penningmarknadsinstrument</Tillgångsslag_enligt_LVF_5_kap>
        <Instrumentnamn>Riksbankscertifikat 2023-01-04</Instrumentnamn>
        <ISIN-kod_instrument>SE0019354101</ISIN-kod_instrument>
        <Landkod_Emittent>SE</Landkod_Emittent>
        <Valuta>SEK</Valuta>
        <Antal />
        <Nominellt_belopp>1200000000.00</Nominellt_belopp>
        <Kurs_som_använts_vid_värdering_av_instrumentet>99.97316</Kurs_som_använts_vid_värdering_av_instrumentet>
        <Valutakurs_instrument>1.00000</Valutakurs_instrument>
        <Marknadsvärde_instrument>1199677953.12</Marknadsvärde_instrument>
        <Andel_av_fondförmögenhet_instrument>12.26</Andel_av_fondförmögenhet_instrument>
        <Bransch>
          <Branschkod_instrument>0</Branschkod_instrument>
          <Bransch_namn_instrument />
        </Bransch>
      </FinansielltInstrument>
    </FinansiellaInstrument>
  </Fondinformation>
  <Fondinformation />
</VärdepappersfondInnehav>