﻿<?xml version="1.0" encoding="utf-8"?>
<VärdepappersfondInnehav xmlns="http://schemas.fi.se/publika/vardepappersfonder/20200331">
  <Rapportinformation>
    <Kvartalsslut>2022-12-31</Kvartalsslut>
  </Rapportinformation>
  <Bolagsinformation>
    <Fondbolag_namn>SEB Investment Management AB</Fondbolag_namn>
    <Fondbolag_institutnummer>58060</Fondbolag_institutnummer>
    <Fondbolag_LEI-kod>549300DNI5UYVM6X6N69</Fondbolag_LEI-kod>
  </Bolagsinformation>
  <Fondinformation>
    <Fond_institutnummer>51592</Fond_institutnummer>
    <Fond_ISIN-kod>SE0000577389</Fond_ISIN-kod>
    <Fond_namn>SEB Sverigefond Småbolag</Fond_namn>
    <Förvaltningsavgift>
      <MedAndelsklasser>
        <Förvaltningsavgift>
          <Andelsklass_namn>C</Andelsklass_namn>
          <Förvaltningsavgift_Typ>
            <Förvaltningsavgift_fast>0.75</Förvaltningsavgift_fast>
          </Förvaltningsavgift_Typ>
        </Förvaltningsavgift>
        <Förvaltningsavgift>
          <Andelsklass_namn>B</Andelsklass_namn>
          <Förvaltningsavgift_Typ>
            <Förvaltningsavgift_fast>1.50</Förvaltningsavgift_fast>
          </Förvaltningsavgift_Typ>
        </Förvaltningsavgift>
        <Förvaltningsavgift>
          <Andelsklass_namn>D</Andelsklass_namn>
          <Förvaltningsavgift_Typ>
            <Förvaltningsavgift_fast>0.75</Förvaltningsavgift_fast>
          </Förvaltningsavgift_Typ>
        </Förvaltningsavgift>
        <Förvaltningsavgift>
          <Andelsklass_namn>A</Andelsklass_namn>
          <Förvaltningsavgift_Typ>
            <Förvaltningsavgift_fast>1.50</Förvaltningsavgift_fast>
          </Förvaltningsavgift_Typ>
        </Förvaltningsavgift>
      </MedAndelsklasser>
    </Förvaltningsavgift>
    <Fondförmögenhet>11607832312</Fondförmögenhet>
    <Likvida_medel>241300064</Likvida_medel>
    <Övriga_tillgångar_och_skulder>-16353365</Övriga_tillgångar_och_skulder>
    <Aktiv_risk>7.33</Aktiv_risk>
    <Standardavvikelse_24_månader>29.16</Standardavvikelse_24_månader>
    <Jämförelseindex>
      <Jämförelseindex>Carnegie Small Cap Return Index</Jämförelseindex>
    </Jämförelseindex>
    <FinansiellaInstrument>
      <FinansielltInstrument>
        <Tillgångsslag_enligt_LVF_5_kap>ÖverlåtbartVärdepapper</Tillgångsslag_enligt_LVF_5_kap>
        <Instrumentnamn>GN Store Nord</Instrumentnamn>
        <ISIN-kod_instrument>DK0010272632</ISIN-kod_instrument>
        <Landkod_Emittent>DK</Landkod_Emittent>
        <Valuta>DKK</Valuta>
        <Antal>480000.00000</Antal>
        <Nominellt_belopp />
        <Kurs_som_använts_vid_värdering_av_instrumentet>159.75000</Kurs_som_använts_vid_värdering_av_instrumentet>
        <Valutakurs_instrument>1.49537</Valutakurs_instrument>
        <Marknadsvärde_instrument>114664807.27</Marknadsvärde_instrument>
        <Andel_av_fondförmögenhet_instrument>0.99</Andel_av_fondförmögenhet_instrument>
        <Bransch>
          <Branschkod_instrument>35</Branschkod_instrument>
          <Bransch_namn_instrument>Hälsovård</Bransch_namn_instrument>
        </Bransch>
      </FinansielltInstrument>
      <FinansielltInstrument>
        <Tillgångsslag_enligt_LVF_5_kap>ÖverlåtbartVärdepapper</Tillgångsslag_enligt_LVF_5_kap>
        <Instrumentnamn>Holmen B</Instrumentnamn>
        <ISIN-kod_instrument>SE0011090018</ISIN-kod_instrument>
        <Landkod_Emittent>SE</Landkod_Emittent>
        <Valuta>SEK</Valuta>
        <Antal>803816.00000</Antal>
        <Nominellt_belopp />
        <Kurs_som_använts_vid_värdering_av_instrumentet>413.90000</Kurs_som_använts_vid_värdering_av_instrumentet>
        <Valutakurs_instrument>1.00000</Valutakurs_instrument>
        <Marknadsvärde_instrument>332699442.40</Marknadsvärde_instrument>
        <Andel_av_fondförmögenhet_instrument>2.87</Andel_av_fondförmögenhet_instrument>
        <Bransch>
          <Branschkod_instrument>15</Branschkod_instrument>
          <Bransch_namn_instrument>Råvaror</Bransch_namn_instrument>
        </Bransch>
      </FinansielltInstrument>
      <FinansielltInstrument>
        <Tillgångsslag_enligt_LVF_5_kap>ÖverlåtbartVärdepapper</Tillgångsslag_enligt_LVF_5_kap>
        <Instrumentnamn>OEM International -B</Instrumentnamn>
        <ISIN-kod_instrument>SE0017766843</ISIN-kod_instrument>
        <Landkod_Emittent>SE</Landkod_Emittent>
        <Valuta>SEK</Valuta>
        <Antal>1454072.00000</Antal>
        <Nominellt_belopp />
        <Kurs_som_använts_vid_värdering_av_instrumentet>72.30000</Kurs_som_använts_vid_värdering_av_instrumentet>
        <Valutakurs_instrument>1.00000</Valutakurs_instrument>
        <Marknadsvärde_instrument>105129405.60</Marknadsvärde_instrument>
        <Andel_av_fondförmögenhet_instrument>0.91</Andel_av_fondförmögenhet_instrument>
        <Bransch>
          <Branschkod_instrument>20</Branschkod_instrument>
          <Bransch_namn_instrument>Industri</Bransch_namn_instrument>
        </Bransch>
      </FinansielltInstrument>
      <FinansielltInstrument>
        <Tillgångsslag_enligt_LVF_5_kap>ÖverlåtbartVärdepapper</Tillgångsslag_enligt_LVF_5_kap>
        <Instrumentnamn>SCA B</Instrumentnamn>
        <ISIN-kod_instrument>SE0000112724</ISIN-kod_instrument>
        <Landkod_Emittent>SE</Landkod_Emittent>
        <Valuta>SEK</Valuta>
        <Antal>1494421.00000</Antal>
        <Nominellt_belopp />
        <Kurs_som_använts_vid_värdering_av_instrumentet>131.95000</Kurs_som_använts_vid_värdering_av_instrumentet>
        <Valutakurs_instrument>1.00000</Valutakurs_instrument>
        <Marknadsvärde_instrument>197188850.95</Marknadsvärde_instrument>
        <Andel_av_fondförmögenhet_instrument>1.70</Andel_av_fondförmögenhet_instrument>
        <Bransch>
          <Branschkod_instrument>15</Branschkod_instrument>
          <Bransch_namn_instrument>Råvaror</Bransch_namn_instrument>
        </Bransch>
      </FinansielltInstrument>
      <FinansielltInstrument>
        <Tillgångsslag_enligt_LVF_5_kap>ÖverlåtbartVärdepapper</Tillgångsslag_enligt_LVF_5_kap>
        <Instrumentnamn>Beijer Ref B</Instrumentnamn>
        <ISIN-kod_instrument>SE0015949748</ISIN-kod_instrument>
        <Landkod_Emittent>SE</Landkod_Emittent>
        <Valuta>SEK</Valuta>
        <Antal>5288935.00000</Antal>
        <Nominellt_belopp />
        <Kurs_som_använts_vid_värdering_av_instrumentet>147.10000</Kurs_som_använts_vid_värdering_av_instrumentet>
        <Valutakurs_instrument>1.00000</Valutakurs_instrument>
        <Marknadsvärde_instrument>778002338.50</Marknadsvärde_instrument>
        <Andel_av_fondförmögenhet_instrument>6.70</Andel_av_fondförmögenhet_instrument>
        <Bransch>
          <Branschkod_instrument>20</Branschkod_instrument>
          <Bransch_namn_instrument>Industri</Bransch_namn_instrument>
        </Bransch>
      </FinansielltInstrument>
      <FinansielltInstrument>
        <Tillgångsslag_enligt_LVF_5_kap>ÖverlåtbartVärdepapper</Tillgångsslag_enligt_LVF_5_kap>
        <Instrumentnamn>Trelleborg B</Instrumentnamn>
        <ISIN-kod_instrument>SE0000114837</ISIN-kod_instrument>
        <Landkod_Emittent>SE</Landkod_Emittent>
        <Valuta>SEK</Valuta>
        <Antal>1265600.00000</Antal>
        <Nominellt_belopp />
        <Kurs_som_använts_vid_värdering_av_instrumentet>240.80000</Kurs_som_använts_vid_värdering_av_instrumentet>
        <Valutakurs_instrument>1.00000</Valutakurs_instrument>
        <Marknadsvärde_instrument>304756480.00</Marknadsvärde_instrument>
        <Andel_av_fondförmögenhet_instrument>2.63</Andel_av_fondförmögenhet_instrument>
        <Bransch>
          <Branschkod_instrument>20</Branschkod_instrument>
          <Bransch_namn_instrument>Industri</Bransch_namn_instrument>
        </Bransch>
      </FinansielltInstrument>
      <FinansielltInstrument>
        <Tillgångsslag_enligt_LVF_5_kap>ÖverlåtbartVärdepapper</Tillgångsslag_enligt_LVF_5_kap>
        <Instrumentnamn>ÅF B</Instrumentnamn>
        <ISIN-kod_instrument>SE0005999836</ISIN-kod_instrument>
        <Landkod_Emittent>SE</Landkod_Emittent>
        <Valuta>SEK</Valuta>
        <Antal>1182646.00000</Antal>
        <Nominellt_belopp />
        <Kurs_som_använts_vid_värdering_av_instrumentet>170.90000</Kurs_som_använts_vid_värdering_av_instrumentet>
        <Valutakurs_instrument>1.00000</Valutakurs_instrument>
        <Marknadsvärde_instrument>202114201.40</Marknadsvärde_instrument>
        <Andel_av_fondförmögenhet_instrument>1.74</Andel_av_fondförmögenhet_instrument>
        <Bransch>
          <Branschkod_instrument>20</Branschkod_instrument>
          <Bransch_namn_instrument>Industri</Bransch_namn_instrument>
        </Bransch>
      </FinansielltInstrument>
      <FinansielltInstrument>
        <Tillgångsslag_enligt_LVF_5_kap>ÖverlåtbartVärdepapper</Tillgångsslag_enligt_LVF_5_kap>
        <Instrumentnamn>Securitas B</Instrumentnamn>
        <ISIN-kod_instrument>SE0000163594</ISIN-kod_instrument>
        <Landkod_Emittent>SE</Landkod_Emittent>
        <Valuta>SEK</Valuta>
        <Antal>450000.00000</Antal>
        <Nominellt_belopp />
        <Kurs_som_använts_vid_värdering_av_instrumentet>86.96000</Kurs_som_använts_vid_värdering_av_instrumentet>
        <Valutakurs_instrument>1.00000</Valutakurs_instrument>
        <Marknadsvärde_instrument>39132000.00</Marknadsvärde_instrument>
        <Andel_av_fondförmögenhet_instrument>0.34</Andel_av_fondförmögenhet_instrument>
        <Bransch>
          <Branschkod_instrument>20</Branschkod_instrument>
          <Bransch_namn_instrument>Industri</Bransch_namn_instrument>
        </Bransch>
      </FinansielltInstrument>
      <FinansielltInstrument>
        <Tillgångsslag_enligt_LVF_5_kap>ÖverlåtbartVärdepapper</Tillgångsslag_enligt_LVF_5_kap>
        <Instrumentnamn>Elekta B</Instrumentnamn>
        <ISIN-kod_instrument>SE0000163628</ISIN-kod_instrument>
        <Landkod_Emittent>SE</Landkod_Emittent>
        <Valuta>SEK</Valuta>
        <Antal>1641337.00000</Antal>
        <Nominellt_belopp />
        <Kurs_som_använts_vid_värdering_av_instrumentet>62.80000</Kurs_som_använts_vid_värdering_av_instrumentet>
        <Valutakurs_instrument>1.00000</Valutakurs_instrument>
        <Marknadsvärde_instrument>103075963.60</Marknadsvärde_instrument>
        <Andel_av_fondförmögenhet_instrument>0.89</Andel_av_fondförmögenhet_instrument>
        <Bransch>
          <Branschkod_instrument>35</Branschkod_instrument>
          <Bransch_namn_instrument>Hälsovård</Bransch_namn_instrument>
        </Bransch>
      </FinansielltInstrument>
      <FinansielltInstrument>
        <Tillgångsslag_enligt_LVF_5_kap>ÖverlåtbartVärdepapper</Tillgångsslag_enligt_LVF_5_kap>
        <Instrumentnamn>Avanza</Instrumentnamn>
        <ISIN-kod_instrument>SE0012454072</ISIN-kod_instrument>
        <Landkod_Emittent>SE</Landkod_Emittent>
        <Valuta>SEK</Valuta>
        <Antal>1069501.00000</Antal>
        <Nominellt_belopp />
        <Kurs_som_använts_vid_värdering_av_instrumentet>223.60000</Kurs_som_använts_vid_värdering_av_instrumentet>
        <Valutakurs_instrument>1.00000</Valutakurs_instrument>
        <Marknadsvärde_instrument>239140423.60</Marknadsvärde_instrument>
        <Andel_av_fondförmögenhet_instrument>2.06</Andel_av_fondförmögenhet_instrument>
        <Bransch>
          <Branschkod_instrument>40</Branschkod_instrument>
          <Bransch_namn_instrument>Finans</Bransch_namn_instrument>
        </Bransch>
      </FinansielltInstrument>
      <FinansielltInstrument>
        <Tillgångsslag_enligt_LVF_5_kap>ÖverlåtbartVärdepapper</Tillgångsslag_enligt_LVF_5_kap>
        <Instrumentnamn>Bure Equity</Instrumentnamn>
        <ISIN-kod_instrument>SE0000195810</ISIN-kod_instrument>
        <Landkod_Emittent>SE</Landkod_Emittent>
        <Valuta>SEK</Valuta>
        <Antal>1541915.00000</Antal>
        <Nominellt_belopp />
        <Kurs_som_använts_vid_värdering_av_instrumentet>246.40000</Kurs_som_använts_vid_värdering_av_instrumentet>
        <Valutakurs_instrument>1.00000</Valutakurs_instrument>
        <Marknadsvärde_instrument>379927856.00</Marknadsvärde_instrument>
        <Andel_av_fondförmögenhet_instrument>3.27</Andel_av_fondförmögenhet_instrument>
        <Bransch>
          <Branschkod_instrument>40</Branschkod_instrument>
          <Bransch_namn_instrument>Finans</Bransch_namn_instrument>
        </Bransch>
      </FinansielltInstrument>
      <FinansielltInstrument>
        <Tillgångsslag_enligt_LVF_5_kap>ÖverlåtbartVärdepapper</Tillgångsslag_enligt_LVF_5_kap>
        <Instrumentnamn>Mycronic</Instrumentnamn>
        <ISIN-kod_instrument>SE0000375115</ISIN-kod_instrument>
        <Landkod_Emittent>SE</Landkod_Emittent>
        <Valuta>SEK</Valuta>
        <Antal>2273010.00000</Antal>
        <Nominellt_belopp />
        <Kurs_som_använts_vid_värdering_av_instrumentet>195.80000</Kurs_som_använts_vid_värdering_av_instrumentet>
        <Valutakurs_instrument>1.00000</Valutakurs_instrument>
        <Marknadsvärde_instrument>445055358.00</Marknadsvärde_instrument>
        <Andel_av_fondförmögenhet_instrument>3.83</Andel_av_fondförmögenhet_instrument>
        <Bransch>
          <Branschkod_instrument>45</Branschkod_instrument>
          <Bransch_namn_instrument>Informationsteknologi</Bransch_namn_instrument>
        </Bransch>
      </FinansielltInstrument>
      <FinansielltInstrument>
        <Tillgångsslag_enligt_LVF_5_kap>ÖverlåtbartVärdepapper</Tillgångsslag_enligt_LVF_5_kap>
        <Instrumentnamn>Sectra B</Instrumentnamn>
        <ISIN-kod_instrument>SE0018245953</ISIN-kod_instrument>
        <Landkod_Emittent>SE</Landkod_Emittent>
        <Valuta>SEK</Valuta>
        <Antal>4968074.00000</Antal>
        <Nominellt_belopp />
        <Kurs_som_använts_vid_värdering_av_instrumentet>148.80000</Kurs_som_använts_vid_värdering_av_instrumentet>
        <Valutakurs_instrument>1.00000</Valutakurs_instrument>
        <Marknadsvärde_instrument>739249411.20</Marknadsvärde_instrument>
        <Andel_av_fondförmögenhet_instrument>6.37</Andel_av_fondförmögenhet_instrument>
        <Bransch>
          <Branschkod_instrument>35</Branschkod_instrument>
          <Bransch_namn_instrument>Hälsovård</Bransch_namn_instrument>
        </Bransch>
      </FinansielltInstrument>
      <FinansielltInstrument>
        <Tillgångsslag_enligt_LVF_5_kap>ÖverlåtbartVärdepapper</Tillgångsslag_enligt_LVF_5_kap>
        <Instrumentnamn>Sweco B</Instrumentnamn>
        <ISIN-kod_instrument>SE0014960373</ISIN-kod_instrument>
        <Landkod_Emittent>SE</Landkod_Emittent>
        <Valuta>SEK</Valuta>
        <Antal>3301723.00000</Antal>
        <Nominellt_belopp />
        <Kurs_som_använts_vid_värdering_av_instrumentet>99.85000</Kurs_som_använts_vid_värdering_av_instrumentet>
        <Valutakurs_instrument>1.00000</Valutakurs_instrument>
        <Marknadsvärde_instrument>329677041.55</Marknadsvärde_instrument>
        <Andel_av_fondförmögenhet_instrument>2.84</Andel_av_fondförmögenhet_instrument>
        <Bransch>
          <Branschkod_instrument>20</Branschkod_instrument>
          <Bransch_namn_instrument>Industri</Bransch_namn_instrument>
        </Bransch>
      </FinansielltInstrument>
      <FinansielltInstrument>
        <Tillgångsslag_enligt_LVF_5_kap>ÖverlåtbartVärdepapper</Tillgångsslag_enligt_LVF_5_kap>
        <Instrumentnamn>AddTech</Instrumentnamn>
        <ISIN-kod_instrument>SE0014781795</ISIN-kod_instrument>
        <Landkod_Emittent>SE</Landkod_Emittent>
        <Valuta>SEK</Valuta>
        <Antal>5597980.00000</Antal>
        <Nominellt_belopp />
        <Kurs_som_använts_vid_värdering_av_instrumentet>148.70000</Kurs_som_använts_vid_värdering_av_instrumentet>
        <Valutakurs_instrument>1.00000</Valutakurs_instrument>
        <Marknadsvärde_instrument>832419626.00</Marknadsvärde_instrument>
        <Andel_av_fondförmögenhet_instrument>7.17</Andel_av_fondförmögenhet_instrument>
        <Bransch>
          <Branschkod_instrument>20</Branschkod_instrument>
          <Bransch_namn_instrument>Industri</Bransch_namn_instrument>
        </Bransch>
      </FinansielltInstrument>
      <FinansielltInstrument>
        <Tillgångsslag_enligt_LVF_5_kap>ÖverlåtbartVärdepapper</Tillgångsslag_enligt_LVF_5_kap>
        <Instrumentnamn>Lagercrantz B</Instrumentnamn>
        <ISIN-kod_instrument>SE0014990966</ISIN-kod_instrument>
        <Landkod_Emittent>SE</Landkod_Emittent>
        <Valuta>SEK</Valuta>
        <Antal>7251667.00000</Antal>
        <Nominellt_belopp />
        <Kurs_som_använts_vid_värdering_av_instrumentet>103.30000</Kurs_som_använts_vid_värdering_av_instrumentet>
        <Valutakurs_instrument>1.00000</Valutakurs_instrument>
        <Marknadsvärde_instrument>749097201.10</Marknadsvärde_instrument>
        <Andel_av_fondförmögenhet_instrument>6.45</Andel_av_fondförmögenhet_instrument>
        <Bransch>
          <Branschkod_instrument>45</Branschkod_instrument>
          <Bransch_namn_instrument>Informationsteknologi</Bransch_namn_instrument>
        </Bransch>
      </FinansielltInstrument>
      <FinansielltInstrument>
        <Tillgångsslag_enligt_LVF_5_kap>ÖverlåtbartVärdepapper</Tillgångsslag_enligt_LVF_5_kap>
        <Instrumentnamn>Wihlborgs Fastigheter</Instrumentnamn>
        <ISIN-kod_instrument>SE0018012635</ISIN-kod_instrument>
        <Landkod_Emittent>SE</Landkod_Emittent>
        <Valuta>SEK</Valuta>
        <Antal>6487292.00000</Antal>
        <Nominellt_belopp />
        <Kurs_som_använts_vid_värdering_av_instrumentet>78.50000</Kurs_som_använts_vid_värdering_av_instrumentet>
        <Valutakurs_instrument>1.00000</Valutakurs_instrument>
        <Marknadsvärde_instrument>509252422.00</Marknadsvärde_instrument>
        <Andel_av_fondförmögenhet_instrument>4.39</Andel_av_fondförmögenhet_instrument>
        <Bransch>
          <Branschkod_instrument>60</Branschkod_instrument>
          <Bransch_namn_instrument>Fastigheter</Bransch_namn_instrument>
        </Bransch>
      </FinansielltInstrument>
      <FinansielltInstrument>
        <Tillgångsslag_enligt_LVF_5_kap>ÖverlåtbartVärdepapper</Tillgångsslag_enligt_LVF_5_kap>
        <Instrumentnamn>AarhusKarlshamn</Instrumentnamn>
        <ISIN-kod_instrument>SE0011337708</ISIN-kod_instrument>
        <Landkod_Emittent>SE</Landkod_Emittent>
        <Valuta>SEK</Valuta>
        <Antal>3385430.00000</Antal>
        <Nominellt_belopp />
        <Kurs_som_använts_vid_värdering_av_instrumentet>177.85000</Kurs_som_använts_vid_värdering_av_instrumentet>
        <Valutakurs_instrument>1.00000</Valutakurs_instrument>
        <Marknadsvärde_instrument>602098725.50</Marknadsvärde_instrument>
        <Andel_av_fondförmögenhet_instrument>5.19</Andel_av_fondförmögenhet_instrument>
        <Bransch>
          <Branschkod_instrument>30</Branschkod_instrument>
          <Bransch_namn_instrument>Konsument - Dagligköpsvaror</Bransch_namn_instrument>
        </Bransch>
      </FinansielltInstrument>
      <FinansielltInstrument>
        <Tillgångsslag_enligt_LVF_5_kap>ÖverlåtbartVärdepapper</Tillgångsslag_enligt_LVF_5_kap>
        <Instrumentnamn>Indutrade</Instrumentnamn>
        <ISIN-kod_instrument>SE0001515552</ISIN-kod_instrument>
        <Landkod_Emittent>SE</Landkod_Emittent>
        <Valuta>SEK</Valuta>
        <Antal>2619071.00000</Antal>
        <Nominellt_belopp />
        <Kurs_som_använts_vid_värdering_av_instrumentet>211.10000</Kurs_som_använts_vid_värdering_av_instrumentet>
        <Valutakurs_instrument>1.00000</Valutakurs_instrument>
        <Marknadsvärde_instrument>552885888.10</Marknadsvärde_instrument>
        <Andel_av_fondförmögenhet_instrument>4.76</Andel_av_fondförmögenhet_instrument>
        <Bransch>
          <Branschkod_instrument>20</Branschkod_instrument>
          <Bransch_namn_instrument>Industri</Bransch_namn_instrument>
        </Bransch>
      </FinansielltInstrument>
      <FinansielltInstrument>
        <Tillgångsslag_enligt_LVF_5_kap>ÖverlåtbartVärdepapper</Tillgångsslag_enligt_LVF_5_kap>
        <Instrumentnamn>Balder Fastighets</Instrumentnamn>
        <ISIN-kod_instrument>SE0017832488</ISIN-kod_instrument>
        <Landkod_Emittent>SE</Landkod_Emittent>
        <Valuta>SEK</Valuta>
        <Antal>6325806.00000</Antal>
        <Nominellt_belopp />
        <Kurs_som_använts_vid_värdering_av_instrumentet>48.52000</Kurs_som_använts_vid_värdering_av_instrumentet>
        <Valutakurs_instrument>1.00000</Valutakurs_instrument>
        <Marknadsvärde_instrument>306928107.12</Marknadsvärde_instrument>
        <Andel_av_fondförmögenhet_instrument>2.64</Andel_av_fondförmögenhet_instrument>
        <Bransch>
          <Branschkod_instrument>60</Branschkod_instrument>
          <Bransch_namn_instrument>Fastigheter</Bransch_namn_instrument>
        </Bransch>
      </FinansielltInstrument>
      <FinansielltInstrument>
        <Tillgångsslag_enligt_LVF_5_kap>ÖverlåtbartVärdepapper</Tillgångsslag_enligt_LVF_5_kap>
        <Instrumentnamn>HMS Networks</Instrumentnamn>
        <ISIN-kod_instrument>SE0009997018</ISIN-kod_instrument>
        <Landkod_Emittent>SE</Landkod_Emittent>
        <Valuta>SEK</Valuta>
        <Antal>876964.00000</Antal>
        <Nominellt_belopp />
        <Kurs_som_använts_vid_värdering_av_instrumentet>339.60000</Kurs_som_använts_vid_värdering_av_instrumentet>
        <Valutakurs_instrument>1.00000</Valutakurs_instrument>
        <Marknadsvärde_instrument>297816974.40</Marknadsvärde_instrument>
        <Andel_av_fondförmögenhet_instrument>2.57</Andel_av_fondförmögenhet_instrument>
        <Bransch>
          <Branschkod_instrument>45</Branschkod_instrument>
          <Bransch_namn_instrument>Informationsteknologi</Bransch_namn_instrument>
        </Bransch>
      </FinansielltInstrument>
      <FinansielltInstrument>
        <Tillgångsslag_enligt_LVF_5_kap>ÖverlåtbartVärdepapper</Tillgångsslag_enligt_LVF_5_kap>
        <Instrumentnamn>Loomis B</Instrumentnamn>
        <ISIN-kod_instrument>SE0014504817</ISIN-kod_instrument>
        <Landkod_Emittent>SE</Landkod_Emittent>
        <Valuta>SEK</Valuta>
        <Antal>782014.00000</Antal>
        <Nominellt_belopp />
        <Kurs_som_använts_vid_värdering_av_instrumentet>286.00000</Kurs_som_använts_vid_värdering_av_instrumentet>
        <Valutakurs_instrument>1.00000</Valutakurs_instrument>
        <Marknadsvärde_instrument>223656004.00</Marknadsvärde_instrument>
        <Andel_av_fondförmögenhet_instrument>1.93</Andel_av_fondförmögenhet_instrument>
        <Bransch>
          <Branschkod_instrument>20</Branschkod_instrument>
          <Bransch_namn_instrument>Industri</Bransch_namn_instrument>
        </Bransch>
      </FinansielltInstrument>
      <FinansielltInstrument>
        <Tillgångsslag_enligt_LVF_5_kap>ÖverlåtbartVärdepapper</Tillgångsslag_enligt_LVF_5_kap>
        <Instrumentnamn>Össur</Instrumentnamn>
        <ISIN-kod_instrument>IS0000000040</ISIN-kod_instrument>
        <Landkod_Emittent>IS</Landkod_Emittent>
        <Valuta>DKK</Valuta>
        <Antal>6305518.00000</Antal>
        <Nominellt_belopp />
        <Kurs_som_använts_vid_värdering_av_instrumentet>33.55000</Kurs_som_använts_vid_värdering_av_instrumentet>
        <Valutakurs_instrument>1.49537</Valutakurs_instrument>
        <Marknadsvärde_instrument>316345262.90</Marknadsvärde_instrument>
        <Andel_av_fondförmögenhet_instrument>2.73</Andel_av_fondförmögenhet_instrument>
        <Bransch>
          <Branschkod_instrument>35</Branschkod_instrument>
          <Bransch_namn_instrument>Hälsovård</Bransch_namn_instrument>
        </Bransch>
      </FinansielltInstrument>
      <FinansielltInstrument>
        <Tillgångsslag_enligt_LVF_5_kap>ÖverlåtbartVärdepapper</Tillgångsslag_enligt_LVF_5_kap>
        <Instrumentnamn>Sagax B</Instrumentnamn>
        <ISIN-kod_instrument>SE0005127818</ISIN-kod_instrument>
        <Landkod_Emittent>SE</Landkod_Emittent>
        <Valuta>SEK</Valuta>
        <Antal>2374660.00000</Antal>
        <Nominellt_belopp />
        <Kurs_som_använts_vid_värdering_av_instrumentet>236.50000</Kurs_som_använts_vid_värdering_av_instrumentet>
        <Valutakurs_instrument>1.00000</Valutakurs_instrument>
        <Marknadsvärde_instrument>561607090.00</Marknadsvärde_instrument>
        <Andel_av_fondförmögenhet_instrument>4.84</Andel_av_fondförmögenhet_instrument>
        <Bransch>
          <Branschkod_instrument>60</Branschkod_instrument>
          <Bransch_namn_instrument>Fastigheter</Bransch_namn_instrument>
        </Bransch>
      </FinansielltInstrument>
      <FinansielltInstrument>
        <Tillgångsslag_enligt_LVF_5_kap>ÖverlåtbartVärdepapper</Tillgångsslag_enligt_LVF_5_kap>
        <Instrumentnamn>Platzerfas B</Instrumentnamn>
        <ISIN-kod_instrument>SE0004977692</ISIN-kod_instrument>
        <Landkod_Emittent>SE</Landkod_Emittent>
        <Valuta>SEK</Valuta>
        <Antal>3402825.00000</Antal>
        <Nominellt_belopp />
        <Kurs_som_använts_vid_värdering_av_instrumentet>82.30000</Kurs_som_använts_vid_värdering_av_instrumentet>
        <Valutakurs_instrument>1.00000</Valutakurs_instrument>
        <Marknadsvärde_instrument>280052497.50</Marknadsvärde_instrument>
        <Andel_av_fondförmögenhet_instrument>2.41</Andel_av_fondförmögenhet_instrument>
        <Bransch>
          <Branschkod_instrument>60</Branschkod_instrument>
          <Bransch_namn_instrument>Fastigheter</Bransch_namn_instrument>
        </Bransch>
      </FinansielltInstrument>
      <FinansielltInstrument>
        <Tillgångsslag_enligt_LVF_5_kap>ÖverlåtbartVärdepapper</Tillgångsslag_enligt_LVF_5_kap>
        <Instrumentnamn>Lifco</Instrumentnamn>
        <ISIN-kod_instrument>SE0015949201</ISIN-kod_instrument>
        <Landkod_Emittent>SE</Landkod_Emittent>
        <Valuta>SEK</Valuta>
        <Antal>2253644.00000</Antal>
        <Nominellt_belopp />
        <Kurs_som_använts_vid_värdering_av_instrumentet>174.15000</Kurs_som_använts_vid_värdering_av_instrumentet>
        <Valutakurs_instrument>1.00000</Valutakurs_instrument>
        <Marknadsvärde_instrument>392472102.60</Marknadsvärde_instrument>
        <Andel_av_fondförmögenhet_instrument>3.38</Andel_av_fondförmögenhet_instrument>
        <Bransch>
          <Branschkod_instrument>20</Branschkod_instrument>
          <Bransch_namn_instrument>Industri</Bransch_namn_instrument>
        </Bransch>
      </FinansielltInstrument>
      <FinansielltInstrument>
        <Tillgångsslag_enligt_LVF_5_kap>ÖverlåtbartVärdepapper</Tillgångsslag_enligt_LVF_5_kap>
        <Instrumentnamn>Stendörren Fastigheter</Instrumentnamn>
        <ISIN-kod_instrument>SE0006543344</ISIN-kod_instrument>
        <Landkod_Emittent>SE</Landkod_Emittent>
        <Valuta>SEK</Valuta>
        <Antal>1097072.00000</Antal>
        <Nominellt_belopp />
        <Kurs_som_använts_vid_värdering_av_instrumentet>191.80000</Kurs_som_använts_vid_värdering_av_instrumentet>
        <Valutakurs_instrument>1.00000</Valutakurs_instrument>
        <Marknadsvärde_instrument>210418409.60</Marknadsvärde_instrument>
        <Andel_av_fondförmögenhet_instrument>1.81</Andel_av_fondförmögenhet_instrument>
        <Bransch>
          <Branschkod_instrument>60</Branschkod_instrument>
          <Bransch_namn_instrument>Fastigheter</Bransch_namn_instrument>
        </Bransch>
      </FinansielltInstrument>
      <FinansielltInstrument>
        <Tillgångsslag_enligt_LVF_5_kap>ÖverlåtbartVärdepapper</Tillgångsslag_enligt_LVF_5_kap>
        <Instrumentnamn>Troax Group</Instrumentnamn>
        <ISIN-kod_instrument>SE0012729366</ISIN-kod_instrument>
        <Landkod_Emittent>SE</Landkod_Emittent>
        <Valuta>SEK</Valuta>
        <Antal>1168883.00000</Antal>
        <Nominellt_belopp />
        <Kurs_som_använts_vid_värdering_av_instrumentet>182.60000</Kurs_som_använts_vid_värdering_av_instrumentet>
        <Valutakurs_instrument>1.00000</Valutakurs_instrument>
        <Marknadsvärde_instrument>213438035.80</Marknadsvärde_instrument>
        <Andel_av_fondförmögenhet_instrument>1.84</Andel_av_fondförmögenhet_instrument>
        <Bransch>
          <Branschkod_instrument>20</Branschkod_instrument>
          <Bransch_namn_instrument>Industri</Bransch_namn_instrument>
        </Bransch>
      </FinansielltInstrument>
      <FinansielltInstrument>
        <Tillgångsslag_enligt_LVF_5_kap>ÖverlåtbartVärdepapper</Tillgångsslag_enligt_LVF_5_kap>
        <Instrumentnamn>Dometic Group</Instrumentnamn>
        <ISIN-kod_instrument>SE0007691613</ISIN-kod_instrument>
        <Landkod_Emittent>SE</Landkod_Emittent>
        <Valuta>SEK</Valuta>
        <Antal>1996519.00000</Antal>
        <Nominellt_belopp />
        <Kurs_som_använts_vid_värdering_av_instrumentet>67.28000</Kurs_som_använts_vid_värdering_av_instrumentet>
        <Valutakurs_instrument>1.00000</Valutakurs_instrument>
        <Marknadsvärde_instrument>134325798.32</Marknadsvärde_instrument>
        <Andel_av_fondförmögenhet_instrument>1.16</Andel_av_fondförmögenhet_instrument>
        <Bransch>
          <Branschkod_instrument>25</Branschkod_instrument>
          <Bransch_namn_instrument>Konsument - Sällanköpsvaror</Bransch_namn_instrument>
        </Bransch>
      </FinansielltInstrument>
      <FinansielltInstrument>
        <Tillgångsslag_enligt_LVF_5_kap>ÖverlåtbartVärdepapper</Tillgångsslag_enligt_LVF_5_kap>
        <Instrumentnamn>Addlife</Instrumentnamn>
        <ISIN-kod_instrument>SE0014401378</ISIN-kod_instrument>
        <Landkod_Emittent>SE</Landkod_Emittent>
        <Valuta>SEK</Valuta>
        <Antal>2227448.00000</Antal>
        <Nominellt_belopp />
        <Kurs_som_använts_vid_värdering_av_instrumentet>108.60000</Kurs_som_använts_vid_värdering_av_instrumentet>
        <Valutakurs_instrument>1.00000</Valutakurs_instrument>
        <Marknadsvärde_instrument>241900852.80</Marknadsvärde_instrument>
        <Andel_av_fondförmögenhet_instrument>2.08</Andel_av_fondförmögenhet_instrument>
        <Bransch>
          <Branschkod_instrument>35</Branschkod_instrument>
          <Bransch_namn_instrument>Hälsovård</Bransch_namn_instrument>
        </Bransch>
      </FinansielltInstrument>
      <FinansielltInstrument>
        <Tillgångsslag_enligt_LVF_5_kap>ÖverlåtbartVärdepapper</Tillgångsslag_enligt_LVF_5_kap>
        <Instrumentnamn>Stillfront Group</Instrumentnamn>
        <ISIN-kod_instrument>SE0015346135</ISIN-kod_instrument>
        <Landkod_Emittent>SE</Landkod_Emittent>
        <Valuta>SEK</Valuta>
        <Antal>6361655.00000</Antal>
        <Nominellt_belopp />
        <Kurs_som_använts_vid_värdering_av_instrumentet>17.52000</Kurs_som_använts_vid_värdering_av_instrumentet>
        <Valutakurs_instrument>1.00000</Valutakurs_instrument>
        <Marknadsvärde_instrument>111456195.60</Marknadsvärde_instrument>
        <Andel_av_fondförmögenhet_instrument>0.96</Andel_av_fondförmögenhet_instrument>
        <Bransch>
          <Branschkod_instrument>50</Branschkod_instrument>
          <Bransch_namn_instrument>Kommunikationstjänster</Bransch_namn_instrument>
        </Bransch>
      </FinansielltInstrument>
      <FinansielltInstrument>
        <Tillgångsslag_enligt_LVF_5_kap>ÖverlåtbartVärdepapper</Tillgångsslag_enligt_LVF_5_kap>
        <Instrumentnamn>EMBRACER GROUP</Instrumentnamn>
        <ISIN-kod_instrument>SE0016828511</ISIN-kod_instrument>
        <Landkod_Emittent>SE</Landkod_Emittent>
        <Valuta>SEK</Valuta>
        <Antal>5044495.00000</Antal>
        <Nominellt_belopp />
        <Kurs_som_använts_vid_värdering_av_instrumentet>47.29000</Kurs_som_använts_vid_värdering_av_instrumentet>
        <Valutakurs_instrument>1.00000</Valutakurs_instrument>
        <Marknadsvärde_instrument>238554168.55</Marknadsvärde_instrument>
        <Andel_av_fondförmögenhet_instrument>2.06</Andel_av_fondförmögenhet_instrument>
        <Bransch>
          <Branschkod_instrument>50</Branschkod_instrument>
          <Bransch_namn_instrument>Kommunikationstjänster</Bransch_namn_instrument>
        </Bransch>
      </FinansielltInstrument>
      <FinansielltInstrument>
        <Tillgångsslag_enligt_LVF_5_kap>ÖverlåtbartVärdepapper</Tillgångsslag_enligt_LVF_5_kap>
        <Instrumentnamn>Fastighets Aktiebolaget Trianon</Instrumentnamn>
        <ISIN-kod_instrument>SE0018013658</ISIN-kod_instrument>
        <Landkod_Emittent>SE</Landkod_Emittent>
        <Valuta>SEK</Valuta>
        <Antal>5498060.00000</Antal>
        <Nominellt_belopp />
        <Kurs_som_använts_vid_värdering_av_instrumentet>20.85000</Kurs_som_använts_vid_värdering_av_instrumentet>
        <Valutakurs_instrument>1.00000</Valutakurs_instrument>
        <Marknadsvärde_instrument>114634551.00</Marknadsvärde_instrument>
        <Andel_av_fondförmögenhet_instrument>0.99</Andel_av_fondförmögenhet_instrument>
        <Bransch>
          <Branschkod_instrument>60</Branschkod_instrument>
          <Bransch_namn_instrument>Fastigheter</Bransch_namn_instrument>
        </Bransch>
      </FinansielltInstrument>
      <FinansielltInstrument>
        <Tillgångsslag_enligt_LVF_5_kap>ÖverlåtbartVärdepapper</Tillgångsslag_enligt_LVF_5_kap>
        <Instrumentnamn>Cint Group</Instrumentnamn>
        <ISIN-kod_instrument>SE0015483276</ISIN-kod_instrument>
        <Landkod_Emittent>SE</Landkod_Emittent>
        <Valuta>SEK</Valuta>
        <Antal>848511.00000</Antal>
        <Nominellt_belopp />
        <Kurs_som_använts_vid_värdering_av_instrumentet>41.88000</Kurs_som_använts_vid_värdering_av_instrumentet>
        <Valutakurs_instrument>1.00000</Valutakurs_instrument>
        <Marknadsvärde_instrument>35535640.68</Marknadsvärde_instrument>
        <Andel_av_fondförmögenhet_instrument>0.31</Andel_av_fondförmögenhet_instrument>
        <Bransch>
          <Branschkod_instrument>45</Branschkod_instrument>
          <Bransch_namn_instrument>Informationsteknologi</Bransch_namn_instrument>
        </Bransch>
      </FinansielltInstrument>
      <FinansielltInstrument>
        <Tillgångsslag_enligt_LVF_5_kap>ÖverlåtbartVärdepapper</Tillgångsslag_enligt_LVF_5_kap>
        <Instrumentnamn>VIMIAN GROUP AB</Instrumentnamn>
        <ISIN-kod_instrument>SE0015961982</ISIN-kod_instrument>
        <Landkod_Emittent>SE</Landkod_Emittent>
        <Valuta>SEK</Valuta>
        <Antal>5443662.00000</Antal>
        <Nominellt_belopp />
        <Kurs_som_använts_vid_värdering_av_instrumentet>27.22000</Kurs_som_använts_vid_värdering_av_instrumentet>
        <Valutakurs_instrument>1.00000</Valutakurs_instrument>
        <Marknadsvärde_instrument>148176479.64</Marknadsvärde_instrument>
        <Andel_av_fondförmögenhet_instrument>1.28</Andel_av_fondförmögenhet_instrument>
        <Bransch>
          <Branschkod_instrument>35</Branschkod_instrument>
          <Bransch_namn_instrument>Hälsovård</Bransch_namn_instrument>
        </Bransch>
      </FinansielltInstrument>
      <FinansielltInstrument>
        <Tillgångsslag_enligt_LVF_5_kap>DerivatinstrumentSamtTeknikerOchInstrument</Tillgångsslag_enligt_LVF_5_kap>
        <Instrumentnamn>OMXS30 ESG Future Jan23</Instrumentnamn>
        <ISIN-kod_instrument>SE0018783508</ISIN-kod_instrument>
        <Landkod_Emittent>SE</Landkod_Emittent>
        <Valuta>SEK</Valuta>
        <Antal>150.00000</Antal>
        <Nominellt_belopp />
        <Kurs_som_använts_vid_värdering_av_instrumentet>1968.37000</Kurs_som_använts_vid_värdering_av_instrumentet>
        <Valutakurs_instrument>1.00000</Valutakurs_instrument>
        <Marknadsvärde_instrument>0.00</Marknadsvärde_instrument>
        <Andel_av_fondförmögenhet_instrument>0.00</Andel_av_fondförmögenhet_instrument>
      </FinansielltInstrument>
    </FinansiellaInstrument>
  </Fondinformation>
  <Fondinformation />
</VärdepappersfondInnehav>