﻿<?xml version="1.0" encoding="utf-8"?>
<VärdepappersfondInnehav xmlns="http://schemas.fi.se/publika/vardepappersfonder/20200331">
  <Rapportinformation>
    <Kvartalsslut>2022-12-31</Kvartalsslut>
  </Rapportinformation>
  <Bolagsinformation>
    <Fondbolag_namn>Länsförsäkringar Fondförvaltning AB</Fondbolag_namn>
    <Fondbolag_institutnummer>58082</Fondbolag_institutnummer>
    <Fondbolag_LEI-kod>54930025SK6LRZC6QF89</Fondbolag_LEI-kod>
  </Bolagsinformation>
  <Fondinformation>
    <Fond_institutnummer>51682</Fond_institutnummer>
    <Fond_ISIN-kod>SE0000837221</Fond_ISIN-kod>
    <Fond_namn>Länsförsäkringar Sverige Vision</Fond_namn>
    <Förvaltningsavgift>
      <MedAndelsklasser>
        <Förvaltningsavgift>
          <Andelsklass_namn>SVER</Andelsklass_namn>
          <Förvaltningsavgift_Typ>
            <Förvaltningsavgift_fast>1.3</Förvaltningsavgift_fast>
          </Förvaltningsavgift_Typ>
        </Förvaltningsavgift>
        <Förvaltningsavgift>
          <Andelsklass_namn>SVERB</Andelsklass_namn>
          <Förvaltningsavgift_Typ>
            <Förvaltningsavgift_fast>1.2</Förvaltningsavgift_fast>
          </Förvaltningsavgift_Typ>
        </Förvaltningsavgift>
      </MedAndelsklasser>
    </Förvaltningsavgift>
    <Fondförmögenhet>13297559647</Fondförmögenhet>
    <Likvida_medel>1168470526</Likvida_medel>
    <Övriga_tillgångar_och_skulder>-388366093</Övriga_tillgångar_och_skulder>
    <Aktiv_risk>5.29</Aktiv_risk>
    <Standardavvikelse_24_månader>17.39</Standardavvikelse_24_månader>
    <Jämförelseindex>
      <Jämförelseindex>OMX Stockholm Benchmark CAP</Jämförelseindex>
    </Jämförelseindex>
    <FinansiellaInstrument>
      <FinansielltInstrument>
        <Tillgångsslag_enligt_LVF_5_kap>ÖverlåtbartVärdepapper</Tillgångsslag_enligt_LVF_5_kap>
        <Instrumentnamn>Alfa Laval AB</Instrumentnamn>
        <ISIN-kod_instrument>SE0000695876</ISIN-kod_instrument>
        <Landkod_Emittent>SE</Landkod_Emittent>
        <Valuta>SEK</Valuta>
        <Antal>1380794.000000000</Antal>
        <Nominellt_belopp />
        <Kurs_som_använts_vid_värdering_av_instrumentet>301.100000000</Kurs_som_använts_vid_värdering_av_instrumentet>
        <Valutakurs_instrument>1.000000000</Valutakurs_instrument>
        <Marknadsvärde_instrument>415757073.40</Marknadsvärde_instrument>
        <Andel_av_fondförmögenhet_instrument>3.13</Andel_av_fondförmögenhet_instrument>
        <Bransch>
          <Branschkod_instrument>20</Branschkod_instrument>
          <Bransch_namn_instrument />
        </Bransch>
      </FinansielltInstrument>
      <FinansielltInstrument>
        <Tillgångsslag_enligt_LVF_5_kap>ÖverlåtbartVärdepapper</Tillgångsslag_enligt_LVF_5_kap>
        <Instrumentnamn>Assa Abloy, B</Instrumentnamn>
        <ISIN-kod_instrument>SE0007100581</ISIN-kod_instrument>
        <Landkod_Emittent>SE</Landkod_Emittent>
        <Valuta>SEK</Valuta>
        <Antal>3356274.000000000</Antal>
        <Nominellt_belopp />
        <Kurs_som_använts_vid_värdering_av_instrumentet>223.700000000</Kurs_som_använts_vid_värdering_av_instrumentet>
        <Valutakurs_instrument>1.000000000</Valutakurs_instrument>
        <Marknadsvärde_instrument>750798493.80</Marknadsvärde_instrument>
        <Andel_av_fondförmögenhet_instrument>5.65</Andel_av_fondförmögenhet_instrument>
        <Bransch>
          <Branschkod_instrument>20</Branschkod_instrument>
          <Bransch_namn_instrument />
        </Bransch>
      </FinansielltInstrument>
      <FinansielltInstrument>
        <Tillgångsslag_enligt_LVF_5_kap>ÖverlåtbartVärdepapper</Tillgångsslag_enligt_LVF_5_kap>
        <Instrumentnamn>Atlas Copco, B</Instrumentnamn>
        <ISIN-kod_instrument>SE0017486897</ISIN-kod_instrument>
        <Landkod_Emittent>SE</Landkod_Emittent>
        <Valuta>SEK</Valuta>
        <Antal>2376060.000000000</Antal>
        <Nominellt_belopp />
        <Kurs_som_använts_vid_värdering_av_instrumentet>111.100000000</Kurs_som_använts_vid_värdering_av_instrumentet>
        <Valutakurs_instrument>1.000000000</Valutakurs_instrument>
        <Marknadsvärde_instrument>263980266.00</Marknadsvärde_instrument>
        <Andel_av_fondförmögenhet_instrument>1.99</Andel_av_fondförmögenhet_instrument>
        <Bransch>
          <Branschkod_instrument>20</Branschkod_instrument>
          <Bransch_namn_instrument />
        </Bransch>
      </FinansielltInstrument>
      <FinansielltInstrument>
        <Tillgångsslag_enligt_LVF_5_kap>ÖverlåtbartVärdepapper</Tillgångsslag_enligt_LVF_5_kap>
        <Instrumentnamn>Atlas Copco, A</Instrumentnamn>
        <ISIN-kod_instrument>SE0017486889</ISIN-kod_instrument>
        <Landkod_Emittent>SE</Landkod_Emittent>
        <Valuta>SEK</Valuta>
        <Antal>4692398.000000000</Antal>
        <Nominellt_belopp />
        <Kurs_som_använts_vid_värdering_av_instrumentet>123.100000000</Kurs_som_använts_vid_värdering_av_instrumentet>
        <Valutakurs_instrument>1.000000000</Valutakurs_instrument>
        <Marknadsvärde_instrument>577634193.80</Marknadsvärde_instrument>
        <Andel_av_fondförmögenhet_instrument>4.34</Andel_av_fondförmögenhet_instrument>
        <Bransch>
          <Branschkod_instrument>20</Branschkod_instrument>
          <Bransch_namn_instrument />
        </Bransch>
      </FinansielltInstrument>
      <FinansielltInstrument>
        <Tillgångsslag_enligt_LVF_5_kap>ÖverlåtbartVärdepapper</Tillgångsslag_enligt_LVF_5_kap>
        <Instrumentnamn>AstraZeneca SDB</Instrumentnamn>
        <ISIN-kod_instrument>GB0009895292</ISIN-kod_instrument>
        <Landkod_Emittent>GB</Landkod_Emittent>
        <Valuta>SEK</Valuta>
        <Antal>302388.000000000</Antal>
        <Nominellt_belopp />
        <Kurs_som_använts_vid_värdering_av_instrumentet>1403.500000000</Kurs_som_använts_vid_värdering_av_instrumentet>
        <Valutakurs_instrument>1.000000000</Valutakurs_instrument>
        <Marknadsvärde_instrument>424401558.00</Marknadsvärde_instrument>
        <Andel_av_fondförmögenhet_instrument>3.19</Andel_av_fondförmögenhet_instrument>
        <Bransch>
          <Branschkod_instrument>35</Branschkod_instrument>
          <Bransch_namn_instrument />
        </Bransch>
      </FinansielltInstrument>
      <FinansielltInstrument>
        <Tillgångsslag_enligt_LVF_5_kap>ÖverlåtbartVärdepapper</Tillgångsslag_enligt_LVF_5_kap>
        <Instrumentnamn>Fastighets AB Balder</Instrumentnamn>
        <ISIN-kod_instrument>SE0017832488</ISIN-kod_instrument>
        <Landkod_Emittent>SE</Landkod_Emittent>
        <Valuta>SEK</Valuta>
        <Antal>1425551.000000000</Antal>
        <Nominellt_belopp />
        <Kurs_som_använts_vid_värdering_av_instrumentet>48.520000000</Kurs_som_använts_vid_värdering_av_instrumentet>
        <Valutakurs_instrument>1.000000000</Valutakurs_instrument>
        <Marknadsvärde_instrument>69167734.52</Marknadsvärde_instrument>
        <Andel_av_fondförmögenhet_instrument>0.52</Andel_av_fondförmögenhet_instrument>
        <Bransch>
          <Branschkod_instrument>60</Branschkod_instrument>
          <Bransch_namn_instrument />
        </Bransch>
      </FinansielltInstrument>
      <FinansielltInstrument>
        <Tillgångsslag_enligt_LVF_5_kap>ÖverlåtbartVärdepapper</Tillgångsslag_enligt_LVF_5_kap>
        <Instrumentnamn>Boliden</Instrumentnamn>
        <ISIN-kod_instrument>SE0017768716</ISIN-kod_instrument>
        <Landkod_Emittent>SE</Landkod_Emittent>
        <Valuta>SEK</Valuta>
        <Antal>940748.000000000</Antal>
        <Nominellt_belopp />
        <Kurs_som_använts_vid_värdering_av_instrumentet>391.250000000</Kurs_som_använts_vid_värdering_av_instrumentet>
        <Valutakurs_instrument>1.000000000</Valutakurs_instrument>
        <Marknadsvärde_instrument>368067655.00</Marknadsvärde_instrument>
        <Andel_av_fondförmögenhet_instrument>2.77</Andel_av_fondförmögenhet_instrument>
        <Bransch>
          <Branschkod_instrument>15</Branschkod_instrument>
          <Bransch_namn_instrument />
        </Bransch>
      </FinansielltInstrument>
      <FinansielltInstrument>
        <Tillgångsslag_enligt_LVF_5_kap>ÖverlåtbartVärdepapper</Tillgångsslag_enligt_LVF_5_kap>
        <Instrumentnamn>Castellum</Instrumentnamn>
        <ISIN-kod_instrument>SE0000379190</ISIN-kod_instrument>
        <Landkod_Emittent>SE</Landkod_Emittent>
        <Valuta>SEK</Valuta>
        <Antal>903115.000000000</Antal>
        <Nominellt_belopp />
        <Kurs_som_använts_vid_värdering_av_instrumentet>126.250000000</Kurs_som_använts_vid_värdering_av_instrumentet>
        <Valutakurs_instrument>1.000000000</Valutakurs_instrument>
        <Marknadsvärde_instrument>114018268.75</Marknadsvärde_instrument>
        <Andel_av_fondförmögenhet_instrument>0.86</Andel_av_fondförmögenhet_instrument>
        <Bransch>
          <Branschkod_instrument>60</Branschkod_instrument>
          <Bransch_namn_instrument />
        </Bransch>
      </FinansielltInstrument>
      <FinansielltInstrument>
        <Tillgångsslag_enligt_LVF_5_kap>ÖverlåtbartVärdepapper</Tillgångsslag_enligt_LVF_5_kap>
        <Instrumentnamn>Dometic Group AB</Instrumentnamn>
        <ISIN-kod_instrument>SE0007691613</ISIN-kod_instrument>
        <Landkod_Emittent>SE</Landkod_Emittent>
        <Valuta>SEK</Valuta>
        <Antal>1717034.000000000</Antal>
        <Nominellt_belopp />
        <Kurs_som_använts_vid_värdering_av_instrumentet>67.280000000</Kurs_som_använts_vid_värdering_av_instrumentet>
        <Valutakurs_instrument>1.000000000</Valutakurs_instrument>
        <Marknadsvärde_instrument>115522047.52</Marknadsvärde_instrument>
        <Andel_av_fondförmögenhet_instrument>0.87</Andel_av_fondförmögenhet_instrument>
        <Bransch>
          <Branschkod_instrument>25</Branschkod_instrument>
          <Bransch_namn_instrument />
        </Bransch>
      </FinansielltInstrument>
      <FinansielltInstrument>
        <Tillgångsslag_enligt_LVF_5_kap>ÖverlåtbartVärdepapper</Tillgångsslag_enligt_LVF_5_kap>
        <Instrumentnamn>Epiroc AB, A</Instrumentnamn>
        <ISIN-kod_instrument>SE0015658109</ISIN-kod_instrument>
        <Landkod_Emittent>SE</Landkod_Emittent>
        <Valuta>SEK</Valuta>
        <Antal>2288795.000000000</Antal>
        <Nominellt_belopp />
        <Kurs_som_använts_vid_värdering_av_instrumentet>189.850000000</Kurs_som_använts_vid_värdering_av_instrumentet>
        <Valutakurs_instrument>1.000000000</Valutakurs_instrument>
        <Marknadsvärde_instrument>434527730.75</Marknadsvärde_instrument>
        <Andel_av_fondförmögenhet_instrument>3.27</Andel_av_fondförmögenhet_instrument>
        <Bransch>
          <Branschkod_instrument>20</Branschkod_instrument>
          <Bransch_namn_instrument />
        </Bransch>
      </FinansielltInstrument>
      <FinansielltInstrument>
        <Tillgångsslag_enligt_LVF_5_kap>ÖverlåtbartVärdepapper</Tillgångsslag_enligt_LVF_5_kap>
        <Instrumentnamn>EQT AB</Instrumentnamn>
        <ISIN-kod_instrument>SE0012853455</ISIN-kod_instrument>
        <Landkod_Emittent>SE</Landkod_Emittent>
        <Valuta>SEK</Valuta>
        <Antal>522432.000000000</Antal>
        <Nominellt_belopp />
        <Kurs_som_använts_vid_värdering_av_instrumentet>220.600000000</Kurs_som_använts_vid_värdering_av_instrumentet>
        <Valutakurs_instrument>1.000000000</Valutakurs_instrument>
        <Marknadsvärde_instrument>115248499.20</Marknadsvärde_instrument>
        <Andel_av_fondförmögenhet_instrument>0.87</Andel_av_fondförmögenhet_instrument>
        <Bransch>
          <Branschkod_instrument>40</Branschkod_instrument>
          <Bransch_namn_instrument />
        </Bransch>
      </FinansielltInstrument>
      <FinansielltInstrument>
        <Tillgångsslag_enligt_LVF_5_kap>ÖverlåtbartVärdepapper</Tillgångsslag_enligt_LVF_5_kap>
        <Instrumentnamn>Ericsson LM, B</Instrumentnamn>
        <ISIN-kod_instrument>SE0000108656</ISIN-kod_instrument>
        <Landkod_Emittent>SE</Landkod_Emittent>
        <Valuta>SEK</Valuta>
        <Antal>8299682.000000000</Antal>
        <Nominellt_belopp />
        <Kurs_som_använts_vid_värdering_av_instrumentet>60.900000000</Kurs_som_använts_vid_värdering_av_instrumentet>
        <Valutakurs_instrument>1.000000000</Valutakurs_instrument>
        <Marknadsvärde_instrument>505450633.80</Marknadsvärde_instrument>
        <Andel_av_fondförmögenhet_instrument>3.80</Andel_av_fondförmögenhet_instrument>
        <Bransch>
          <Branschkod_instrument>45</Branschkod_instrument>
          <Bransch_namn_instrument />
        </Bransch>
      </FinansielltInstrument>
      <FinansielltInstrument>
        <Tillgångsslag_enligt_LVF_5_kap>ÖverlåtbartVärdepapper</Tillgångsslag_enligt_LVF_5_kap>
        <Instrumentnamn>Essity AB</Instrumentnamn>
        <ISIN-kod_instrument>SE0009922164</ISIN-kod_instrument>
        <Landkod_Emittent>SE</Landkod_Emittent>
        <Valuta>SEK</Valuta>
        <Antal>2257047.000000000</Antal>
        <Nominellt_belopp />
        <Kurs_som_använts_vid_värdering_av_instrumentet>273.300000000</Kurs_som_använts_vid_värdering_av_instrumentet>
        <Valutakurs_instrument>1.000000000</Valutakurs_instrument>
        <Marknadsvärde_instrument>616850945.10</Marknadsvärde_instrument>
        <Andel_av_fondförmögenhet_instrument>4.64</Andel_av_fondförmögenhet_instrument>
        <Bransch>
          <Branschkod_instrument>30</Branschkod_instrument>
          <Bransch_namn_instrument />
        </Bransch>
      </FinansielltInstrument>
      <FinansielltInstrument>
        <Tillgångsslag_enligt_LVF_5_kap>ÖverlåtbartVärdepapper</Tillgångsslag_enligt_LVF_5_kap>
        <Instrumentnamn>Getinge, B</Instrumentnamn>
        <ISIN-kod_instrument>SE0000202624</ISIN-kod_instrument>
        <Landkod_Emittent>SE</Landkod_Emittent>
        <Valuta>SEK</Valuta>
        <Antal>509706.000000000</Antal>
        <Nominellt_belopp />
        <Kurs_som_använts_vid_värdering_av_instrumentet>216.300000000</Kurs_som_använts_vid_värdering_av_instrumentet>
        <Valutakurs_instrument>1.000000000</Valutakurs_instrument>
        <Marknadsvärde_instrument>110249407.80</Marknadsvärde_instrument>
        <Andel_av_fondförmögenhet_instrument>0.83</Andel_av_fondförmögenhet_instrument>
        <Bransch>
          <Branschkod_instrument>35</Branschkod_instrument>
          <Bransch_namn_instrument />
        </Bransch>
      </FinansielltInstrument>
      <FinansielltInstrument>
        <Tillgångsslag_enligt_LVF_5_kap>ÖverlåtbartVärdepapper</Tillgångsslag_enligt_LVF_5_kap>
        <Instrumentnamn>Hexagon, B</Instrumentnamn>
        <ISIN-kod_instrument>SE0015961909</ISIN-kod_instrument>
        <Landkod_Emittent>SE</Landkod_Emittent>
        <Valuta>SEK</Valuta>
        <Antal>3242303.000000000</Antal>
        <Nominellt_belopp />
        <Kurs_som_använts_vid_värdering_av_instrumentet>109.000000000</Kurs_som_använts_vid_värdering_av_instrumentet>
        <Valutakurs_instrument>1.000000000</Valutakurs_instrument>
        <Marknadsvärde_instrument>353411027.00</Marknadsvärde_instrument>
        <Andel_av_fondförmögenhet_instrument>2.66</Andel_av_fondförmögenhet_instrument>
        <Bransch>
          <Branschkod_instrument>45</Branschkod_instrument>
          <Bransch_namn_instrument />
        </Bransch>
      </FinansielltInstrument>
      <FinansielltInstrument>
        <Tillgångsslag_enligt_LVF_5_kap>ÖverlåtbartVärdepapper</Tillgångsslag_enligt_LVF_5_kap>
        <Instrumentnamn>Hennes &amp; Mauritz, B</Instrumentnamn>
        <ISIN-kod_instrument>SE0000106270</ISIN-kod_instrument>
        <Landkod_Emittent>SE</Landkod_Emittent>
        <Valuta>SEK</Valuta>
        <Antal>1556961.000000000</Antal>
        <Nominellt_belopp />
        <Kurs_som_använts_vid_värdering_av_instrumentet>112.240000000</Kurs_som_använts_vid_värdering_av_instrumentet>
        <Valutakurs_instrument>1.000000000</Valutakurs_instrument>
        <Marknadsvärde_instrument>174753302.64</Marknadsvärde_instrument>
        <Andel_av_fondförmögenhet_instrument>1.31</Andel_av_fondförmögenhet_instrument>
        <Bransch>
          <Branschkod_instrument>25</Branschkod_instrument>
          <Bransch_namn_instrument />
        </Bransch>
      </FinansielltInstrument>
      <FinansielltInstrument>
        <Tillgångsslag_enligt_LVF_5_kap>ÖverlåtbartVärdepapper</Tillgångsslag_enligt_LVF_5_kap>
        <Instrumentnamn>Holmen, B</Instrumentnamn>
        <ISIN-kod_instrument>SE0011090018</ISIN-kod_instrument>
        <Landkod_Emittent>SE</Landkod_Emittent>
        <Valuta>SEK</Valuta>
        <Antal>369658.000000000</Antal>
        <Nominellt_belopp />
        <Kurs_som_använts_vid_värdering_av_instrumentet>413.900000000</Kurs_som_använts_vid_värdering_av_instrumentet>
        <Valutakurs_instrument>1.000000000</Valutakurs_instrument>
        <Marknadsvärde_instrument>153001446.20</Marknadsvärde_instrument>
        <Andel_av_fondförmögenhet_instrument>1.15</Andel_av_fondförmögenhet_instrument>
        <Bransch>
          <Branschkod_instrument>15</Branschkod_instrument>
          <Bransch_namn_instrument />
        </Bransch>
      </FinansielltInstrument>
      <FinansielltInstrument>
        <Tillgångsslag_enligt_LVF_5_kap>ÖverlåtbartVärdepapper</Tillgångsslag_enligt_LVF_5_kap>
        <Instrumentnamn>Investor, B</Instrumentnamn>
        <ISIN-kod_instrument>SE0015811963</ISIN-kod_instrument>
        <Landkod_Emittent>SE</Landkod_Emittent>
        <Valuta>SEK</Valuta>
        <Antal>4438322.000000000</Antal>
        <Nominellt_belopp />
        <Kurs_som_använts_vid_värdering_av_instrumentet>188.560000000</Kurs_som_använts_vid_värdering_av_instrumentet>
        <Valutakurs_instrument>1.000000000</Valutakurs_instrument>
        <Marknadsvärde_instrument>836889996.32</Marknadsvärde_instrument>
        <Andel_av_fondförmögenhet_instrument>6.29</Andel_av_fondförmögenhet_instrument>
        <Bransch>
          <Branschkod_instrument>40</Branschkod_instrument>
          <Bransch_namn_instrument />
        </Bransch>
      </FinansielltInstrument>
      <FinansielltInstrument>
        <Tillgångsslag_enligt_LVF_5_kap>ÖverlåtbartVärdepapper</Tillgångsslag_enligt_LVF_5_kap>
        <Instrumentnamn>Kinnevik AB</Instrumentnamn>
        <ISIN-kod_instrument>SE0015810247</ISIN-kod_instrument>
        <Landkod_Emittent>SE</Landkod_Emittent>
        <Valuta>SEK</Valuta>
        <Antal>551206.000000000</Antal>
        <Nominellt_belopp />
        <Kurs_som_använts_vid_värdering_av_instrumentet>143.200000000</Kurs_som_använts_vid_värdering_av_instrumentet>
        <Valutakurs_instrument>1.000000000</Valutakurs_instrument>
        <Marknadsvärde_instrument>78932699.20</Marknadsvärde_instrument>
        <Andel_av_fondförmögenhet_instrument>0.59</Andel_av_fondförmögenhet_instrument>
        <Bransch>
          <Branschkod_instrument>40</Branschkod_instrument>
          <Bransch_namn_instrument />
        </Bransch>
      </FinansielltInstrument>
      <FinansielltInstrument>
        <Tillgångsslag_enligt_LVF_5_kap>ÖverlåtbartVärdepapper</Tillgångsslag_enligt_LVF_5_kap>
        <Instrumentnamn>Nibe Industrier, B</Instrumentnamn>
        <ISIN-kod_instrument>SE0015988019</ISIN-kod_instrument>
        <Landkod_Emittent>SE</Landkod_Emittent>
        <Valuta>SEK</Valuta>
        <Antal>2280587.000000000</Antal>
        <Nominellt_belopp />
        <Kurs_som_använts_vid_värdering_av_instrumentet>97.100000000</Kurs_som_använts_vid_värdering_av_instrumentet>
        <Valutakurs_instrument>1.000000000</Valutakurs_instrument>
        <Marknadsvärde_instrument>221444997.70</Marknadsvärde_instrument>
        <Andel_av_fondförmögenhet_instrument>1.67</Andel_av_fondförmögenhet_instrument>
        <Bransch>
          <Branschkod_instrument>20</Branschkod_instrument>
          <Bransch_namn_instrument />
        </Bransch>
      </FinansielltInstrument>
      <FinansielltInstrument>
        <Tillgångsslag_enligt_LVF_5_kap>ÖverlåtbartVärdepapper</Tillgångsslag_enligt_LVF_5_kap>
        <Instrumentnamn>Nordea Bank Abp</Instrumentnamn>
        <ISIN-kod_instrument>FI4000297767</ISIN-kod_instrument>
        <Landkod_Emittent>FI</Landkod_Emittent>
        <Valuta>SEK</Valuta>
        <Antal>3771643.000000000</Antal>
        <Nominellt_belopp />
        <Kurs_som_använts_vid_värdering_av_instrumentet>111.680000000</Kurs_som_använts_vid_värdering_av_instrumentet>
        <Valutakurs_instrument>1.000000000</Valutakurs_instrument>
        <Marknadsvärde_instrument>421217090.24</Marknadsvärde_instrument>
        <Andel_av_fondförmögenhet_instrument>3.17</Andel_av_fondförmögenhet_instrument>
        <Bransch>
          <Branschkod_instrument>40</Branschkod_instrument>
          <Bransch_namn_instrument />
        </Bransch>
      </FinansielltInstrument>
      <FinansielltInstrument>
        <Tillgångsslag_enligt_LVF_5_kap>ÖverlåtbartVärdepapper</Tillgångsslag_enligt_LVF_5_kap>
        <Instrumentnamn>Mowi ASA</Instrumentnamn>
        <ISIN-kod_instrument>NO0003054108</ISIN-kod_instrument>
        <Landkod_Emittent>NO</Landkod_Emittent>
        <Valuta>NOK</Valuta>
        <Antal>623611.000000000</Antal>
        <Nominellt_belopp />
        <Kurs_som_använts_vid_värdering_av_instrumentet>167.200000000</Kurs_som_använts_vid_värdering_av_instrumentet>
        <Valutakurs_instrument>1.057709880</Valutakurs_instrument>
        <Marknadsvärde_instrument>110285039.07</Marknadsvärde_instrument>
        <Andel_av_fondförmögenhet_instrument>0.83</Andel_av_fondförmögenhet_instrument>
        <Bransch>
          <Branschkod_instrument>30</Branschkod_instrument>
          <Bransch_namn_instrument />
        </Bransch>
      </FinansielltInstrument>
      <FinansielltInstrument>
        <Tillgångsslag_enligt_LVF_5_kap>ÖverlåtbartVärdepapper</Tillgångsslag_enligt_LVF_5_kap>
        <Instrumentnamn>Sagax B</Instrumentnamn>
        <ISIN-kod_instrument>SE0005127818</ISIN-kod_instrument>
        <Landkod_Emittent>SE</Landkod_Emittent>
        <Valuta>SEK</Valuta>
        <Antal>816487.000000000</Antal>
        <Nominellt_belopp />
        <Kurs_som_använts_vid_värdering_av_instrumentet>236.500000000</Kurs_som_använts_vid_värdering_av_instrumentet>
        <Valutakurs_instrument>1.000000000</Valutakurs_instrument>
        <Marknadsvärde_instrument>193099175.50</Marknadsvärde_instrument>
        <Andel_av_fondförmögenhet_instrument>1.45</Andel_av_fondförmögenhet_instrument>
        <Bransch>
          <Branschkod_instrument>60</Branschkod_instrument>
          <Bransch_namn_instrument />
        </Bransch>
      </FinansielltInstrument>
      <FinansielltInstrument>
        <Tillgångsslag_enligt_LVF_5_kap>ÖverlåtbartVärdepapper</Tillgångsslag_enligt_LVF_5_kap>
        <Instrumentnamn>Salmar ASA</Instrumentnamn>
        <ISIN-kod_instrument>NO0010310956</ISIN-kod_instrument>
        <Landkod_Emittent>NO</Landkod_Emittent>
        <Valuta>NOK</Valuta>
        <Antal>260542.000000000</Antal>
        <Nominellt_belopp />
        <Kurs_som_använts_vid_värdering_av_instrumentet>384.800000000</Kurs_som_använts_vid_värdering_av_instrumentet>
        <Valutakurs_instrument>1.057709880</Valutakurs_instrument>
        <Marknadsvärde_instrument>106042355.74</Marknadsvärde_instrument>
        <Andel_av_fondförmögenhet_instrument>0.80</Andel_av_fondförmögenhet_instrument>
        <Bransch>
          <Branschkod_instrument>30</Branschkod_instrument>
          <Bransch_namn_instrument />
        </Bransch>
      </FinansielltInstrument>
      <FinansielltInstrument>
        <Tillgångsslag_enligt_LVF_5_kap>ÖverlåtbartVärdepapper</Tillgångsslag_enligt_LVF_5_kap>
        <Instrumentnamn>Sandvik</Instrumentnamn>
        <ISIN-kod_instrument>SE0000667891</ISIN-kod_instrument>
        <Landkod_Emittent>SE</Landkod_Emittent>
        <Valuta>SEK</Valuta>
        <Antal>3018535.000000000</Antal>
        <Nominellt_belopp />
        <Kurs_som_använts_vid_värdering_av_instrumentet>188.400000000</Kurs_som_använts_vid_värdering_av_instrumentet>
        <Valutakurs_instrument>1.000000000</Valutakurs_instrument>
        <Marknadsvärde_instrument>568691994.00</Marknadsvärde_instrument>
        <Andel_av_fondförmögenhet_instrument>4.28</Andel_av_fondförmögenhet_instrument>
        <Bransch>
          <Branschkod_instrument>20</Branschkod_instrument>
          <Bransch_namn_instrument />
        </Bransch>
      </FinansielltInstrument>
      <FinansielltInstrument>
        <Tillgångsslag_enligt_LVF_5_kap>ÖverlåtbartVärdepapper</Tillgångsslag_enligt_LVF_5_kap>
        <Instrumentnamn>SCA, B</Instrumentnamn>
        <ISIN-kod_instrument>SE0000112724</ISIN-kod_instrument>
        <Landkod_Emittent>SE</Landkod_Emittent>
        <Valuta>SEK</Valuta>
        <Antal>2268898.000000000</Antal>
        <Nominellt_belopp />
        <Kurs_som_använts_vid_värdering_av_instrumentet>131.950000000</Kurs_som_använts_vid_värdering_av_instrumentet>
        <Valutakurs_instrument>1.000000000</Valutakurs_instrument>
        <Marknadsvärde_instrument>299381091.10</Marknadsvärde_instrument>
        <Andel_av_fondförmögenhet_instrument>2.25</Andel_av_fondförmögenhet_instrument>
        <Bransch>
          <Branschkod_instrument>15</Branschkod_instrument>
          <Bransch_namn_instrument />
        </Bransch>
      </FinansielltInstrument>
      <FinansielltInstrument>
        <Tillgångsslag_enligt_LVF_5_kap>ÖverlåtbartVärdepapper</Tillgångsslag_enligt_LVF_5_kap>
        <Instrumentnamn>SEB, A</Instrumentnamn>
        <ISIN-kod_instrument>SE0000148884</ISIN-kod_instrument>
        <Landkod_Emittent>SE</Landkod_Emittent>
        <Valuta>SEK</Valuta>
        <Antal>4984631.000000000</Antal>
        <Nominellt_belopp />
        <Kurs_som_använts_vid_värdering_av_instrumentet>119.950000000</Kurs_som_använts_vid_värdering_av_instrumentet>
        <Valutakurs_instrument>1.000000000</Valutakurs_instrument>
        <Marknadsvärde_instrument>597906488.45</Marknadsvärde_instrument>
        <Andel_av_fondförmögenhet_instrument>4.50</Andel_av_fondförmögenhet_instrument>
        <Bransch>
          <Branschkod_instrument>40</Branschkod_instrument>
          <Bransch_namn_instrument />
        </Bransch>
      </FinansielltInstrument>
      <FinansielltInstrument>
        <Tillgångsslag_enligt_LVF_5_kap>ÖverlåtbartVärdepapper</Tillgångsslag_enligt_LVF_5_kap>
        <Instrumentnamn>Securitas, B</Instrumentnamn>
        <ISIN-kod_instrument>SE0000163594</ISIN-kod_instrument>
        <Landkod_Emittent>SE</Landkod_Emittent>
        <Valuta>SEK</Valuta>
        <Antal>4772449.000000000</Antal>
        <Nominellt_belopp />
        <Kurs_som_använts_vid_värdering_av_instrumentet>86.960000000</Kurs_som_använts_vid_värdering_av_instrumentet>
        <Valutakurs_instrument>1.000000000</Valutakurs_instrument>
        <Marknadsvärde_instrument>415012165.04</Marknadsvärde_instrument>
        <Andel_av_fondförmögenhet_instrument>3.12</Andel_av_fondförmögenhet_instrument>
        <Bransch>
          <Branschkod_instrument>20</Branschkod_instrument>
          <Bransch_namn_instrument />
        </Bransch>
      </FinansielltInstrument>
      <FinansielltInstrument>
        <Tillgångsslag_enligt_LVF_5_kap>ÖverlåtbartVärdepapper</Tillgångsslag_enligt_LVF_5_kap>
        <Instrumentnamn>Svenska Handelsbanken, A</Instrumentnamn>
        <ISIN-kod_instrument>SE0007100599</ISIN-kod_instrument>
        <Landkod_Emittent>SE</Landkod_Emittent>
        <Valuta>SEK</Valuta>
        <Antal>3629791.000000000</Antal>
        <Nominellt_belopp />
        <Kurs_som_använts_vid_värdering_av_instrumentet>105.100000000</Kurs_som_använts_vid_värdering_av_instrumentet>
        <Valutakurs_instrument>1.000000000</Valutakurs_instrument>
        <Marknadsvärde_instrument>381491034.10</Marknadsvärde_instrument>
        <Andel_av_fondförmögenhet_instrument>2.87</Andel_av_fondförmögenhet_instrument>
        <Bransch>
          <Branschkod_instrument>40</Branschkod_instrument>
          <Bransch_namn_instrument />
        </Bransch>
      </FinansielltInstrument>
      <FinansielltInstrument>
        <Tillgångsslag_enligt_LVF_5_kap>ÖverlåtbartVärdepapper</Tillgångsslag_enligt_LVF_5_kap>
        <Instrumentnamn>Sinch AB</Instrumentnamn>
        <ISIN-kod_instrument>SE0016101844</ISIN-kod_instrument>
        <Landkod_Emittent>SE</Landkod_Emittent>
        <Valuta>SEK</Valuta>
        <Antal>5439579.000000000</Antal>
        <Nominellt_belopp />
        <Kurs_som_använts_vid_värdering_av_instrumentet>38.230000000</Kurs_som_använts_vid_värdering_av_instrumentet>
        <Valutakurs_instrument>1.000000000</Valutakurs_instrument>
        <Marknadsvärde_instrument>207955105.17</Marknadsvärde_instrument>
        <Andel_av_fondförmögenhet_instrument>1.56</Andel_av_fondförmögenhet_instrument>
        <Bransch>
          <Branschkod_instrument>45</Branschkod_instrument>
          <Bransch_namn_instrument />
        </Bransch>
      </FinansielltInstrument>
      <FinansielltInstrument>
        <Tillgångsslag_enligt_LVF_5_kap>ÖverlåtbartVärdepapper</Tillgångsslag_enligt_LVF_5_kap>
        <Instrumentnamn>Skanska, B</Instrumentnamn>
        <ISIN-kod_instrument>SE0000113250</ISIN-kod_instrument>
        <Landkod_Emittent>SE</Landkod_Emittent>
        <Valuta>SEK</Valuta>
        <Antal>761515.000000000</Antal>
        <Nominellt_belopp />
        <Kurs_som_använts_vid_värdering_av_instrumentet>165.000000000</Kurs_som_använts_vid_värdering_av_instrumentet>
        <Valutakurs_instrument>1.000000000</Valutakurs_instrument>
        <Marknadsvärde_instrument>125649975.00</Marknadsvärde_instrument>
        <Andel_av_fondförmögenhet_instrument>0.94</Andel_av_fondförmögenhet_instrument>
        <Bransch>
          <Branschkod_instrument>20</Branschkod_instrument>
          <Bransch_namn_instrument />
        </Bransch>
      </FinansielltInstrument>
      <FinansielltInstrument>
        <Tillgångsslag_enligt_LVF_5_kap>ÖverlåtbartVärdepapper</Tillgångsslag_enligt_LVF_5_kap>
        <Instrumentnamn>Swedish Orphan Biovitrum</Instrumentnamn>
        <ISIN-kod_instrument>SE0000872095</ISIN-kod_instrument>
        <Landkod_Emittent>SE</Landkod_Emittent>
        <Valuta>SEK</Valuta>
        <Antal>423940.000000000</Antal>
        <Nominellt_belopp />
        <Kurs_som_använts_vid_värdering_av_instrumentet>215.700000000</Kurs_som_använts_vid_värdering_av_instrumentet>
        <Valutakurs_instrument>1.000000000</Valutakurs_instrument>
        <Marknadsvärde_instrument>91443858.00</Marknadsvärde_instrument>
        <Andel_av_fondförmögenhet_instrument>0.69</Andel_av_fondförmögenhet_instrument>
        <Bransch>
          <Branschkod_instrument>35</Branschkod_instrument>
          <Bransch_namn_instrument />
        </Bransch>
      </FinansielltInstrument>
      <FinansielltInstrument>
        <Tillgångsslag_enligt_LVF_5_kap>ÖverlåtbartVärdepapper</Tillgångsslag_enligt_LVF_5_kap>
        <Instrumentnamn>SSAB, B</Instrumentnamn>
        <ISIN-kod_instrument>SE0000120669</ISIN-kod_instrument>
        <Landkod_Emittent>SE</Landkod_Emittent>
        <Valuta>SEK</Valuta>
        <Antal>4018737.000000000</Antal>
        <Nominellt_belopp />
        <Kurs_som_använts_vid_värdering_av_instrumentet>54.200000000</Kurs_som_använts_vid_värdering_av_instrumentet>
        <Valutakurs_instrument>1.000000000</Valutakurs_instrument>
        <Marknadsvärde_instrument>217815545.40</Marknadsvärde_instrument>
        <Andel_av_fondförmögenhet_instrument>1.64</Andel_av_fondförmögenhet_instrument>
        <Bransch>
          <Branschkod_instrument>15</Branschkod_instrument>
          <Bransch_namn_instrument />
        </Bransch>
      </FinansielltInstrument>
      <FinansielltInstrument>
        <Tillgångsslag_enligt_LVF_5_kap>ÖverlåtbartVärdepapper</Tillgångsslag_enligt_LVF_5_kap>
        <Instrumentnamn>Stora Enso OYJ-R SDB</Instrumentnamn>
        <ISIN-kod_instrument>FI0009007611</ISIN-kod_instrument>
        <Landkod_Emittent>FI</Landkod_Emittent>
        <Valuta>SEK</Valuta>
        <Antal>951764.000000000</Antal>
        <Nominellt_belopp />
        <Kurs_som_använts_vid_värdering_av_instrumentet>146.500000000</Kurs_som_använts_vid_värdering_av_instrumentet>
        <Valutakurs_instrument>1.000000000</Valutakurs_instrument>
        <Marknadsvärde_instrument>139433426.00</Marknadsvärde_instrument>
        <Andel_av_fondförmögenhet_instrument>1.05</Andel_av_fondförmögenhet_instrument>
        <Bransch>
          <Branschkod_instrument>15</Branschkod_instrument>
          <Bransch_namn_instrument />
        </Bransch>
      </FinansielltInstrument>
      <FinansielltInstrument>
        <Tillgångsslag_enligt_LVF_5_kap>ÖverlåtbartVärdepapper</Tillgångsslag_enligt_LVF_5_kap>
        <Instrumentnamn>Swedbank</Instrumentnamn>
        <ISIN-kod_instrument>SE0000242455</ISIN-kod_instrument>
        <Landkod_Emittent>SE</Landkod_Emittent>
        <Valuta>SEK</Valuta>
        <Antal>3519642.000000000</Antal>
        <Nominellt_belopp />
        <Kurs_som_använts_vid_värdering_av_instrumentet>177.300000000</Kurs_som_använts_vid_värdering_av_instrumentet>
        <Valutakurs_instrument>1.000000000</Valutakurs_instrument>
        <Marknadsvärde_instrument>624032526.60</Marknadsvärde_instrument>
        <Andel_av_fondförmögenhet_instrument>4.69</Andel_av_fondförmögenhet_instrument>
        <Bransch>
          <Branschkod_instrument>40</Branschkod_instrument>
          <Bransch_namn_instrument />
        </Bransch>
      </FinansielltInstrument>
      <FinansielltInstrument>
        <Tillgångsslag_enligt_LVF_5_kap>ÖverlåtbartVärdepapper</Tillgångsslag_enligt_LVF_5_kap>
        <Instrumentnamn>Tele2, B</Instrumentnamn>
        <ISIN-kod_instrument>SE0005190238</ISIN-kod_instrument>
        <Landkod_Emittent>SE</Landkod_Emittent>
        <Valuta>SEK</Valuta>
        <Antal>3730751.000000000</Antal>
        <Nominellt_belopp />
        <Kurs_som_använts_vid_värdering_av_instrumentet>85.100000000</Kurs_som_använts_vid_värdering_av_instrumentet>
        <Valutakurs_instrument>1.000000000</Valutakurs_instrument>
        <Marknadsvärde_instrument>317486910.10</Marknadsvärde_instrument>
        <Andel_av_fondförmögenhet_instrument>2.39</Andel_av_fondförmögenhet_instrument>
        <Bransch>
          <Branschkod_instrument>50</Branschkod_instrument>
          <Bransch_namn_instrument />
        </Bransch>
      </FinansielltInstrument>
      <FinansielltInstrument>
        <Tillgångsslag_enligt_LVF_5_kap>ÖverlåtbartVärdepapper</Tillgångsslag_enligt_LVF_5_kap>
        <Instrumentnamn>Embracer Group AB</Instrumentnamn>
        <ISIN-kod_instrument>SE0016828511</ISIN-kod_instrument>
        <Landkod_Emittent>SE</Landkod_Emittent>
        <Valuta>SEK</Valuta>
        <Antal>2503393.000000000</Antal>
        <Nominellt_belopp />
        <Kurs_som_använts_vid_värdering_av_instrumentet>47.290000000</Kurs_som_använts_vid_värdering_av_instrumentet>
        <Valutakurs_instrument>1.000000000</Valutakurs_instrument>
        <Marknadsvärde_instrument>118385454.97</Marknadsvärde_instrument>
        <Andel_av_fondförmögenhet_instrument>0.89</Andel_av_fondförmögenhet_instrument>
        <Bransch>
          <Branschkod_instrument>50</Branschkod_instrument>
          <Bransch_namn_instrument />
        </Bransch>
      </FinansielltInstrument>
      <FinansielltInstrument>
        <Tillgångsslag_enligt_LVF_5_kap>ÖverlåtbartVärdepapper</Tillgångsslag_enligt_LVF_5_kap>
        <Instrumentnamn>TeliaSonera</Instrumentnamn>
        <ISIN-kod_instrument>SE0000667925</ISIN-kod_instrument>
        <Landkod_Emittent>SE</Landkod_Emittent>
        <Valuta>SEK</Valuta>
        <Antal>11882641.000000000</Antal>
        <Nominellt_belopp />
        <Kurs_som_använts_vid_värdering_av_instrumentet>26.660000000</Kurs_som_använts_vid_värdering_av_instrumentet>
        <Valutakurs_instrument>1.000000000</Valutakurs_instrument>
        <Marknadsvärde_instrument>316791209.06</Marknadsvärde_instrument>
        <Andel_av_fondförmögenhet_instrument>2.38</Andel_av_fondförmögenhet_instrument>
        <Bransch>
          <Branschkod_instrument>50</Branschkod_instrument>
          <Bransch_namn_instrument />
        </Bransch>
      </FinansielltInstrument>
      <FinansielltInstrument>
        <Tillgångsslag_enligt_LVF_5_kap>ÖverlåtbartVärdepapper</Tillgångsslag_enligt_LVF_5_kap>
        <Instrumentnamn>Truecaller AB</Instrumentnamn>
        <ISIN-kod_instrument>SE0016787071</ISIN-kod_instrument>
        <Landkod_Emittent>SE</Landkod_Emittent>
        <Valuta>SEK</Valuta>
        <Antal>1968424.000000000</Antal>
        <Nominellt_belopp />
        <Kurs_som_använts_vid_värdering_av_instrumentet>32.760000000</Kurs_som_använts_vid_värdering_av_instrumentet>
        <Valutakurs_instrument>1.000000000</Valutakurs_instrument>
        <Marknadsvärde_instrument>64485570.24</Marknadsvärde_instrument>
        <Andel_av_fondförmögenhet_instrument>0.48</Andel_av_fondförmögenhet_instrument>
        <Bransch>
          <Branschkod_instrument>45</Branschkod_instrument>
          <Bransch_namn_instrument />
        </Bransch>
      </FinansielltInstrument>
      <FinansielltInstrument>
        <Tillgångsslag_enligt_LVF_5_kap>ÖverlåtbartVärdepapper</Tillgångsslag_enligt_LVF_5_kap>
        <Instrumentnamn>Volvo, B</Instrumentnamn>
        <ISIN-kod_instrument>SE0000115446</ISIN-kod_instrument>
        <Landkod_Emittent>SE</Landkod_Emittent>
        <Valuta>SEK</Valuta>
        <Antal>2656734.000000000</Antal>
        <Nominellt_belopp />
        <Kurs_som_använts_vid_värdering_av_instrumentet>188.480000000</Kurs_som_använts_vid_värdering_av_instrumentet>
        <Valutakurs_instrument>1.000000000</Valutakurs_instrument>
        <Marknadsvärde_instrument>500741224.32</Marknadsvärde_instrument>
        <Andel_av_fondförmögenhet_instrument>3.77</Andel_av_fondförmögenhet_instrument>
        <Bransch>
          <Branschkod_instrument>20</Branschkod_instrument>
          <Bransch_namn_instrument />
        </Bransch>
      </FinansielltInstrument>
    </FinansiellaInstrument>
  </Fondinformation>
  <Fondinformation />
</VärdepappersfondInnehav>