﻿<?xml version="1.0" encoding="utf-8"?>
<VärdepappersfondInnehav xmlns="http://schemas.fi.se/publika/vardepappersfonder/20200331">
  <Rapportinformation>
    <Kvartalsslut>2022-12-31</Kvartalsslut>
  </Rapportinformation>
  <Bolagsinformation>
    <Fondbolag_namn>Länsförsäkringar Fondförvaltning AB</Fondbolag_namn>
    <Fondbolag_institutnummer>58082</Fondbolag_institutnummer>
    <Fondbolag_LEI-kod>54930025SK6LRZC6QF89</Fondbolag_LEI-kod>
  </Bolagsinformation>
  <Fondinformation>
    <Fond_institutnummer>60875</Fond_institutnummer>
    <Fond_ISIN-kod>SE0008241442</Fond_ISIN-kod>
    <Fond_namn>Länsförsäkringar Sparmål 2060</Fond_namn>
    <Förvaltningsavgift>
      <UtanAndelsklasser>
        <Förvaltningsavgift_fast>0.5</Förvaltningsavgift_fast>
      </UtanAndelsklasser>
    </Förvaltningsavgift>
    <Fondförmögenhet>318621900</Fondförmögenhet>
    <Likvida_medel>363568</Likvida_medel>
    <Övriga_tillgångar_och_skulder>-27772</Övriga_tillgångar_och_skulder>
    <Aktiv_risk>1.42</Aktiv_risk>
    <Standardavvikelse_24_månader>14.70</Standardavvikelse_24_månader>
    <Jämförelseindex>
      <Jämförelseindex>DUMMY_IDX</Jämförelseindex>
    </Jämförelseindex>
    <FinansiellaInstrument>
      <FinansielltInstrument>
        <Tillgångsslag_enligt_LVF_5_kap>Fondandel</Tillgångsslag_enligt_LVF_5_kap>
        <Instrumentnamn>LF Sparmål 2065</Instrumentnamn>
        <ISIN-kod_instrument>SE0014401782</ISIN-kod_instrument>
        <Landkod_Emittent>SE</Landkod_Emittent>
        <Valuta>SEK</Valuta>
        <Antal>2437836.323100000</Antal>
        <Nominellt_belopp />
        <Kurs_som_använts_vid_värdering_av_instrumentet>130.560900001</Kurs_som_använts_vid_värdering_av_instrumentet>
        <Valutakurs_instrument>1.000000000</Valutakurs_instrument>
        <Marknadsvärde_instrument>318286104.40</Marknadsvärde_instrument>
        <Andel_av_fondförmögenhet_instrument>99.89</Andel_av_fondförmögenhet_instrument>
        <Bransch>
          <Branschkod_instrument>40</Branschkod_instrument>
          <Bransch_namn_instrument />
        </Bransch>
      </FinansielltInstrument>
    </FinansiellaInstrument>
  </Fondinformation>
  <Fondinformation />
</VärdepappersfondInnehav>