﻿<?xml version="1.0" encoding="utf-8"?>
<VärdepappersfondInnehav xmlns="http://schemas.fi.se/publika/vardepappersfonder/20200331">
  <Rapportinformation>
    <Kvartalsslut>2022-12-31</Kvartalsslut>
  </Rapportinformation>
  <Bolagsinformation>
    <Fondbolag_namn>Länsförsäkringar Fondförvaltning AB</Fondbolag_namn>
    <Fondbolag_institutnummer>58082</Fondbolag_institutnummer>
    <Fondbolag_LEI-kod>54930025SK6LRZC6QF89</Fondbolag_LEI-kod>
  </Bolagsinformation>
  <Fondinformation>
    <Fond_institutnummer>51489</Fond_institutnummer>
    <Fond_ISIN-kod>SE0000837353</Fond_ISIN-kod>
    <Fond_namn>Länsförsäkringar Europa Aktiv</Fond_namn>
    <Förvaltningsavgift>
      <MedAndelsklasser>
        <Förvaltningsavgift>
          <Andelsklass_namn>EUROPA</Andelsklass_namn>
          <Förvaltningsavgift_Typ>
            <Förvaltningsavgift_fast>1.55</Förvaltningsavgift_fast>
          </Förvaltningsavgift_Typ>
        </Förvaltningsavgift>
        <Förvaltningsavgift>
          <Andelsklass_namn>EUROPAB</Andelsklass_namn>
          <Förvaltningsavgift_Typ>
            <Förvaltningsavgift_fast>1.2</Förvaltningsavgift_fast>
          </Förvaltningsavgift_Typ>
        </Förvaltningsavgift>
      </MedAndelsklasser>
    </Förvaltningsavgift>
    <Fondförmögenhet>3286557702</Fondförmögenhet>
    <Likvida_medel>42957696</Likvida_medel>
    <Övriga_tillgångar_och_skulder>-74175496</Övriga_tillgångar_och_skulder>
    <Aktiv_risk>4.42</Aktiv_risk>
    <Standardavvikelse_24_månader>13.12</Standardavvikelse_24_månader>
    <Jämförelseindex>
      <Jämförelseindex>Morningstar Dev. Europe Trget Mrkt Exp TV</Jämförelseindex>
    </Jämförelseindex>
    <FinansiellaInstrument>
      <FinansielltInstrument>
        <Tillgångsslag_enligt_LVF_5_kap>ÖverlåtbartVärdepapper</Tillgångsslag_enligt_LVF_5_kap>
        <Instrumentnamn>Adidas AG</Instrumentnamn>
        <ISIN-kod_instrument>DE000A1EWWW0</ISIN-kod_instrument>
        <Landkod_Emittent>DE</Landkod_Emittent>
        <Valuta>EUR</Valuta>
        <Antal>18433.000000000</Antal>
        <Nominellt_belopp />
        <Kurs_som_använts_vid_värdering_av_instrumentet>127.460000000</Kurs_som_använts_vid_värdering_av_instrumentet>
        <Valutakurs_instrument>11.120211380</Valutakurs_instrument>
        <Marknadsvärde_instrument>26126605.03</Marknadsvärde_instrument>
        <Andel_av_fondförmögenhet_instrument>0.79</Andel_av_fondförmögenhet_instrument>
        <Bransch>
          <Branschkod_instrument>25</Branschkod_instrument>
          <Bransch_namn_instrument />
        </Bransch>
      </FinansielltInstrument>
      <FinansielltInstrument>
        <Tillgångsslag_enligt_LVF_5_kap>ÖverlåtbartVärdepapper</Tillgångsslag_enligt_LVF_5_kap>
        <Instrumentnamn>Aedifica SA</Instrumentnamn>
        <ISIN-kod_instrument>BE0003851681</ISIN-kod_instrument>
        <Landkod_Emittent>BE</Landkod_Emittent>
        <Valuta>EUR</Valuta>
        <Antal>11834.000000000</Antal>
        <Nominellt_belopp />
        <Kurs_som_använts_vid_värdering_av_instrumentet>75.800000000</Kurs_som_använts_vid_värdering_av_instrumentet>
        <Valutakurs_instrument>11.120211380</Valutakurs_instrument>
        <Marknadsvärde_instrument>9975020.88</Marknadsvärde_instrument>
        <Andel_av_fondförmögenhet_instrument>0.30</Andel_av_fondförmögenhet_instrument>
        <Bransch>
          <Branschkod_instrument>60</Branschkod_instrument>
          <Bransch_namn_instrument />
        </Bransch>
      </FinansielltInstrument>
      <FinansielltInstrument>
        <Tillgångsslag_enligt_LVF_5_kap>ÖverlåtbartVärdepapper</Tillgångsslag_enligt_LVF_5_kap>
        <Instrumentnamn>Carl Zeiss Meditec AG</Instrumentnamn>
        <ISIN-kod_instrument>DE0005313704</ISIN-kod_instrument>
        <Landkod_Emittent>DE</Landkod_Emittent>
        <Valuta>EUR</Valuta>
        <Antal>20833.000000000</Antal>
        <Nominellt_belopp />
        <Kurs_som_använts_vid_värdering_av_instrumentet>117.900000000</Kurs_som_använts_vid_värdering_av_instrumentet>
        <Valutakurs_instrument>11.120211380</Valutakurs_instrument>
        <Marknadsvärde_instrument>27313582.18</Marknadsvärde_instrument>
        <Andel_av_fondförmögenhet_instrument>0.83</Andel_av_fondförmögenhet_instrument>
        <Bransch>
          <Branschkod_instrument>35</Branschkod_instrument>
          <Bransch_namn_instrument />
        </Bransch>
      </FinansielltInstrument>
      <FinansielltInstrument>
        <Tillgångsslag_enligt_LVF_5_kap>ÖverlåtbartVärdepapper</Tillgångsslag_enligt_LVF_5_kap>
        <Instrumentnamn>Air Liquide</Instrumentnamn>
        <ISIN-kod_instrument>FR0000120073</ISIN-kod_instrument>
        <Landkod_Emittent>FR</Landkod_Emittent>
        <Valuta>EUR</Valuta>
        <Antal>35559.000000000</Antal>
        <Nominellt_belopp />
        <Kurs_som_använts_vid_värdering_av_instrumentet>132.400000000</Kurs_som_använts_vid_värdering_av_instrumentet>
        <Valutakurs_instrument>11.120211380</Valutakurs_instrument>
        <Marknadsvärde_instrument>52354084.17</Marknadsvärde_instrument>
        <Andel_av_fondförmögenhet_instrument>1.59</Andel_av_fondförmögenhet_instrument>
        <Bransch>
          <Branschkod_instrument>15</Branschkod_instrument>
          <Bransch_namn_instrument />
        </Bransch>
      </FinansielltInstrument>
      <FinansielltInstrument>
        <Tillgångsslag_enligt_LVF_5_kap>ÖverlåtbartVärdepapper</Tillgångsslag_enligt_LVF_5_kap>
        <Instrumentnamn>Allianz</Instrumentnamn>
        <ISIN-kod_instrument>DE0008404005</ISIN-kod_instrument>
        <Landkod_Emittent>DE</Landkod_Emittent>
        <Valuta>EUR</Valuta>
        <Antal>17660.000000000</Antal>
        <Nominellt_belopp />
        <Kurs_som_använts_vid_värdering_av_instrumentet>200.900000000</Kurs_som_använts_vid_värdering_av_instrumentet>
        <Valutakurs_instrument>11.120211380</Valutakurs_instrument>
        <Marknadsvärde_instrument>39453331.23</Marknadsvärde_instrument>
        <Andel_av_fondförmögenhet_instrument>1.20</Andel_av_fondförmögenhet_instrument>
        <Bransch>
          <Branschkod_instrument>40</Branschkod_instrument>
          <Bransch_namn_instrument />
        </Bransch>
      </FinansielltInstrument>
      <FinansielltInstrument>
        <Tillgångsslag_enligt_LVF_5_kap>ÖverlåtbartVärdepapper</Tillgångsslag_enligt_LVF_5_kap>
        <Instrumentnamn>ASM International NV</Instrumentnamn>
        <ISIN-kod_instrument>NL0000334118</ISIN-kod_instrument>
        <Landkod_Emittent>NL</Landkod_Emittent>
        <Valuta>EUR</Valuta>
        <Antal>2644.000000000</Antal>
        <Nominellt_belopp />
        <Kurs_som_använts_vid_värdering_av_instrumentet>235.650000000</Kurs_som_använts_vid_värdering_av_instrumentet>
        <Valutakurs_instrument>11.120211380</Valutakurs_instrument>
        <Marknadsvärde_instrument>6928543.33</Marknadsvärde_instrument>
        <Andel_av_fondförmögenhet_instrument>0.21</Andel_av_fondförmögenhet_instrument>
        <Bransch>
          <Branschkod_instrument>45</Branschkod_instrument>
          <Bransch_namn_instrument />
        </Bransch>
      </FinansielltInstrument>
      <FinansielltInstrument>
        <Tillgångsslag_enligt_LVF_5_kap>ÖverlåtbartVärdepapper</Tillgångsslag_enligt_LVF_5_kap>
        <Instrumentnamn>ASML Holding NV</Instrumentnamn>
        <ISIN-kod_instrument>NL0010273215</ISIN-kod_instrument>
        <Landkod_Emittent>NL</Landkod_Emittent>
        <Valuta>EUR</Valuta>
        <Antal>17052.000000000</Antal>
        <Nominellt_belopp />
        <Kurs_som_använts_vid_värdering_av_instrumentet>503.800000000</Kurs_som_använts_vid_värdering_av_instrumentet>
        <Valutakurs_instrument>11.120211380</Valutakurs_instrument>
        <Marknadsvärde_instrument>95531485.23</Marknadsvärde_instrument>
        <Andel_av_fondförmögenhet_instrument>2.91</Andel_av_fondförmögenhet_instrument>
        <Bransch>
          <Branschkod_instrument>45</Branschkod_instrument>
          <Bransch_namn_instrument />
        </Bransch>
      </FinansielltInstrument>
      <FinansielltInstrument>
        <Tillgångsslag_enligt_LVF_5_kap>ÖverlåtbartVärdepapper</Tillgångsslag_enligt_LVF_5_kap>
        <Instrumentnamn>Assa Abloy, B</Instrumentnamn>
        <ISIN-kod_instrument>SE0007100581</ISIN-kod_instrument>
        <Landkod_Emittent>SE</Landkod_Emittent>
        <Valuta>SEK</Valuta>
        <Antal>221519.000000000</Antal>
        <Nominellt_belopp />
        <Kurs_som_använts_vid_värdering_av_instrumentet>223.700000000</Kurs_som_använts_vid_värdering_av_instrumentet>
        <Valutakurs_instrument>1.000000000</Valutakurs_instrument>
        <Marknadsvärde_instrument>49553800.30</Marknadsvärde_instrument>
        <Andel_av_fondförmögenhet_instrument>1.51</Andel_av_fondförmögenhet_instrument>
        <Bransch>
          <Branschkod_instrument>20</Branschkod_instrument>
          <Bransch_namn_instrument />
        </Bransch>
      </FinansielltInstrument>
      <FinansielltInstrument>
        <Tillgångsslag_enligt_LVF_5_kap>ÖverlåtbartVärdepapper</Tillgångsslag_enligt_LVF_5_kap>
        <Instrumentnamn>AstraZeneca</Instrumentnamn>
        <ISIN-kod_instrument>GB0009895292</ISIN-kod_instrument>
        <Landkod_Emittent>GB</Landkod_Emittent>
        <Valuta>GBP</Valuta>
        <Antal>57486.000000000</Antal>
        <Nominellt_belopp />
        <Kurs_som_använts_vid_värdering_av_instrumentet>112.180000000</Kurs_som_använts_vid_värdering_av_instrumentet>
        <Valutakurs_instrument>12.533616550</Valutakurs_instrument>
        <Marknadsvärde_instrument>80826529.22</Marknadsvärde_instrument>
        <Andel_av_fondförmögenhet_instrument>2.46</Andel_av_fondförmögenhet_instrument>
        <Bransch>
          <Branschkod_instrument>35</Branschkod_instrument>
          <Bransch_namn_instrument />
        </Bransch>
      </FinansielltInstrument>
      <FinansielltInstrument>
        <Tillgångsslag_enligt_LVF_5_kap>ÖverlåtbartVärdepapper</Tillgångsslag_enligt_LVF_5_kap>
        <Instrumentnamn>Banco Bilbao Vizcaya Argentaria</Instrumentnamn>
        <ISIN-kod_instrument>ES0113211835</ISIN-kod_instrument>
        <Landkod_Emittent>ES</Landkod_Emittent>
        <Valuta>EUR</Valuta>
        <Antal>302282.000000000</Antal>
        <Nominellt_belopp />
        <Kurs_som_använts_vid_värdering_av_instrumentet>5.634000007</Kurs_som_använts_vid_värdering_av_instrumentet>
        <Valutakurs_instrument>11.120211380</Valutakurs_instrument>
        <Marknadsvärde_instrument>18938351.50</Marknadsvärde_instrument>
        <Andel_av_fondförmögenhet_instrument>0.58</Andel_av_fondförmögenhet_instrument>
        <Bransch>
          <Branschkod_instrument>40</Branschkod_instrument>
          <Bransch_namn_instrument />
        </Bransch>
      </FinansielltInstrument>
      <FinansielltInstrument>
        <Tillgångsslag_enligt_LVF_5_kap>ÖverlåtbartVärdepapper</Tillgångsslag_enligt_LVF_5_kap>
        <Instrumentnamn>Beiersdorf</Instrumentnamn>
        <ISIN-kod_instrument>DE0005200000</ISIN-kod_instrument>
        <Landkod_Emittent>DE</Landkod_Emittent>
        <Valuta>EUR</Valuta>
        <Antal>69391.000000000</Antal>
        <Nominellt_belopp />
        <Kurs_som_använts_vid_värdering_av_instrumentet>107.200000000</Kurs_som_använts_vid_värdering_av_instrumentet>
        <Valutakurs_instrument>11.120211380</Valutakurs_instrument>
        <Marknadsvärde_instrument>82720085.42</Marknadsvärde_instrument>
        <Andel_av_fondförmögenhet_instrument>2.52</Andel_av_fondförmögenhet_instrument>
        <Bransch>
          <Branschkod_instrument>30</Branschkod_instrument>
          <Bransch_namn_instrument />
        </Bransch>
      </FinansielltInstrument>
      <FinansielltInstrument>
        <Tillgångsslag_enligt_LVF_5_kap>ÖverlåtbartVärdepapper</Tillgångsslag_enligt_LVF_5_kap>
        <Instrumentnamn>Biometrieux</Instrumentnamn>
        <ISIN-kod_instrument>FR0013280286</ISIN-kod_instrument>
        <Landkod_Emittent>FR</Landkod_Emittent>
        <Valuta>EUR</Valuta>
        <Antal>43676.000000000</Antal>
        <Nominellt_belopp />
        <Kurs_som_använts_vid_värdering_av_instrumentet>97.920000000</Kurs_som_använts_vid_värdering_av_instrumentet>
        <Valutakurs_instrument>11.120211380</Valutakurs_instrument>
        <Marknadsvärde_instrument>47558407.61</Marknadsvärde_instrument>
        <Andel_av_fondförmögenhet_instrument>1.45</Andel_av_fondförmögenhet_instrument>
        <Bransch>
          <Branschkod_instrument>35</Branschkod_instrument>
          <Bransch_namn_instrument />
        </Bransch>
      </FinansielltInstrument>
      <FinansielltInstrument>
        <Tillgångsslag_enligt_LVF_5_kap>ÖverlåtbartVärdepapper</Tillgångsslag_enligt_LVF_5_kap>
        <Instrumentnamn>Bureau Veritas Sa</Instrumentnamn>
        <ISIN-kod_instrument>FR0006174348</ISIN-kod_instrument>
        <Landkod_Emittent>FR</Landkod_Emittent>
        <Valuta>EUR</Valuta>
        <Antal>93237.000000000</Antal>
        <Nominellt_belopp />
        <Kurs_som_använts_vid_värdering_av_instrumentet>24.610000000</Kurs_som_använts_vid_värdering_av_instrumentet>
        <Valutakurs_instrument>11.120211380</Valutakurs_instrument>
        <Marknadsvärde_instrument>25516020.80</Marknadsvärde_instrument>
        <Andel_av_fondförmögenhet_instrument>0.78</Andel_av_fondförmögenhet_instrument>
        <Bransch>
          <Branschkod_instrument>20</Branschkod_instrument>
          <Bransch_namn_instrument />
        </Bransch>
      </FinansielltInstrument>
      <FinansielltInstrument>
        <Tillgångsslag_enligt_LVF_5_kap>ÖverlåtbartVärdepapper</Tillgångsslag_enligt_LVF_5_kap>
        <Instrumentnamn>Big Yellow Group PLC</Instrumentnamn>
        <ISIN-kod_instrument>GB0002869419</ISIN-kod_instrument>
        <Landkod_Emittent>GB</Landkod_Emittent>
        <Valuta>GBP</Valuta>
        <Antal>118297.000000000</Antal>
        <Nominellt_belopp />
        <Kurs_som_använts_vid_värdering_av_instrumentet>11.470000000</Kurs_som_använts_vid_värdering_av_instrumentet>
        <Valutakurs_instrument>12.533616550</Valutakurs_instrument>
        <Marknadsvärde_instrument>17006445.55</Marknadsvärde_instrument>
        <Andel_av_fondförmögenhet_instrument>0.52</Andel_av_fondförmögenhet_instrument>
        <Bransch>
          <Branschkod_instrument>60</Branschkod_instrument>
          <Bransch_namn_instrument />
        </Bransch>
      </FinansielltInstrument>
      <FinansielltInstrument>
        <Tillgångsslag_enligt_LVF_5_kap>ÖverlåtbartVärdepapper</Tillgångsslag_enligt_LVF_5_kap>
        <Instrumentnamn>Cap Gemini, Paris</Instrumentnamn>
        <ISIN-kod_instrument>FR0000125338</ISIN-kod_instrument>
        <Landkod_Emittent>FR</Landkod_Emittent>
        <Valuta>EUR</Valuta>
        <Antal>8513.000000000</Antal>
        <Nominellt_belopp />
        <Kurs_som_använts_vid_värdering_av_instrumentet>155.950000000</Kurs_som_använts_vid_värdering_av_instrumentet>
        <Valutakurs_instrument>11.120211380</Valutakurs_instrument>
        <Marknadsvärde_instrument>14763218.76</Marknadsvärde_instrument>
        <Andel_av_fondförmögenhet_instrument>0.45</Andel_av_fondförmögenhet_instrument>
        <Bransch>
          <Branschkod_instrument>45</Branschkod_instrument>
          <Bransch_namn_instrument />
        </Bransch>
      </FinansielltInstrument>
      <FinansielltInstrument>
        <Tillgångsslag_enligt_LVF_5_kap>ÖverlåtbartVärdepapper</Tillgångsslag_enligt_LVF_5_kap>
        <Instrumentnamn>Chr Hansen Holding A/S</Instrumentnamn>
        <ISIN-kod_instrument>DK0060227585</ISIN-kod_instrument>
        <Landkod_Emittent>DK</Landkod_Emittent>
        <Valuta>DKK</Valuta>
        <Antal>20941.000000000</Antal>
        <Nominellt_belopp />
        <Kurs_som_använts_vid_värdering_av_instrumentet>499.700000000</Kurs_som_använts_vid_värdering_av_instrumentet>
        <Valutakurs_instrument>1.495368010</Valutakurs_instrument>
        <Marknadsvärde_instrument>15647856.40</Marknadsvärde_instrument>
        <Andel_av_fondförmögenhet_instrument>0.48</Andel_av_fondförmögenhet_instrument>
        <Bransch>
          <Branschkod_instrument>15</Branschkod_instrument>
          <Bransch_namn_instrument />
        </Bransch>
      </FinansielltInstrument>
      <FinansielltInstrument>
        <Tillgångsslag_enligt_LVF_5_kap>ÖverlåtbartVärdepapper</Tillgångsslag_enligt_LVF_5_kap>
        <Instrumentnamn>Compass Group</Instrumentnamn>
        <ISIN-kod_instrument>GB00BD6K4575</ISIN-kod_instrument>
        <Landkod_Emittent>GB</Landkod_Emittent>
        <Valuta>GBP</Valuta>
        <Antal>442281.000000000</Antal>
        <Nominellt_belopp />
        <Kurs_som_använts_vid_värdering_av_instrumentet>19.175000011</Kurs_som_använts_vid_värdering_av_instrumentet>
        <Valutakurs_instrument>12.533616550</Valutakurs_instrument>
        <Marknadsvärde_instrument>106294320.41</Marknadsvärde_instrument>
        <Andel_av_fondförmögenhet_instrument>3.23</Andel_av_fondförmögenhet_instrument>
        <Bransch>
          <Branschkod_instrument>25</Branschkod_instrument>
          <Bransch_namn_instrument />
        </Bransch>
      </FinansielltInstrument>
      <FinansielltInstrument>
        <Tillgångsslag_enligt_LVF_5_kap>ÖverlåtbartVärdepapper</Tillgångsslag_enligt_LVF_5_kap>
        <Instrumentnamn>UniCredit SpA</Instrumentnamn>
        <ISIN-kod_instrument>IT0005239360</ISIN-kod_instrument>
        <Landkod_Emittent>IT</Landkod_Emittent>
        <Valuta>EUR</Valuta>
        <Antal>371160.000000000</Antal>
        <Nominellt_belopp />
        <Kurs_som_använts_vid_värdering_av_instrumentet>13.272000000</Kurs_som_använts_vid_värdering_av_instrumentet>
        <Valutakurs_instrument>11.120211380</Valutakurs_instrument>
        <Marknadsvärde_instrument>54778556.25</Marknadsvärde_instrument>
        <Andel_av_fondförmögenhet_instrument>1.67</Andel_av_fondförmögenhet_instrument>
        <Bransch>
          <Branschkod_instrument>40</Branschkod_instrument>
          <Bransch_namn_instrument />
        </Bransch>
      </FinansielltInstrument>
      <FinansielltInstrument>
        <Tillgångsslag_enligt_LVF_5_kap>ÖverlåtbartVärdepapper</Tillgångsslag_enligt_LVF_5_kap>
        <Instrumentnamn>Croda International Plc</Instrumentnamn>
        <ISIN-kod_instrument>GB00BJFFLV09</ISIN-kod_instrument>
        <Landkod_Emittent>GB</Landkod_Emittent>
        <Valuta>GBP</Valuta>
        <Antal>54685.000000000</Antal>
        <Nominellt_belopp />
        <Kurs_som_använts_vid_värdering_av_instrumentet>66.040000000</Kurs_som_använts_vid_värdering_av_instrumentet>
        <Valutakurs_instrument>12.533616550</Valutakurs_instrument>
        <Marknadsvärde_instrument>45263870.22</Marknadsvärde_instrument>
        <Andel_av_fondförmögenhet_instrument>1.38</Andel_av_fondförmögenhet_instrument>
        <Bransch>
          <Branschkod_instrument>15</Branschkod_instrument>
          <Bransch_namn_instrument />
        </Bransch>
      </FinansielltInstrument>
      <FinansielltInstrument>
        <Tillgångsslag_enligt_LVF_5_kap>ÖverlåtbartVärdepapper</Tillgångsslag_enligt_LVF_5_kap>
        <Instrumentnamn>Dassault Systemes</Instrumentnamn>
        <ISIN-kod_instrument>FR0014003TT8</ISIN-kod_instrument>
        <Landkod_Emittent>FR</Landkod_Emittent>
        <Valuta>EUR</Valuta>
        <Antal>187823.000000000</Antal>
        <Nominellt_belopp />
        <Kurs_som_använts_vid_värdering_av_instrumentet>33.495000027</Kurs_som_använts_vid_värdering_av_instrumentet>
        <Valutakurs_instrument>11.120211380</Valutakurs_instrument>
        <Marknadsvärde_instrument>69958710.88</Marknadsvärde_instrument>
        <Andel_av_fondförmögenhet_instrument>2.13</Andel_av_fondförmögenhet_instrument>
        <Bransch>
          <Branschkod_instrument>45</Branschkod_instrument>
          <Bransch_namn_instrument />
        </Bransch>
      </FinansielltInstrument>
      <FinansielltInstrument>
        <Tillgångsslag_enligt_LVF_5_kap>ÖverlåtbartVärdepapper</Tillgångsslag_enligt_LVF_5_kap>
        <Instrumentnamn>Sartorius Stedim Biotech</Instrumentnamn>
        <ISIN-kod_instrument>FR0013154002</ISIN-kod_instrument>
        <Landkod_Emittent>FR</Landkod_Emittent>
        <Valuta>EUR</Valuta>
        <Antal>12211.000000000</Antal>
        <Nominellt_belopp />
        <Kurs_som_använts_vid_värdering_av_instrumentet>302.500000000</Kurs_som_använts_vid_värdering_av_instrumentet>
        <Valutakurs_instrument>11.120211380</Valutakurs_instrument>
        <Marknadsvärde_instrument>41076142.60</Marknadsvärde_instrument>
        <Andel_av_fondförmögenhet_instrument>1.25</Andel_av_fondförmögenhet_instrument>
        <Bransch>
          <Branschkod_instrument>35</Branschkod_instrument>
          <Bransch_namn_instrument />
        </Bransch>
      </FinansielltInstrument>
      <FinansielltInstrument>
        <Tillgångsslag_enligt_LVF_5_kap>ÖverlåtbartVärdepapper</Tillgångsslag_enligt_LVF_5_kap>
        <Instrumentnamn>Koninklijke DSM</Instrumentnamn>
        <ISIN-kod_instrument>NL0000009827</ISIN-kod_instrument>
        <Landkod_Emittent>NL</Landkod_Emittent>
        <Valuta>EUR</Valuta>
        <Antal>31447.000000000</Antal>
        <Nominellt_belopp />
        <Kurs_som_använts_vid_värdering_av_instrumentet>114.300000000</Kurs_som_använts_vid_värdering_av_instrumentet>
        <Valutakurs_instrument>11.120211380</Valutakurs_instrument>
        <Marknadsvärde_instrument>39970399.93</Marknadsvärde_instrument>
        <Andel_av_fondförmögenhet_instrument>1.22</Andel_av_fondförmögenhet_instrument>
        <Bransch>
          <Branschkod_instrument>15</Branschkod_instrument>
          <Bransch_namn_instrument />
        </Bransch>
      </FinansielltInstrument>
      <FinansielltInstrument>
        <Tillgångsslag_enligt_LVF_5_kap>ÖverlåtbartVärdepapper</Tillgångsslag_enligt_LVF_5_kap>
        <Instrumentnamn>Duerr AG</Instrumentnamn>
        <ISIN-kod_instrument>DE0005565204</ISIN-kod_instrument>
        <Landkod_Emittent>DE</Landkod_Emittent>
        <Valuta>EUR</Valuta>
        <Antal>64286.000000000</Antal>
        <Nominellt_belopp />
        <Kurs_som_använts_vid_värdering_av_instrumentet>31.520000000</Kurs_som_använts_vid_värdering_av_instrumentet>
        <Valutakurs_instrument>11.120211380</Valutakurs_instrument>
        <Marknadsvärde_instrument>22532825.60</Marknadsvärde_instrument>
        <Andel_av_fondförmögenhet_instrument>0.69</Andel_av_fondförmögenhet_instrument>
        <Bransch>
          <Branschkod_instrument>20</Branschkod_instrument>
          <Bransch_namn_instrument />
        </Bransch>
      </FinansielltInstrument>
      <FinansielltInstrument>
        <Tillgångsslag_enligt_LVF_5_kap>ÖverlåtbartVärdepapper</Tillgångsslag_enligt_LVF_5_kap>
        <Instrumentnamn>Edp Renovaveis</Instrumentnamn>
        <ISIN-kod_instrument>ES0127797019</ISIN-kod_instrument>
        <Landkod_Emittent>PT</Landkod_Emittent>
        <Valuta>EUR</Valuta>
        <Antal>71026.000000000</Antal>
        <Nominellt_belopp />
        <Kurs_som_använts_vid_värdering_av_instrumentet>20.580000000</Kurs_som_använts_vid_värdering_av_instrumentet>
        <Valutakurs_instrument>11.120211380</Valutakurs_instrument>
        <Marknadsvärde_instrument>16254580.67</Marknadsvärde_instrument>
        <Andel_av_fondförmögenhet_instrument>0.49</Andel_av_fondförmögenhet_instrument>
        <Bransch>
          <Branschkod_instrument>55</Branschkod_instrument>
          <Bransch_namn_instrument />
        </Bransch>
      </FinansielltInstrument>
      <FinansielltInstrument>
        <Tillgångsslag_enligt_LVF_5_kap>ÖverlåtbartVärdepapper</Tillgångsslag_enligt_LVF_5_kap>
        <Instrumentnamn>Essilor Intl</Instrumentnamn>
        <ISIN-kod_instrument>FR0000121667</ISIN-kod_instrument>
        <Landkod_Emittent>FR</Landkod_Emittent>
        <Valuta>EUR</Valuta>
        <Antal>38192.000000000</Antal>
        <Nominellt_belopp />
        <Kurs_som_använts_vid_värdering_av_instrumentet>169.200000000</Kurs_som_använts_vid_värdering_av_instrumentet>
        <Valutakurs_instrument>11.120211380</Valutakurs_instrument>
        <Marknadsvärde_instrument>71859766.72</Marknadsvärde_instrument>
        <Andel_av_fondförmögenhet_instrument>2.19</Andel_av_fondförmögenhet_instrument>
        <Bransch>
          <Branschkod_instrument>35</Branschkod_instrument>
          <Bransch_namn_instrument />
        </Bransch>
      </FinansielltInstrument>
      <FinansielltInstrument>
        <Tillgångsslag_enligt_LVF_5_kap>ÖverlåtbartVärdepapper</Tillgångsslag_enligt_LVF_5_kap>
        <Instrumentnamn>FinecoBank Banca Fineco SpA</Instrumentnamn>
        <ISIN-kod_instrument>IT0000072170</ISIN-kod_instrument>
        <Landkod_Emittent>IT</Landkod_Emittent>
        <Valuta>EUR</Valuta>
        <Antal>448041.000000000</Antal>
        <Nominellt_belopp />
        <Kurs_som_använts_vid_värdering_av_instrumentet>15.520000000</Kurs_som_använts_vid_värdering_av_instrumentet>
        <Valutakurs_instrument>11.120211380</Valutakurs_instrument>
        <Marknadsvärde_instrument>77325460.93</Marknadsvärde_instrument>
        <Andel_av_fondförmögenhet_instrument>2.35</Andel_av_fondförmögenhet_instrument>
        <Bransch>
          <Branschkod_instrument>40</Branschkod_instrument>
          <Bransch_namn_instrument />
        </Bransch>
      </FinansielltInstrument>
      <FinansielltInstrument>
        <Tillgångsslag_enligt_LVF_5_kap>ÖverlåtbartVärdepapper</Tillgångsslag_enligt_LVF_5_kap>
        <Instrumentnamn>Genmab A/S</Instrumentnamn>
        <ISIN-kod_instrument>DK0010272202</ISIN-kod_instrument>
        <Landkod_Emittent>DK</Landkod_Emittent>
        <Valuta>DKK</Valuta>
        <Antal>7142.000000000</Antal>
        <Nominellt_belopp />
        <Kurs_som_använts_vid_värdering_av_instrumentet>2941.000000000</Kurs_som_använts_vid_värdering_av_instrumentet>
        <Valutakurs_instrument>1.495368010</Valutakurs_instrument>
        <Marknadsvärde_instrument>31409639.80</Marknadsvärde_instrument>
        <Andel_av_fondförmögenhet_instrument>0.96</Andel_av_fondförmögenhet_instrument>
        <Bransch>
          <Branschkod_instrument>35</Branschkod_instrument>
          <Bransch_namn_instrument />
        </Bransch>
      </FinansielltInstrument>
      <FinansielltInstrument>
        <Tillgångsslag_enligt_LVF_5_kap>ÖverlåtbartVärdepapper</Tillgångsslag_enligt_LVF_5_kap>
        <Instrumentnamn>Grand City Properties SA</Instrumentnamn>
        <ISIN-kod_instrument>LU0775917882</ISIN-kod_instrument>
        <Landkod_Emittent>LU</Landkod_Emittent>
        <Valuta>EUR</Valuta>
        <Antal>147158.000000000</Antal>
        <Nominellt_belopp />
        <Kurs_som_använts_vid_värdering_av_instrumentet>9.190000000</Kurs_som_använts_vid_värdering_av_instrumentet>
        <Valutakurs_instrument>11.120211380</Valutakurs_instrument>
        <Marknadsvärde_instrument>15038773.93</Marknadsvärde_instrument>
        <Andel_av_fondförmögenhet_instrument>0.46</Andel_av_fondförmögenhet_instrument>
        <Bransch>
          <Branschkod_instrument>60</Branschkod_instrument>
          <Bransch_namn_instrument />
        </Bransch>
      </FinansielltInstrument>
      <FinansielltInstrument>
        <Tillgångsslag_enligt_LVF_5_kap>ÖverlåtbartVärdepapper</Tillgångsslag_enligt_LVF_5_kap>
        <Instrumentnamn>Hexagon, B</Instrumentnamn>
        <ISIN-kod_instrument>SE0015961909</ISIN-kod_instrument>
        <Landkod_Emittent>SE</Landkod_Emittent>
        <Valuta>SEK</Valuta>
        <Antal>404090.000000000</Antal>
        <Nominellt_belopp />
        <Kurs_som_använts_vid_värdering_av_instrumentet>109.000000000</Kurs_som_använts_vid_värdering_av_instrumentet>
        <Valutakurs_instrument>1.000000000</Valutakurs_instrument>
        <Marknadsvärde_instrument>44045810.00</Marknadsvärde_instrument>
        <Andel_av_fondförmögenhet_instrument>1.34</Andel_av_fondförmögenhet_instrument>
        <Bransch>
          <Branschkod_instrument>45</Branschkod_instrument>
          <Bransch_namn_instrument />
        </Bransch>
      </FinansielltInstrument>
      <FinansielltInstrument>
        <Tillgångsslag_enligt_LVF_5_kap>ÖverlåtbartVärdepapper</Tillgångsslag_enligt_LVF_5_kap>
        <Instrumentnamn>Halma PLC</Instrumentnamn>
        <ISIN-kod_instrument>GB0004052071</ISIN-kod_instrument>
        <Landkod_Emittent>GB</Landkod_Emittent>
        <Valuta>GBP</Valuta>
        <Antal>179005.000000000</Antal>
        <Nominellt_belopp />
        <Kurs_som_använts_vid_värdering_av_instrumentet>19.740000000</Kurs_som_använts_vid_värdering_av_instrumentet>
        <Valutakurs_instrument>12.533616550</Valutakurs_instrument>
        <Marknadsvärde_instrument>44288269.80</Marknadsvärde_instrument>
        <Andel_av_fondförmögenhet_instrument>1.35</Andel_av_fondförmögenhet_instrument>
        <Bransch>
          <Branschkod_instrument>45</Branschkod_instrument>
          <Bransch_namn_instrument />
        </Bransch>
      </FinansielltInstrument>
      <FinansielltInstrument>
        <Tillgångsslag_enligt_LVF_5_kap>ÖverlåtbartVärdepapper</Tillgångsslag_enligt_LVF_5_kap>
        <Instrumentnamn>Hannover Rueckversicherung</Instrumentnamn>
        <ISIN-kod_instrument>DE0008402215</ISIN-kod_instrument>
        <Landkod_Emittent>DE</Landkod_Emittent>
        <Valuta>EUR</Valuta>
        <Antal>36388.000000000</Antal>
        <Nominellt_belopp />
        <Kurs_som_använts_vid_värdering_av_instrumentet>185.500000000</Kurs_som_använts_vid_värdering_av_instrumentet>
        <Valutakurs_instrument>11.120211380</Valutakurs_instrument>
        <Marknadsvärde_instrument>75061137.69</Marknadsvärde_instrument>
        <Andel_av_fondförmögenhet_instrument>2.28</Andel_av_fondförmögenhet_instrument>
        <Bransch>
          <Branschkod_instrument>40</Branschkod_instrument>
          <Bransch_namn_instrument />
        </Bransch>
      </FinansielltInstrument>
      <FinansielltInstrument>
        <Tillgångsslag_enligt_LVF_5_kap>ÖverlåtbartVärdepapper</Tillgångsslag_enligt_LVF_5_kap>
        <Instrumentnamn>Infineon Techonolgies AG</Instrumentnamn>
        <ISIN-kod_instrument>DE0006231004</ISIN-kod_instrument>
        <Landkod_Emittent>DE</Landkod_Emittent>
        <Valuta>EUR</Valuta>
        <Antal>72402.000000000</Antal>
        <Nominellt_belopp />
        <Kurs_som_använts_vid_värdering_av_instrumentet>28.430000000</Kurs_som_använts_vid_värdering_av_instrumentet>
        <Valutakurs_instrument>11.120211380</Valutakurs_instrument>
        <Marknadsvärde_instrument>22889719.23</Marknadsvärde_instrument>
        <Andel_av_fondförmögenhet_instrument>0.70</Andel_av_fondförmögenhet_instrument>
        <Bransch>
          <Branschkod_instrument>45</Branschkod_instrument>
          <Bransch_namn_instrument />
        </Bransch>
      </FinansielltInstrument>
      <FinansielltInstrument>
        <Tillgångsslag_enligt_LVF_5_kap>ÖverlåtbartVärdepapper</Tillgångsslag_enligt_LVF_5_kap>
        <Instrumentnamn>Intesa San Paolo</Instrumentnamn>
        <ISIN-kod_instrument>IT0000072618</ISIN-kod_instrument>
        <Landkod_Emittent>IT</Landkod_Emittent>
        <Valuta>EUR</Valuta>
        <Antal>2909450.000000000</Antal>
        <Nominellt_belopp />
        <Kurs_som_använts_vid_värdering_av_instrumentet>2.078000000</Kurs_som_använts_vid_värdering_av_instrumentet>
        <Valutakurs_instrument>11.120211380</Valutakurs_instrument>
        <Marknadsvärde_instrument>67230986.52</Marknadsvärde_instrument>
        <Andel_av_fondförmögenhet_instrument>2.05</Andel_av_fondförmögenhet_instrument>
        <Bransch>
          <Branschkod_instrument>40</Branschkod_instrument>
          <Bransch_namn_instrument />
        </Bransch>
      </FinansielltInstrument>
      <FinansielltInstrument>
        <Tillgångsslag_enligt_LVF_5_kap>ÖverlåtbartVärdepapper</Tillgångsslag_enligt_LVF_5_kap>
        <Instrumentnamn>Intertek Group</Instrumentnamn>
        <ISIN-kod_instrument>GB0031638363</ISIN-kod_instrument>
        <Landkod_Emittent>GB</Landkod_Emittent>
        <Valuta>GBP</Valuta>
        <Antal>49456.000000000</Antal>
        <Nominellt_belopp />
        <Kurs_som_använts_vid_värdering_av_instrumentet>40.340000000</Kurs_som_använts_vid_värdering_av_instrumentet>
        <Valutakurs_instrument>12.533616550</Valutakurs_instrument>
        <Marknadsvärde_instrument>25005254.87</Marknadsvärde_instrument>
        <Andel_av_fondförmögenhet_instrument>0.76</Andel_av_fondförmögenhet_instrument>
        <Bransch>
          <Branschkod_instrument>20</Branschkod_instrument>
          <Bransch_namn_instrument />
        </Bransch>
      </FinansielltInstrument>
      <FinansielltInstrument>
        <Tillgångsslag_enligt_LVF_5_kap>ÖverlåtbartVärdepapper</Tillgångsslag_enligt_LVF_5_kap>
        <Instrumentnamn>Inditex</Instrumentnamn>
        <ISIN-kod_instrument>ES0148396007</ISIN-kod_instrument>
        <Landkod_Emittent>ES</Landkod_Emittent>
        <Valuta>EUR</Valuta>
        <Antal>276862.000000000</Antal>
        <Nominellt_belopp />
        <Kurs_som_använts_vid_värdering_av_instrumentet>24.850000000</Kurs_som_använts_vid_värdering_av_instrumentet>
        <Valutakurs_instrument>11.120211380</Valutakurs_instrument>
        <Marknadsvärde_instrument>76507284.48</Marknadsvärde_instrument>
        <Andel_av_fondförmögenhet_instrument>2.33</Andel_av_fondförmögenhet_instrument>
        <Bransch>
          <Branschkod_instrument>25</Branschkod_instrument>
          <Bransch_namn_instrument />
        </Bransch>
      </FinansielltInstrument>
      <FinansielltInstrument>
        <Tillgångsslag_enligt_LVF_5_kap>ÖverlåtbartVärdepapper</Tillgångsslag_enligt_LVF_5_kap>
        <Instrumentnamn>Johnson Matthey</Instrumentnamn>
        <ISIN-kod_instrument>GB00BZ4BQC70</ISIN-kod_instrument>
        <Landkod_Emittent>GB</Landkod_Emittent>
        <Valuta>GBP</Valuta>
        <Antal>65487.000000000</Antal>
        <Nominellt_belopp />
        <Kurs_som_använts_vid_värdering_av_instrumentet>21.270000000</Kurs_som_använts_vid_värdering_av_instrumentet>
        <Valutakurs_instrument>12.533616550</Valutakurs_instrument>
        <Marknadsvärde_instrument>17458180.90</Marknadsvärde_instrument>
        <Andel_av_fondförmögenhet_instrument>0.53</Andel_av_fondförmögenhet_instrument>
        <Bransch>
          <Branschkod_instrument>15</Branschkod_instrument>
          <Bransch_namn_instrument />
        </Bransch>
      </FinansielltInstrument>
      <FinansielltInstrument>
        <Tillgångsslag_enligt_LVF_5_kap>ÖverlåtbartVärdepapper</Tillgångsslag_enligt_LVF_5_kap>
        <Instrumentnamn>KBC Groep</Instrumentnamn>
        <ISIN-kod_instrument>BE0003565737</ISIN-kod_instrument>
        <Landkod_Emittent>BE</Landkod_Emittent>
        <Valuta>EUR</Valuta>
        <Antal>233320.000000000</Antal>
        <Nominellt_belopp />
        <Kurs_som_använts_vid_värdering_av_instrumentet>60.080000000</Kurs_som_använts_vid_värdering_av_instrumentet>
        <Valutakurs_instrument>11.120211380</Valutakurs_instrument>
        <Marknadsvärde_instrument>155881628.57</Marknadsvärde_instrument>
        <Andel_av_fondförmögenhet_instrument>4.74</Andel_av_fondförmögenhet_instrument>
        <Bransch>
          <Branschkod_instrument>40</Branschkod_instrument>
          <Bransch_namn_instrument />
        </Bransch>
      </FinansielltInstrument>
      <FinansielltInstrument>
        <Tillgångsslag_enligt_LVF_5_kap>ÖverlåtbartVärdepapper</Tillgångsslag_enligt_LVF_5_kap>
        <Instrumentnamn>Kingspan Group</Instrumentnamn>
        <ISIN-kod_instrument>IE0004927939</ISIN-kod_instrument>
        <Landkod_Emittent>IE</Landkod_Emittent>
        <Valuta>EUR</Valuta>
        <Antal>63826.000000000</Antal>
        <Nominellt_belopp />
        <Kurs_som_använts_vid_värdering_av_instrumentet>50.580000000</Kurs_som_använts_vid_värdering_av_instrumentet>
        <Valutakurs_instrument>11.120211380</Valutakurs_instrument>
        <Marknadsvärde_instrument>35899590.57</Marknadsvärde_instrument>
        <Andel_av_fondförmögenhet_instrument>1.09</Andel_av_fondförmögenhet_instrument>
        <Bransch>
          <Branschkod_instrument>20</Branschkod_instrument>
          <Bransch_namn_instrument />
        </Bransch>
      </FinansielltInstrument>
      <FinansielltInstrument>
        <Tillgångsslag_enligt_LVF_5_kap>ÖverlåtbartVärdepapper</Tillgångsslag_enligt_LVF_5_kap>
        <Instrumentnamn>Kerry Group, A</Instrumentnamn>
        <ISIN-kod_instrument>IE0004906560</ISIN-kod_instrument>
        <Landkod_Emittent>IE</Landkod_Emittent>
        <Valuta>EUR</Valuta>
        <Antal>78275.000000000</Antal>
        <Nominellt_belopp />
        <Kurs_som_använts_vid_värdering_av_instrumentet>84.240000000</Kurs_som_använts_vid_värdering_av_instrumentet>
        <Valutakurs_instrument>11.120211380</Valutakurs_instrument>
        <Marknadsvärde_instrument>73325406.14</Marknadsvärde_instrument>
        <Andel_av_fondförmögenhet_instrument>2.23</Andel_av_fondförmögenhet_instrument>
        <Bransch>
          <Branschkod_instrument>30</Branschkod_instrument>
          <Bransch_namn_instrument />
        </Bransch>
      </FinansielltInstrument>
      <FinansielltInstrument>
        <Tillgångsslag_enligt_LVF_5_kap>ÖverlåtbartVärdepapper</Tillgångsslag_enligt_LVF_5_kap>
        <Instrumentnamn>Legrand Sa</Instrumentnamn>
        <ISIN-kod_instrument>FR0010307819</ISIN-kod_instrument>
        <Landkod_Emittent>FR</Landkod_Emittent>
        <Valuta>EUR</Valuta>
        <Antal>18513.000000000</Antal>
        <Nominellt_belopp />
        <Kurs_som_använts_vid_värdering_av_instrumentet>74.820000000</Kurs_som_använts_vid_värdering_av_instrumentet>
        <Valutakurs_instrument>11.120211380</Valutakurs_instrument>
        <Marknadsvärde_instrument>15403079.17</Marknadsvärde_instrument>
        <Andel_av_fondförmögenhet_instrument>0.47</Andel_av_fondförmögenhet_instrument>
        <Bransch>
          <Branschkod_instrument>20</Branschkod_instrument>
          <Bransch_namn_instrument />
        </Bransch>
      </FinansielltInstrument>
      <FinansielltInstrument>
        <Tillgångsslag_enligt_LVF_5_kap>ÖverlåtbartVärdepapper</Tillgångsslag_enligt_LVF_5_kap>
        <Instrumentnamn>Lloyds TSB Group</Instrumentnamn>
        <ISIN-kod_instrument>GB0008706128</ISIN-kod_instrument>
        <Landkod_Emittent>GB</Landkod_Emittent>
        <Valuta>GBP</Valuta>
        <Antal>3116334.000000000</Antal>
        <Nominellt_belopp />
        <Kurs_som_använts_vid_värdering_av_instrumentet>0.454100000</Kurs_som_använts_vid_värdering_av_instrumentet>
        <Valutakurs_instrument>12.533616550</Valutakurs_instrument>
        <Marknadsvärde_instrument>17736662.57</Marknadsvärde_instrument>
        <Andel_av_fondförmögenhet_instrument>0.54</Andel_av_fondförmögenhet_instrument>
        <Bransch>
          <Branschkod_instrument>40</Branschkod_instrument>
          <Bransch_namn_instrument />
        </Bransch>
      </FinansielltInstrument>
      <FinansielltInstrument>
        <Tillgångsslag_enligt_LVF_5_kap>ÖverlåtbartVärdepapper</Tillgångsslag_enligt_LVF_5_kap>
        <Instrumentnamn>Lonza Group AG-Reg</Instrumentnamn>
        <ISIN-kod_instrument>CH0013841017</ISIN-kod_instrument>
        <Landkod_Emittent>CH</Landkod_Emittent>
        <Valuta>CHF</Valuta>
        <Antal>9183.000000000</Antal>
        <Nominellt_belopp />
        <Kurs_som_använts_vid_värdering_av_instrumentet>453.100000000</Kurs_som_använts_vid_värdering_av_instrumentet>
        <Valutakurs_instrument>11.261889320</Valutakurs_instrument>
        <Marknadsvärde_instrument>46858663.91</Marknadsvärde_instrument>
        <Andel_av_fondförmögenhet_instrument>1.43</Andel_av_fondförmögenhet_instrument>
        <Bransch>
          <Branschkod_instrument>35</Branschkod_instrument>
          <Bransch_namn_instrument />
        </Bransch>
      </FinansielltInstrument>
      <FinansielltInstrument>
        <Tillgångsslag_enligt_LVF_5_kap>ÖverlåtbartVärdepapper</Tillgångsslag_enligt_LVF_5_kap>
        <Instrumentnamn>LVMH Moet Hennessy Louis Vuitton SE</Instrumentnamn>
        <ISIN-kod_instrument>FR0000121014</ISIN-kod_instrument>
        <Landkod_Emittent>FR</Landkod_Emittent>
        <Valuta>EUR</Valuta>
        <Antal>7959.000000000</Antal>
        <Nominellt_belopp />
        <Kurs_som_använts_vid_värdering_av_instrumentet>679.900000000</Kurs_som_använts_vid_värdering_av_instrumentet>
        <Valutakurs_instrument>11.120211380</Valutakurs_instrument>
        <Marknadsvärde_instrument>60175067.84</Marknadsvärde_instrument>
        <Andel_av_fondförmögenhet_instrument>1.83</Andel_av_fondförmögenhet_instrument>
        <Bransch>
          <Branschkod_instrument>25</Branschkod_instrument>
          <Bransch_namn_instrument />
        </Bransch>
      </FinansielltInstrument>
      <FinansielltInstrument>
        <Tillgångsslag_enligt_LVF_5_kap>ÖverlåtbartVärdepapper</Tillgångsslag_enligt_LVF_5_kap>
        <Instrumentnamn>MIPS AB</Instrumentnamn>
        <ISIN-kod_instrument>SE0009216278</ISIN-kod_instrument>
        <Landkod_Emittent>SE</Landkod_Emittent>
        <Valuta>SEK</Valuta>
        <Antal>7938.000000000</Antal>
        <Nominellt_belopp />
        <Kurs_som_använts_vid_värdering_av_instrumentet>429.900000000</Kurs_som_använts_vid_värdering_av_instrumentet>
        <Valutakurs_instrument>1.000000000</Valutakurs_instrument>
        <Marknadsvärde_instrument>3412546.20</Marknadsvärde_instrument>
        <Andel_av_fondförmögenhet_instrument>0.10</Andel_av_fondförmögenhet_instrument>
        <Bransch>
          <Branschkod_instrument>25</Branschkod_instrument>
          <Bransch_namn_instrument />
        </Bransch>
      </FinansielltInstrument>
      <FinansielltInstrument>
        <Tillgångsslag_enligt_LVF_5_kap>ÖverlåtbartVärdepapper</Tillgångsslag_enligt_LVF_5_kap>
        <Instrumentnamn>Moncler SpA</Instrumentnamn>
        <ISIN-kod_instrument>IT0004965148</ISIN-kod_instrument>
        <Landkod_Emittent>IT</Landkod_Emittent>
        <Valuta>EUR</Valuta>
        <Antal>46214.000000000</Antal>
        <Nominellt_belopp />
        <Kurs_som_använts_vid_värdering_av_instrumentet>49.500000000</Kurs_som_använts_vid_värdering_av_instrumentet>
        <Valutakurs_instrument>11.120211380</Valutakurs_instrument>
        <Marknadsvärde_instrument>25438517.71</Marknadsvärde_instrument>
        <Andel_av_fondförmögenhet_instrument>0.77</Andel_av_fondförmögenhet_instrument>
        <Bransch>
          <Branschkod_instrument>25</Branschkod_instrument>
          <Bransch_namn_instrument />
        </Bransch>
      </FinansielltInstrument>
      <FinansielltInstrument>
        <Tillgångsslag_enligt_LVF_5_kap>ÖverlåtbartVärdepapper</Tillgångsslag_enligt_LVF_5_kap>
        <Instrumentnamn>Muenchener Rueckversicherung</Instrumentnamn>
        <ISIN-kod_instrument>DE0008430026</ISIN-kod_instrument>
        <Landkod_Emittent>DE</Landkod_Emittent>
        <Valuta>EUR</Valuta>
        <Antal>10564.000000000</Antal>
        <Nominellt_belopp />
        <Kurs_som_använts_vid_värdering_av_instrumentet>304.000000000</Kurs_som_använts_vid_värdering_av_instrumentet>
        <Valutakurs_instrument>11.120211380</Valutakurs_instrument>
        <Marknadsvärde_instrument>35712069.56</Marknadsvärde_instrument>
        <Andel_av_fondförmögenhet_instrument>1.09</Andel_av_fondförmögenhet_instrument>
        <Bransch>
          <Branschkod_instrument>40</Branschkod_instrument>
          <Bransch_namn_instrument />
        </Bransch>
      </FinansielltInstrument>
      <FinansielltInstrument>
        <Tillgångsslag_enligt_LVF_5_kap>ÖverlåtbartVärdepapper</Tillgångsslag_enligt_LVF_5_kap>
        <Instrumentnamn>Nemetschek SE</Instrumentnamn>
        <ISIN-kod_instrument>DE0006452907</ISIN-kod_instrument>
        <Landkod_Emittent>DE</Landkod_Emittent>
        <Valuta>EUR</Valuta>
        <Antal>28217.000000000</Antal>
        <Nominellt_belopp />
        <Kurs_som_använts_vid_värdering_av_instrumentet>47.690000000</Kurs_som_använts_vid_värdering_av_instrumentet>
        <Valutakurs_instrument>11.120211380</Valutakurs_instrument>
        <Marknadsvärde_instrument>14964120.73</Marknadsvärde_instrument>
        <Andel_av_fondförmögenhet_instrument>0.46</Andel_av_fondförmögenhet_instrument>
        <Bransch>
          <Branschkod_instrument>45</Branschkod_instrument>
          <Bransch_namn_instrument />
        </Bransch>
      </FinansielltInstrument>
      <FinansielltInstrument>
        <Tillgångsslag_enligt_LVF_5_kap>ÖverlåtbartVärdepapper</Tillgångsslag_enligt_LVF_5_kap>
        <Instrumentnamn>Neste Oyj</Instrumentnamn>
        <ISIN-kod_instrument>FI0009013296</ISIN-kod_instrument>
        <Landkod_Emittent>FI</Landkod_Emittent>
        <Valuta>EUR</Valuta>
        <Antal>31061.000000000</Antal>
        <Nominellt_belopp />
        <Kurs_som_använts_vid_värdering_av_instrumentet>43.020000000</Kurs_som_använts_vid_värdering_av_instrumentet>
        <Valutakurs_instrument>11.120211380</Valutakurs_instrument>
        <Marknadsvärde_instrument>14859318.18</Marknadsvärde_instrument>
        <Andel_av_fondförmögenhet_instrument>0.45</Andel_av_fondförmögenhet_instrument>
        <Bransch>
          <Branschkod_instrument>10</Branschkod_instrument>
          <Bransch_namn_instrument />
        </Bransch>
      </FinansielltInstrument>
      <FinansielltInstrument>
        <Tillgångsslag_enligt_LVF_5_kap>ÖverlåtbartVärdepapper</Tillgångsslag_enligt_LVF_5_kap>
        <Instrumentnamn>Nestle</Instrumentnamn>
        <ISIN-kod_instrument>CH0038863350</ISIN-kod_instrument>
        <Landkod_Emittent>CH</Landkod_Emittent>
        <Valuta>CHF</Valuta>
        <Antal>122324.000000000</Antal>
        <Nominellt_belopp />
        <Kurs_som_använts_vid_värdering_av_instrumentet>107.140000000</Kurs_som_använts_vid_värdering_av_instrumentet>
        <Valutakurs_instrument>11.261889320</Valutakurs_instrument>
        <Marknadsvärde_instrument>147595994.27</Marknadsvärde_instrument>
        <Andel_av_fondförmögenhet_instrument>4.49</Andel_av_fondförmögenhet_instrument>
        <Bransch>
          <Branschkod_instrument>30</Branschkod_instrument>
          <Bransch_namn_instrument />
        </Bransch>
      </FinansielltInstrument>
      <FinansielltInstrument>
        <Tillgångsslag_enligt_LVF_5_kap>ÖverlåtbartVärdepapper</Tillgångsslag_enligt_LVF_5_kap>
        <Instrumentnamn>L´Oreal</Instrumentnamn>
        <ISIN-kod_instrument>FR0000120321</ISIN-kod_instrument>
        <Landkod_Emittent>FR</Landkod_Emittent>
        <Valuta>EUR</Valuta>
        <Antal>18572.000000000</Antal>
        <Nominellt_belopp />
        <Kurs_som_använts_vid_värdering_av_instrumentet>333.600000000</Kurs_som_använts_vid_värdering_av_instrumentet>
        <Valutakurs_instrument>11.120211380</Valutakurs_instrument>
        <Marknadsvärde_instrument>68896595.13</Marknadsvärde_instrument>
        <Andel_av_fondförmögenhet_instrument>2.10</Andel_av_fondförmögenhet_instrument>
        <Bransch>
          <Branschkod_instrument>30</Branschkod_instrument>
          <Bransch_namn_instrument />
        </Bransch>
      </FinansielltInstrument>
      <FinansielltInstrument>
        <Tillgångsslag_enligt_LVF_5_kap>ÖverlåtbartVärdepapper</Tillgångsslag_enligt_LVF_5_kap>
        <Instrumentnamn>Orsted A/S</Instrumentnamn>
        <ISIN-kod_instrument>DK0060094928</ISIN-kod_instrument>
        <Landkod_Emittent>DK</Landkod_Emittent>
        <Valuta>DKK</Valuta>
        <Antal>35468.000000000</Antal>
        <Nominellt_belopp />
        <Kurs_som_använts_vid_värdering_av_instrumentet>631.300000000</Kurs_som_använts_vid_värdering_av_instrumentet>
        <Valutakurs_instrument>1.495368010</Valutakurs_instrument>
        <Marknadsvärde_instrument>33482707.95</Marknadsvärde_instrument>
        <Andel_av_fondförmögenhet_instrument>1.02</Andel_av_fondförmögenhet_instrument>
        <Bransch>
          <Branschkod_instrument>55</Branschkod_instrument>
          <Bransch_namn_instrument />
        </Bransch>
      </FinansielltInstrument>
      <FinansielltInstrument>
        <Tillgångsslag_enligt_LVF_5_kap>ÖverlåtbartVärdepapper</Tillgångsslag_enligt_LVF_5_kap>
        <Instrumentnamn>Primary Health Properties PLC</Instrumentnamn>
        <ISIN-kod_instrument>GB00BYRJ5J14</ISIN-kod_instrument>
        <Landkod_Emittent>GB</Landkod_Emittent>
        <Valuta>GBP</Valuta>
        <Antal>1196652.000000000</Antal>
        <Nominellt_belopp />
        <Kurs_som_använts_vid_värdering_av_instrumentet>1.108000003</Kurs_som_använts_vid_värdering_av_instrumentet>
        <Valutakurs_instrument>12.533616550</Valutakurs_instrument>
        <Marknadsvärde_instrument>16618202.11</Marknadsvärde_instrument>
        <Andel_av_fondförmögenhet_instrument>0.51</Andel_av_fondförmögenhet_instrument>
        <Bransch>
          <Branschkod_instrument>60</Branschkod_instrument>
          <Bransch_namn_instrument />
        </Bransch>
      </FinansielltInstrument>
      <FinansielltInstrument>
        <Tillgångsslag_enligt_LVF_5_kap>ÖverlåtbartVärdepapper</Tillgångsslag_enligt_LVF_5_kap>
        <Instrumentnamn>Kering</Instrumentnamn>
        <ISIN-kod_instrument>FR0000121485</ISIN-kod_instrument>
        <Landkod_Emittent>FR</Landkod_Emittent>
        <Valuta>EUR</Valuta>
        <Antal>2574.000000000</Antal>
        <Nominellt_belopp />
        <Kurs_som_använts_vid_värdering_av_instrumentet>475.500000000</Kurs_som_använts_vid_värdering_av_instrumentet>
        <Valutakurs_instrument>11.120211380</Valutakurs_instrument>
        <Marknadsvärde_instrument>13610438.16</Marknadsvärde_instrument>
        <Andel_av_fondförmögenhet_instrument>0.41</Andel_av_fondförmögenhet_instrument>
        <Bransch>
          <Branschkod_instrument>25</Branschkod_instrument>
          <Bransch_namn_instrument />
        </Bransch>
      </FinansielltInstrument>
      <FinansielltInstrument>
        <Tillgångsslag_enligt_LVF_5_kap>ÖverlåtbartVärdepapper</Tillgångsslag_enligt_LVF_5_kap>
        <Instrumentnamn>Prudential</Instrumentnamn>
        <ISIN-kod_instrument>GB0007099541</ISIN-kod_instrument>
        <Landkod_Emittent>GB</Landkod_Emittent>
        <Valuta>GBP</Valuta>
        <Antal>272523.000000000</Antal>
        <Nominellt_belopp />
        <Kurs_som_använts_vid_värdering_av_instrumentet>11.275000018</Kurs_som_använts_vid_värdering_av_instrumentet>
        <Valutakurs_instrument>12.533616550</Valutakurs_instrument>
        <Marknadsvärde_instrument>38512003.84</Marknadsvärde_instrument>
        <Andel_av_fondförmögenhet_instrument>1.17</Andel_av_fondförmögenhet_instrument>
        <Bransch>
          <Branschkod_instrument>40</Branschkod_instrument>
          <Bransch_namn_instrument />
        </Bransch>
      </FinansielltInstrument>
      <FinansielltInstrument>
        <Tillgångsslag_enligt_LVF_5_kap>ÖverlåtbartVärdepapper</Tillgångsslag_enligt_LVF_5_kap>
        <Instrumentnamn>Reckitt Benckiser</Instrumentnamn>
        <ISIN-kod_instrument>GB00B24CGK77</ISIN-kod_instrument>
        <Landkod_Emittent>GB</Landkod_Emittent>
        <Valuta>GBP</Valuta>
        <Antal>139324.000000000</Antal>
        <Nominellt_belopp />
        <Kurs_som_använts_vid_värdering_av_instrumentet>57.540000000</Kurs_som_använts_vid_värdering_av_instrumentet>
        <Valutakurs_instrument>12.533616550</Valutakurs_instrument>
        <Marknadsvärde_instrument>100478280.90</Marknadsvärde_instrument>
        <Andel_av_fondförmögenhet_instrument>3.06</Andel_av_fondförmögenhet_instrument>
        <Bransch>
          <Branschkod_instrument>30</Branschkod_instrument>
          <Bransch_namn_instrument />
        </Bransch>
      </FinansielltInstrument>
      <FinansielltInstrument>
        <Tillgångsslag_enligt_LVF_5_kap>ÖverlåtbartVärdepapper</Tillgångsslag_enligt_LVF_5_kap>
        <Instrumentnamn>Relx PLC</Instrumentnamn>
        <ISIN-kod_instrument>GB00B2B0DG97</ISIN-kod_instrument>
        <Landkod_Emittent>GB</Landkod_Emittent>
        <Valuta>EUR</Valuta>
        <Antal>213611.000000000</Antal>
        <Nominellt_belopp />
        <Kurs_som_använts_vid_värdering_av_instrumentet>25.840000000</Kurs_som_använts_vid_värdering_av_instrumentet>
        <Valutakurs_instrument>11.120211380</Valutakurs_instrument>
        <Marknadsvärde_instrument>61380322.38</Marknadsvärde_instrument>
        <Andel_av_fondförmögenhet_instrument>1.87</Andel_av_fondförmögenhet_instrument>
        <Bransch>
          <Branschkod_instrument>20</Branschkod_instrument>
          <Bransch_namn_instrument />
        </Bransch>
      </FinansielltInstrument>
      <FinansielltInstrument>
        <Tillgångsslag_enligt_LVF_5_kap>ÖverlåtbartVärdepapper</Tillgångsslag_enligt_LVF_5_kap>
        <Instrumentnamn>Roche Holding</Instrumentnamn>
        <ISIN-kod_instrument>CH0012032048</ISIN-kod_instrument>
        <Landkod_Emittent>CH</Landkod_Emittent>
        <Valuta>CHF</Valuta>
        <Antal>26691.000000000</Antal>
        <Nominellt_belopp />
        <Kurs_som_använts_vid_värdering_av_instrumentet>290.500000000</Kurs_som_använts_vid_värdering_av_instrumentet>
        <Valutakurs_instrument>11.261889320</Valutakurs_instrument>
        <Marknadsvärde_instrument>87321711.02</Marknadsvärde_instrument>
        <Andel_av_fondförmögenhet_instrument>2.66</Andel_av_fondförmögenhet_instrument>
        <Bransch>
          <Branschkod_instrument>35</Branschkod_instrument>
          <Bransch_namn_instrument />
        </Bransch>
      </FinansielltInstrument>
      <FinansielltInstrument>
        <Tillgångsslag_enligt_LVF_5_kap>ÖverlåtbartVärdepapper</Tillgångsslag_enligt_LVF_5_kap>
        <Instrumentnamn>Rentokil Initial</Instrumentnamn>
        <ISIN-kod_instrument>GB00B082RF11</ISIN-kod_instrument>
        <Landkod_Emittent>GB</Landkod_Emittent>
        <Valuta>GBP</Valuta>
        <Antal>485401.000000000</Antal>
        <Nominellt_belopp />
        <Kurs_som_använts_vid_värdering_av_instrumentet>5.080000000</Kurs_som_använts_vid_värdering_av_instrumentet>
        <Valutakurs_instrument>12.533616550</Valutakurs_instrument>
        <Marknadsvärde_instrument>30905856.44</Marknadsvärde_instrument>
        <Andel_av_fondförmögenhet_instrument>0.94</Andel_av_fondförmögenhet_instrument>
        <Bransch>
          <Branschkod_instrument>20</Branschkod_instrument>
          <Bransch_namn_instrument />
        </Bransch>
      </FinansielltInstrument>
      <FinansielltInstrument>
        <Tillgångsslag_enligt_LVF_5_kap>ÖverlåtbartVärdepapper</Tillgångsslag_enligt_LVF_5_kap>
        <Instrumentnamn>Sanofi-Aventis</Instrumentnamn>
        <ISIN-kod_instrument>FR0000120578</ISIN-kod_instrument>
        <Landkod_Emittent>FR</Landkod_Emittent>
        <Valuta>EUR</Valuta>
        <Antal>73102.000000000</Antal>
        <Nominellt_belopp />
        <Kurs_som_använts_vid_värdering_av_instrumentet>89.840000000</Kurs_som_använts_vid_värdering_av_instrumentet>
        <Valutakurs_instrument>11.120211380</Valutakurs_instrument>
        <Marknadsvärde_instrument>73031806.76</Marknadsvärde_instrument>
        <Andel_av_fondförmögenhet_instrument>2.22</Andel_av_fondförmögenhet_instrument>
        <Bransch>
          <Branschkod_instrument>35</Branschkod_instrument>
          <Bransch_namn_instrument />
        </Bransch>
      </FinansielltInstrument>
      <FinansielltInstrument>
        <Tillgångsslag_enligt_LVF_5_kap>ÖverlåtbartVärdepapper</Tillgångsslag_enligt_LVF_5_kap>
        <Instrumentnamn>Schneider Electric</Instrumentnamn>
        <ISIN-kod_instrument>FR0000121972</ISIN-kod_instrument>
        <Landkod_Emittent>FR</Landkod_Emittent>
        <Valuta>EUR</Valuta>
        <Antal>57405.000000000</Antal>
        <Nominellt_belopp />
        <Kurs_som_använts_vid_värdering_av_instrumentet>130.720000000</Kurs_som_använts_vid_värdering_av_instrumentet>
        <Valutakurs_instrument>11.120211380</Valutakurs_instrument>
        <Marknadsvärde_instrument>83445861.58</Marknadsvärde_instrument>
        <Andel_av_fondförmögenhet_instrument>2.54</Andel_av_fondförmögenhet_instrument>
        <Bransch>
          <Branschkod_instrument>20</Branschkod_instrument>
          <Bransch_namn_instrument />
        </Bransch>
      </FinansielltInstrument>
      <FinansielltInstrument>
        <Tillgångsslag_enligt_LVF_5_kap>ÖverlåtbartVärdepapper</Tillgångsslag_enligt_LVF_5_kap>
        <Instrumentnamn>Svenska Handelsbanken, A</Instrumentnamn>
        <ISIN-kod_instrument>SE0007100599</ISIN-kod_instrument>
        <Landkod_Emittent>SE</Landkod_Emittent>
        <Valuta>SEK</Valuta>
        <Antal>367882.000000000</Antal>
        <Nominellt_belopp />
        <Kurs_som_använts_vid_värdering_av_instrumentet>105.100000000</Kurs_som_använts_vid_värdering_av_instrumentet>
        <Valutakurs_instrument>1.000000000</Valutakurs_instrument>
        <Marknadsvärde_instrument>38664398.20</Marknadsvärde_instrument>
        <Andel_av_fondförmögenhet_instrument>1.18</Andel_av_fondförmögenhet_instrument>
        <Bransch>
          <Branschkod_instrument>40</Branschkod_instrument>
          <Bransch_namn_instrument />
        </Bransch>
      </FinansielltInstrument>
      <FinansielltInstrument>
        <Tillgångsslag_enligt_LVF_5_kap>ÖverlåtbartVärdepapper</Tillgångsslag_enligt_LVF_5_kap>
        <Instrumentnamn>Siemens</Instrumentnamn>
        <ISIN-kod_instrument>DE0007236101</ISIN-kod_instrument>
        <Landkod_Emittent>DE</Landkod_Emittent>
        <Valuta>EUR</Valuta>
        <Antal>14357.000000000</Antal>
        <Nominellt_belopp />
        <Kurs_som_använts_vid_värdering_av_instrumentet>129.640000000</Kurs_som_använts_vid_värdering_av_instrumentet>
        <Valutakurs_instrument>11.120211380</Valutakurs_instrument>
        <Marknadsvärde_instrument>20697398.69</Marknadsvärde_instrument>
        <Andel_av_fondförmögenhet_instrument>0.63</Andel_av_fondförmögenhet_instrument>
        <Bransch>
          <Branschkod_instrument>20</Branschkod_instrument>
          <Bransch_namn_instrument />
        </Bransch>
      </FinansielltInstrument>
      <FinansielltInstrument>
        <Tillgångsslag_enligt_LVF_5_kap>ÖverlåtbartVärdepapper</Tillgångsslag_enligt_LVF_5_kap>
        <Instrumentnamn>SIG Combibloc Group AG</Instrumentnamn>
        <ISIN-kod_instrument>CH0435377954</ISIN-kod_instrument>
        <Landkod_Emittent>CH</Landkod_Emittent>
        <Valuta>CHF</Valuta>
        <Antal>130100.000000000</Antal>
        <Nominellt_belopp />
        <Kurs_som_använts_vid_värdering_av_instrumentet>20.200000000</Kurs_som_använts_vid_värdering_av_instrumentet>
        <Valutakurs_instrument>11.261889320</Valutakurs_instrument>
        <Marknadsvärde_instrument>29596470.37</Marknadsvärde_instrument>
        <Andel_av_fondförmögenhet_instrument>0.90</Andel_av_fondförmögenhet_instrument>
        <Bransch>
          <Branschkod_instrument>15</Branschkod_instrument>
          <Bransch_namn_instrument />
        </Bransch>
      </FinansielltInstrument>
      <FinansielltInstrument>
        <Tillgångsslag_enligt_LVF_5_kap>ÖverlåtbartVärdepapper</Tillgångsslag_enligt_LVF_5_kap>
        <Instrumentnamn>Sika Finanz, Inhaber</Instrumentnamn>
        <ISIN-kod_instrument>CH0418792922</ISIN-kod_instrument>
        <Landkod_Emittent>CH</Landkod_Emittent>
        <Valuta>CHF</Valuta>
        <Antal>12925.000000000</Antal>
        <Nominellt_belopp />
        <Kurs_som_använts_vid_värdering_av_instrumentet>221.700000000</Kurs_som_använts_vid_värdering_av_instrumentet>
        <Valutakurs_instrument>11.261889320</Valutakurs_instrument>
        <Marknadsvärde_instrument>32270634.14</Marknadsvärde_instrument>
        <Andel_av_fondförmögenhet_instrument>0.98</Andel_av_fondförmögenhet_instrument>
        <Bransch>
          <Branschkod_instrument>15</Branschkod_instrument>
          <Bransch_namn_instrument />
        </Bransch>
      </FinansielltInstrument>
      <FinansielltInstrument>
        <Tillgångsslag_enligt_LVF_5_kap>ÖverlåtbartVärdepapper</Tillgångsslag_enligt_LVF_5_kap>
        <Instrumentnamn>Spirax-Sarco Engineering PLC</Instrumentnamn>
        <ISIN-kod_instrument>GB00BWFGQN14</ISIN-kod_instrument>
        <Landkod_Emittent>GB</Landkod_Emittent>
        <Valuta>GBP</Valuta>
        <Antal>22626.000000000</Antal>
        <Nominellt_belopp />
        <Kurs_som_använts_vid_värdering_av_instrumentet>106.150000000</Kurs_som_använts_vid_värdering_av_instrumentet>
        <Valutakurs_instrument>12.533616550</Valutakurs_instrument>
        <Marknadsvärde_instrument>30102612.30</Marknadsvärde_instrument>
        <Andel_av_fondförmögenhet_instrument>0.92</Andel_av_fondförmögenhet_instrument>
        <Bransch>
          <Branschkod_instrument>20</Branschkod_instrument>
          <Bransch_namn_instrument />
        </Bransch>
      </FinansielltInstrument>
      <FinansielltInstrument>
        <Tillgångsslag_enligt_LVF_5_kap>ÖverlåtbartVärdepapper</Tillgångsslag_enligt_LVF_5_kap>
        <Instrumentnamn>SGS Surveillance</Instrumentnamn>
        <ISIN-kod_instrument>CH0002497458</ISIN-kod_instrument>
        <Landkod_Emittent>CH</Landkod_Emittent>
        <Valuta>CHF</Valuta>
        <Antal>1013.000000000</Antal>
        <Nominellt_belopp />
        <Kurs_som_använts_vid_värdering_av_instrumentet>2150.000000000</Kurs_som_använts_vid_värdering_av_instrumentet>
        <Valutakurs_instrument>11.261889320</Valutakurs_instrument>
        <Marknadsvärde_instrument>24527831.84</Marknadsvärde_instrument>
        <Andel_av_fondförmögenhet_instrument>0.75</Andel_av_fondförmögenhet_instrument>
        <Bransch>
          <Branschkod_instrument>20</Branschkod_instrument>
          <Bransch_namn_instrument />
        </Bransch>
      </FinansielltInstrument>
      <FinansielltInstrument>
        <Tillgångsslag_enligt_LVF_5_kap>ÖverlåtbartVärdepapper</Tillgångsslag_enligt_LVF_5_kap>
        <Instrumentnamn>Symrise</Instrumentnamn>
        <ISIN-kod_instrument>DE000SYM9999</ISIN-kod_instrument>
        <Landkod_Emittent>DE</Landkod_Emittent>
        <Valuta>EUR</Valuta>
        <Antal>29749.000000000</Antal>
        <Nominellt_belopp />
        <Kurs_som_använts_vid_värdering_av_instrumentet>101.650000000</Kurs_som_använts_vid_värdering_av_instrumentet>
        <Valutakurs_instrument>11.120211380</Valutakurs_instrument>
        <Marknadsvärde_instrument>33627361.86</Marknadsvärde_instrument>
        <Andel_av_fondförmögenhet_instrument>1.02</Andel_av_fondförmögenhet_instrument>
        <Bransch>
          <Branschkod_instrument>15</Branschkod_instrument>
          <Bransch_namn_instrument />
        </Bransch>
      </FinansielltInstrument>
      <FinansielltInstrument>
        <Tillgångsslag_enligt_LVF_5_kap>ÖverlåtbartVärdepapper</Tillgångsslag_enligt_LVF_5_kap>
        <Instrumentnamn>Tecan Group</Instrumentnamn>
        <ISIN-kod_instrument>CH0012100191</ISIN-kod_instrument>
        <Landkod_Emittent>CH</Landkod_Emittent>
        <Valuta>CHF</Valuta>
        <Antal>16462.000000000</Antal>
        <Nominellt_belopp />
        <Kurs_som_använts_vid_värdering_av_instrumentet>412.400000000</Kurs_som_använts_vid_värdering_av_instrumentet>
        <Valutakurs_instrument>11.261889320</Valutakurs_instrument>
        <Marknadsvärde_instrument>76456164.75</Marknadsvärde_instrument>
        <Andel_av_fondförmögenhet_instrument>2.33</Andel_av_fondförmögenhet_instrument>
        <Bransch>
          <Branschkod_instrument>35</Branschkod_instrument>
          <Bransch_namn_instrument />
        </Bransch>
      </FinansielltInstrument>
      <FinansielltInstrument>
        <Tillgångsslag_enligt_LVF_5_kap>ÖverlåtbartVärdepapper</Tillgångsslag_enligt_LVF_5_kap>
        <Instrumentnamn>Technogym SpA</Instrumentnamn>
        <ISIN-kod_instrument>IT0005162406</ISIN-kod_instrument>
        <Landkod_Emittent>IT</Landkod_Emittent>
        <Valuta>EUR</Valuta>
        <Antal>217802.000000000</Antal>
        <Nominellt_belopp />
        <Kurs_som_använts_vid_värdering_av_instrumentet>7.150000000</Kurs_som_använts_vid_värdering_av_instrumentet>
        <Valutakurs_instrument>11.120211380</Valutakurs_instrument>
        <Marknadsvärde_instrument>17317330.59</Marknadsvärde_instrument>
        <Andel_av_fondförmögenhet_instrument>0.53</Andel_av_fondförmögenhet_instrument>
        <Bransch>
          <Branschkod_instrument>25</Branschkod_instrument>
          <Bransch_namn_instrument />
        </Bransch>
      </FinansielltInstrument>
      <FinansielltInstrument>
        <Tillgångsslag_enligt_LVF_5_kap>ÖverlåtbartVärdepapper</Tillgångsslag_enligt_LVF_5_kap>
        <Instrumentnamn>TOMRA Systems ASA</Instrumentnamn>
        <ISIN-kod_instrument>NO0012470089</ISIN-kod_instrument>
        <Landkod_Emittent>NO</Landkod_Emittent>
        <Valuta>NOK</Valuta>
        <Antal>309340.000000000</Antal>
        <Nominellt_belopp />
        <Kurs_som_använts_vid_värdering_av_instrumentet>165.600000000</Kurs_som_använts_vid_värdering_av_instrumentet>
        <Valutakurs_instrument>1.057709880</Valutakurs_instrument>
        <Marknadsvärde_instrument>54182990.94</Marknadsvärde_instrument>
        <Andel_av_fondförmögenhet_instrument>1.65</Andel_av_fondförmögenhet_instrument>
        <Bransch>
          <Branschkod_instrument>20</Branschkod_instrument>
          <Bransch_namn_instrument />
        </Bransch>
      </FinansielltInstrument>
      <FinansielltInstrument>
        <Tillgångsslag_enligt_LVF_5_kap>ÖverlåtbartVärdepapper</Tillgångsslag_enligt_LVF_5_kap>
        <Instrumentnamn>Unilever</Instrumentnamn>
        <ISIN-kod_instrument>GB00B10RZP78</ISIN-kod_instrument>
        <Landkod_Emittent>GB</Landkod_Emittent>
        <Valuta>GBP</Valuta>
        <Antal>98867.000000000</Antal>
        <Nominellt_belopp />
        <Kurs_som_använts_vid_värdering_av_instrumentet>41.820000000</Kurs_som_använts_vid_värdering_av_instrumentet>
        <Valutakurs_instrument>12.533616550</Valutakurs_instrument>
        <Marknadsvärde_instrument>51821715.84</Marknadsvärde_instrument>
        <Andel_av_fondförmögenhet_instrument>1.58</Andel_av_fondförmögenhet_instrument>
        <Bransch>
          <Branschkod_instrument>30</Branschkod_instrument>
          <Bransch_namn_instrument />
        </Bransch>
      </FinansielltInstrument>
      <FinansielltInstrument>
        <Tillgångsslag_enligt_LVF_5_kap>ÖverlåtbartVärdepapper</Tillgångsslag_enligt_LVF_5_kap>
        <Instrumentnamn>UNITE Group PLC/The</Instrumentnamn>
        <ISIN-kod_instrument>GB0006928617</ISIN-kod_instrument>
        <Landkod_Emittent>GB</Landkod_Emittent>
        <Valuta>GBP</Valuta>
        <Antal>118366.000000000</Antal>
        <Nominellt_belopp />
        <Kurs_som_använts_vid_värdering_av_instrumentet>9.100000000</Kurs_som_använts_vid_värdering_av_instrumentet>
        <Valutakurs_instrument>12.533616550</Valutakurs_instrument>
        <Marknadsvärde_instrument>13500341.91</Marknadsvärde_instrument>
        <Andel_av_fondförmögenhet_instrument>0.41</Andel_av_fondförmögenhet_instrument>
        <Bransch>
          <Branschkod_instrument>60</Branschkod_instrument>
          <Bransch_namn_instrument />
        </Bransch>
      </FinansielltInstrument>
      <FinansielltInstrument>
        <Tillgångsslag_enligt_LVF_5_kap>ÖverlåtbartVärdepapper</Tillgångsslag_enligt_LVF_5_kap>
        <Instrumentnamn>Veolia Environnement SA</Instrumentnamn>
        <ISIN-kod_instrument>FR0000124141</ISIN-kod_instrument>
        <Landkod_Emittent>FR</Landkod_Emittent>
        <Valuta>EUR</Valuta>
        <Antal>64895.000000000</Antal>
        <Nominellt_belopp />
        <Kurs_som_använts_vid_värdering_av_instrumentet>24.000000000</Kurs_som_använts_vid_värdering_av_instrumentet>
        <Valutakurs_instrument>11.120211380</Valutakurs_instrument>
        <Marknadsvärde_instrument>17319506.82</Marknadsvärde_instrument>
        <Andel_av_fondförmögenhet_instrument>0.53</Andel_av_fondförmögenhet_instrument>
        <Bransch>
          <Branschkod_instrument>55</Branschkod_instrument>
          <Bransch_namn_instrument />
        </Bransch>
      </FinansielltInstrument>
      <FinansielltInstrument>
        <Tillgångsslag_enligt_LVF_5_kap>ÖverlåtbartVärdepapper</Tillgångsslag_enligt_LVF_5_kap>
        <Instrumentnamn>Vestas Wind Systems</Instrumentnamn>
        <ISIN-kod_instrument>DK0061539921</ISIN-kod_instrument>
        <Landkod_Emittent>DK</Landkod_Emittent>
        <Valuta>DKK</Valuta>
        <Antal>120155.000000000</Antal>
        <Nominellt_belopp />
        <Kurs_som_använts_vid_värdering_av_instrumentet>202.100000000</Kurs_som_använts_vid_värdering_av_instrumentet>
        <Valutakurs_instrument>1.495368010</Valutakurs_instrument>
        <Marknadsvärde_instrument>36312508.13</Marknadsvärde_instrument>
        <Andel_av_fondförmögenhet_instrument>1.10</Andel_av_fondförmögenhet_instrument>
        <Bransch>
          <Branschkod_instrument>20</Branschkod_instrument>
          <Bransch_namn_instrument />
        </Bransch>
      </FinansielltInstrument>
      <FinansielltInstrument>
        <Tillgångsslag_enligt_LVF_5_kap>ÖverlåtbartVärdepapper</Tillgångsslag_enligt_LVF_5_kap>
        <Instrumentnamn>Warehouses De Pauw CVA</Instrumentnamn>
        <ISIN-kod_instrument>BE0974349814</ISIN-kod_instrument>
        <Landkod_Emittent>BE</Landkod_Emittent>
        <Valuta>EUR</Valuta>
        <Antal>40311.000000000</Antal>
        <Nominellt_belopp />
        <Kurs_som_använts_vid_värdering_av_instrumentet>26.700000000</Kurs_som_använts_vid_värdering_av_instrumentet>
        <Valutakurs_instrument>11.120211380</Valutakurs_instrument>
        <Marknadsvärde_instrument>11968724.65</Marknadsvärde_instrument>
        <Andel_av_fondförmögenhet_instrument>0.36</Andel_av_fondförmögenhet_instrument>
        <Bransch>
          <Branschkod_instrument>60</Branschkod_instrument>
          <Bransch_namn_instrument />
        </Bransch>
      </FinansielltInstrument>
    </FinansiellaInstrument>
  </Fondinformation>
  <Fondinformation />
</VärdepappersfondInnehav>