﻿<?xml version="1.0" encoding="utf-8"?>
<VärdepappersfondInnehav xmlns="http://schemas.fi.se/publika/vardepappersfonder/20200331">
  <Rapportinformation>
    <Kvartalsslut>2022-12-31</Kvartalsslut>
  </Rapportinformation>
  <Bolagsinformation>
    <Fondbolag_namn>Länsförsäkringar Fondförvaltning AB</Fondbolag_namn>
    <Fondbolag_institutnummer>58082</Fondbolag_institutnummer>
    <Fondbolag_LEI-kod>54930025SK6LRZC6QF89</Fondbolag_LEI-kod>
  </Bolagsinformation>
  <Fondinformation>
    <Fond_institutnummer>55122</Fond_institutnummer>
    <Fond_ISIN-kod>SE0000837205</Fond_ISIN-kod>
    <Fond_namn>Länsförsäkringar Global Vision</Fond_namn>
    <Förvaltningsavgift>
      <MedAndelsklasser>
        <Förvaltningsavgift>
          <Andelsklass_namn>SVAR</Andelsklass_namn>
          <Förvaltningsavgift_Typ>
            <Förvaltningsavgift_fast>1.5</Förvaltningsavgift_fast>
          </Förvaltningsavgift_Typ>
        </Förvaltningsavgift>
        <Förvaltningsavgift>
          <Andelsklass_namn>SVARB</Andelsklass_namn>
          <Förvaltningsavgift_Typ>
            <Förvaltningsavgift_fast>1.2</Förvaltningsavgift_fast>
          </Förvaltningsavgift_Typ>
        </Förvaltningsavgift>
      </MedAndelsklasser>
    </Förvaltningsavgift>
    <Fondförmögenhet>18185726226</Fondförmögenhet>
    <Likvida_medel>334246650</Likvida_medel>
    <Övriga_tillgångar_och_skulder>-9244968</Övriga_tillgångar_och_skulder>
    <Aktiv_risk>2.14</Aktiv_risk>
    <Standardavvikelse_24_månader>14.35</Standardavvikelse_24_månader>
    <Jämförelseindex>
      <Jämförelseindex>Morningstar Developed Markets TV</Jämförelseindex>
    </Jämförelseindex>
    <FinansiellaInstrument>
      <FinansielltInstrument>
        <Tillgångsslag_enligt_LVF_5_kap>ÖverlåtbartVärdepapper</Tillgångsslag_enligt_LVF_5_kap>
        <Instrumentnamn>Apple Inc</Instrumentnamn>
        <ISIN-kod_instrument>US0378331005</ISIN-kod_instrument>
        <Landkod_Emittent>US</Landkod_Emittent>
        <Valuta>USD</Valuta>
        <Antal>673788.000000000</Antal>
        <Nominellt_belopp />
        <Kurs_som_använts_vid_värdering_av_instrumentet>129.930000000</Kurs_som_använts_vid_värdering_av_instrumentet>
        <Valutakurs_instrument>10.419500000</Valutakurs_instrument>
        <Marknadsvärde_instrument>912177991.20</Marknadsvärde_instrument>
        <Andel_av_fondförmögenhet_instrument>5.02</Andel_av_fondförmögenhet_instrument>
        <Bransch>
          <Branschkod_instrument>45</Branschkod_instrument>
          <Bransch_namn_instrument />
        </Bransch>
      </FinansielltInstrument>
      <FinansielltInstrument>
        <Tillgångsslag_enligt_LVF_5_kap>ÖverlåtbartVärdepapper</Tillgångsslag_enligt_LVF_5_kap>
        <Instrumentnamn>Abbott Laboratories</Instrumentnamn>
        <ISIN-kod_instrument>US0028241000</ISIN-kod_instrument>
        <Landkod_Emittent>US</Landkod_Emittent>
        <Valuta>USD</Valuta>
        <Antal>260469.000000000</Antal>
        <Nominellt_belopp />
        <Kurs_som_använts_vid_värdering_av_instrumentet>109.790000000</Kurs_som_använts_vid_värdering_av_instrumentet>
        <Valutakurs_instrument>10.419500000</Valutakurs_instrument>
        <Marknadsvärde_instrument>297965311.09</Marknadsvärde_instrument>
        <Andel_av_fondförmögenhet_instrument>1.64</Andel_av_fondförmögenhet_instrument>
        <Bransch>
          <Branschkod_instrument>35</Branschkod_instrument>
          <Bransch_namn_instrument />
        </Bransch>
      </FinansielltInstrument>
      <FinansielltInstrument>
        <Tillgångsslag_enligt_LVF_5_kap>ÖverlåtbartVärdepapper</Tillgångsslag_enligt_LVF_5_kap>
        <Instrumentnamn>Chubb Limited</Instrumentnamn>
        <ISIN-kod_instrument>CH0044328745</ISIN-kod_instrument>
        <Landkod_Emittent>CH</Landkod_Emittent>
        <Valuta>USD</Valuta>
        <Antal>61612.000000000</Antal>
        <Nominellt_belopp />
        <Kurs_som_använts_vid_värdering_av_instrumentet>220.600000000</Kurs_som_använts_vid_värdering_av_instrumentet>
        <Valutakurs_instrument>10.419500000</Valutakurs_instrument>
        <Marknadsvärde_instrument>141617751.22</Marknadsvärde_instrument>
        <Andel_av_fondförmögenhet_instrument>0.78</Andel_av_fondförmögenhet_instrument>
        <Bransch>
          <Branschkod_instrument>40</Branschkod_instrument>
          <Bransch_namn_instrument />
        </Bransch>
      </FinansielltInstrument>
      <FinansielltInstrument>
        <Tillgångsslag_enligt_LVF_5_kap>ÖverlåtbartVärdepapper</Tillgångsslag_enligt_LVF_5_kap>
        <Instrumentnamn>Accenture</Instrumentnamn>
        <ISIN-kod_instrument>IE00B4BNMY34</ISIN-kod_instrument>
        <Landkod_Emittent>IE</Landkod_Emittent>
        <Valuta>USD</Valuta>
        <Antal>101787.000000000</Antal>
        <Nominellt_belopp />
        <Kurs_som_använts_vid_värdering_av_instrumentet>266.840000000</Kurs_som_använts_vid_värdering_av_instrumentet>
        <Valutakurs_instrument>10.419500000</Valutakurs_instrument>
        <Marknadsvärde_instrument>283002404.47</Marknadsvärde_instrument>
        <Andel_av_fondförmögenhet_instrument>1.56</Andel_av_fondförmögenhet_instrument>
        <Bransch>
          <Branschkod_instrument>45</Branschkod_instrument>
          <Bransch_namn_instrument />
        </Bransch>
      </FinansielltInstrument>
      <FinansielltInstrument>
        <Tillgångsslag_enligt_LVF_5_kap>ÖverlåtbartVärdepapper</Tillgångsslag_enligt_LVF_5_kap>
        <Instrumentnamn>Adidas AG</Instrumentnamn>
        <ISIN-kod_instrument>DE000A1EWWW0</ISIN-kod_instrument>
        <Landkod_Emittent>DE</Landkod_Emittent>
        <Valuta>EUR</Valuta>
        <Antal>48017.000000000</Antal>
        <Nominellt_belopp />
        <Kurs_som_använts_vid_värdering_av_instrumentet>127.460000000</Kurs_som_använts_vid_värdering_av_instrumentet>
        <Valutakurs_instrument>11.120211380</Valutakurs_instrument>
        <Marknadsvärde_instrument>68058438.34</Marknadsvärde_instrument>
        <Andel_av_fondförmögenhet_instrument>0.37</Andel_av_fondförmögenhet_instrument>
        <Bransch>
          <Branschkod_instrument>25</Branschkod_instrument>
          <Bransch_namn_instrument />
        </Bransch>
      </FinansielltInstrument>
      <FinansielltInstrument>
        <Tillgångsslag_enligt_LVF_5_kap>ÖverlåtbartVärdepapper</Tillgångsslag_enligt_LVF_5_kap>
        <Instrumentnamn>AIA GROUP</Instrumentnamn>
        <ISIN-kod_instrument>HK0000069689</ISIN-kod_instrument>
        <Landkod_Emittent>HK</Landkod_Emittent>
        <Valuta>HKD</Valuta>
        <Antal>2549379.000000000</Antal>
        <Nominellt_belopp />
        <Kurs_som_använts_vid_värdering_av_instrumentet>86.800000000</Kurs_som_använts_vid_värdering_av_instrumentet>
        <Valutakurs_instrument>1.334986130</Valutakurs_instrument>
        <Marknadsvärde_instrument>295413870.52</Marknadsvärde_instrument>
        <Andel_av_fondförmögenhet_instrument>1.62</Andel_av_fondförmögenhet_instrument>
        <Bransch>
          <Branschkod_instrument>40</Branschkod_instrument>
          <Bransch_namn_instrument />
        </Bransch>
      </FinansielltInstrument>
      <FinansielltInstrument>
        <Tillgångsslag_enligt_LVF_5_kap>ÖverlåtbartVärdepapper</Tillgångsslag_enligt_LVF_5_kap>
        <Instrumentnamn>Allstate Corp</Instrumentnamn>
        <ISIN-kod_instrument>US0200021014</ISIN-kod_instrument>
        <Landkod_Emittent>US</Landkod_Emittent>
        <Valuta>USD</Valuta>
        <Antal>119065.000000000</Antal>
        <Nominellt_belopp />
        <Kurs_som_använts_vid_värdering_av_instrumentet>135.600000000</Kurs_som_använts_vid_värdering_av_instrumentet>
        <Valutakurs_instrument>10.419500000</Valutakurs_instrument>
        <Marknadsvärde_instrument>168225057.27</Marknadsvärde_instrument>
        <Andel_av_fondförmögenhet_instrument>0.93</Andel_av_fondförmögenhet_instrument>
        <Bransch>
          <Branschkod_instrument>40</Branschkod_instrument>
          <Bransch_namn_instrument />
        </Bransch>
      </FinansielltInstrument>
      <FinansielltInstrument>
        <Tillgångsslag_enligt_LVF_5_kap>ÖverlåtbartVärdepapper</Tillgångsslag_enligt_LVF_5_kap>
        <Instrumentnamn>Advanced Micro Devices</Instrumentnamn>
        <ISIN-kod_instrument>US0079031078</ISIN-kod_instrument>
        <Landkod_Emittent>US</Landkod_Emittent>
        <Valuta>USD</Valuta>
        <Antal>111437.000000000</Antal>
        <Nominellt_belopp />
        <Kurs_som_använts_vid_värdering_av_instrumentet>64.770000000</Kurs_som_använts_vid_värdering_av_instrumentet>
        <Valutakurs_instrument>10.419500000</Valutakurs_instrument>
        <Marknadsvärde_instrument>75205601.30</Marknadsvärde_instrument>
        <Andel_av_fondförmögenhet_instrument>0.41</Andel_av_fondförmögenhet_instrument>
        <Bransch>
          <Branschkod_instrument>45</Branschkod_instrument>
          <Bransch_namn_instrument />
        </Bransch>
      </FinansielltInstrument>
      <FinansielltInstrument>
        <Tillgångsslag_enligt_LVF_5_kap>ÖverlåtbartVärdepapper</Tillgångsslag_enligt_LVF_5_kap>
        <Instrumentnamn>Amgen Inc</Instrumentnamn>
        <ISIN-kod_instrument>US0311621009</ISIN-kod_instrument>
        <Landkod_Emittent>US</Landkod_Emittent>
        <Valuta>USD</Valuta>
        <Antal>88261.000000000</Antal>
        <Nominellt_belopp />
        <Kurs_som_använts_vid_värdering_av_instrumentet>262.640000000</Kurs_som_använts_vid_värdering_av_instrumentet>
        <Valutakurs_instrument>10.419500000</Valutakurs_instrument>
        <Marknadsvärde_instrument>241533064.96</Marknadsvärde_instrument>
        <Andel_av_fondförmögenhet_instrument>1.33</Andel_av_fondförmögenhet_instrument>
        <Bransch>
          <Branschkod_instrument>35</Branschkod_instrument>
          <Bransch_namn_instrument />
        </Bransch>
      </FinansielltInstrument>
      <FinansielltInstrument>
        <Tillgångsslag_enligt_LVF_5_kap>ÖverlåtbartVärdepapper</Tillgångsslag_enligt_LVF_5_kap>
        <Instrumentnamn>American Tower Corp-Cl A</Instrumentnamn>
        <ISIN-kod_instrument>US03027X1000</ISIN-kod_instrument>
        <Landkod_Emittent>US</Landkod_Emittent>
        <Valuta>USD</Valuta>
        <Antal>84064.000000000</Antal>
        <Nominellt_belopp />
        <Kurs_som_använts_vid_värdering_av_instrumentet>211.860000000</Kurs_som_använts_vid_värdering_av_instrumentet>
        <Valutakurs_instrument>10.419500000</Valutakurs_instrument>
        <Marknadsvärde_instrument>185569201.10</Marknadsvärde_instrument>
        <Andel_av_fondförmögenhet_instrument>1.02</Andel_av_fondförmögenhet_instrument>
        <Bransch>
          <Branschkod_instrument>60</Branschkod_instrument>
          <Bransch_namn_instrument />
        </Bransch>
      </FinansielltInstrument>
      <FinansielltInstrument>
        <Tillgångsslag_enligt_LVF_5_kap>ÖverlåtbartVärdepapper</Tillgångsslag_enligt_LVF_5_kap>
        <Instrumentnamn>Amazon.com Inc.</Instrumentnamn>
        <ISIN-kod_instrument>US0231351067</ISIN-kod_instrument>
        <Landkod_Emittent>US</Landkod_Emittent>
        <Valuta>USD</Valuta>
        <Antal>333205.000000000</Antal>
        <Nominellt_belopp />
        <Kurs_som_använts_vid_värdering_av_instrumentet>84.000000000</Kurs_som_använts_vid_värdering_av_instrumentet>
        <Valutakurs_instrument>10.419500000</Valutakurs_instrument>
        <Marknadsvärde_instrument>291633677.79</Marknadsvärde_instrument>
        <Andel_av_fondförmögenhet_instrument>1.60</Andel_av_fondförmögenhet_instrument>
        <Bransch>
          <Branschkod_instrument>25</Branschkod_instrument>
          <Bransch_namn_instrument />
        </Bransch>
      </FinansielltInstrument>
      <FinansielltInstrument>
        <Tillgångsslag_enligt_LVF_5_kap>ÖverlåtbartVärdepapper</Tillgångsslag_enligt_LVF_5_kap>
        <Instrumentnamn>Arista Networks Inc</Instrumentnamn>
        <ISIN-kod_instrument>US0404131064</ISIN-kod_instrument>
        <Landkod_Emittent>US</Landkod_Emittent>
        <Valuta>USD</Valuta>
        <Antal>132820.000000000</Antal>
        <Nominellt_belopp />
        <Kurs_som_använts_vid_värdering_av_instrumentet>121.350000000</Kurs_som_använts_vid_värdering_av_instrumentet>
        <Valutakurs_instrument>10.419500000</Valutakurs_instrument>
        <Marknadsvärde_instrument>167938448.09</Marknadsvärde_instrument>
        <Andel_av_fondförmögenhet_instrument>0.92</Andel_av_fondförmögenhet_instrument>
        <Bransch>
          <Branschkod_instrument>45</Branschkod_instrument>
          <Bransch_namn_instrument />
        </Bransch>
      </FinansielltInstrument>
      <FinansielltInstrument>
        <Tillgångsslag_enligt_LVF_5_kap>ÖverlåtbartVärdepapper</Tillgångsslag_enligt_LVF_5_kap>
        <Instrumentnamn>ASML Holding NV</Instrumentnamn>
        <ISIN-kod_instrument>NL0010273215</ISIN-kod_instrument>
        <Landkod_Emittent>NL</Landkod_Emittent>
        <Valuta>EUR</Valuta>
        <Antal>55655.000000000</Antal>
        <Nominellt_belopp />
        <Kurs_som_använts_vid_värdering_av_instrumentet>503.800000000</Kurs_som_använts_vid_värdering_av_instrumentet>
        <Valutakurs_instrument>11.120211380</Valutakurs_instrument>
        <Marknadsvärde_instrument>311799484.56</Marknadsvärde_instrument>
        <Andel_av_fondförmögenhet_instrument>1.71</Andel_av_fondförmögenhet_instrument>
        <Bransch>
          <Branschkod_instrument>45</Branschkod_instrument>
          <Bransch_namn_instrument />
        </Bransch>
      </FinansielltInstrument>
      <FinansielltInstrument>
        <Tillgångsslag_enligt_LVF_5_kap>ÖverlåtbartVärdepapper</Tillgångsslag_enligt_LVF_5_kap>
        <Instrumentnamn>Atkore International Group Inc</Instrumentnamn>
        <ISIN-kod_instrument>US0476491081</ISIN-kod_instrument>
        <Landkod_Emittent>US</Landkod_Emittent>
        <Valuta>USD</Valuta>
        <Antal>184322.000000000</Antal>
        <Nominellt_belopp />
        <Kurs_som_använts_vid_värdering_av_instrumentet>113.420000000</Kurs_som_använts_vid_värdering_av_instrumentet>
        <Valutakurs_instrument>10.419500000</Valutakurs_instrument>
        <Marknadsvärde_instrument>217827996.02</Marknadsvärde_instrument>
        <Andel_av_fondförmögenhet_instrument>1.20</Andel_av_fondförmögenhet_instrument>
        <Bransch>
          <Branschkod_instrument>20</Branschkod_instrument>
          <Bransch_namn_instrument />
        </Bransch>
      </FinansielltInstrument>
      <FinansielltInstrument>
        <Tillgångsslag_enligt_LVF_5_kap>ÖverlåtbartVärdepapper</Tillgångsslag_enligt_LVF_5_kap>
        <Instrumentnamn>American Water Works Co</Instrumentnamn>
        <ISIN-kod_instrument>US0304201033</ISIN-kod_instrument>
        <Landkod_Emittent>US</Landkod_Emittent>
        <Valuta>USD</Valuta>
        <Antal>111672.000000000</Antal>
        <Nominellt_belopp />
        <Kurs_som_använts_vid_värdering_av_instrumentet>152.420000000</Kurs_som_använts_vid_värdering_av_instrumentet>
        <Valutakurs_instrument>10.419500000</Valutakurs_instrument>
        <Marknadsvärde_instrument>177350791.30</Marknadsvärde_instrument>
        <Andel_av_fondförmögenhet_instrument>0.98</Andel_av_fondförmögenhet_instrument>
        <Bransch>
          <Branschkod_instrument>55</Branschkod_instrument>
          <Bransch_namn_instrument />
        </Bransch>
      </FinansielltInstrument>
      <FinansielltInstrument>
        <Tillgångsslag_enligt_LVF_5_kap>ÖverlåtbartVärdepapper</Tillgångsslag_enligt_LVF_5_kap>
        <Instrumentnamn>Bank of America Corp</Instrumentnamn>
        <ISIN-kod_instrument>US0605051046</ISIN-kod_instrument>
        <Landkod_Emittent>US</Landkod_Emittent>
        <Valuta>USD</Valuta>
        <Antal>802891.000000000</Antal>
        <Nominellt_belopp />
        <Kurs_som_använts_vid_värdering_av_instrumentet>33.120000000</Kurs_som_använts_vid_värdering_av_instrumentet>
        <Valutakurs_instrument>10.419500000</Valutakurs_instrument>
        <Marknadsvärde_instrument>277072738.29</Marknadsvärde_instrument>
        <Andel_av_fondförmögenhet_instrument>1.52</Andel_av_fondförmögenhet_instrument>
        <Bransch>
          <Branschkod_instrument>40</Branschkod_instrument>
          <Bransch_namn_instrument />
        </Bransch>
      </FinansielltInstrument>
      <FinansielltInstrument>
        <Tillgångsslag_enligt_LVF_5_kap>ÖverlåtbartVärdepapper</Tillgångsslag_enligt_LVF_5_kap>
        <Instrumentnamn>Baxter Intl</Instrumentnamn>
        <ISIN-kod_instrument>US0718131099</ISIN-kod_instrument>
        <Landkod_Emittent>US</Landkod_Emittent>
        <Valuta>USD</Valuta>
        <Antal>78989.000000000</Antal>
        <Nominellt_belopp />
        <Kurs_som_använts_vid_värdering_av_instrumentet>50.970000000</Kurs_som_använts_vid_värdering_av_instrumentet>
        <Valutakurs_instrument>10.419500000</Valutakurs_instrument>
        <Marknadsvärde_instrument>41949629.38</Marknadsvärde_instrument>
        <Andel_av_fondförmögenhet_instrument>0.23</Andel_av_fondförmögenhet_instrument>
        <Bransch>
          <Branschkod_instrument>35</Branschkod_instrument>
          <Bransch_namn_instrument />
        </Bransch>
      </FinansielltInstrument>
      <FinansielltInstrument>
        <Tillgångsslag_enligt_LVF_5_kap>ÖverlåtbartVärdepapper</Tillgångsslag_enligt_LVF_5_kap>
        <Instrumentnamn>Best Buy Co Inc</Instrumentnamn>
        <ISIN-kod_instrument>US0865161014</ISIN-kod_instrument>
        <Landkod_Emittent>US</Landkod_Emittent>
        <Valuta>USD</Valuta>
        <Antal>72565.000000000</Antal>
        <Nominellt_belopp />
        <Kurs_som_använts_vid_värdering_av_instrumentet>80.210000000</Kurs_som_använts_vid_värdering_av_instrumentet>
        <Valutakurs_instrument>10.419500000</Valutakurs_instrument>
        <Marknadsvärde_instrument>60646060.51</Marknadsvärde_instrument>
        <Andel_av_fondförmögenhet_instrument>0.33</Andel_av_fondförmögenhet_instrument>
        <Bransch>
          <Branschkod_instrument>25</Branschkod_instrument>
          <Bransch_namn_instrument />
        </Bransch>
      </FinansielltInstrument>
      <FinansielltInstrument>
        <Tillgångsslag_enligt_LVF_5_kap>ÖverlåtbartVärdepapper</Tillgångsslag_enligt_LVF_5_kap>
        <Instrumentnamn>Brighthouse Financial Inc</Instrumentnamn>
        <ISIN-kod_instrument>US10922N1037</ISIN-kod_instrument>
        <Landkod_Emittent>US</Landkod_Emittent>
        <Valuta>USD</Valuta>
        <Antal>253130.000000000</Antal>
        <Nominellt_belopp />
        <Kurs_som_använts_vid_värdering_av_instrumentet>51.270000000</Kurs_som_använts_vid_värdering_av_instrumentet>
        <Valutakurs_instrument>10.419500000</Valutakurs_instrument>
        <Marknadsvärde_instrument>135224011.55</Marknadsvärde_instrument>
        <Andel_av_fondförmögenhet_instrument>0.74</Andel_av_fondförmögenhet_instrument>
        <Bransch>
          <Branschkod_instrument>40</Branschkod_instrument>
          <Bransch_namn_instrument />
        </Bransch>
      </FinansielltInstrument>
      <FinansielltInstrument>
        <Tillgångsslag_enligt_LVF_5_kap>ÖverlåtbartVärdepapper</Tillgångsslag_enligt_LVF_5_kap>
        <Instrumentnamn>Bristol Myers Squibb</Instrumentnamn>
        <ISIN-kod_instrument>US1101221083</ISIN-kod_instrument>
        <Landkod_Emittent>US</Landkod_Emittent>
        <Valuta>USD</Valuta>
        <Antal>291951.000000000</Antal>
        <Nominellt_belopp />
        <Kurs_som_använts_vid_värdering_av_instrumentet>71.950000000</Kurs_som_använts_vid_värdering_av_instrumentet>
        <Valutakurs_instrument>10.419500000</Valutakurs_instrument>
        <Marknadsvärde_instrument>218870708.83</Marknadsvärde_instrument>
        <Andel_av_fondförmögenhet_instrument>1.20</Andel_av_fondförmögenhet_instrument>
        <Bransch>
          <Branschkod_instrument>35</Branschkod_instrument>
          <Bransch_namn_instrument />
        </Bransch>
      </FinansielltInstrument>
      <FinansielltInstrument>
        <Tillgångsslag_enligt_LVF_5_kap>ÖverlåtbartVärdepapper</Tillgångsslag_enligt_LVF_5_kap>
        <Instrumentnamn>Citigroup Inc</Instrumentnamn>
        <ISIN-kod_instrument>US1729674242</ISIN-kod_instrument>
        <Landkod_Emittent>US</Landkod_Emittent>
        <Valuta>USD</Valuta>
        <Antal>283077.000000000</Antal>
        <Nominellt_belopp />
        <Kurs_som_använts_vid_värdering_av_instrumentet>45.230000000</Kurs_som_använts_vid_värdering_av_instrumentet>
        <Valutakurs_instrument>10.419500000</Valutakurs_instrument>
        <Marknadsvärde_instrument>133406825.85</Marknadsvärde_instrument>
        <Andel_av_fondförmögenhet_instrument>0.73</Andel_av_fondförmögenhet_instrument>
        <Bransch>
          <Branschkod_instrument>40</Branschkod_instrument>
          <Bransch_namn_instrument />
        </Bransch>
      </FinansielltInstrument>
      <FinansielltInstrument>
        <Tillgångsslag_enligt_LVF_5_kap>ÖverlåtbartVärdepapper</Tillgångsslag_enligt_LVF_5_kap>
        <Instrumentnamn>CF Industries Holdings</Instrumentnamn>
        <ISIN-kod_instrument>US1252691001</ISIN-kod_instrument>
        <Landkod_Emittent>US</Landkod_Emittent>
        <Valuta>USD</Valuta>
        <Antal>75212.000000000</Antal>
        <Nominellt_belopp />
        <Kurs_som_använts_vid_värdering_av_instrumentet>85.200000000</Kurs_som_använts_vid_värdering_av_instrumentet>
        <Valutakurs_instrument>10.419500000</Valutakurs_instrument>
        <Marknadsvärde_instrument>66768806.18</Marknadsvärde_instrument>
        <Andel_av_fondförmögenhet_instrument>0.37</Andel_av_fondförmögenhet_instrument>
        <Bransch>
          <Branschkod_instrument>15</Branschkod_instrument>
          <Bransch_namn_instrument />
        </Bransch>
      </FinansielltInstrument>
      <FinansielltInstrument>
        <Tillgångsslag_enligt_LVF_5_kap>ÖverlåtbartVärdepapper</Tillgångsslag_enligt_LVF_5_kap>
        <Instrumentnamn>Canadian National Railway</Instrumentnamn>
        <ISIN-kod_instrument>CA1363751027</ISIN-kod_instrument>
        <Landkod_Emittent>CA</Landkod_Emittent>
        <Valuta>CAD</Valuta>
        <Antal>180980.000000000</Antal>
        <Nominellt_belopp />
        <Kurs_som_använts_vid_värdering_av_instrumentet>160.840000000</Kurs_som_använts_vid_värdering_av_instrumentet>
        <Valutakurs_instrument>7.689951660</Valutakurs_instrument>
        <Marknadsvärde_instrument>223845443.29</Marknadsvärde_instrument>
        <Andel_av_fondförmögenhet_instrument>1.23</Andel_av_fondförmögenhet_instrument>
        <Bransch>
          <Branschkod_instrument>20</Branschkod_instrument>
          <Bransch_namn_instrument />
        </Bransch>
      </FinansielltInstrument>
      <FinansielltInstrument>
        <Tillgångsslag_enligt_LVF_5_kap>ÖverlåtbartVärdepapper</Tillgångsslag_enligt_LVF_5_kap>
        <Instrumentnamn>Capital One Financial Corp</Instrumentnamn>
        <ISIN-kod_instrument>US14040H1059</ISIN-kod_instrument>
        <Landkod_Emittent>US</Landkod_Emittent>
        <Valuta>USD</Valuta>
        <Antal>223152.000000000</Antal>
        <Nominellt_belopp />
        <Kurs_som_använts_vid_värdering_av_instrumentet>92.960000000</Kurs_som_använts_vid_värdering_av_instrumentet>
        <Valutakurs_instrument>10.419500000</Valutakurs_instrument>
        <Marknadsvärde_instrument>216144295.26</Marknadsvärde_instrument>
        <Andel_av_fondförmögenhet_instrument>1.19</Andel_av_fondförmögenhet_instrument>
        <Bransch>
          <Branschkod_instrument>40</Branschkod_instrument>
          <Bransch_namn_instrument />
        </Bransch>
      </FinansielltInstrument>
      <FinansielltInstrument>
        <Tillgångsslag_enligt_LVF_5_kap>ÖverlåtbartVärdepapper</Tillgångsslag_enligt_LVF_5_kap>
        <Instrumentnamn>Costco Wholesale Co</Instrumentnamn>
        <ISIN-kod_instrument>US22160K1051</ISIN-kod_instrument>
        <Landkod_Emittent>US</Landkod_Emittent>
        <Valuta>USD</Valuta>
        <Antal>61542.000000000</Antal>
        <Nominellt_belopp />
        <Kurs_som_använts_vid_värdering_av_instrumentet>456.500000000</Kurs_som_använts_vid_värdering_av_instrumentet>
        <Valutakurs_instrument>10.419500000</Valutakurs_instrument>
        <Marknadsvärde_instrument>292724630.70</Marknadsvärde_instrument>
        <Andel_av_fondförmögenhet_instrument>1.61</Andel_av_fondförmögenhet_instrument>
        <Bransch>
          <Branschkod_instrument>30</Branschkod_instrument>
          <Bransch_namn_instrument />
        </Bransch>
      </FinansielltInstrument>
      <FinansielltInstrument>
        <Tillgångsslag_enligt_LVF_5_kap>ÖverlåtbartVärdepapper</Tillgångsslag_enligt_LVF_5_kap>
        <Instrumentnamn>Copart Inc</Instrumentnamn>
        <ISIN-kod_instrument>US2172041061</ISIN-kod_instrument>
        <Landkod_Emittent>US</Landkod_Emittent>
        <Valuta>USD</Valuta>
        <Antal>90170.000000000</Antal>
        <Nominellt_belopp />
        <Kurs_som_använts_vid_värdering_av_instrumentet>60.890000000</Kurs_som_använts_vid_värdering_av_instrumentet>
        <Valutakurs_instrument>10.419500000</Valutakurs_instrument>
        <Marknadsvärde_instrument>57207757.32</Marknadsvärde_instrument>
        <Andel_av_fondförmögenhet_instrument>0.31</Andel_av_fondförmögenhet_instrument>
        <Bransch>
          <Branschkod_instrument>20</Branschkod_instrument>
          <Bransch_namn_instrument />
        </Bransch>
      </FinansielltInstrument>
      <FinansielltInstrument>
        <Tillgångsslag_enligt_LVF_5_kap>ÖverlåtbartVärdepapper</Tillgångsslag_enligt_LVF_5_kap>
        <Instrumentnamn>UniCredit SpA</Instrumentnamn>
        <ISIN-kod_instrument>IT0005239360</ISIN-kod_instrument>
        <Landkod_Emittent>IT</Landkod_Emittent>
        <Valuta>EUR</Valuta>
        <Antal>963065.000000000</Antal>
        <Nominellt_belopp />
        <Kurs_som_använts_vid_värdering_av_instrumentet>13.272000000</Kurs_som_använts_vid_värdering_av_instrumentet>
        <Valutakurs_instrument>11.120211380</Valutakurs_instrument>
        <Marknadsvärde_instrument>142136303.14</Marknadsvärde_instrument>
        <Andel_av_fondförmögenhet_instrument>0.78</Andel_av_fondförmögenhet_instrument>
        <Bransch>
          <Branschkod_instrument>40</Branschkod_instrument>
          <Bransch_namn_instrument />
        </Bransch>
      </FinansielltInstrument>
      <FinansielltInstrument>
        <Tillgångsslag_enligt_LVF_5_kap>ÖverlåtbartVärdepapper</Tillgångsslag_enligt_LVF_5_kap>
        <Instrumentnamn>Salesforce.Com</Instrumentnamn>
        <ISIN-kod_instrument>US79466L3024</ISIN-kod_instrument>
        <Landkod_Emittent>US</Landkod_Emittent>
        <Valuta>USD</Valuta>
        <Antal>51393.000000000</Antal>
        <Nominellt_belopp />
        <Kurs_som_använts_vid_värdering_av_instrumentet>132.590000000</Kurs_som_använts_vid_värdering_av_instrumentet>
        <Valutakurs_instrument>10.419500000</Valutakurs_instrument>
        <Marknadsvärde_instrument>71000534.71</Marknadsvärde_instrument>
        <Andel_av_fondförmögenhet_instrument>0.39</Andel_av_fondförmögenhet_instrument>
        <Bransch>
          <Branschkod_instrument>45</Branschkod_instrument>
          <Bransch_namn_instrument />
        </Bransch>
      </FinansielltInstrument>
      <FinansielltInstrument>
        <Tillgångsslag_enligt_LVF_5_kap>ÖverlåtbartVärdepapper</Tillgångsslag_enligt_LVF_5_kap>
        <Instrumentnamn>Crowdstrike Holdings Inc</Instrumentnamn>
        <ISIN-kod_instrument>US22788C1053</ISIN-kod_instrument>
        <Landkod_Emittent>US</Landkod_Emittent>
        <Valuta>USD</Valuta>
        <Antal>61224.000000000</Antal>
        <Nominellt_belopp />
        <Kurs_som_använts_vid_värdering_av_instrumentet>105.290000000</Kurs_som_använts_vid_värdering_av_instrumentet>
        <Valutakurs_instrument>10.419500000</Valutakurs_instrument>
        <Marknadsvärde_instrument>67166961.95</Marknadsvärde_instrument>
        <Andel_av_fondförmögenhet_instrument>0.37</Andel_av_fondförmögenhet_instrument>
        <Bransch>
          <Branschkod_instrument>45</Branschkod_instrument>
          <Bransch_namn_instrument />
        </Bransch>
      </FinansielltInstrument>
      <FinansielltInstrument>
        <Tillgångsslag_enligt_LVF_5_kap>ÖverlåtbartVärdepapper</Tillgångsslag_enligt_LVF_5_kap>
        <Instrumentnamn>CVS Corp</Instrumentnamn>
        <ISIN-kod_instrument>US1266501006</ISIN-kod_instrument>
        <Landkod_Emittent>US</Landkod_Emittent>
        <Valuta>USD</Valuta>
        <Antal>118408.000000000</Antal>
        <Nominellt_belopp />
        <Kurs_som_använts_vid_värdering_av_instrumentet>93.190000000</Kurs_som_använts_vid_värdering_av_instrumentet>
        <Valutakurs_instrument>10.419500000</Valutakurs_instrument>
        <Marknadsvärde_instrument>114973363.42</Marknadsvärde_instrument>
        <Andel_av_fondförmögenhet_instrument>0.63</Andel_av_fondförmögenhet_instrument>
        <Bransch>
          <Branschkod_instrument>35</Branschkod_instrument>
          <Bransch_namn_instrument />
        </Bransch>
      </FinansielltInstrument>
      <FinansielltInstrument>
        <Tillgångsslag_enligt_LVF_5_kap>ÖverlåtbartVärdepapper</Tillgångsslag_enligt_LVF_5_kap>
        <Instrumentnamn>Delta Air Lines</Instrumentnamn>
        <ISIN-kod_instrument>US2473617023</ISIN-kod_instrument>
        <Landkod_Emittent>US</Landkod_Emittent>
        <Valuta>USD</Valuta>
        <Antal>374473.000000000</Antal>
        <Nominellt_belopp />
        <Kurs_som_använts_vid_värdering_av_instrumentet>32.860000000</Kurs_som_använts_vid_värdering_av_instrumentet>
        <Valutakurs_instrument>10.419500000</Valutakurs_instrument>
        <Marknadsvärde_instrument>128213851.98</Marknadsvärde_instrument>
        <Andel_av_fondförmögenhet_instrument>0.71</Andel_av_fondförmögenhet_instrument>
        <Bransch>
          <Branschkod_instrument>20</Branschkod_instrument>
          <Bransch_namn_instrument />
        </Bransch>
      </FinansielltInstrument>
      <FinansielltInstrument>
        <Tillgångsslag_enligt_LVF_5_kap>ÖverlåtbartVärdepapper</Tillgångsslag_enligt_LVF_5_kap>
        <Instrumentnamn>Vinci</Instrumentnamn>
        <ISIN-kod_instrument>FR0000125486</ISIN-kod_instrument>
        <Landkod_Emittent>FR</Landkod_Emittent>
        <Valuta>EUR</Valuta>
        <Antal>79150.000000000</Antal>
        <Nominellt_belopp />
        <Kurs_som_använts_vid_värdering_av_instrumentet>93.290000000</Kurs_som_använts_vid_värdering_av_instrumentet>
        <Valutakurs_instrument>11.120211380</Valutakurs_instrument>
        <Marknadsvärde_instrument>82110567.73</Marknadsvärde_instrument>
        <Andel_av_fondförmögenhet_instrument>0.45</Andel_av_fondförmögenhet_instrument>
        <Bransch>
          <Branschkod_instrument>20</Branschkod_instrument>
          <Bransch_namn_instrument />
        </Bransch>
      </FinansielltInstrument>
      <FinansielltInstrument>
        <Tillgångsslag_enligt_LVF_5_kap>ÖverlåtbartVärdepapper</Tillgångsslag_enligt_LVF_5_kap>
        <Instrumentnamn>Walt Disney Co</Instrumentnamn>
        <ISIN-kod_instrument>US2546871060</ISIN-kod_instrument>
        <Landkod_Emittent>US</Landkod_Emittent>
        <Valuta>USD</Valuta>
        <Antal>409080.000000000</Antal>
        <Nominellt_belopp />
        <Kurs_som_använts_vid_värdering_av_instrumentet>86.880000000</Kurs_som_använts_vid_värdering_av_instrumentet>
        <Valutakurs_instrument>10.419500000</Valutakurs_instrument>
        <Marknadsvärde_instrument>370318099.13</Marknadsvärde_instrument>
        <Andel_av_fondförmögenhet_instrument>2.04</Andel_av_fondförmögenhet_instrument>
        <Bransch>
          <Branschkod_instrument>50</Branschkod_instrument>
          <Bransch_namn_instrument />
        </Bransch>
      </FinansielltInstrument>
      <FinansielltInstrument>
        <Tillgångsslag_enligt_LVF_5_kap>ÖverlåtbartVärdepapper</Tillgångsslag_enligt_LVF_5_kap>
        <Instrumentnamn>Dollar Tree</Instrumentnamn>
        <ISIN-kod_instrument>US2567461080</ISIN-kod_instrument>
        <Landkod_Emittent>US</Landkod_Emittent>
        <Valuta>USD</Valuta>
        <Antal>133653.000000000</Antal>
        <Nominellt_belopp />
        <Kurs_som_använts_vid_värdering_av_instrumentet>141.440000000</Kurs_som_använts_vid_värdering_av_instrumentet>
        <Valutakurs_instrument>10.419500000</Valutakurs_instrument>
        <Marknadsvärde_instrument>196968980.99</Marknadsvärde_instrument>
        <Andel_av_fondförmögenhet_instrument>1.08</Andel_av_fondförmögenhet_instrument>
        <Bransch>
          <Branschkod_instrument>25</Branschkod_instrument>
          <Bransch_namn_instrument />
        </Bransch>
      </FinansielltInstrument>
      <FinansielltInstrument>
        <Tillgångsslag_enligt_LVF_5_kap>ÖverlåtbartVärdepapper</Tillgångsslag_enligt_LVF_5_kap>
        <Instrumentnamn>Fast Retailing</Instrumentnamn>
        <ISIN-kod_instrument>JP3802300008</ISIN-kod_instrument>
        <Landkod_Emittent>JP</Landkod_Emittent>
        <Valuta>JPY</Valuta>
        <Antal>12600.000000000</Antal>
        <Nominellt_belopp />
        <Kurs_som_använts_vid_värdering_av_instrumentet>80530.000000000</Kurs_som_använts_vid_värdering_av_instrumentet>
        <Valutakurs_instrument>0.078968510</Valutakurs_instrument>
        <Marknadsvärde_instrument>80127609.79</Marknadsvärde_instrument>
        <Andel_av_fondförmögenhet_instrument>0.44</Andel_av_fondförmögenhet_instrument>
        <Bransch>
          <Branschkod_instrument>25</Branschkod_instrument>
          <Bransch_namn_instrument />
        </Bransch>
      </FinansielltInstrument>
      <FinansielltInstrument>
        <Tillgångsslag_enligt_LVF_5_kap>ÖverlåtbartVärdepapper</Tillgångsslag_enligt_LVF_5_kap>
        <Instrumentnamn>Fortune Brands Home &amp; Securities</Instrumentnamn>
        <ISIN-kod_instrument>US34964C1062</ISIN-kod_instrument>
        <Landkod_Emittent>US</Landkod_Emittent>
        <Valuta>USD</Valuta>
        <Antal>172737.000000000</Antal>
        <Nominellt_belopp />
        <Kurs_som_använts_vid_värdering_av_instrumentet>57.110000000</Kurs_som_använts_vid_värdering_av_instrumentet>
        <Valutakurs_instrument>10.419500000</Valutakurs_instrument>
        <Marknadsvärde_instrument>102788472.42</Marknadsvärde_instrument>
        <Andel_av_fondförmögenhet_instrument>0.57</Andel_av_fondförmögenhet_instrument>
        <Bransch>
          <Branschkod_instrument>20</Branschkod_instrument>
          <Bransch_namn_instrument />
        </Bransch>
      </FinansielltInstrument>
      <FinansielltInstrument>
        <Tillgångsslag_enligt_LVF_5_kap>ÖverlåtbartVärdepapper</Tillgångsslag_enligt_LVF_5_kap>
        <Instrumentnamn>Fedex Corp</Instrumentnamn>
        <ISIN-kod_instrument>US31428X1063</ISIN-kod_instrument>
        <Landkod_Emittent>US</Landkod_Emittent>
        <Valuta>USD</Valuta>
        <Antal>62024.000000000</Antal>
        <Nominellt_belopp />
        <Kurs_som_använts_vid_värdering_av_instrumentet>173.200000000</Kurs_som_använts_vid_värdering_av_instrumentet>
        <Valutakurs_instrument>10.419500000</Valutakurs_instrument>
        <Marknadsvärde_instrument>111932070.58</Marknadsvärde_instrument>
        <Andel_av_fondförmögenhet_instrument>0.62</Andel_av_fondförmögenhet_instrument>
        <Bransch>
          <Branschkod_instrument>20</Branschkod_instrument>
          <Bransch_namn_instrument />
        </Bransch>
      </FinansielltInstrument>
      <FinansielltInstrument>
        <Tillgångsslag_enligt_LVF_5_kap>ÖverlåtbartVärdepapper</Tillgångsslag_enligt_LVF_5_kap>
        <Instrumentnamn>Fuji Film Holdings Corp</Instrumentnamn>
        <ISIN-kod_instrument>JP3814000000</ISIN-kod_instrument>
        <Landkod_Emittent>JP</Landkod_Emittent>
        <Valuta>JPY</Valuta>
        <Antal>118000.000000000</Antal>
        <Nominellt_belopp />
        <Kurs_som_använts_vid_värdering_av_instrumentet>6625.000000000</Kurs_som_använts_vid_värdering_av_instrumentet>
        <Valutakurs_instrument>0.078968510</Valutakurs_instrument>
        <Marknadsvärde_instrument>61733632.69</Marknadsvärde_instrument>
        <Andel_av_fondförmögenhet_instrument>0.34</Andel_av_fondförmögenhet_instrument>
        <Bransch>
          <Branschkod_instrument>45</Branschkod_instrument>
          <Bransch_namn_instrument />
        </Bransch>
      </FinansielltInstrument>
      <FinansielltInstrument>
        <Tillgångsslag_enligt_LVF_5_kap>ÖverlåtbartVärdepapper</Tillgångsslag_enligt_LVF_5_kap>
        <Instrumentnamn>General Mills Inc</Instrumentnamn>
        <ISIN-kod_instrument>US3703341046</ISIN-kod_instrument>
        <Landkod_Emittent>US</Landkod_Emittent>
        <Valuta>USD</Valuta>
        <Antal>262371.000000000</Antal>
        <Nominellt_belopp />
        <Kurs_som_använts_vid_värdering_av_instrumentet>83.850000000</Kurs_som_använts_vid_värdering_av_instrumentet>
        <Valutakurs_instrument>10.419500000</Valutakurs_instrument>
        <Marknadsvärde_instrument>229227003.10</Marknadsvärde_instrument>
        <Andel_av_fondförmögenhet_instrument>1.26</Andel_av_fondförmögenhet_instrument>
        <Bransch>
          <Branschkod_instrument>30</Branschkod_instrument>
          <Bransch_namn_instrument />
        </Bransch>
      </FinansielltInstrument>
      <FinansielltInstrument>
        <Tillgångsslag_enligt_LVF_5_kap>ÖverlåtbartVärdepapper</Tillgångsslag_enligt_LVF_5_kap>
        <Instrumentnamn>Goodman Group</Instrumentnamn>
        <ISIN-kod_instrument>AU000000GMG2</ISIN-kod_instrument>
        <Landkod_Emittent>AU</Landkod_Emittent>
        <Valuta>AUD</Valuta>
        <Antal>643654.000000000</Antal>
        <Nominellt_belopp />
        <Kurs_som_använts_vid_värdering_av_instrumentet>17.360000000</Kurs_som_använts_vid_värdering_av_instrumentet>
        <Valutakurs_instrument>7.065983930</Valutakurs_instrument>
        <Marknadsvärde_instrument>78954127.52</Marknadsvärde_instrument>
        <Andel_av_fondförmögenhet_instrument>0.43</Andel_av_fondförmögenhet_instrument>
        <Bransch>
          <Branschkod_instrument>60</Branschkod_instrument>
          <Bransch_namn_instrument />
        </Bransch>
      </FinansielltInstrument>
      <FinansielltInstrument>
        <Tillgångsslag_enligt_LVF_5_kap>ÖverlåtbartVärdepapper</Tillgångsslag_enligt_LVF_5_kap>
        <Instrumentnamn>Alphabet Inc-A</Instrumentnamn>
        <ISIN-kod_instrument>US02079K3059</ISIN-kod_instrument>
        <Landkod_Emittent>US</Landkod_Emittent>
        <Valuta>USD</Valuta>
        <Antal>401647.000000000</Antal>
        <Nominellt_belopp />
        <Kurs_som_använts_vid_värdering_av_instrumentet>88.230000000</Kurs_som_använts_vid_värdering_av_instrumentet>
        <Valutakurs_instrument>10.419500000</Valutakurs_instrument>
        <Marknadsvärde_instrument>369239101.66</Marknadsvärde_instrument>
        <Andel_av_fondförmögenhet_instrument>2.03</Andel_av_fondförmögenhet_instrument>
        <Bransch>
          <Branschkod_instrument>50</Branschkod_instrument>
          <Bransch_namn_instrument />
        </Bransch>
      </FinansielltInstrument>
      <FinansielltInstrument>
        <Tillgångsslag_enligt_LVF_5_kap>ÖverlåtbartVärdepapper</Tillgångsslag_enligt_LVF_5_kap>
        <Instrumentnamn>Hong Kong Exchanges and Clearing Ltd</Instrumentnamn>
        <ISIN-kod_instrument>HK0388045442</ISIN-kod_instrument>
        <Landkod_Emittent>HK</Landkod_Emittent>
        <Valuta>HKD</Valuta>
        <Antal>95500.000000000</Antal>
        <Nominellt_belopp />
        <Kurs_som_använts_vid_värdering_av_instrumentet>337.200000000</Kurs_som_använts_vid_värdering_av_instrumentet>
        <Valutakurs_instrument>1.334986130</Valutakurs_instrument>
        <Marknadsvärde_instrument>42990024.35</Marknadsvärde_instrument>
        <Andel_av_fondförmögenhet_instrument>0.24</Andel_av_fondförmögenhet_instrument>
        <Bransch>
          <Branschkod_instrument>40</Branschkod_instrument>
          <Bransch_namn_instrument />
        </Bransch>
      </FinansielltInstrument>
      <FinansielltInstrument>
        <Tillgångsslag_enligt_LVF_5_kap>ÖverlåtbartVärdepapper</Tillgångsslag_enligt_LVF_5_kap>
        <Instrumentnamn>Humana Inc</Instrumentnamn>
        <ISIN-kod_instrument>US4448591028</ISIN-kod_instrument>
        <Landkod_Emittent>US</Landkod_Emittent>
        <Valuta>USD</Valuta>
        <Antal>34842.000000000</Antal>
        <Nominellt_belopp />
        <Kurs_som_använts_vid_värdering_av_instrumentet>512.190000000</Kurs_som_använts_vid_värdering_av_instrumentet>
        <Valutakurs_instrument>10.419500000</Valutakurs_instrument>
        <Marknadsvärde_instrument>185943521.01</Marknadsvärde_instrument>
        <Andel_av_fondförmögenhet_instrument>1.02</Andel_av_fondförmögenhet_instrument>
        <Bransch>
          <Branschkod_instrument>35</Branschkod_instrument>
          <Bransch_namn_instrument />
        </Bransch>
      </FinansielltInstrument>
      <FinansielltInstrument>
        <Tillgångsslag_enligt_LVF_5_kap>ÖverlåtbartVärdepapper</Tillgångsslag_enligt_LVF_5_kap>
        <Instrumentnamn>Husqvarna, B</Instrumentnamn>
        <ISIN-kod_instrument>SE0001662230</ISIN-kod_instrument>
        <Landkod_Emittent>SE</Landkod_Emittent>
        <Valuta>SEK</Valuta>
        <Antal>705365.000000000</Antal>
        <Nominellt_belopp />
        <Kurs_som_använts_vid_värdering_av_instrumentet>73.120000000</Kurs_som_använts_vid_värdering_av_instrumentet>
        <Valutakurs_instrument>1.000000000</Valutakurs_instrument>
        <Marknadsvärde_instrument>51576288.80</Marknadsvärde_instrument>
        <Andel_av_fondförmögenhet_instrument>0.28</Andel_av_fondförmögenhet_instrument>
        <Bransch>
          <Branschkod_instrument>20</Branschkod_instrument>
          <Bransch_namn_instrument />
        </Bransch>
      </FinansielltInstrument>
      <FinansielltInstrument>
        <Tillgångsslag_enligt_LVF_5_kap>ÖverlåtbartVärdepapper</Tillgångsslag_enligt_LVF_5_kap>
        <Instrumentnamn>Iberdrola</Instrumentnamn>
        <ISIN-kod_instrument>ES0144580Y14</ISIN-kod_instrument>
        <Landkod_Emittent>ES</Landkod_Emittent>
        <Valuta>EUR</Valuta>
        <Antal>851653.000000000</Antal>
        <Nominellt_belopp />
        <Kurs_som_använts_vid_värdering_av_instrumentet>10.930000000</Kurs_som_använts_vid_värdering_av_instrumentet>
        <Valutakurs_instrument>11.120211380</Valutakurs_instrument>
        <Marknadsvärde_instrument>103513235.91</Marknadsvärde_instrument>
        <Andel_av_fondförmögenhet_instrument>0.57</Andel_av_fondförmögenhet_instrument>
        <Bransch>
          <Branschkod_instrument>55</Branschkod_instrument>
          <Bransch_namn_instrument />
        </Bransch>
      </FinansielltInstrument>
      <FinansielltInstrument>
        <Tillgångsslag_enligt_LVF_5_kap>ÖverlåtbartVärdepapper</Tillgångsslag_enligt_LVF_5_kap>
        <Instrumentnamn>IBM Corp</Instrumentnamn>
        <ISIN-kod_instrument>US4592001014</ISIN-kod_instrument>
        <Landkod_Emittent>US</Landkod_Emittent>
        <Valuta>USD</Valuta>
        <Antal>138540.000000000</Antal>
        <Nominellt_belopp />
        <Kurs_som_använts_vid_värdering_av_instrumentet>140.890000000</Kurs_som_använts_vid_värdering_av_instrumentet>
        <Valutakurs_instrument>10.419500000</Valutakurs_instrument>
        <Marknadsvärde_instrument>203377184.80</Marknadsvärde_instrument>
        <Andel_av_fondförmögenhet_instrument>1.12</Andel_av_fondförmögenhet_instrument>
        <Bransch>
          <Branschkod_instrument>45</Branschkod_instrument>
          <Bransch_namn_instrument />
        </Bransch>
      </FinansielltInstrument>
      <FinansielltInstrument>
        <Tillgångsslag_enligt_LVF_5_kap>ÖverlåtbartVärdepapper</Tillgångsslag_enligt_LVF_5_kap>
        <Instrumentnamn>Trane Technologies plc</Instrumentnamn>
        <ISIN-kod_instrument>IE00BK9ZQ967</ISIN-kod_instrument>
        <Landkod_Emittent>IE</Landkod_Emittent>
        <Valuta>USD</Valuta>
        <Antal>225514.000000000</Antal>
        <Nominellt_belopp />
        <Kurs_som_använts_vid_värdering_av_instrumentet>168.090000000</Kurs_som_använts_vid_värdering_av_instrumentet>
        <Valutakurs_instrument>10.419500000</Valutakurs_instrument>
        <Marknadsvärde_instrument>394968321.55</Marknadsvärde_instrument>
        <Andel_av_fondförmögenhet_instrument>2.17</Andel_av_fondförmögenhet_instrument>
        <Bransch>
          <Branschkod_instrument>20</Branschkod_instrument>
          <Bransch_namn_instrument />
        </Bransch>
      </FinansielltInstrument>
      <FinansielltInstrument>
        <Tillgångsslag_enligt_LVF_5_kap>ÖverlåtbartVärdepapper</Tillgångsslag_enligt_LVF_5_kap>
        <Instrumentnamn>Ingersoll Rand Inc</Instrumentnamn>
        <ISIN-kod_instrument>US45687V1061</ISIN-kod_instrument>
        <Landkod_Emittent>US</Landkod_Emittent>
        <Valuta>USD</Valuta>
        <Antal>219994.000000000</Antal>
        <Nominellt_belopp />
        <Kurs_som_använts_vid_värdering_av_instrumentet>52.250000000</Kurs_som_använts_vid_värdering_av_instrumentet>
        <Valutakurs_instrument>10.419500000</Valutakurs_instrument>
        <Marknadsvärde_instrument>119768885.99</Marknadsvärde_instrument>
        <Andel_av_fondförmögenhet_instrument>0.66</Andel_av_fondförmögenhet_instrument>
        <Bransch>
          <Branschkod_instrument>20</Branschkod_instrument>
          <Bransch_namn_instrument />
        </Bransch>
      </FinansielltInstrument>
      <FinansielltInstrument>
        <Tillgångsslag_enligt_LVF_5_kap>ÖverlåtbartVärdepapper</Tillgångsslag_enligt_LVF_5_kap>
        <Instrumentnamn>Kao Corp</Instrumentnamn>
        <ISIN-kod_instrument>JP3205800000</ISIN-kod_instrument>
        <Landkod_Emittent>JP</Landkod_Emittent>
        <Valuta>JPY</Valuta>
        <Antal>276100.000000000</Antal>
        <Nominellt_belopp />
        <Kurs_som_använts_vid_värdering_av_instrumentet>5255.000000000</Kurs_som_använts_vid_värdering_av_instrumentet>
        <Valutakurs_instrument>0.078968510</Valutakurs_instrument>
        <Marknadsvärde_instrument>114575845.49</Marknadsvärde_instrument>
        <Andel_av_fondförmögenhet_instrument>0.63</Andel_av_fondförmögenhet_instrument>
        <Bransch>
          <Branschkod_instrument>30</Branschkod_instrument>
          <Bransch_namn_instrument />
        </Bransch>
      </FinansielltInstrument>
      <FinansielltInstrument>
        <Tillgångsslag_enligt_LVF_5_kap>ÖverlåtbartVärdepapper</Tillgångsslag_enligt_LVF_5_kap>
        <Instrumentnamn>Kimberly Clark</Instrumentnamn>
        <ISIN-kod_instrument>US4943681035</ISIN-kod_instrument>
        <Landkod_Emittent>US</Landkod_Emittent>
        <Valuta>USD</Valuta>
        <Antal>69299.000000000</Antal>
        <Nominellt_belopp />
        <Kurs_som_använts_vid_värdering_av_instrumentet>135.750000000</Kurs_som_använts_vid_värdering_av_instrumentet>
        <Valutakurs_instrument>10.419500000</Valutakurs_instrument>
        <Marknadsvärde_instrument>98019771.32</Marknadsvärde_instrument>
        <Andel_av_fondförmögenhet_instrument>0.54</Andel_av_fondförmögenhet_instrument>
        <Bransch>
          <Branschkod_instrument>30</Branschkod_instrument>
          <Bransch_namn_instrument />
        </Bransch>
      </FinansielltInstrument>
      <FinansielltInstrument>
        <Tillgångsslag_enligt_LVF_5_kap>ÖverlåtbartVärdepapper</Tillgångsslag_enligt_LVF_5_kap>
        <Instrumentnamn>Kurita Water</Instrumentnamn>
        <ISIN-kod_instrument>JP3270000007</ISIN-kod_instrument>
        <Landkod_Emittent>JP</Landkod_Emittent>
        <Valuta>JPY</Valuta>
        <Antal>289000.000000000</Antal>
        <Nominellt_belopp />
        <Kurs_som_använts_vid_värdering_av_instrumentet>5460.000000000</Kurs_som_använts_vid_värdering_av_instrumentet>
        <Valutakurs_instrument>0.078968510</Valutakurs_instrument>
        <Marknadsvärde_instrument>124607570.67</Marknadsvärde_instrument>
        <Andel_av_fondförmögenhet_instrument>0.69</Andel_av_fondförmögenhet_instrument>
        <Bransch>
          <Branschkod_instrument>20</Branschkod_instrument>
          <Bransch_namn_instrument />
        </Bransch>
      </FinansielltInstrument>
      <FinansielltInstrument>
        <Tillgångsslag_enligt_LVF_5_kap>ÖverlåtbartVärdepapper</Tillgångsslag_enligt_LVF_5_kap>
        <Instrumentnamn>Legrand Sa</Instrumentnamn>
        <ISIN-kod_instrument>FR0010307819</ISIN-kod_instrument>
        <Landkod_Emittent>FR</Landkod_Emittent>
        <Valuta>EUR</Valuta>
        <Antal>196509.000000000</Antal>
        <Nominellt_belopp />
        <Kurs_som_använts_vid_värdering_av_instrumentet>74.820000000</Kurs_som_använts_vid_värdering_av_instrumentet>
        <Valutakurs_instrument>11.120211380</Valutakurs_instrument>
        <Marknadsvärde_instrument>163498281.46</Marknadsvärde_instrument>
        <Andel_av_fondförmögenhet_instrument>0.90</Andel_av_fondförmögenhet_instrument>
        <Bransch>
          <Branschkod_instrument>20</Branschkod_instrument>
          <Bransch_namn_instrument />
        </Bransch>
      </FinansielltInstrument>
      <FinansielltInstrument>
        <Tillgångsslag_enligt_LVF_5_kap>ÖverlåtbartVärdepapper</Tillgångsslag_enligt_LVF_5_kap>
        <Instrumentnamn>Signify NV</Instrumentnamn>
        <ISIN-kod_instrument>NL0011821392</ISIN-kod_instrument>
        <Landkod_Emittent>NL</Landkod_Emittent>
        <Valuta>EUR</Valuta>
        <Antal>220979.000000000</Antal>
        <Nominellt_belopp />
        <Kurs_som_använts_vid_värdering_av_instrumentet>31.380000000</Kurs_som_använts_vid_värdering_av_instrumentet>
        <Valutakurs_instrument>11.120211380</Valutakurs_instrument>
        <Marknadsvärde_instrument>77111115.52</Marknadsvärde_instrument>
        <Andel_av_fondförmögenhet_instrument>0.42</Andel_av_fondförmögenhet_instrument>
        <Bransch>
          <Branschkod_instrument>20</Branschkod_instrument>
          <Bransch_namn_instrument />
        </Bransch>
      </FinansielltInstrument>
      <FinansielltInstrument>
        <Tillgångsslag_enligt_LVF_5_kap>ÖverlåtbartVärdepapper</Tillgångsslag_enligt_LVF_5_kap>
        <Instrumentnamn>Lonza Group AG-Reg</Instrumentnamn>
        <ISIN-kod_instrument>CH0013841017</ISIN-kod_instrument>
        <Landkod_Emittent>CH</Landkod_Emittent>
        <Valuta>CHF</Valuta>
        <Antal>29347.000000000</Antal>
        <Nominellt_belopp />
        <Kurs_som_använts_vid_värdering_av_instrumentet>453.100000000</Kurs_som_använts_vid_värdering_av_instrumentet>
        <Valutakurs_instrument>11.261889320</Valutakurs_instrument>
        <Marknadsvärde_instrument>149750757.91</Marknadsvärde_instrument>
        <Andel_av_fondförmögenhet_instrument>0.82</Andel_av_fondförmögenhet_instrument>
        <Bransch>
          <Branschkod_instrument>35</Branschkod_instrument>
          <Bransch_namn_instrument />
        </Bransch>
      </FinansielltInstrument>
      <FinansielltInstrument>
        <Tillgångsslag_enligt_LVF_5_kap>ÖverlåtbartVärdepapper</Tillgångsslag_enligt_LVF_5_kap>
        <Instrumentnamn>LAM Research</Instrumentnamn>
        <ISIN-kod_instrument>US5128071082</ISIN-kod_instrument>
        <Landkod_Emittent>US</Landkod_Emittent>
        <Valuta>USD</Valuta>
        <Antal>30933.000000000</Antal>
        <Nominellt_belopp />
        <Kurs_som_använts_vid_värdering_av_instrumentet>420.300000000</Kurs_som_använts_vid_värdering_av_instrumentet>
        <Valutakurs_instrument>10.419500000</Valutakurs_instrument>
        <Marknadsvärde_instrument>135465377.19</Marknadsvärde_instrument>
        <Andel_av_fondförmögenhet_instrument>0.74</Andel_av_fondförmögenhet_instrument>
        <Bransch>
          <Branschkod_instrument>45</Branschkod_instrument>
          <Bransch_namn_instrument />
        </Bransch>
      </FinansielltInstrument>
      <FinansielltInstrument>
        <Tillgångsslag_enligt_LVF_5_kap>ÖverlåtbartVärdepapper</Tillgångsslag_enligt_LVF_5_kap>
        <Instrumentnamn>Masterbrand Inc</Instrumentnamn>
        <ISIN-kod_instrument>US57638P1049</ISIN-kod_instrument>
        <Landkod_Emittent>US</Landkod_Emittent>
        <Valuta>USD</Valuta>
        <Antal>172737.000000000</Antal>
        <Nominellt_belopp />
        <Kurs_som_använts_vid_värdering_av_instrumentet>7.550000000</Kurs_som_använts_vid_värdering_av_instrumentet>
        <Valutakurs_instrument>10.419500000</Valutakurs_instrument>
        <Marknadsvärde_instrument>13588740.44</Marknadsvärde_instrument>
        <Andel_av_fondförmögenhet_instrument>0.07</Andel_av_fondförmögenhet_instrument>
        <Bransch>
          <Branschkod_instrument>20</Branschkod_instrument>
          <Bransch_namn_instrument />
        </Bransch>
      </FinansielltInstrument>
      <FinansielltInstrument>
        <Tillgångsslag_enligt_LVF_5_kap>ÖverlåtbartVärdepapper</Tillgångsslag_enligt_LVF_5_kap>
        <Instrumentnamn>Metlife Inc</Instrumentnamn>
        <ISIN-kod_instrument>US59156R1086</ISIN-kod_instrument>
        <Landkod_Emittent>US</Landkod_Emittent>
        <Valuta>USD</Valuta>
        <Antal>186829.000000000</Antal>
        <Nominellt_belopp />
        <Kurs_som_använts_vid_värdering_av_instrumentet>72.370000000</Kurs_som_använts_vid_värdering_av_instrumentet>
        <Valutakurs_instrument>10.419500000</Valutakurs_instrument>
        <Marknadsvärde_instrument>140880129.08</Marknadsvärde_instrument>
        <Andel_av_fondförmögenhet_instrument>0.77</Andel_av_fondförmögenhet_instrument>
        <Bransch>
          <Branschkod_instrument>40</Branschkod_instrument>
          <Bransch_namn_instrument />
        </Bransch>
      </FinansielltInstrument>
      <FinansielltInstrument>
        <Tillgångsslag_enligt_LVF_5_kap>ÖverlåtbartVärdepapper</Tillgångsslag_enligt_LVF_5_kap>
        <Instrumentnamn>Mitsubishi Chemical Holding</Instrumentnamn>
        <ISIN-kod_instrument>JP3897700005</ISIN-kod_instrument>
        <Landkod_Emittent>JP</Landkod_Emittent>
        <Valuta>JPY</Valuta>
        <Antal>1299900.000000000</Antal>
        <Nominellt_belopp />
        <Kurs_som_använts_vid_värdering_av_instrumentet>684.700000000</Kurs_som_använts_vid_värdering_av_instrumentet>
        <Valutakurs_instrument>0.078968510</Valutakurs_instrument>
        <Marknadsvärde_instrument>70285253.46</Marknadsvärde_instrument>
        <Andel_av_fondförmögenhet_instrument>0.39</Andel_av_fondförmögenhet_instrument>
        <Bransch>
          <Branschkod_instrument>15</Branschkod_instrument>
          <Bransch_namn_instrument />
        </Bransch>
      </FinansielltInstrument>
      <FinansielltInstrument>
        <Tillgångsslag_enligt_LVF_5_kap>ÖverlåtbartVärdepapper</Tillgångsslag_enligt_LVF_5_kap>
        <Instrumentnamn>M&amp;G PLC</Instrumentnamn>
        <ISIN-kod_instrument>GB00BKFB1C65</ISIN-kod_instrument>
        <Landkod_Emittent>GB</Landkod_Emittent>
        <Valuta>GBP</Valuta>
        <Antal>2940611.000000000</Antal>
        <Nominellt_belopp />
        <Kurs_som_använts_vid_värdering_av_instrumentet>1.878499999</Kurs_som_använts_vid_värdering_av_instrumentet>
        <Valutakurs_instrument>12.533616550</Valutakurs_instrument>
        <Marknadsvärde_instrument>69234917.73</Marknadsvärde_instrument>
        <Andel_av_fondförmögenhet_instrument>0.38</Andel_av_fondförmögenhet_instrument>
        <Bransch>
          <Branschkod_instrument>40</Branschkod_instrument>
          <Bransch_namn_instrument />
        </Bransch>
      </FinansielltInstrument>
      <FinansielltInstrument>
        <Tillgångsslag_enligt_LVF_5_kap>ÖverlåtbartVärdepapper</Tillgångsslag_enligt_LVF_5_kap>
        <Instrumentnamn>Mosaic Co</Instrumentnamn>
        <ISIN-kod_instrument>US61945C1036</ISIN-kod_instrument>
        <Landkod_Emittent>US</Landkod_Emittent>
        <Valuta>USD</Valuta>
        <Antal>154806.000000000</Antal>
        <Nominellt_belopp />
        <Kurs_som_använts_vid_värdering_av_instrumentet>43.870000000</Kurs_som_använts_vid_värdering_av_instrumentet>
        <Valutakurs_instrument>10.419500000</Valutakurs_instrument>
        <Marknadsvärde_instrument>70762359.00</Marknadsvärde_instrument>
        <Andel_av_fondförmögenhet_instrument>0.39</Andel_av_fondförmögenhet_instrument>
        <Bransch>
          <Branschkod_instrument>15</Branschkod_instrument>
          <Bransch_namn_instrument />
        </Bransch>
      </FinansielltInstrument>
      <FinansielltInstrument>
        <Tillgångsslag_enligt_LVF_5_kap>ÖverlåtbartVärdepapper</Tillgångsslag_enligt_LVF_5_kap>
        <Instrumentnamn>MSCI Inc</Instrumentnamn>
        <ISIN-kod_instrument>US55354G1004</ISIN-kod_instrument>
        <Landkod_Emittent>US</Landkod_Emittent>
        <Valuta>USD</Valuta>
        <Antal>18877.000000000</Antal>
        <Nominellt_belopp />
        <Kurs_som_använts_vid_värdering_av_instrumentet>465.170000000</Kurs_som_använts_vid_värdering_av_instrumentet>
        <Valutakurs_instrument>10.419500000</Valutakurs_instrument>
        <Marknadsvärde_instrument>91493776.31</Marknadsvärde_instrument>
        <Andel_av_fondförmögenhet_instrument>0.50</Andel_av_fondförmögenhet_instrument>
        <Bransch>
          <Branschkod_instrument>40</Branschkod_instrument>
          <Bransch_namn_instrument />
        </Bransch>
      </FinansielltInstrument>
      <FinansielltInstrument>
        <Tillgångsslag_enligt_LVF_5_kap>ÖverlåtbartVärdepapper</Tillgångsslag_enligt_LVF_5_kap>
        <Instrumentnamn>Microsoft Corp</Instrumentnamn>
        <ISIN-kod_instrument>US5949181045</ISIN-kod_instrument>
        <Landkod_Emittent>US</Landkod_Emittent>
        <Valuta>USD</Valuta>
        <Antal>336336.000000000</Antal>
        <Nominellt_belopp />
        <Kurs_som_använts_vid_värdering_av_instrumentet>239.820000000</Kurs_som_använts_vid_värdering_av_instrumentet>
        <Valutakurs_instrument>10.419500000</Valutakurs_instrument>
        <Marknadsvärde_instrument>840437906.95</Marknadsvärde_instrument>
        <Andel_av_fondförmögenhet_instrument>4.62</Andel_av_fondförmögenhet_instrument>
        <Bransch>
          <Branschkod_instrument>45</Branschkod_instrument>
          <Bransch_namn_instrument />
        </Bransch>
      </FinansielltInstrument>
      <FinansielltInstrument>
        <Tillgångsslag_enligt_LVF_5_kap>ÖverlåtbartVärdepapper</Tillgångsslag_enligt_LVF_5_kap>
        <Instrumentnamn>M &amp; T Bank Corp</Instrumentnamn>
        <ISIN-kod_instrument>US55261F1049</ISIN-kod_instrument>
        <Landkod_Emittent>US</Landkod_Emittent>
        <Valuta>USD</Valuta>
        <Antal>99621.000000000</Antal>
        <Nominellt_belopp />
        <Kurs_som_använts_vid_värdering_av_instrumentet>145.060000000</Kurs_som_använts_vid_värdering_av_instrumentet>
        <Valutakurs_instrument>10.419500000</Valutakurs_instrument>
        <Marknadsvärde_instrument>150572426.44</Marknadsvärde_instrument>
        <Andel_av_fondförmögenhet_instrument>0.83</Andel_av_fondförmögenhet_instrument>
        <Bransch>
          <Branschkod_instrument>40</Branschkod_instrument>
          <Bransch_namn_instrument />
        </Bransch>
      </FinansielltInstrument>
      <FinansielltInstrument>
        <Tillgångsslag_enligt_LVF_5_kap>ÖverlåtbartVärdepapper</Tillgångsslag_enligt_LVF_5_kap>
        <Instrumentnamn>Nestle</Instrumentnamn>
        <ISIN-kod_instrument>CH0038863350</ISIN-kod_instrument>
        <Landkod_Emittent>CH</Landkod_Emittent>
        <Valuta>CHF</Valuta>
        <Antal>167040.000000000</Antal>
        <Nominellt_belopp />
        <Kurs_som_använts_vid_värdering_av_instrumentet>107.140000000</Kurs_som_använts_vid_värdering_av_instrumentet>
        <Valutakurs_instrument>11.261889320</Valutakurs_instrument>
        <Marknadsvärde_instrument>201550267.18</Marknadsvärde_instrument>
        <Andel_av_fondförmögenhet_instrument>1.11</Andel_av_fondförmögenhet_instrument>
        <Bransch>
          <Branschkod_instrument>30</Branschkod_instrument>
          <Bransch_namn_instrument />
        </Bransch>
      </FinansielltInstrument>
      <FinansielltInstrument>
        <Tillgångsslag_enligt_LVF_5_kap>ÖverlåtbartVärdepapper</Tillgångsslag_enligt_LVF_5_kap>
        <Instrumentnamn>Norsk Hydro</Instrumentnamn>
        <ISIN-kod_instrument>NO0005052605</ISIN-kod_instrument>
        <Landkod_Emittent>NO</Landkod_Emittent>
        <Valuta>NOK</Valuta>
        <Antal>2769665.000000000</Antal>
        <Nominellt_belopp />
        <Kurs_som_använts_vid_värdering_av_instrumentet>73.320000000</Kurs_som_använts_vid_värdering_av_instrumentet>
        <Valutakurs_instrument>1.057709880</Valutakurs_instrument>
        <Marknadsvärde_instrument>214791089.19</Marknadsvärde_instrument>
        <Andel_av_fondförmögenhet_instrument>1.18</Andel_av_fondförmögenhet_instrument>
        <Bransch>
          <Branschkod_instrument>15</Branschkod_instrument>
          <Bransch_namn_instrument />
        </Bransch>
      </FinansielltInstrument>
      <FinansielltInstrument>
        <Tillgångsslag_enligt_LVF_5_kap>ÖverlåtbartVärdepapper</Tillgångsslag_enligt_LVF_5_kap>
        <Instrumentnamn>Nitto Denko Corp</Instrumentnamn>
        <ISIN-kod_instrument>JP3684000007</ISIN-kod_instrument>
        <Landkod_Emittent>JP</Landkod_Emittent>
        <Valuta>JPY</Valuta>
        <Antal>130600.000000000</Antal>
        <Nominellt_belopp />
        <Kurs_som_använts_vid_värdering_av_instrumentet>7650.000000000</Kurs_som_använts_vid_värdering_av_instrumentet>
        <Valutakurs_instrument>0.078968510</Valutakurs_instrument>
        <Marknadsvärde_instrument>78896648.66</Marknadsvärde_instrument>
        <Andel_av_fondförmögenhet_instrument>0.43</Andel_av_fondförmögenhet_instrument>
        <Bransch>
          <Branschkod_instrument>15</Branschkod_instrument>
          <Bransch_namn_instrument />
        </Bransch>
      </FinansielltInstrument>
      <FinansielltInstrument>
        <Tillgångsslag_enligt_LVF_5_kap>ÖverlåtbartVärdepapper</Tillgångsslag_enligt_LVF_5_kap>
        <Instrumentnamn>Novo Nordisk</Instrumentnamn>
        <ISIN-kod_instrument>DK0060534915</ISIN-kod_instrument>
        <Landkod_Emittent>DK</Landkod_Emittent>
        <Valuta>DKK</Valuta>
        <Antal>279642.000000000</Antal>
        <Nominellt_belopp />
        <Kurs_som_använts_vid_värdering_av_instrumentet>938.000000000</Kurs_som_använts_vid_värdering_av_instrumentet>
        <Valutakurs_instrument>1.495368010</Valutakurs_instrument>
        <Marknadsvärde_instrument>392241303.59</Marknadsvärde_instrument>
        <Andel_av_fondförmögenhet_instrument>2.16</Andel_av_fondförmögenhet_instrument>
        <Bransch>
          <Branschkod_instrument>35</Branschkod_instrument>
          <Bransch_namn_instrument />
        </Bransch>
      </FinansielltInstrument>
      <FinansielltInstrument>
        <Tillgångsslag_enligt_LVF_5_kap>ÖverlåtbartVärdepapper</Tillgångsslag_enligt_LVF_5_kap>
        <Instrumentnamn>Nippon Tele &amp; Telecom Corp</Instrumentnamn>
        <ISIN-kod_instrument>JP3735400008</ISIN-kod_instrument>
        <Landkod_Emittent>JP</Landkod_Emittent>
        <Valuta>JPY</Valuta>
        <Antal>266783.000000000</Antal>
        <Nominellt_belopp />
        <Kurs_som_använts_vid_värdering_av_instrumentet>3762.000000000</Kurs_som_använts_vid_värdering_av_instrumentet>
        <Valutakurs_instrument>0.078968510</Valutakurs_instrument>
        <Marknadsvärde_instrument>79255769.48</Marknadsvärde_instrument>
        <Andel_av_fondförmögenhet_instrument>0.44</Andel_av_fondförmögenhet_instrument>
        <Bransch>
          <Branschkod_instrument>50</Branschkod_instrument>
          <Bransch_namn_instrument />
        </Bransch>
      </FinansielltInstrument>
      <FinansielltInstrument>
        <Tillgångsslag_enligt_LVF_5_kap>ÖverlåtbartVärdepapper</Tillgångsslag_enligt_LVF_5_kap>
        <Instrumentnamn>Nvidia Corp</Instrumentnamn>
        <ISIN-kod_instrument>US67066G1040</ISIN-kod_instrument>
        <Landkod_Emittent>US</Landkod_Emittent>
        <Valuta>USD</Valuta>
        <Antal>127607.000000000</Antal>
        <Nominellt_belopp />
        <Kurs_som_använts_vid_värdering_av_instrumentet>146.140000000</Kurs_som_använts_vid_värdering_av_instrumentet>
        <Valutakurs_instrument>10.419500000</Valutakurs_instrument>
        <Marknadsvärde_instrument>194307910.09</Marknadsvärde_instrument>
        <Andel_av_fondförmögenhet_instrument>1.07</Andel_av_fondförmögenhet_instrument>
        <Bransch>
          <Branschkod_instrument>45</Branschkod_instrument>
          <Bransch_namn_instrument />
        </Bransch>
      </FinansielltInstrument>
      <FinansielltInstrument>
        <Tillgångsslag_enligt_LVF_5_kap>ÖverlåtbartVärdepapper</Tillgångsslag_enligt_LVF_5_kap>
        <Instrumentnamn>Omron Corp</Instrumentnamn>
        <ISIN-kod_instrument>JP3197800000</ISIN-kod_instrument>
        <Landkod_Emittent>JP</Landkod_Emittent>
        <Valuta>JPY</Valuta>
        <Antal>152900.000000000</Antal>
        <Nominellt_belopp />
        <Kurs_som_använts_vid_värdering_av_instrumentet>6405.000000000</Kurs_som_använts_vid_värdering_av_instrumentet>
        <Valutakurs_instrument>0.078968510</Valutakurs_instrument>
        <Marknadsvärde_instrument>77335796.57</Marknadsvärde_instrument>
        <Andel_av_fondförmögenhet_instrument>0.43</Andel_av_fondförmögenhet_instrument>
        <Bransch>
          <Branschkod_instrument>45</Branschkod_instrument>
          <Bransch_namn_instrument />
        </Bransch>
      </FinansielltInstrument>
      <FinansielltInstrument>
        <Tillgångsslag_enligt_LVF_5_kap>ÖverlåtbartVärdepapper</Tillgångsslag_enligt_LVF_5_kap>
        <Instrumentnamn>Orix Corp</Instrumentnamn>
        <ISIN-kod_instrument>JP3200450009</ISIN-kod_instrument>
        <Landkod_Emittent>JP</Landkod_Emittent>
        <Valuta>JPY</Valuta>
        <Antal>429700.000000000</Antal>
        <Nominellt_belopp />
        <Kurs_som_använts_vid_värdering_av_instrumentet>2118.500000000</Kurs_som_använts_vid_värdering_av_instrumentet>
        <Valutakurs_instrument>0.078968510</Valutakurs_instrument>
        <Marknadsvärde_instrument>71886570.59</Marknadsvärde_instrument>
        <Andel_av_fondförmögenhet_instrument>0.40</Andel_av_fondförmögenhet_instrument>
        <Bransch>
          <Branschkod_instrument>40</Branschkod_instrument>
          <Bransch_namn_instrument />
        </Bransch>
      </FinansielltInstrument>
      <FinansielltInstrument>
        <Tillgångsslag_enligt_LVF_5_kap>ÖverlåtbartVärdepapper</Tillgångsslag_enligt_LVF_5_kap>
        <Instrumentnamn>O'Reilly Automotive Inc</Instrumentnamn>
        <ISIN-kod_instrument>US67103H1077</ISIN-kod_instrument>
        <Landkod_Emittent>US</Landkod_Emittent>
        <Valuta>USD</Valuta>
        <Antal>21554.000000000</Antal>
        <Nominellt_belopp />
        <Kurs_som_använts_vid_värdering_av_instrumentet>844.030000000</Kurs_som_använts_vid_värdering_av_instrumentet>
        <Valutakurs_instrument>10.419500000</Valutakurs_instrument>
        <Marknadsvärde_instrument>189553863.59</Marknadsvärde_instrument>
        <Andel_av_fondförmögenhet_instrument>1.04</Andel_av_fondförmögenhet_instrument>
        <Bransch>
          <Branschkod_instrument>25</Branschkod_instrument>
          <Bransch_namn_instrument />
        </Bransch>
      </FinansielltInstrument>
      <FinansielltInstrument>
        <Tillgångsslag_enligt_LVF_5_kap>ÖverlåtbartVärdepapper</Tillgångsslag_enligt_LVF_5_kap>
        <Instrumentnamn>Panasonic Corp</Instrumentnamn>
        <ISIN-kod_instrument>JP3866800000</ISIN-kod_instrument>
        <Landkod_Emittent>JP</Landkod_Emittent>
        <Valuta>JPY</Valuta>
        <Antal>2133800.000000000</Antal>
        <Nominellt_belopp />
        <Kurs_som_använts_vid_värdering_av_instrumentet>1110.500000000</Kurs_som_använts_vid_värdering_av_instrumentet>
        <Valutakurs_instrument>0.078968510</Valutakurs_instrument>
        <Marknadsvärde_instrument>187122588.87</Marknadsvärde_instrument>
        <Andel_av_fondförmögenhet_instrument>1.03</Andel_av_fondförmögenhet_instrument>
        <Bransch>
          <Branschkod_instrument>25</Branschkod_instrument>
          <Bransch_namn_instrument />
        </Bransch>
      </FinansielltInstrument>
      <FinansielltInstrument>
        <Tillgångsslag_enligt_LVF_5_kap>ÖverlåtbartVärdepapper</Tillgångsslag_enligt_LVF_5_kap>
        <Instrumentnamn>Pfizer</Instrumentnamn>
        <ISIN-kod_instrument>US7170811035</ISIN-kod_instrument>
        <Landkod_Emittent>US</Landkod_Emittent>
        <Valuta>USD</Valuta>
        <Antal>453935.000000000</Antal>
        <Nominellt_belopp />
        <Kurs_som_använts_vid_värdering_av_instrumentet>51.240000000</Kurs_som_använts_vid_värdering_av_instrumentet>
        <Valutakurs_instrument>10.419500000</Valutakurs_instrument>
        <Marknadsvärde_instrument>242353708.53</Marknadsvärde_instrument>
        <Andel_av_fondförmögenhet_instrument>1.33</Andel_av_fondförmögenhet_instrument>
        <Bransch>
          <Branschkod_instrument>35</Branschkod_instrument>
          <Bransch_namn_instrument />
        </Bransch>
      </FinansielltInstrument>
      <FinansielltInstrument>
        <Tillgångsslag_enligt_LVF_5_kap>ÖverlåtbartVärdepapper</Tillgångsslag_enligt_LVF_5_kap>
        <Instrumentnamn>Procter &amp; Gamble Co</Instrumentnamn>
        <ISIN-kod_instrument>US7427181091</ISIN-kod_instrument>
        <Landkod_Emittent>US</Landkod_Emittent>
        <Valuta>USD</Valuta>
        <Antal>171640.000000000</Antal>
        <Nominellt_belopp />
        <Kurs_som_använts_vid_värdering_av_instrumentet>151.560000000</Kurs_som_använts_vid_värdering_av_instrumentet>
        <Valutakurs_instrument>10.419500000</Valutakurs_instrument>
        <Marknadsvärde_instrument>271050355.65</Marknadsvärde_instrument>
        <Andel_av_fondförmögenhet_instrument>1.49</Andel_av_fondförmögenhet_instrument>
        <Bransch>
          <Branschkod_instrument>30</Branschkod_instrument>
          <Bransch_namn_instrument />
        </Bransch>
      </FinansielltInstrument>
      <FinansielltInstrument>
        <Tillgångsslag_enligt_LVF_5_kap>ÖverlåtbartVärdepapper</Tillgångsslag_enligt_LVF_5_kap>
        <Instrumentnamn>Pulte Homes Inc</Instrumentnamn>
        <ISIN-kod_instrument>US7458671010</ISIN-kod_instrument>
        <Landkod_Emittent>US</Landkod_Emittent>
        <Valuta>USD</Valuta>
        <Antal>211332.000000000</Antal>
        <Nominellt_belopp />
        <Kurs_som_använts_vid_värdering_av_instrumentet>45.530000000</Kurs_som_använts_vid_värdering_av_instrumentet>
        <Valutakurs_instrument>10.419500000</Valutakurs_instrument>
        <Marknadsvärde_instrument>100255865.93</Marknadsvärde_instrument>
        <Andel_av_fondförmögenhet_instrument>0.55</Andel_av_fondförmögenhet_instrument>
        <Bransch>
          <Branschkod_instrument>25</Branschkod_instrument>
          <Bransch_namn_instrument />
        </Bransch>
      </FinansielltInstrument>
      <FinansielltInstrument>
        <Tillgångsslag_enligt_LVF_5_kap>ÖverlåtbartVärdepapper</Tillgångsslag_enligt_LVF_5_kap>
        <Instrumentnamn>Prudential Financial Inc</Instrumentnamn>
        <ISIN-kod_instrument>US7443201022</ISIN-kod_instrument>
        <Landkod_Emittent>US</Landkod_Emittent>
        <Valuta>USD</Valuta>
        <Antal>184660.000000000</Antal>
        <Nominellt_belopp />
        <Kurs_som_använts_vid_värdering_av_instrumentet>99.460000000</Kurs_som_använts_vid_värdering_av_instrumentet>
        <Valutakurs_instrument>10.419500000</Valutakurs_instrument>
        <Marknadsvärde_instrument>191367491.97</Marknadsvärde_instrument>
        <Andel_av_fondförmögenhet_instrument>1.05</Andel_av_fondförmögenhet_instrument>
        <Bransch>
          <Branschkod_instrument>40</Branschkod_instrument>
          <Bransch_namn_instrument />
        </Bransch>
      </FinansielltInstrument>
      <FinansielltInstrument>
        <Tillgångsslag_enligt_LVF_5_kap>ÖverlåtbartVärdepapper</Tillgångsslag_enligt_LVF_5_kap>
        <Instrumentnamn>Prudential</Instrumentnamn>
        <ISIN-kod_instrument>GB0007099541</ISIN-kod_instrument>
        <Landkod_Emittent>GB</Landkod_Emittent>
        <Valuta>GBP</Valuta>
        <Antal>1306533.000000000</Antal>
        <Nominellt_belopp />
        <Kurs_som_använts_vid_värdering_av_instrumentet>11.275000004</Kurs_som_använts_vid_värdering_av_instrumentet>
        <Valutakurs_instrument>12.533616550</Valutakurs_instrument>
        <Marknadsvärde_instrument>184634705.51</Marknadsvärde_instrument>
        <Andel_av_fondförmögenhet_instrument>1.02</Andel_av_fondförmögenhet_instrument>
        <Bransch>
          <Branschkod_instrument>40</Branschkod_instrument>
          <Bransch_namn_instrument />
        </Bransch>
      </FinansielltInstrument>
      <FinansielltInstrument>
        <Tillgångsslag_enligt_LVF_5_kap>ÖverlåtbartVärdepapper</Tillgångsslag_enligt_LVF_5_kap>
        <Instrumentnamn>Prysmian SpA</Instrumentnamn>
        <ISIN-kod_instrument>IT0004176001</ISIN-kod_instrument>
        <Landkod_Emittent>IT</Landkod_Emittent>
        <Valuta>EUR</Valuta>
        <Antal>407263.000000000</Antal>
        <Nominellt_belopp />
        <Kurs_som_använts_vid_värdering_av_instrumentet>34.660000000</Kurs_som_använts_vid_värdering_av_instrumentet>
        <Valutakurs_instrument>11.120211380</Valutakurs_instrument>
        <Marknadsvärde_instrument>156969963.43</Marknadsvärde_instrument>
        <Andel_av_fondförmögenhet_instrument>0.86</Andel_av_fondförmögenhet_instrument>
        <Bransch>
          <Branschkod_instrument>20</Branschkod_instrument>
          <Bransch_namn_instrument />
        </Bransch>
      </FinansielltInstrument>
      <FinansielltInstrument>
        <Tillgångsslag_enligt_LVF_5_kap>ÖverlåtbartVärdepapper</Tillgångsslag_enligt_LVF_5_kap>
        <Instrumentnamn>Rogers Communications</Instrumentnamn>
        <ISIN-kod_instrument>CA7751092007</ISIN-kod_instrument>
        <Landkod_Emittent>CA</Landkod_Emittent>
        <Valuta>CAD</Valuta>
        <Antal>237719.000000000</Antal>
        <Nominellt_belopp />
        <Kurs_som_använts_vid_värdering_av_instrumentet>63.370000000</Kurs_som_använts_vid_värdering_av_instrumentet>
        <Valutakurs_instrument>7.689951660</Valutakurs_instrument>
        <Marknadsvärde_instrument>115843377.59</Marknadsvärde_instrument>
        <Andel_av_fondförmögenhet_instrument>0.64</Andel_av_fondförmögenhet_instrument>
        <Bransch>
          <Branschkod_instrument>50</Branschkod_instrument>
          <Bransch_namn_instrument />
        </Bransch>
      </FinansielltInstrument>
      <FinansielltInstrument>
        <Tillgångsslag_enligt_LVF_5_kap>ÖverlåtbartVärdepapper</Tillgångsslag_enligt_LVF_5_kap>
        <Instrumentnamn>Royal Caribbean Cruises</Instrumentnamn>
        <ISIN-kod_instrument>LR0008862868</ISIN-kod_instrument>
        <Landkod_Emittent>US</Landkod_Emittent>
        <Valuta>USD</Valuta>
        <Antal>134154.000000000</Antal>
        <Nominellt_belopp />
        <Kurs_som_använts_vid_värdering_av_instrumentet>49.430000000</Kurs_som_använts_vid_värdering_av_instrumentet>
        <Valutakurs_instrument>10.419500000</Valutakurs_instrument>
        <Marknadsvärde_instrument>69094124.12</Marknadsvärde_instrument>
        <Andel_av_fondförmögenhet_instrument>0.38</Andel_av_fondförmögenhet_instrument>
        <Bransch>
          <Branschkod_instrument>25</Branschkod_instrument>
          <Bransch_namn_instrument />
        </Bransch>
      </FinansielltInstrument>
      <FinansielltInstrument>
        <Tillgångsslag_enligt_LVF_5_kap>ÖverlåtbartVärdepapper</Tillgångsslag_enligt_LVF_5_kap>
        <Instrumentnamn>Robert Half Int'l</Instrumentnamn>
        <ISIN-kod_instrument>US7703231032</ISIN-kod_instrument>
        <Landkod_Emittent>US</Landkod_Emittent>
        <Valuta>USD</Valuta>
        <Antal>83100.000000000</Antal>
        <Nominellt_belopp />
        <Kurs_som_använts_vid_värdering_av_instrumentet>73.830000000</Kurs_som_använts_vid_värdering_av_instrumentet>
        <Valutakurs_instrument>10.419500000</Valutakurs_instrument>
        <Marknadsvärde_instrument>63926477.02</Marknadsvärde_instrument>
        <Andel_av_fondförmögenhet_instrument>0.35</Andel_av_fondförmögenhet_instrument>
        <Bransch>
          <Branschkod_instrument>20</Branschkod_instrument>
          <Bransch_namn_instrument />
        </Bransch>
      </FinansielltInstrument>
      <FinansielltInstrument>
        <Tillgångsslag_enligt_LVF_5_kap>ÖverlåtbartVärdepapper</Tillgångsslag_enligt_LVF_5_kap>
        <Instrumentnamn>Roche Holding</Instrumentnamn>
        <ISIN-kod_instrument>CH0012032048</ISIN-kod_instrument>
        <Landkod_Emittent>CH</Landkod_Emittent>
        <Valuta>CHF</Valuta>
        <Antal>57985.000000000</Antal>
        <Nominellt_belopp />
        <Kurs_som_använts_vid_värdering_av_instrumentet>290.500000000</Kurs_som_använts_vid_värdering_av_instrumentet>
        <Valutakurs_instrument>11.261889320</Valutakurs_instrument>
        <Marknadsvärde_instrument>189702499.47</Marknadsvärde_instrument>
        <Andel_av_fondförmögenhet_instrument>1.04</Andel_av_fondförmögenhet_instrument>
        <Bransch>
          <Branschkod_instrument>35</Branschkod_instrument>
          <Bransch_namn_instrument />
        </Bransch>
      </FinansielltInstrument>
      <FinansielltInstrument>
        <Tillgångsslag_enligt_LVF_5_kap>ÖverlåtbartVärdepapper</Tillgångsslag_enligt_LVF_5_kap>
        <Instrumentnamn>Samsung Electronics Co Ltd</Instrumentnamn>
        <ISIN-kod_instrument>KR7005930003</ISIN-kod_instrument>
        <Landkod_Emittent>KR</Landkod_Emittent>
        <Valuta>KRW</Valuta>
        <Antal>99819.000000000</Antal>
        <Nominellt_belopp />
        <Kurs_som_använts_vid_värdering_av_instrumentet>55300.000000000</Kurs_som_använts_vid_värdering_av_instrumentet>
        <Valutakurs_instrument>0.008240020</Valutakurs_instrument>
        <Marknadsvärde_instrument>45484833.77</Marknadsvärde_instrument>
        <Andel_av_fondförmögenhet_instrument>0.25</Andel_av_fondförmögenhet_instrument>
        <Bransch>
          <Branschkod_instrument>45</Branschkod_instrument>
          <Bransch_namn_instrument />
        </Bransch>
      </FinansielltInstrument>
      <FinansielltInstrument>
        <Tillgångsslag_enligt_LVF_5_kap>ÖverlåtbartVärdepapper</Tillgångsslag_enligt_LVF_5_kap>
        <Instrumentnamn>SCA, B</Instrumentnamn>
        <ISIN-kod_instrument>SE0000112724</ISIN-kod_instrument>
        <Landkod_Emittent>SE</Landkod_Emittent>
        <Valuta>SEK</Valuta>
        <Antal>1186663.000000000</Antal>
        <Nominellt_belopp />
        <Kurs_som_använts_vid_värdering_av_instrumentet>131.950000000</Kurs_som_använts_vid_värdering_av_instrumentet>
        <Valutakurs_instrument>1.000000000</Valutakurs_instrument>
        <Marknadsvärde_instrument>156580182.85</Marknadsvärde_instrument>
        <Andel_av_fondförmögenhet_instrument>0.86</Andel_av_fondförmögenhet_instrument>
        <Bransch>
          <Branschkod_instrument>15</Branschkod_instrument>
          <Bransch_namn_instrument />
        </Bransch>
      </FinansielltInstrument>
      <FinansielltInstrument>
        <Tillgångsslag_enligt_LVF_5_kap>ÖverlåtbartVärdepapper</Tillgångsslag_enligt_LVF_5_kap>
        <Instrumentnamn>SolarEdge Technologies Inc</Instrumentnamn>
        <ISIN-kod_instrument>US83417M1045</ISIN-kod_instrument>
        <Landkod_Emittent>US</Landkod_Emittent>
        <Valuta>USD</Valuta>
        <Antal>33955.000000000</Antal>
        <Nominellt_belopp />
        <Kurs_som_använts_vid_värdering_av_instrumentet>283.270000000</Kurs_som_använts_vid_värdering_av_instrumentet>
        <Valutakurs_instrument>10.419500000</Valutakurs_instrument>
        <Marknadsvärde_instrument>100219261.08</Marknadsvärde_instrument>
        <Andel_av_fondförmögenhet_instrument>0.55</Andel_av_fondförmögenhet_instrument>
        <Bransch>
          <Branschkod_instrument>45</Branschkod_instrument>
          <Bransch_namn_instrument />
        </Bransch>
      </FinansielltInstrument>
      <FinansielltInstrument>
        <Tillgångsslag_enligt_LVF_5_kap>ÖverlåtbartVärdepapper</Tillgångsslag_enligt_LVF_5_kap>
        <Instrumentnamn>SMURFIT KAPPA GROUP</Instrumentnamn>
        <ISIN-kod_instrument>IE00B1RR8406</ISIN-kod_instrument>
        <Landkod_Emittent>IE</Landkod_Emittent>
        <Valuta>EUR</Valuta>
        <Antal>158522.000000000</Antal>
        <Nominellt_belopp />
        <Kurs_som_använts_vid_värdering_av_instrumentet>34.560000000</Kurs_som_använts_vid_värdering_av_instrumentet>
        <Valutakurs_instrument>11.120211380</Valutakurs_instrument>
        <Marknadsvärde_instrument>60922304.01</Marknadsvärde_instrument>
        <Andel_av_fondförmögenhet_instrument>0.34</Andel_av_fondförmögenhet_instrument>
        <Bransch>
          <Branschkod_instrument>15</Branschkod_instrument>
          <Bransch_namn_instrument />
        </Bransch>
      </FinansielltInstrument>
      <FinansielltInstrument>
        <Tillgångsslag_enligt_LVF_5_kap>ÖverlåtbartVärdepapper</Tillgångsslag_enligt_LVF_5_kap>
        <Instrumentnamn>Sony Corporation</Instrumentnamn>
        <ISIN-kod_instrument>JP3435000009</ISIN-kod_instrument>
        <Landkod_Emittent>JP</Landkod_Emittent>
        <Valuta>JPY</Valuta>
        <Antal>175000.000000000</Antal>
        <Nominellt_belopp />
        <Kurs_som_använts_vid_värdering_av_instrumentet>10035.000000000</Kurs_som_använts_vid_värdering_av_instrumentet>
        <Valutakurs_instrument>0.078968510</Valutakurs_instrument>
        <Marknadsvärde_instrument>138678574.62</Marknadsvärde_instrument>
        <Andel_av_fondförmögenhet_instrument>0.76</Andel_av_fondförmögenhet_instrument>
        <Bransch>
          <Branschkod_instrument>25</Branschkod_instrument>
          <Bransch_namn_instrument />
        </Bransch>
      </FinansielltInstrument>
      <FinansielltInstrument>
        <Tillgångsslag_enligt_LVF_5_kap>ÖverlåtbartVärdepapper</Tillgångsslag_enligt_LVF_5_kap>
        <Instrumentnamn>Stora Enso Oyj</Instrumentnamn>
        <ISIN-kod_instrument>FI0009005961</ISIN-kod_instrument>
        <Landkod_Emittent>FI</Landkod_Emittent>
        <Valuta>EUR</Valuta>
        <Antal>1064571.000000000</Antal>
        <Nominellt_belopp />
        <Kurs_som_använts_vid_värdering_av_instrumentet>13.150000000</Kurs_som_använts_vid_värdering_av_instrumentet>
        <Valutakurs_instrument>11.120211380</Valutakurs_instrument>
        <Marknadsvärde_instrument>155673047.32</Marknadsvärde_instrument>
        <Andel_av_fondförmögenhet_instrument>0.86</Andel_av_fondförmögenhet_instrument>
        <Bransch>
          <Branschkod_instrument>15</Branschkod_instrument>
          <Bransch_namn_instrument />
        </Bransch>
      </FinansielltInstrument>
      <FinansielltInstrument>
        <Tillgångsslag_enligt_LVF_5_kap>ÖverlåtbartVärdepapper</Tillgångsslag_enligt_LVF_5_kap>
        <Instrumentnamn>Toronto Dominion Bank</Instrumentnamn>
        <ISIN-kod_instrument>CA8911605092</ISIN-kod_instrument>
        <Landkod_Emittent>CA</Landkod_Emittent>
        <Valuta>CAD</Valuta>
        <Antal>203175.000000000</Antal>
        <Nominellt_belopp />
        <Kurs_som_använts_vid_värdering_av_instrumentet>87.670000000</Kurs_som_använts_vid_värdering_av_instrumentet>
        <Valutakurs_instrument>7.689951660</Valutakurs_instrument>
        <Marknadsvärde_instrument>136976127.75</Marknadsvärde_instrument>
        <Andel_av_fondförmögenhet_instrument>0.75</Andel_av_fondförmögenhet_instrument>
        <Bransch>
          <Branschkod_instrument>40</Branschkod_instrument>
          <Bransch_namn_instrument />
        </Bransch>
      </FinansielltInstrument>
      <FinansielltInstrument>
        <Tillgångsslag_enligt_LVF_5_kap>ÖverlåtbartVärdepapper</Tillgångsslag_enligt_LVF_5_kap>
        <Instrumentnamn>TJX Co's Inc</Instrumentnamn>
        <ISIN-kod_instrument>US8725401090</ISIN-kod_instrument>
        <Landkod_Emittent>US</Landkod_Emittent>
        <Valuta>USD</Valuta>
        <Antal>393568.000000000</Antal>
        <Nominellt_belopp />
        <Kurs_som_använts_vid_värdering_av_instrumentet>79.600000000</Kurs_som_använts_vid_värdering_av_instrumentet>
        <Valutakurs_instrument>10.419500000</Valutakurs_instrument>
        <Marknadsvärde_instrument>326422229.37</Marknadsvärde_instrument>
        <Andel_av_fondförmögenhet_instrument>1.79</Andel_av_fondförmögenhet_instrument>
        <Bransch>
          <Branschkod_instrument>25</Branschkod_instrument>
          <Bransch_namn_instrument />
        </Bransch>
      </FinansielltInstrument>
      <FinansielltInstrument>
        <Tillgångsslag_enligt_LVF_5_kap>ÖverlåtbartVärdepapper</Tillgångsslag_enligt_LVF_5_kap>
        <Instrumentnamn>Thermo Fisher Scientific Inc</Instrumentnamn>
        <ISIN-kod_instrument>US8835561023</ISIN-kod_instrument>
        <Landkod_Emittent>US</Landkod_Emittent>
        <Valuta>USD</Valuta>
        <Antal>37842.000000000</Antal>
        <Nominellt_belopp />
        <Kurs_som_använts_vid_värdering_av_instrumentet>550.690000000</Kurs_som_använts_vid_värdering_av_instrumentet>
        <Valutakurs_instrument>10.419500000</Valutakurs_instrument>
        <Marknadsvärde_instrument>217134158.81</Marknadsvärde_instrument>
        <Andel_av_fondförmögenhet_instrument>1.19</Andel_av_fondförmögenhet_instrument>
        <Bransch>
          <Branschkod_instrument>35</Branschkod_instrument>
          <Bransch_namn_instrument />
        </Bransch>
      </FinansielltInstrument>
      <FinansielltInstrument>
        <Tillgångsslag_enligt_LVF_5_kap>ÖverlåtbartVärdepapper</Tillgångsslag_enligt_LVF_5_kap>
        <Instrumentnamn>Total</Instrumentnamn>
        <ISIN-kod_instrument>FR0000120271</ISIN-kod_instrument>
        <Landkod_Emittent>FR</Landkod_Emittent>
        <Valuta>EUR</Valuta>
        <Antal>426522.000000000</Antal>
        <Nominellt_belopp />
        <Kurs_som_använts_vid_värdering_av_instrumentet>58.650000000</Kurs_som_använts_vid_värdering_av_instrumentet>
        <Valutakurs_instrument>11.120211380</Valutakurs_instrument>
        <Marknadsvärde_instrument>278177817.92</Marknadsvärde_instrument>
        <Andel_av_fondförmögenhet_instrument>1.53</Andel_av_fondförmögenhet_instrument>
        <Bransch>
          <Branschkod_instrument>10</Branschkod_instrument>
          <Bransch_namn_instrument />
        </Bransch>
      </FinansielltInstrument>
      <FinansielltInstrument>
        <Tillgångsslag_enligt_LVF_5_kap>ÖverlåtbartVärdepapper</Tillgångsslag_enligt_LVF_5_kap>
        <Instrumentnamn>Toyota Motor Corp</Instrumentnamn>
        <ISIN-kod_instrument>JP3633400001</ISIN-kod_instrument>
        <Landkod_Emittent>JP</Landkod_Emittent>
        <Valuta>JPY</Valuta>
        <Antal>1226490.000000000</Antal>
        <Nominellt_belopp />
        <Kurs_som_använts_vid_värdering_av_instrumentet>1812.500000000</Kurs_som_använts_vid_värdering_av_instrumentet>
        <Valutakurs_instrument>0.078968510</Valutakurs_instrument>
        <Marknadsvärde_instrument>175548034.19</Marknadsvärde_instrument>
        <Andel_av_fondförmögenhet_instrument>0.97</Andel_av_fondförmögenhet_instrument>
        <Bransch>
          <Branschkod_instrument>25</Branschkod_instrument>
          <Bransch_namn_instrument />
        </Bransch>
      </FinansielltInstrument>
      <FinansielltInstrument>
        <Tillgångsslag_enligt_LVF_5_kap>ÖverlåtbartVärdepapper</Tillgångsslag_enligt_LVF_5_kap>
        <Instrumentnamn>Travelers Cos Inc</Instrumentnamn>
        <ISIN-kod_instrument>US89417E1091</ISIN-kod_instrument>
        <Landkod_Emittent>US</Landkod_Emittent>
        <Valuta>USD</Valuta>
        <Antal>127759.000000000</Antal>
        <Nominellt_belopp />
        <Kurs_som_använts_vid_värdering_av_instrumentet>187.490000000</Kurs_som_använts_vid_värdering_av_instrumentet>
        <Valutakurs_instrument>10.419500000</Valutakurs_instrument>
        <Marknadsvärde_instrument>249583856.99</Marknadsvärde_instrument>
        <Andel_av_fondförmögenhet_instrument>1.37</Andel_av_fondförmögenhet_instrument>
        <Bransch>
          <Branschkod_instrument>40</Branschkod_instrument>
          <Bransch_namn_instrument />
        </Bransch>
      </FinansielltInstrument>
      <FinansielltInstrument>
        <Tillgångsslag_enligt_LVF_5_kap>ÖverlåtbartVärdepapper</Tillgångsslag_enligt_LVF_5_kap>
        <Instrumentnamn>UGI Corp</Instrumentnamn>
        <ISIN-kod_instrument>US9026811052</ISIN-kod_instrument>
        <Landkod_Emittent>US</Landkod_Emittent>
        <Valuta>USD</Valuta>
        <Antal>304672.000000000</Antal>
        <Nominellt_belopp />
        <Kurs_som_använts_vid_värdering_av_instrumentet>37.070000000</Kurs_som_använts_vid_värdering_av_instrumentet>
        <Valutakurs_instrument>10.419500000</Valutakurs_instrument>
        <Marknadsvärde_instrument>117679823.54</Marknadsvärde_instrument>
        <Andel_av_fondförmögenhet_instrument>0.65</Andel_av_fondförmögenhet_instrument>
        <Bransch>
          <Branschkod_instrument>55</Branschkod_instrument>
          <Bransch_namn_instrument />
        </Bransch>
      </FinansielltInstrument>
      <FinansielltInstrument>
        <Tillgångsslag_enligt_LVF_5_kap>ÖverlåtbartVärdepapper</Tillgångsslag_enligt_LVF_5_kap>
        <Instrumentnamn>Visa A</Instrumentnamn>
        <ISIN-kod_instrument>US92826C8394</ISIN-kod_instrument>
        <Landkod_Emittent>US</Landkod_Emittent>
        <Valuta>USD</Valuta>
        <Antal>114781.000000000</Antal>
        <Nominellt_belopp />
        <Kurs_som_använts_vid_värdering_av_instrumentet>207.760000000</Kurs_som_använts_vid_värdering_av_instrumentet>
        <Valutakurs_instrument>10.419500000</Valutakurs_instrument>
        <Marknadsvärde_instrument>248472780.38</Marknadsvärde_instrument>
        <Andel_av_fondförmögenhet_instrument>1.37</Andel_av_fondförmögenhet_instrument>
        <Bransch>
          <Branschkod_instrument>45</Branschkod_instrument>
          <Bransch_namn_instrument />
        </Bransch>
      </FinansielltInstrument>
      <FinansielltInstrument>
        <Tillgångsslag_enligt_LVF_5_kap>ÖverlåtbartVärdepapper</Tillgångsslag_enligt_LVF_5_kap>
        <Instrumentnamn>Vestas Wind Systems</Instrumentnamn>
        <ISIN-kod_instrument>DK0061539921</ISIN-kod_instrument>
        <Landkod_Emittent>DK</Landkod_Emittent>
        <Valuta>DKK</Valuta>
        <Antal>454220.000000000</Antal>
        <Nominellt_belopp />
        <Kurs_som_använts_vid_värdering_av_instrumentet>202.100000000</Kurs_som_använts_vid_värdering_av_instrumentet>
        <Valutakurs_instrument>1.495368010</Valutakurs_instrument>
        <Marknadsvärde_instrument>137271586.22</Marknadsvärde_instrument>
        <Andel_av_fondförmögenhet_instrument>0.75</Andel_av_fondförmögenhet_instrument>
        <Bransch>
          <Branschkod_instrument>20</Branschkod_instrument>
          <Bransch_namn_instrument />
        </Bransch>
      </FinansielltInstrument>
      <FinansielltInstrument>
        <Tillgångsslag_enligt_LVF_5_kap>ÖverlåtbartVärdepapper</Tillgångsslag_enligt_LVF_5_kap>
        <Instrumentnamn>Verizon Communications</Instrumentnamn>
        <ISIN-kod_instrument>US92343V1044</ISIN-kod_instrument>
        <Landkod_Emittent>US</Landkod_Emittent>
        <Valuta>USD</Valuta>
        <Antal>463670.000000000</Antal>
        <Nominellt_belopp />
        <Kurs_som_använts_vid_värdering_av_instrumentet>39.400000000</Kurs_som_använts_vid_värdering_av_instrumentet>
        <Valutakurs_instrument>10.419500000</Valutakurs_instrument>
        <Marknadsvärde_instrument>190349656.86</Marknadsvärde_instrument>
        <Andel_av_fondförmögenhet_instrument>1.05</Andel_av_fondförmögenhet_instrument>
        <Bransch>
          <Branschkod_instrument>50</Branschkod_instrument>
          <Bransch_namn_instrument />
        </Bransch>
      </FinansielltInstrument>
      <FinansielltInstrument>
        <Tillgångsslag_enligt_LVF_5_kap>ÖverlåtbartVärdepapper</Tillgångsslag_enligt_LVF_5_kap>
        <Instrumentnamn>West Pharmaceutical Services Inc</Instrumentnamn>
        <ISIN-kod_instrument>US9553061055</ISIN-kod_instrument>
        <Landkod_Emittent>US</Landkod_Emittent>
        <Valuta>USD</Valuta>
        <Antal>48801.000000000</Antal>
        <Nominellt_belopp />
        <Kurs_som_använts_vid_värdering_av_instrumentet>235.350000000</Kurs_som_använts_vid_värdering_av_instrumentet>
        <Valutakurs_instrument>10.419500000</Valutakurs_instrument>
        <Marknadsvärde_instrument>119671243.29</Marknadsvärde_instrument>
        <Andel_av_fondförmögenhet_instrument>0.66</Andel_av_fondförmögenhet_instrument>
        <Bransch>
          <Branschkod_instrument>35</Branschkod_instrument>
          <Bransch_namn_instrument />
        </Bransch>
      </FinansielltInstrument>
      <FinansielltInstrument>
        <Tillgångsslag_enligt_LVF_5_kap>ÖverlåtbartVärdepapper</Tillgångsslag_enligt_LVF_5_kap>
        <Instrumentnamn>Weyerhaeuser Co</Instrumentnamn>
        <ISIN-kod_instrument>US9621661043</ISIN-kod_instrument>
        <Landkod_Emittent>US</Landkod_Emittent>
        <Valuta>USD</Valuta>
        <Antal>603138.000000000</Antal>
        <Nominellt_belopp />
        <Kurs_som_använts_vid_värdering_av_instrumentet>31.000000000</Kurs_som_använts_vid_värdering_av_instrumentet>
        <Valutakurs_instrument>10.419500000</Valutakurs_instrument>
        <Marknadsvärde_instrument>194816288.12</Marknadsvärde_instrument>
        <Andel_av_fondförmögenhet_instrument>1.07</Andel_av_fondförmögenhet_instrument>
        <Bransch>
          <Branschkod_instrument>60</Branschkod_instrument>
          <Bransch_namn_instrument />
        </Bransch>
      </FinansielltInstrument>
      <FinansielltInstrument>
        <Tillgångsslag_enligt_LVF_5_kap>ÖverlåtbartVärdepapper</Tillgångsslag_enligt_LVF_5_kap>
        <Instrumentnamn>Zoetis Inc</Instrumentnamn>
        <ISIN-kod_instrument>US98978V1035</ISIN-kod_instrument>
        <Landkod_Emittent>US</Landkod_Emittent>
        <Valuta>USD</Valuta>
        <Antal>150777.000000000</Antal>
        <Nominellt_belopp />
        <Kurs_som_använts_vid_värdering_av_instrumentet>146.550000000</Kurs_som_använts_vid_värdering_av_instrumentet>
        <Valutakurs_instrument>10.419500000</Valutakurs_instrument>
        <Marknadsvärde_instrument>230233120.44</Marknadsvärde_instrument>
        <Andel_av_fondförmögenhet_instrument>1.27</Andel_av_fondförmögenhet_instrument>
        <Bransch>
          <Branschkod_instrument>35</Branschkod_instrument>
          <Bransch_namn_instrument />
        </Bransch>
      </FinansielltInstrument>
      <FinansielltInstrument>
        <Tillgångsslag_enligt_LVF_5_kap>ÖverlåtbartVärdepapper</Tillgångsslag_enligt_LVF_5_kap>
        <Instrumentnamn>Zurich Insurance Group AG</Instrumentnamn>
        <ISIN-kod_instrument>CH0011075394</ISIN-kod_instrument>
        <Landkod_Emittent>CH</Landkod_Emittent>
        <Valuta>CHF</Valuta>
        <Antal>26138.000000000</Antal>
        <Nominellt_belopp />
        <Kurs_som_använts_vid_värdering_av_instrumentet>442.300000000</Kurs_som_använts_vid_värdering_av_instrumentet>
        <Valutakurs_instrument>11.261889320</Valutakurs_instrument>
        <Marknadsvärde_instrument>130196871.25</Marknadsvärde_instrument>
        <Andel_av_fondförmögenhet_instrument>0.72</Andel_av_fondförmögenhet_instrument>
        <Bransch>
          <Branschkod_instrument>40</Branschkod_instrument>
          <Bransch_namn_instrument />
        </Bransch>
      </FinansielltInstrument>
    </FinansiellaInstrument>
  </Fondinformation>
  <Fondinformation />
</VärdepappersfondInnehav>