﻿<?xml version="1.0" encoding="utf-8"?>
<VärdepappersfondInnehav xmlns="http://schemas.fi.se/publika/vardepappersfonder/20200331">
  <Rapportinformation>
    <Kvartalsslut>2022-12-31</Kvartalsslut>
  </Rapportinformation>
  <Bolagsinformation>
    <Fondbolag_namn>Carnegie Fonder AB</Fondbolag_namn>
    <Fondbolag_institutnummer>58026</Fondbolag_institutnummer>
    <Fondbolag_LEI-kod>549300HW6Q43WKYCB077</Fondbolag_LEI-kod>
  </Bolagsinformation>
  <Fondinformation>
    <Fond_institutnummer>63426</Fond_institutnummer>
    <Fond_ISIN-kod>SE0016787048</Fond_ISIN-kod>
    <Fond_namn>Carnegie SPAR Global</Fond_namn>
    <Förvaltningsavgift>
      <MedAndelsklasser>
        <Förvaltningsavgift>
          <Andelsklass_namn>CARNEGIE SPAR GLOBAL - A - SEK</Andelsklass_namn>
          <Förvaltningsavgift_Typ>
            <Förvaltningsavgift_fast>1.6</Förvaltningsavgift_fast>
          </Förvaltningsavgift_Typ>
        </Förvaltningsavgift>
      </MedAndelsklasser>
    </Förvaltningsavgift>
    <Fondförmögenhet>908784529</Fondförmögenhet>
    <Likvida_medel>21002624</Likvida_medel>
    <Övriga_tillgångar_och_skulder>-975843</Övriga_tillgångar_och_skulder>
    <Aktiv_risk>0</Aktiv_risk>
    <Standardavvikelse_24_månader>0</Standardavvikelse_24_månader>
    <Jämförelseindex>MSCI World Net Total Return 80; SIX Portfolio Return 20; </Jämförelseindex>
    <FinansiellaInstrument>
      <FinansielltInstrument>
        <Tillgångsslag_enligt_LVF_5_kap>ÖverlåtbartVärdepapper</Tillgångsslag_enligt_LVF_5_kap>
        <Instrumentnamn>Roche Holding Ltd Pref</Instrumentnamn>
        <ISIN-kod_instrument>CH0012032048</ISIN-kod_instrument>
        <Landkod_Emittent>CH</Landkod_Emittent>
        <Valuta>CHF</Valuta>
        <Antal>8300</Antal>
        <Nominellt_belopp />
        <Kurs_som_använts_vid_värdering_av_instrumentet>290.5</Kurs_som_använts_vid_värdering_av_instrumentet>
        <Valutakurs_instrument>11.26754</Valutakurs_instrument>
        <Marknadsvärde_instrument>27167734.88</Marknadsvärde_instrument>
        <Andel_av_fondförmögenhet_instrument>2.99</Andel_av_fondförmögenhet_instrument>
        <Bransch>
          <Branschkod_instrument>0</Branschkod_instrument>
          <Bransch_namn_instrument>Pharmaceuticals and Medical Research</Bransch_namn_instrument>
        </Bransch>
      </FinansielltInstrument>
      <FinansielltInstrument>
        <Tillgångsslag_enligt_LVF_5_kap>ÖverlåtbartVärdepapper</Tillgångsslag_enligt_LVF_5_kap>
        <Instrumentnamn>ABB Ltd Reg</Instrumentnamn>
        <ISIN-kod_instrument>CH0012221716</ISIN-kod_instrument>
        <Landkod_Emittent>CH</Landkod_Emittent>
        <Valuta>SEK</Valuta>
        <Antal>48650</Antal>
        <Nominellt_belopp />
        <Kurs_som_använts_vid_värdering_av_instrumentet>316.2</Kurs_som_använts_vid_värdering_av_instrumentet>
        <Valutakurs_instrument>1</Valutakurs_instrument>
        <Marknadsvärde_instrument>15383130</Marknadsvärde_instrument>
        <Andel_av_fondförmögenhet_instrument>1.69</Andel_av_fondförmögenhet_instrument>
        <Bransch>
          <Branschkod_instrument>0</Branschkod_instrument>
          <Bransch_namn_instrument>Industrial Goods</Bransch_namn_instrument>
        </Bransch>
      </FinansielltInstrument>
      <FinansielltInstrument>
        <Tillgångsslag_enligt_LVF_5_kap>ÖverlåtbartVärdepapper</Tillgångsslag_enligt_LVF_5_kap>
        <Instrumentnamn>Garmin Ltd Reg</Instrumentnamn>
        <ISIN-kod_instrument>CH0114405324</ISIN-kod_instrument>
        <Landkod_Emittent>CH</Landkod_Emittent>
        <Valuta>USD</Valuta>
        <Antal>22900</Antal>
        <Nominellt_belopp />
        <Kurs_som_använts_vid_värdering_av_instrumentet>92.29</Kurs_som_använts_vid_värdering_av_instrumentet>
        <Valutakurs_instrument>10.42135</Valutakurs_instrument>
        <Marknadsvärde_instrument>22024908.32</Marknadsvärde_instrument>
        <Andel_av_fondförmögenhet_instrument>2.42</Andel_av_fondförmögenhet_instrument>
        <Bransch>
          <Branschkod_instrument>0</Branschkod_instrument>
          <Bransch_namn_instrument>Technology Equipment</Bransch_namn_instrument>
        </Bransch>
      </FinansielltInstrument>
      <FinansielltInstrument>
        <Tillgångsslag_enligt_LVF_5_kap>ÖverlåtbartVärdepapper</Tillgångsslag_enligt_LVF_5_kap>
        <Instrumentnamn>Deutsche Telekom AG Reg</Instrumentnamn>
        <ISIN-kod_instrument>DE0005557508</ISIN-kod_instrument>
        <Landkod_Emittent>DE</Landkod_Emittent>
        <Valuta>EUR</Valuta>
        <Antal>144000</Antal>
        <Nominellt_belopp />
        <Kurs_som_använts_vid_värdering_av_instrumentet>18.638</Kurs_som_använts_vid_värdering_av_instrumentet>
        <Valutakurs_instrument>11.12427</Valutakurs_instrument>
        <Marknadsvärde_instrument>29856116.85</Marknadsvärde_instrument>
        <Andel_av_fondförmögenhet_instrument>3.29</Andel_av_fondförmögenhet_instrument>
        <Bransch>
          <Branschkod_instrument>0</Branschkod_instrument>
          <Bransch_namn_instrument>Telecommunications Services</Bransch_namn_instrument>
        </Bransch>
      </FinansielltInstrument>
      <FinansielltInstrument>
        <Tillgångsslag_enligt_LVF_5_kap>ÖverlåtbartVärdepapper</Tillgångsslag_enligt_LVF_5_kap>
        <Instrumentnamn>L/Oréal SA</Instrumentnamn>
        <ISIN-kod_instrument>FR0000120321</ISIN-kod_instrument>
        <Landkod_Emittent>FR</Landkod_Emittent>
        <Valuta>EUR</Valuta>
        <Antal>4800</Antal>
        <Nominellt_belopp />
        <Kurs_som_använts_vid_värdering_av_instrumentet>333.6</Kurs_som_använts_vid_värdering_av_instrumentet>
        <Valutakurs_instrument>11.12427</Valutakurs_instrument>
        <Marknadsvärde_instrument>17813071.11</Marknadsvärde_instrument>
        <Andel_av_fondförmögenhet_instrument>1.96</Andel_av_fondförmögenhet_instrument>
        <Bransch>
          <Branschkod_instrument>0</Branschkod_instrument>
          <Bransch_namn_instrument>Personal and Household Products and Services</Bransch_namn_instrument>
        </Bransch>
      </FinansielltInstrument>
      <FinansielltInstrument>
        <Tillgångsslag_enligt_LVF_5_kap>ÖverlåtbartVärdepapper</Tillgångsslag_enligt_LVF_5_kap>
        <Instrumentnamn>Schneider Electric SE</Instrumentnamn>
        <ISIN-kod_instrument>FR0000121972</ISIN-kod_instrument>
        <Landkod_Emittent>FR</Landkod_Emittent>
        <Valuta>EUR</Valuta>
        <Antal>16400</Antal>
        <Nominellt_belopp />
        <Kurs_som_använts_vid_värdering_av_instrumentet>130.72</Kurs_som_använts_vid_värdering_av_instrumentet>
        <Valutakurs_instrument>11.12427</Valutakurs_instrument>
        <Marknadsvärde_instrument>23848299.08</Marknadsvärde_instrument>
        <Andel_av_fondförmögenhet_instrument>2.62</Andel_av_fondförmögenhet_instrument>
        <Bransch>
          <Branschkod_instrument>0</Branschkod_instrument>
          <Bransch_namn_instrument>Industrial Goods</Bransch_namn_instrument>
        </Bransch>
      </FinansielltInstrument>
      <FinansielltInstrument>
        <Tillgångsslag_enligt_LVF_5_kap>ÖverlåtbartVärdepapper</Tillgångsslag_enligt_LVF_5_kap>
        <Instrumentnamn>AstraZeneca Plc</Instrumentnamn>
        <ISIN-kod_instrument>GB0009895292</ISIN-kod_instrument>
        <Landkod_Emittent>GB</Landkod_Emittent>
        <Valuta>SEK</Valuta>
        <Antal>12400</Antal>
        <Nominellt_belopp />
        <Kurs_som_använts_vid_värdering_av_instrumentet>1403.5</Kurs_som_använts_vid_värdering_av_instrumentet>
        <Valutakurs_instrument>1</Valutakurs_instrument>
        <Marknadsvärde_instrument>17403400</Marknadsvärde_instrument>
        <Andel_av_fondförmögenhet_instrument>1.92</Andel_av_fondförmögenhet_instrument>
        <Bransch>
          <Branschkod_instrument>0</Branschkod_instrument>
          <Bransch_namn_instrument>Pharmaceuticals and Medical Research</Bransch_namn_instrument>
        </Bransch>
      </FinansielltInstrument>
      <FinansielltInstrument>
        <Tillgångsslag_enligt_LVF_5_kap>ÖverlåtbartVärdepapper</Tillgångsslag_enligt_LVF_5_kap>
        <Instrumentnamn>Unilever Plc Reg</Instrumentnamn>
        <ISIN-kod_instrument>GB00B10RZP78</ISIN-kod_instrument>
        <Landkod_Emittent>GB</Landkod_Emittent>
        <Valuta>EUR</Valuta>
        <Antal>57743</Antal>
        <Nominellt_belopp />
        <Kurs_som_använts_vid_värdering_av_instrumentet>46.87</Kurs_som_använts_vid_värdering_av_instrumentet>
        <Valutakurs_instrument>11.12427</Valutakurs_instrument>
        <Marknadsvärde_instrument>30106884.71</Marknadsvärde_instrument>
        <Andel_av_fondförmögenhet_instrument>3.31</Andel_av_fondförmögenhet_instrument>
        <Bransch>
          <Branschkod_instrument>0</Branschkod_instrument>
          <Bransch_namn_instrument>Personal and Household Products and Services</Bransch_namn_instrument>
        </Bransch>
      </FinansielltInstrument>
      <FinansielltInstrument>
        <Tillgångsslag_enligt_LVF_5_kap>ÖverlåtbartVärdepapper</Tillgångsslag_enligt_LVF_5_kap>
        <Instrumentnamn>Reckitt Benckiser Group Plc</Instrumentnamn>
        <ISIN-kod_instrument>GB00B24CGK77</ISIN-kod_instrument>
        <Landkod_Emittent>GB</Landkod_Emittent>
        <Valuta>GBP</Valuta>
        <Antal>32800</Antal>
        <Nominellt_belopp />
        <Kurs_som_använts_vid_värdering_av_instrumentet>57.54</Kurs_som_använts_vid_värdering_av_instrumentet>
        <Valutakurs_instrument>12.53428</Valutakurs_instrument>
        <Marknadsvärde_instrument>23656094.58</Marknadsvärde_instrument>
        <Andel_av_fondförmögenhet_instrument>2.6</Andel_av_fondförmögenhet_instrument>
        <Bransch>
          <Branschkod_instrument>0</Branschkod_instrument>
          <Bransch_namn_instrument>Personal and Household Products and Services</Bransch_namn_instrument>
        </Bransch>
      </FinansielltInstrument>
      <FinansielltInstrument>
        <Tillgångsslag_enligt_LVF_5_kap>ÖverlåtbartVärdepapper</Tillgångsslag_enligt_LVF_5_kap>
        <Instrumentnamn>GSK Plc</Instrumentnamn>
        <ISIN-kod_instrument>GB00BN7SWP63</ISIN-kod_instrument>
        <Landkod_Emittent>GB</Landkod_Emittent>
        <Valuta>GBP</Valuta>
        <Antal>155800</Antal>
        <Nominellt_belopp />
        <Kurs_som_använts_vid_värdering_av_instrumentet>14.376</Kurs_som_använts_vid_värdering_av_instrumentet>
        <Valutakurs_instrument>12.53428</Valutakurs_instrument>
        <Marknadsvärde_instrument>28074036.75</Marknadsvärde_instrument>
        <Andel_av_fondförmögenhet_instrument>3.09</Andel_av_fondförmögenhet_instrument>
        <Bransch>
          <Branschkod_instrument>0</Branschkod_instrument>
          <Bransch_namn_instrument>Pharmaceuticals and Medical Research</Bransch_namn_instrument>
        </Bransch>
      </FinansielltInstrument>
      <FinansielltInstrument>
        <Tillgångsslag_enligt_LVF_5_kap>ÖverlåtbartVärdepapper</Tillgångsslag_enligt_LVF_5_kap>
        <Instrumentnamn>Check Point Software Tec Ltd</Instrumentnamn>
        <ISIN-kod_instrument>IL0010824113</ISIN-kod_instrument>
        <Landkod_Emittent>IL</Landkod_Emittent>
        <Valuta>USD</Valuta>
        <Antal>13600</Antal>
        <Nominellt_belopp />
        <Kurs_som_använts_vid_värdering_av_instrumentet>126.16</Kurs_som_använts_vid_värdering_av_instrumentet>
        <Valutakurs_instrument>10.42135</Valutakurs_instrument>
        <Marknadsvärde_instrument>17880702.18</Marknadsvärde_instrument>
        <Andel_av_fondförmögenhet_instrument>1.97</Andel_av_fondförmögenhet_instrument>
        <Bransch>
          <Branschkod_instrument>0</Branschkod_instrument>
          <Bransch_namn_instrument>Software and IT Services</Bransch_namn_instrument>
        </Bransch>
      </FinansielltInstrument>
      <FinansielltInstrument>
        <Tillgångsslag_enligt_LVF_5_kap>ÖverlåtbartVärdepapper</Tillgångsslag_enligt_LVF_5_kap>
        <Instrumentnamn>Olympus Corp</Instrumentnamn>
        <ISIN-kod_instrument>JP3201200007</ISIN-kod_instrument>
        <Landkod_Emittent>JP</Landkod_Emittent>
        <Valuta>JPY</Valuta>
        <Antal>70200</Antal>
        <Nominellt_belopp />
        <Kurs_som_använts_vid_värdering_av_instrumentet>2352</Kurs_som_använts_vid_värdering_av_instrumentet>
        <Valutakurs_instrument>.07899</Valutakurs_instrument>
        <Marknadsvärde_instrument>13041825.79</Marknadsvärde_instrument>
        <Andel_av_fondförmögenhet_instrument>1.44</Andel_av_fondförmögenhet_instrument>
        <Bransch>
          <Branschkod_instrument>0</Branschkod_instrument>
          <Bransch_namn_instrument>Healthcare Services and Equipment</Bransch_namn_instrument>
        </Bransch>
      </FinansielltInstrument>
      <FinansielltInstrument>
        <Tillgångsslag_enligt_LVF_5_kap>ÖverlåtbartVärdepapper</Tillgångsslag_enligt_LVF_5_kap>
        <Instrumentnamn>Shimano Inc</Instrumentnamn>
        <ISIN-kod_instrument>JP3358000002</ISIN-kod_instrument>
        <Landkod_Emittent>JP</Landkod_Emittent>
        <Valuta>JPY</Valuta>
        <Antal>8700</Antal>
        <Nominellt_belopp />
        <Kurs_som_använts_vid_värdering_av_instrumentet>20920</Kurs_som_använts_vid_värdering_av_instrumentet>
        <Valutakurs_instrument>.07899</Valutakurs_instrument>
        <Marknadsvärde_instrument>14376226.21</Marknadsvärde_instrument>
        <Andel_av_fondförmögenhet_instrument>1.58</Andel_av_fondförmögenhet_instrument>
        <Bransch>
          <Branschkod_instrument>0</Branschkod_instrument>
          <Bransch_namn_instrument>Cyclical Consumer Products</Bransch_namn_instrument>
        </Bransch>
      </FinansielltInstrument>
      <FinansielltInstrument>
        <Tillgångsslag_enligt_LVF_5_kap>ÖverlåtbartVärdepapper</Tillgångsslag_enligt_LVF_5_kap>
        <Instrumentnamn>Sony Group Corp</Instrumentnamn>
        <ISIN-kod_instrument>JP3435000009</ISIN-kod_instrument>
        <Landkod_Emittent>JP</Landkod_Emittent>
        <Valuta>JPY</Valuta>
        <Antal>29700</Antal>
        <Nominellt_belopp />
        <Kurs_som_använts_vid_värdering_av_instrumentet>10035</Kurs_som_använts_vid_värdering_av_instrumentet>
        <Valutakurs_instrument>.07899</Valutakurs_instrument>
        <Marknadsvärde_instrument>23541698.38</Marknadsvärde_instrument>
        <Andel_av_fondförmögenhet_instrument>2.59</Andel_av_fondförmögenhet_instrument>
        <Bransch>
          <Branschkod_instrument>0</Branschkod_instrument>
          <Bransch_namn_instrument>Technology Equipment</Bransch_namn_instrument>
        </Bransch>
      </FinansielltInstrument>
      <FinansielltInstrument>
        <Tillgångsslag_enligt_LVF_5_kap>ÖverlåtbartVärdepapper</Tillgångsslag_enligt_LVF_5_kap>
        <Instrumentnamn>Skanska AB B</Instrumentnamn>
        <ISIN-kod_instrument>SE0000113250</ISIN-kod_instrument>
        <Landkod_Emittent>SE</Landkod_Emittent>
        <Valuta>SEK</Valuta>
        <Antal>76000</Antal>
        <Nominellt_belopp />
        <Kurs_som_använts_vid_värdering_av_instrumentet>165</Kurs_som_använts_vid_värdering_av_instrumentet>
        <Valutakurs_instrument>1</Valutakurs_instrument>
        <Marknadsvärde_instrument>12540000</Marknadsvärde_instrument>
        <Andel_av_fondförmögenhet_instrument>1.38</Andel_av_fondförmögenhet_instrument>
        <Bransch>
          <Branschkod_instrument>0</Branschkod_instrument>
          <Bransch_namn_instrument>Industrial and Commercial Services</Bransch_namn_instrument>
        </Bransch>
      </FinansielltInstrument>
      <FinansielltInstrument>
        <Tillgångsslag_enligt_LVF_5_kap>ÖverlåtbartVärdepapper</Tillgångsslag_enligt_LVF_5_kap>
        <Instrumentnamn>Volvo AB B</Instrumentnamn>
        <ISIN-kod_instrument>SE0000115446</ISIN-kod_instrument>
        <Landkod_Emittent>SE</Landkod_Emittent>
        <Valuta>SEK</Valuta>
        <Antal>76100</Antal>
        <Nominellt_belopp />
        <Kurs_som_använts_vid_värdering_av_instrumentet>188.48</Kurs_som_använts_vid_värdering_av_instrumentet>
        <Valutakurs_instrument>1</Valutakurs_instrument>
        <Marknadsvärde_instrument>14343328</Marknadsvärde_instrument>
        <Andel_av_fondförmögenhet_instrument>1.58</Andel_av_fondförmögenhet_instrument>
        <Bransch>
          <Branschkod_instrument>0</Branschkod_instrument>
          <Bransch_namn_instrument>Industrial Goods</Bransch_namn_instrument>
        </Bransch>
      </FinansielltInstrument>
      <FinansielltInstrument>
        <Tillgångsslag_enligt_LVF_5_kap>ÖverlåtbartVärdepapper</Tillgångsslag_enligt_LVF_5_kap>
        <Instrumentnamn>NCC AB B</Instrumentnamn>
        <ISIN-kod_instrument>SE0000117970</ISIN-kod_instrument>
        <Landkod_Emittent>SE</Landkod_Emittent>
        <Valuta>SEK</Valuta>
        <Antal>56300</Antal>
        <Nominellt_belopp />
        <Kurs_som_använts_vid_värdering_av_instrumentet>97.25</Kurs_som_använts_vid_värdering_av_instrumentet>
        <Valutakurs_instrument>1</Valutakurs_instrument>
        <Marknadsvärde_instrument>5475175</Marknadsvärde_instrument>
        <Andel_av_fondförmögenhet_instrument>.6</Andel_av_fondförmögenhet_instrument>
        <Bransch>
          <Branschkod_instrument>0</Branschkod_instrument>
          <Bransch_namn_instrument>Industrial and Commercial Services</Bransch_namn_instrument>
        </Bransch>
      </FinansielltInstrument>
      <FinansielltInstrument>
        <Tillgångsslag_enligt_LVF_5_kap>ÖverlåtbartVärdepapper</Tillgångsslag_enligt_LVF_5_kap>
        <Instrumentnamn>SSAB AB B</Instrumentnamn>
        <ISIN-kod_instrument>SE0000120669</ISIN-kod_instrument>
        <Landkod_Emittent>SE</Landkod_Emittent>
        <Valuta>SEK</Valuta>
        <Antal>193600</Antal>
        <Nominellt_belopp />
        <Kurs_som_använts_vid_värdering_av_instrumentet>54.2</Kurs_som_använts_vid_värdering_av_instrumentet>
        <Valutakurs_instrument>1</Valutakurs_instrument>
        <Marknadsvärde_instrument>10493120</Marknadsvärde_instrument>
        <Andel_av_fondförmögenhet_instrument>1.15</Andel_av_fondförmögenhet_instrument>
        <Bransch>
          <Branschkod_instrument>0</Branschkod_instrument>
          <Bransch_namn_instrument>Mineral Resources</Bransch_namn_instrument>
        </Bransch>
      </FinansielltInstrument>
      <FinansielltInstrument>
        <Tillgångsslag_enligt_LVF_5_kap>ÖverlåtbartVärdepapper</Tillgångsslag_enligt_LVF_5_kap>
        <Instrumentnamn>Skandinavi Enskil Bank AB Stoc A</Instrumentnamn>
        <ISIN-kod_instrument>SE0000148884</ISIN-kod_instrument>
        <Landkod_Emittent>SE</Landkod_Emittent>
        <Valuta>SEK</Valuta>
        <Antal>138700</Antal>
        <Nominellt_belopp />
        <Kurs_som_använts_vid_värdering_av_instrumentet>119.95</Kurs_som_använts_vid_värdering_av_instrumentet>
        <Valutakurs_instrument>1</Valutakurs_instrument>
        <Marknadsvärde_instrument>16637065</Marknadsvärde_instrument>
        <Andel_av_fondförmögenhet_instrument>1.83</Andel_av_fondförmögenhet_instrument>
        <Bransch>
          <Branschkod_instrument>0</Branschkod_instrument>
          <Bransch_namn_instrument>Banking and Investment Services</Bransch_namn_instrument>
        </Bransch>
      </FinansielltInstrument>
      <FinansielltInstrument>
        <Tillgångsslag_enligt_LVF_5_kap>ÖverlåtbartVärdepapper</Tillgångsslag_enligt_LVF_5_kap>
        <Instrumentnamn>Atrium Ljungberg B</Instrumentnamn>
        <ISIN-kod_instrument>SE0000191827</ISIN-kod_instrument>
        <Landkod_Emittent>SE</Landkod_Emittent>
        <Valuta>SEK</Valuta>
        <Antal>46698</Antal>
        <Nominellt_belopp />
        <Kurs_som_använts_vid_värdering_av_instrumentet>170.9</Kurs_som_använts_vid_värdering_av_instrumentet>
        <Valutakurs_instrument>1</Valutakurs_instrument>
        <Marknadsvärde_instrument>7980688.2</Marknadsvärde_instrument>
        <Andel_av_fondförmögenhet_instrument>.88</Andel_av_fondförmögenhet_instrument>
        <Bransch>
          <Branschkod_instrument>0</Branschkod_instrument>
          <Bransch_namn_instrument>Real Estate</Bransch_namn_instrument>
        </Bransch>
      </FinansielltInstrument>
      <FinansielltInstrument>
        <Tillgångsslag_enligt_LVF_5_kap>ÖverlåtbartVärdepapper</Tillgångsslag_enligt_LVF_5_kap>
        <Instrumentnamn>Getinge AB B</Instrumentnamn>
        <ISIN-kod_instrument>SE0000202624</ISIN-kod_instrument>
        <Landkod_Emittent>SE</Landkod_Emittent>
        <Valuta>SEK</Valuta>
        <Antal>50000</Antal>
        <Nominellt_belopp />
        <Kurs_som_använts_vid_värdering_av_instrumentet>216.3</Kurs_som_använts_vid_värdering_av_instrumentet>
        <Valutakurs_instrument>1</Valutakurs_instrument>
        <Marknadsvärde_instrument>10815000</Marknadsvärde_instrument>
        <Andel_av_fondförmögenhet_instrument>1.19</Andel_av_fondförmögenhet_instrument>
        <Bransch>
          <Branschkod_instrument>0</Branschkod_instrument>
          <Bransch_namn_instrument>Healthcare Services and Equipment</Bransch_namn_instrument>
        </Bransch>
      </FinansielltInstrument>
      <FinansielltInstrument>
        <Tillgångsslag_enligt_LVF_5_kap>ÖverlåtbartVärdepapper</Tillgångsslag_enligt_LVF_5_kap>
        <Instrumentnamn>Alfa Laval AB</Instrumentnamn>
        <ISIN-kod_instrument>SE0000695876</ISIN-kod_instrument>
        <Landkod_Emittent>SE</Landkod_Emittent>
        <Valuta>SEK</Valuta>
        <Antal>51700</Antal>
        <Nominellt_belopp />
        <Kurs_som_använts_vid_värdering_av_instrumentet>301.1</Kurs_som_använts_vid_värdering_av_instrumentet>
        <Valutakurs_instrument>1</Valutakurs_instrument>
        <Marknadsvärde_instrument>15566870</Marknadsvärde_instrument>
        <Andel_av_fondförmögenhet_instrument>1.71</Andel_av_fondförmögenhet_instrument>
        <Bransch>
          <Branschkod_instrument>0</Branschkod_instrument>
          <Bransch_namn_instrument>Industrial Goods</Bransch_namn_instrument>
        </Bransch>
      </FinansielltInstrument>
      <FinansielltInstrument>
        <Tillgångsslag_enligt_LVF_5_kap>ÖverlåtbartVärdepapper</Tillgångsslag_enligt_LVF_5_kap>
        <Instrumentnamn>Lindab Intl AB</Instrumentnamn>
        <ISIN-kod_instrument>SE0001852419</ISIN-kod_instrument>
        <Landkod_Emittent>SE</Landkod_Emittent>
        <Valuta>SEK</Valuta>
        <Antal>56838</Antal>
        <Nominellt_belopp />
        <Kurs_som_använts_vid_värdering_av_instrumentet>127.4</Kurs_som_använts_vid_värdering_av_instrumentet>
        <Valutakurs_instrument>1</Valutakurs_instrument>
        <Marknadsvärde_instrument>7241161.2</Marknadsvärde_instrument>
        <Andel_av_fondförmögenhet_instrument>.8</Andel_av_fondförmögenhet_instrument>
        <Bransch>
          <Branschkod_instrument>0</Branschkod_instrument>
          <Bransch_namn_instrument>Industrial Goods</Bransch_namn_instrument>
        </Bransch>
      </FinansielltInstrument>
      <FinansielltInstrument>
        <Tillgångsslag_enligt_LVF_5_kap>ÖverlåtbartVärdepapper</Tillgångsslag_enligt_LVF_5_kap>
        <Instrumentnamn>Inwido AB</Instrumentnamn>
        <ISIN-kod_instrument>SE0006220018</ISIN-kod_instrument>
        <Landkod_Emittent>SE</Landkod_Emittent>
        <Valuta>SEK</Valuta>
        <Antal>59600</Antal>
        <Nominellt_belopp />
        <Kurs_som_använts_vid_värdering_av_instrumentet>110.7</Kurs_som_använts_vid_värdering_av_instrumentet>
        <Valutakurs_instrument>1</Valutakurs_instrument>
        <Marknadsvärde_instrument>6597720</Marknadsvärde_instrument>
        <Andel_av_fondförmögenhet_instrument>.73</Andel_av_fondförmögenhet_instrument>
        <Bransch>
          <Branschkod_instrument>0</Branschkod_instrument>
          <Bransch_namn_instrument>Cyclical Consumer Products</Bransch_namn_instrument>
        </Bransch>
      </FinansielltInstrument>
      <FinansielltInstrument>
        <Tillgångsslag_enligt_LVF_5_kap>ÖverlåtbartVärdepapper</Tillgångsslag_enligt_LVF_5_kap>
        <Instrumentnamn>Munters Group AB B Reg</Instrumentnamn>
        <ISIN-kod_instrument>SE0009806607</ISIN-kod_instrument>
        <Landkod_Emittent>SE</Landkod_Emittent>
        <Valuta>SEK</Valuta>
        <Antal>62900</Antal>
        <Nominellt_belopp />
        <Kurs_som_använts_vid_värdering_av_instrumentet>102.9</Kurs_som_använts_vid_värdering_av_instrumentet>
        <Valutakurs_instrument>1</Valutakurs_instrument>
        <Marknadsvärde_instrument>6472410</Marknadsvärde_instrument>
        <Andel_av_fondförmögenhet_instrument>.71</Andel_av_fondförmögenhet_instrument>
        <Bransch>
          <Branschkod_instrument>0</Branschkod_instrument>
          <Bransch_namn_instrument>Industrial and Commercial Services</Bransch_namn_instrument>
        </Bransch>
      </FinansielltInstrument>
      <FinansielltInstrument>
        <Tillgångsslag_enligt_LVF_5_kap>ÖverlåtbartVärdepapper</Tillgångsslag_enligt_LVF_5_kap>
        <Instrumentnamn>Essity AB B Reg</Instrumentnamn>
        <ISIN-kod_instrument>SE0009922164</ISIN-kod_instrument>
        <Landkod_Emittent>SE</Landkod_Emittent>
        <Valuta>SEK</Valuta>
        <Antal>58125</Antal>
        <Nominellt_belopp />
        <Kurs_som_använts_vid_värdering_av_instrumentet>273.3</Kurs_som_använts_vid_värdering_av_instrumentet>
        <Valutakurs_instrument>1</Valutakurs_instrument>
        <Marknadsvärde_instrument>15885562.5</Marknadsvärde_instrument>
        <Andel_av_fondförmögenhet_instrument>1.75</Andel_av_fondförmögenhet_instrument>
        <Bransch>
          <Branschkod_instrument>0</Branschkod_instrument>
          <Bransch_namn_instrument>Personal and Household Products and Services</Bransch_namn_instrument>
        </Bransch>
      </FinansielltInstrument>
      <FinansielltInstrument>
        <Tillgångsslag_enligt_LVF_5_kap>ÖverlåtbartVärdepapper</Tillgångsslag_enligt_LVF_5_kap>
        <Instrumentnamn>Holmen AB Reg B</Instrumentnamn>
        <ISIN-kod_instrument>SE0011090018</ISIN-kod_instrument>
        <Landkod_Emittent>SE</Landkod_Emittent>
        <Valuta>SEK</Valuta>
        <Antal>28945</Antal>
        <Nominellt_belopp />
        <Kurs_som_använts_vid_värdering_av_instrumentet>413.9</Kurs_som_använts_vid_värdering_av_instrumentet>
        <Valutakurs_instrument>1</Valutakurs_instrument>
        <Marknadsvärde_instrument>11980335.5</Marknadsvärde_instrument>
        <Andel_av_fondförmögenhet_instrument>1.32</Andel_av_fondförmögenhet_instrument>
        <Bransch>
          <Branschkod_instrument>0</Branschkod_instrument>
          <Bransch_namn_instrument>Applied Resources</Bransch_namn_instrument>
        </Bransch>
      </FinansielltInstrument>
      <FinansielltInstrument>
        <Tillgångsslag_enligt_LVF_5_kap>ÖverlåtbartVärdepapper</Tillgångsslag_enligt_LVF_5_kap>
        <Instrumentnamn>Nederman Holding AB Reg</Instrumentnamn>
        <ISIN-kod_instrument>SE0011204510</ISIN-kod_instrument>
        <Landkod_Emittent>SE</Landkod_Emittent>
        <Valuta>SEK</Valuta>
        <Antal>17771</Antal>
        <Nominellt_belopp />
        <Kurs_som_använts_vid_värdering_av_instrumentet>172.4</Kurs_som_använts_vid_värdering_av_instrumentet>
        <Valutakurs_instrument>1</Valutakurs_instrument>
        <Marknadsvärde_instrument>3063720.4</Marknadsvärde_instrument>
        <Andel_av_fondförmögenhet_instrument>.34</Andel_av_fondförmögenhet_instrument>
        <Bransch>
          <Branschkod_instrument>0</Branschkod_instrument>
          <Bransch_namn_instrument>Industrial and Commercial Services</Bransch_namn_instrument>
        </Bransch>
      </FinansielltInstrument>
      <FinansielltInstrument>
        <Tillgångsslag_enligt_LVF_5_kap>ÖverlåtbartVärdepapper</Tillgångsslag_enligt_LVF_5_kap>
        <Instrumentnamn>Sweco AB B Reg</Instrumentnamn>
        <ISIN-kod_instrument>SE0014960373</ISIN-kod_instrument>
        <Landkod_Emittent>SE</Landkod_Emittent>
        <Valuta>SEK</Valuta>
        <Antal>102700</Antal>
        <Nominellt_belopp />
        <Kurs_som_använts_vid_värdering_av_instrumentet>99.85</Kurs_som_använts_vid_värdering_av_instrumentet>
        <Valutakurs_instrument>1</Valutakurs_instrument>
        <Marknadsvärde_instrument>10254595</Marknadsvärde_instrument>
        <Andel_av_fondförmögenhet_instrument>1.13</Andel_av_fondförmögenhet_instrument>
        <Bransch>
          <Branschkod_instrument>0</Branschkod_instrument>
          <Bransch_namn_instrument>Industrial and Commercial Services</Bransch_namn_instrument>
        </Bransch>
      </FinansielltInstrument>
      <FinansielltInstrument>
        <Tillgångsslag_enligt_LVF_5_kap>ÖverlåtbartVärdepapper</Tillgångsslag_enligt_LVF_5_kap>
        <Instrumentnamn>ReNewCell AB Reg</Instrumentnamn>
        <ISIN-kod_instrument>SE0014960431</ISIN-kod_instrument>
        <Landkod_Emittent>SE</Landkod_Emittent>
        <Valuta>SEK</Valuta>
        <Antal>31234</Antal>
        <Nominellt_belopp />
        <Kurs_som_använts_vid_värdering_av_instrumentet>72.9</Kurs_som_använts_vid_värdering_av_instrumentet>
        <Valutakurs_instrument>1</Valutakurs_instrument>
        <Marknadsvärde_instrument>2276958.6</Marknadsvärde_instrument>
        <Andel_av_fondförmögenhet_instrument>.25</Andel_av_fondförmögenhet_instrument>
        <Bransch>
          <Branschkod_instrument>0</Branschkod_instrument>
          <Bransch_namn_instrument>Chemicals</Bransch_namn_instrument>
        </Bransch>
      </FinansielltInstrument>
      <FinansielltInstrument>
        <Tillgångsslag_enligt_LVF_5_kap>ÖverlåtbartVärdepapper</Tillgångsslag_enligt_LVF_5_kap>
        <Instrumentnamn>Annehem Fastigheter AB</Instrumentnamn>
        <ISIN-kod_instrument>SE0015221684</ISIN-kod_instrument>
        <Landkod_Emittent>SE</Landkod_Emittent>
        <Valuta>SEK</Valuta>
        <Antal>133143</Antal>
        <Nominellt_belopp />
        <Kurs_som_använts_vid_värdering_av_instrumentet>19.8</Kurs_som_använts_vid_värdering_av_instrumentet>
        <Valutakurs_instrument>1</Valutakurs_instrument>
        <Marknadsvärde_instrument>2636231.4</Marknadsvärde_instrument>
        <Andel_av_fondförmögenhet_instrument>.29</Andel_av_fondförmögenhet_instrument>
        <Bransch>
          <Branschkod_instrument>0</Branschkod_instrument>
          <Bransch_namn_instrument>Real Estate</Bransch_namn_instrument>
        </Bransch>
      </FinansielltInstrument>
      <FinansielltInstrument>
        <Tillgångsslag_enligt_LVF_5_kap>ÖverlåtbartVärdepapper</Tillgångsslag_enligt_LVF_5_kap>
        <Instrumentnamn>Hexagon AB</Instrumentnamn>
        <ISIN-kod_instrument>SE0015961909</ISIN-kod_instrument>
        <Landkod_Emittent>SE</Landkod_Emittent>
        <Valuta>SEK</Valuta>
        <Antal>134700</Antal>
        <Nominellt_belopp />
        <Kurs_som_använts_vid_värdering_av_instrumentet>109</Kurs_som_använts_vid_värdering_av_instrumentet>
        <Valutakurs_instrument>1</Valutakurs_instrument>
        <Marknadsvärde_instrument>14682300</Marknadsvärde_instrument>
        <Andel_av_fondförmögenhet_instrument>1.62</Andel_av_fondförmögenhet_instrument>
        <Bransch>
          <Branschkod_instrument>0</Branschkod_instrument>
          <Bransch_namn_instrument>Technology Equipment</Bransch_namn_instrument>
        </Bransch>
      </FinansielltInstrument>
      <FinansielltInstrument>
        <Tillgångsslag_enligt_LVF_5_kap>ÖverlåtbartVärdepapper</Tillgångsslag_enligt_LVF_5_kap>
        <Instrumentnamn>Nibe Industrier AB</Instrumentnamn>
        <ISIN-kod_instrument>SE0015988019</ISIN-kod_instrument>
        <Landkod_Emittent>SE</Landkod_Emittent>
        <Valuta>SEK</Valuta>
        <Antal>107834</Antal>
        <Nominellt_belopp />
        <Kurs_som_använts_vid_värdering_av_instrumentet>97.1</Kurs_som_använts_vid_värdering_av_instrumentet>
        <Valutakurs_instrument>1</Valutakurs_instrument>
        <Marknadsvärde_instrument>10470681.4</Marknadsvärde_instrument>
        <Andel_av_fondförmögenhet_instrument>1.15</Andel_av_fondförmögenhet_instrument>
        <Bransch>
          <Branschkod_instrument>0</Branschkod_instrument>
          <Bransch_namn_instrument>Industrial Goods</Bransch_namn_instrument>
        </Bransch>
      </FinansielltInstrument>
      <FinansielltInstrument>
        <Tillgångsslag_enligt_LVF_5_kap>ÖverlåtbartVärdepapper</Tillgångsslag_enligt_LVF_5_kap>
        <Instrumentnamn>OX2 AB</Instrumentnamn>
        <ISIN-kod_instrument>SE0016075337</ISIN-kod_instrument>
        <Landkod_Emittent>SE</Landkod_Emittent>
        <Valuta>SEK</Valuta>
        <Antal>96437</Antal>
        <Nominellt_belopp />
        <Kurs_som_använts_vid_värdering_av_instrumentet>87.95</Kurs_som_använts_vid_värdering_av_instrumentet>
        <Valutakurs_instrument>1</Valutakurs_instrument>
        <Marknadsvärde_instrument>8481634.15</Marknadsvärde_instrument>
        <Andel_av_fondförmögenhet_instrument>.93</Andel_av_fondförmögenhet_instrument>
        <Bransch>
          <Branschkod_instrument>0</Branschkod_instrument>
          <Bransch_namn_instrument>Renewable Energy</Bransch_namn_instrument>
        </Bransch>
      </FinansielltInstrument>
      <FinansielltInstrument>
        <Tillgångsslag_enligt_LVF_5_kap>ÖverlåtbartVärdepapper</Tillgångsslag_enligt_LVF_5_kap>
        <Instrumentnamn>Electrolux AB</Instrumentnamn>
        <ISIN-kod_instrument>SE0016589188</ISIN-kod_instrument>
        <Landkod_Emittent>SE</Landkod_Emittent>
        <Valuta>SEK</Valuta>
        <Antal>55900</Antal>
        <Nominellt_belopp />
        <Kurs_som_använts_vid_värdering_av_instrumentet>140.78</Kurs_som_använts_vid_värdering_av_instrumentet>
        <Valutakurs_instrument>1</Valutakurs_instrument>
        <Marknadsvärde_instrument>7869602</Marknadsvärde_instrument>
        <Andel_av_fondförmögenhet_instrument>.87</Andel_av_fondförmögenhet_instrument>
        <Bransch>
          <Branschkod_instrument>0</Branschkod_instrument>
          <Bransch_namn_instrument>Cyclical Consumer Products</Bransch_namn_instrument>
        </Bransch>
      </FinansielltInstrument>
      <FinansielltInstrument>
        <Tillgångsslag_enligt_LVF_5_kap>ÖverlåtbartVärdepapper</Tillgångsslag_enligt_LVF_5_kap>
        <Instrumentnamn>Systemair AB</Instrumentnamn>
        <ISIN-kod_instrument>SE0016609499</ISIN-kod_instrument>
        <Landkod_Emittent>SE</Landkod_Emittent>
        <Valuta>SEK</Valuta>
        <Antal>105100</Antal>
        <Nominellt_belopp />
        <Kurs_som_använts_vid_värdering_av_instrumentet>71.8</Kurs_som_använts_vid_värdering_av_instrumentet>
        <Valutakurs_instrument>1</Valutakurs_instrument>
        <Marknadsvärde_instrument>7546180</Marknadsvärde_instrument>
        <Andel_av_fondförmögenhet_instrument>.83</Andel_av_fondförmögenhet_instrument>
        <Bransch>
          <Branschkod_instrument>0</Branschkod_instrument>
          <Bransch_namn_instrument>Industrial Goods</Bransch_namn_instrument>
        </Bransch>
      </FinansielltInstrument>
      <FinansielltInstrument>
        <Tillgångsslag_enligt_LVF_5_kap>ÖverlåtbartVärdepapper</Tillgångsslag_enligt_LVF_5_kap>
        <Instrumentnamn>Atlas Copco B REG</Instrumentnamn>
        <ISIN-kod_instrument>SE0017486897</ISIN-kod_instrument>
        <Landkod_Emittent>SE</Landkod_Emittent>
        <Valuta>SEK</Valuta>
        <Antal>145600</Antal>
        <Nominellt_belopp />
        <Kurs_som_använts_vid_värdering_av_instrumentet>111.1</Kurs_som_använts_vid_värdering_av_instrumentet>
        <Valutakurs_instrument>1</Valutakurs_instrument>
        <Marknadsvärde_instrument>16176160</Marknadsvärde_instrument>
        <Andel_av_fondförmögenhet_instrument>1.78</Andel_av_fondförmögenhet_instrument>
        <Bransch>
          <Branschkod_instrument>0</Branschkod_instrument>
          <Bransch_namn_instrument>Industrial Goods</Bransch_namn_instrument>
        </Bransch>
      </FinansielltInstrument>
      <FinansielltInstrument>
        <Tillgångsslag_enligt_LVF_5_kap>ÖverlåtbartVärdepapper</Tillgångsslag_enligt_LVF_5_kap>
        <Instrumentnamn>Adobe Inc Reg</Instrumentnamn>
        <ISIN-kod_instrument>US00724F1012</ISIN-kod_instrument>
        <Landkod_Emittent>US</Landkod_Emittent>
        <Valuta>USD</Valuta>
        <Antal>6800</Antal>
        <Nominellt_belopp />
        <Kurs_som_använts_vid_värdering_av_instrumentet>336.53</Kurs_som_använts_vid_värdering_av_instrumentet>
        <Valutakurs_instrument>10.42135</Valutakurs_instrument>
        <Marknadsvärde_instrument>23848258.98</Marknadsvärde_instrument>
        <Andel_av_fondförmögenhet_instrument>2.62</Andel_av_fondförmögenhet_instrument>
        <Bransch>
          <Branschkod_instrument>0</Branschkod_instrument>
          <Bransch_namn_instrument>Software and IT Services</Bransch_namn_instrument>
        </Bransch>
      </FinansielltInstrument>
      <FinansielltInstrument>
        <Tillgångsslag_enligt_LVF_5_kap>ÖverlåtbartVärdepapper</Tillgångsslag_enligt_LVF_5_kap>
        <Instrumentnamn>Alphabet Inc A</Instrumentnamn>
        <ISIN-kod_instrument>US02079K3059</ISIN-kod_instrument>
        <Landkod_Emittent>US</Landkod_Emittent>
        <Valuta>USD</Valuta>
        <Antal>36600</Antal>
        <Nominellt_belopp />
        <Kurs_som_använts_vid_värdering_av_instrumentet>88.23</Kurs_som_använts_vid_värdering_av_instrumentet>
        <Valutakurs_instrument>10.42135</Valutakurs_instrument>
        <Marknadsvärde_instrument>33652810.94</Marknadsvärde_instrument>
        <Andel_av_fondförmögenhet_instrument>3.7</Andel_av_fondförmögenhet_instrument>
        <Bransch>
          <Branschkod_instrument>0</Branschkod_instrument>
          <Bransch_namn_instrument>Software and IT Services</Bransch_namn_instrument>
        </Bransch>
      </FinansielltInstrument>
      <FinansielltInstrument>
        <Tillgångsslag_enligt_LVF_5_kap>ÖverlåtbartVärdepapper</Tillgångsslag_enligt_LVF_5_kap>
        <Instrumentnamn>Apple Inc Reg</Instrumentnamn>
        <ISIN-kod_instrument>US0378331005</ISIN-kod_instrument>
        <Landkod_Emittent>US</Landkod_Emittent>
        <Valuta>USD</Valuta>
        <Antal>16100</Antal>
        <Nominellt_belopp />
        <Kurs_som_använts_vid_värdering_av_instrumentet>129.93</Kurs_som_använts_vid_värdering_av_instrumentet>
        <Valutakurs_instrument>10.42135</Valutakurs_instrument>
        <Marknadsvärde_instrument>21800140.65</Marknadsvärde_instrument>
        <Andel_av_fondförmögenhet_instrument>2.4</Andel_av_fondförmögenhet_instrument>
        <Bransch>
          <Branschkod_instrument>0</Branschkod_instrument>
          <Bransch_namn_instrument>Technology Equipment</Bransch_namn_instrument>
        </Bransch>
      </FinansielltInstrument>
      <FinansielltInstrument>
        <Tillgångsslag_enligt_LVF_5_kap>ÖverlåtbartVärdepapper</Tillgångsslag_enligt_LVF_5_kap>
        <Instrumentnamn>BlackRock Inc</Instrumentnamn>
        <ISIN-kod_instrument>US09247X1019</ISIN-kod_instrument>
        <Landkod_Emittent>US</Landkod_Emittent>
        <Valuta>USD</Valuta>
        <Antal>3300</Antal>
        <Nominellt_belopp />
        <Kurs_som_använts_vid_värdering_av_instrumentet>708.63</Kurs_som_använts_vid_värdering_av_instrumentet>
        <Valutakurs_instrument>10.42135</Valutakurs_instrument>
        <Marknadsvärde_instrument>24370108.08</Marknadsvärde_instrument>
        <Andel_av_fondförmögenhet_instrument>2.68</Andel_av_fondförmögenhet_instrument>
        <Bransch>
          <Branschkod_instrument>0</Branschkod_instrument>
          <Bransch_namn_instrument>Banking and Investment Services</Bransch_namn_instrument>
        </Bransch>
      </FinansielltInstrument>
      <FinansielltInstrument>
        <Tillgångsslag_enligt_LVF_5_kap>ÖverlåtbartVärdepapper</Tillgångsslag_enligt_LVF_5_kap>
        <Instrumentnamn>Bristol Myers Squibb Co</Instrumentnamn>
        <ISIN-kod_instrument>US1101221083</ISIN-kod_instrument>
        <Landkod_Emittent>US</Landkod_Emittent>
        <Valuta>USD</Valuta>
        <Antal>29600</Antal>
        <Nominellt_belopp />
        <Kurs_som_använts_vid_värdering_av_instrumentet>71.95</Kurs_som_använts_vid_värdering_av_instrumentet>
        <Valutakurs_instrument>10.42135</Valutakurs_instrument>
        <Marknadsvärde_instrument>22194557.48</Marknadsvärde_instrument>
        <Andel_av_fondförmögenhet_instrument>2.44</Andel_av_fondförmögenhet_instrument>
        <Bransch>
          <Branschkod_instrument>0</Branschkod_instrument>
          <Bransch_namn_instrument>Pharmaceuticals and Medical Research</Bransch_namn_instrument>
        </Bransch>
      </FinansielltInstrument>
      <FinansielltInstrument>
        <Tillgångsslag_enligt_LVF_5_kap>ÖverlåtbartVärdepapper</Tillgångsslag_enligt_LVF_5_kap>
        <Instrumentnamn>Deere and Co</Instrumentnamn>
        <ISIN-kod_instrument>US2441991054</ISIN-kod_instrument>
        <Landkod_Emittent>US</Landkod_Emittent>
        <Valuta>USD</Valuta>
        <Antal>5800</Antal>
        <Nominellt_belopp />
        <Kurs_som_använts_vid_värdering_av_instrumentet>428.76</Kurs_som_använts_vid_värdering_av_instrumentet>
        <Valutakurs_instrument>10.42135</Valutakurs_instrument>
        <Marknadsvärde_instrument>25915896.5</Marknadsvärde_instrument>
        <Andel_av_fondförmögenhet_instrument>2.85</Andel_av_fondförmögenhet_instrument>
        <Bransch>
          <Branschkod_instrument>0</Branschkod_instrument>
          <Bransch_namn_instrument>Industrial Goods</Bransch_namn_instrument>
        </Bransch>
      </FinansielltInstrument>
      <FinansielltInstrument>
        <Tillgångsslag_enligt_LVF_5_kap>ÖverlåtbartVärdepapper</Tillgångsslag_enligt_LVF_5_kap>
        <Instrumentnamn>Merck &amp; Co Inc</Instrumentnamn>
        <ISIN-kod_instrument>US58933Y1055</ISIN-kod_instrument>
        <Landkod_Emittent>US</Landkod_Emittent>
        <Valuta>USD</Valuta>
        <Antal>26242</Antal>
        <Nominellt_belopp />
        <Kurs_som_använts_vid_värdering_av_instrumentet>110.95</Kurs_som_använts_vid_värdering_av_instrumentet>
        <Valutakurs_instrument>10.42135</Valutakurs_instrument>
        <Marknadsvärde_instrument>30342280.49</Marknadsvärde_instrument>
        <Andel_av_fondförmögenhet_instrument>3.34</Andel_av_fondförmögenhet_instrument>
        <Bransch>
          <Branschkod_instrument>0</Branschkod_instrument>
          <Bransch_namn_instrument>Pharmaceuticals and Medical Research</Bransch_namn_instrument>
        </Bransch>
      </FinansielltInstrument>
      <FinansielltInstrument>
        <Tillgångsslag_enligt_LVF_5_kap>ÖverlåtbartVärdepapper</Tillgångsslag_enligt_LVF_5_kap>
        <Instrumentnamn>Microsoft Corp</Instrumentnamn>
        <ISIN-kod_instrument>US5949181045</ISIN-kod_instrument>
        <Landkod_Emittent>US</Landkod_Emittent>
        <Valuta>USD</Valuta>
        <Antal>11800</Antal>
        <Nominellt_belopp />
        <Kurs_som_använts_vid_värdering_av_instrumentet>239.82</Kurs_som_använts_vid_värdering_av_instrumentet>
        <Valutakurs_instrument>10.42135</Valutakurs_instrument>
        <Marknadsvärde_instrument>29491128.2</Marknadsvärde_instrument>
        <Andel_av_fondförmögenhet_instrument>3.25</Andel_av_fondförmögenhet_instrument>
        <Bransch>
          <Branschkod_instrument>0</Branschkod_instrument>
          <Bransch_namn_instrument>Software and IT Services</Bransch_namn_instrument>
        </Bransch>
      </FinansielltInstrument>
      <FinansielltInstrument>
        <Tillgångsslag_enligt_LVF_5_kap>ÖverlåtbartVärdepapper</Tillgångsslag_enligt_LVF_5_kap>
        <Instrumentnamn>Pepsico Inc</Instrumentnamn>
        <ISIN-kod_instrument>US7134481081</ISIN-kod_instrument>
        <Landkod_Emittent>US</Landkod_Emittent>
        <Valuta>USD</Valuta>
        <Antal>12600</Antal>
        <Nominellt_belopp />
        <Kurs_som_använts_vid_värdering_av_instrumentet>180.66</Kurs_som_använts_vid_värdering_av_instrumentet>
        <Valutakurs_instrument>10.42135</Valutakurs_instrument>
        <Marknadsvärde_instrument>23722285.7</Marknadsvärde_instrument>
        <Andel_av_fondförmögenhet_instrument>2.61</Andel_av_fondförmögenhet_instrument>
        <Bransch>
          <Branschkod_instrument>0</Branschkod_instrument>
          <Bransch_namn_instrument>Food and Beverages</Bransch_namn_instrument>
        </Bransch>
      </FinansielltInstrument>
      <FinansielltInstrument>
        <Tillgångsslag_enligt_LVF_5_kap>ÖverlåtbartVärdepapper</Tillgångsslag_enligt_LVF_5_kap>
        <Instrumentnamn>Pfizer Inc</Instrumentnamn>
        <ISIN-kod_instrument>US7170811035</ISIN-kod_instrument>
        <Landkod_Emittent>US</Landkod_Emittent>
        <Valuta>USD</Valuta>
        <Antal>33200</Antal>
        <Nominellt_belopp />
        <Kurs_som_använts_vid_värdering_av_instrumentet>51.24</Kurs_som_använts_vid_värdering_av_instrumentet>
        <Valutakurs_instrument>10.42135</Valutakurs_instrument>
        <Marknadsvärde_instrument>17728467.1</Marknadsvärde_instrument>
        <Andel_av_fondförmögenhet_instrument>1.95</Andel_av_fondförmögenhet_instrument>
        <Bransch>
          <Branschkod_instrument>0</Branschkod_instrument>
          <Bransch_namn_instrument>Pharmaceuticals and Medical Research</Bransch_namn_instrument>
        </Bransch>
      </FinansielltInstrument>
      <FinansielltInstrument>
        <Tillgångsslag_enligt_LVF_5_kap>ÖverlåtbartVärdepapper</Tillgångsslag_enligt_LVF_5_kap>
        <Instrumentnamn>Charles Schwab Corp</Instrumentnamn>
        <ISIN-kod_instrument>US8085131055</ISIN-kod_instrument>
        <Landkod_Emittent>US</Landkod_Emittent>
        <Valuta>USD</Valuta>
        <Antal>21200</Antal>
        <Nominellt_belopp />
        <Kurs_som_använts_vid_värdering_av_instrumentet>83.26</Kurs_som_använts_vid_värdering_av_instrumentet>
        <Valutakurs_instrument>10.42135</Valutakurs_instrument>
        <Marknadsvärde_instrument>18394849.91</Marknadsvärde_instrument>
        <Andel_av_fondförmögenhet_instrument>2.02</Andel_av_fondförmögenhet_instrument>
        <Bransch>
          <Branschkod_instrument>0</Branschkod_instrument>
          <Bransch_namn_instrument>Banking and Investment Services</Bransch_namn_instrument>
        </Bransch>
      </FinansielltInstrument>
      <FinansielltInstrument>
        <Tillgångsslag_enligt_LVF_5_kap>ÖverlåtbartVärdepapper</Tillgångsslag_enligt_LVF_5_kap>
        <Instrumentnamn>Taiwan Semiconduct Mfg Co Ltd ADR repr 5 Shares</Instrumentnamn>
        <ISIN-kod_instrument>US8740391003</ISIN-kod_instrument>
        <Landkod_Emittent>TW</Landkod_Emittent>
        <Valuta>USD</Valuta>
        <Antal>28500</Antal>
        <Nominellt_belopp />
        <Kurs_som_använts_vid_värdering_av_instrumentet>74.49</Kurs_som_använts_vid_värdering_av_instrumentet>
        <Valutakurs_instrument>10.42135</Valutakurs_instrument>
        <Marknadsvärde_instrument>22124161.26</Marknadsvärde_instrument>
        <Andel_av_fondförmögenhet_instrument>2.43</Andel_av_fondförmögenhet_instrument>
        <Bransch>
          <Branschkod_instrument>0</Branschkod_instrument>
          <Bransch_namn_instrument>Technology Equipment</Bransch_namn_instrument>
        </Bransch>
      </FinansielltInstrument>
      <FinansielltInstrument>
        <Tillgångsslag_enligt_LVF_5_kap>ÖverlåtbartVärdepapper</Tillgångsslag_enligt_LVF_5_kap>
        <Instrumentnamn>Thermo Fisher Scientific Inc</Instrumentnamn>
        <ISIN-kod_instrument>US8835561023</ISIN-kod_instrument>
        <Landkod_Emittent>US</Landkod_Emittent>
        <Valuta>USD</Valuta>
        <Antal>3700</Antal>
        <Nominellt_belopp />
        <Kurs_som_använts_vid_värdering_av_instrumentet>550.69</Kurs_som_använts_vid_värdering_av_instrumentet>
        <Valutakurs_instrument>10.42135</Valutakurs_instrument>
        <Marknadsvärde_instrument>21234052.92</Marknadsvärde_instrument>
        <Andel_av_fondförmögenhet_instrument>2.34</Andel_av_fondförmögenhet_instrument>
        <Bransch>
          <Branschkod_instrument>0</Branschkod_instrument>
          <Bransch_namn_instrument>Healthcare Services and Equipment</Bransch_namn_instrument>
        </Bransch>
      </FinansielltInstrument>
      <FinansielltInstrument>
        <Tillgångsslag_enligt_LVF_5_kap>Fondandel</Tillgångsslag_enligt_LVF_5_kap>
        <Instrumentnamn>Carnegie Listed Infrastructure A Cap</Instrumentnamn>
        <ISIN-kod_instrument>SE0002768150</ISIN-kod_instrument>
        <Landkod_Emittent>SE</Landkod_Emittent>
        <Valuta>SEK</Valuta>
        <Antal>188647.8102</Antal>
        <Nominellt_belopp />
        <Kurs_som_använts_vid_värdering_av_instrumentet>100.8648</Kurs_som_använts_vid_värdering_av_instrumentet>
        <Valutakurs_instrument>1</Valutakurs_instrument>
        <Marknadsvärde_instrument>19027923.65</Marknadsvärde_instrument>
        <Andel_av_fondförmögenhet_instrument>2.09</Andel_av_fondförmögenhet_instrument>
        <Bransch>
          <Branschkod_instrument>0</Branschkod_instrument>
          <Bransch_namn_instrument>Collective Investments</Bransch_namn_instrument>
        </Bransch>
      </FinansielltInstrument>
      <FinansielltInstrument>
        <Tillgångsslag_enligt_LVF_5_kap>Fondandel</Tillgångsslag_enligt_LVF_5_kap>
        <Instrumentnamn>Carnegie Listed PE A Cap</Instrumentnamn>
        <ISIN-kod_instrument>SE0003039874</ISIN-kod_instrument>
        <Landkod_Emittent>SE</Landkod_Emittent>
        <Valuta>SEK</Valuta>
        <Antal>47952.9671</Antal>
        <Nominellt_belopp />
        <Kurs_som_använts_vid_värdering_av_instrumentet>466.1582</Kurs_som_använts_vid_värdering_av_instrumentet>
        <Valutakurs_instrument>1</Valutakurs_instrument>
        <Marknadsvärde_instrument>22353668.83</Marknadsvärde_instrument>
        <Andel_av_fondförmögenhet_instrument>2.46</Andel_av_fondförmögenhet_instrument>
        <Bransch>
          <Branschkod_instrument>0</Branschkod_instrument>
          <Bransch_namn_instrument>Collective Investments</Bransch_namn_instrument>
        </Bransch>
      </FinansielltInstrument>
      <FinansielltInstrument>
        <Tillgångsslag_enligt_LVF_5_kap>Fondandel</Tillgångsslag_enligt_LVF_5_kap>
        <Instrumentnamn>Carnergie Global Quality Small Cap A Cap</Instrumentnamn>
        <ISIN-kod_instrument>SE0018768855</ISIN-kod_instrument>
        <Landkod_Emittent>SE</Landkod_Emittent>
        <Valuta>SEK</Valuta>
        <Antal>30000</Antal>
        <Nominellt_belopp />
        <Kurs_som_använts_vid_värdering_av_instrumentet>96.551</Kurs_som_använts_vid_värdering_av_instrumentet>
        <Valutakurs_instrument>1</Valutakurs_instrument>
        <Marknadsvärde_instrument>2896530</Marknadsvärde_instrument>
        <Andel_av_fondförmögenhet_instrument>.32</Andel_av_fondförmögenhet_instrument>
        <Bransch>
          <Branschkod_instrument>0</Branschkod_instrument>
          <Bransch_namn_instrument>Collective Investments</Bransch_namn_instrument>
        </Bransch>
      </FinansielltInstrument>
    </FinansiellaInstrument>
  </Fondinformation>
  <Fondinformation />
</VärdepappersfondInnehav>