﻿<?xml version="1.0" encoding="utf-8"?>
<VärdepappersfondInnehav xmlns="http://schemas.fi.se/publika/vardepappersfonder/20200331">
  <Rapportinformation>
    <Kvartalsslut>2022-12-31</Kvartalsslut>
  </Rapportinformation>
  <Bolagsinformation>
    <Fondbolag_namn>Carnegie Fonder AB</Fondbolag_namn>
    <Fondbolag_institutnummer>58026</Fondbolag_institutnummer>
    <Fondbolag_LEI-kod>549300HW6Q43WKYCB077</Fondbolag_LEI-kod>
  </Bolagsinformation>
  <Fondinformation>
    <Fond_institutnummer>60503</Fond_institutnummer>
    <Fond_ISIN-kod>SE0004392025</Fond_ISIN-kod>
    <Fond_namn>Carnegie Småbolagsfond</Fond_namn>
    <Förvaltningsavgift>
      <MedAndelsklasser>
        <Förvaltningsavgift>
          <Andelsklass_namn>CARNEGIE SMÅBOLAGSFOND - A - SEK</Andelsklass_namn>
          <Förvaltningsavgift_Typ>
            <Förvaltningsavgift_fast>1.6</Förvaltningsavgift_fast>
          </Förvaltningsavgift_Typ>
        </Förvaltningsavgift>
      </MedAndelsklasser>
    </Förvaltningsavgift>
    <Fondförmögenhet>1624053034</Fondförmögenhet>
    <Likvida_medel>64481499</Likvida_medel>
    <Övriga_tillgångar_och_skulder>-6782037</Övriga_tillgångar_och_skulder>
    <Aktiv_risk>7.76</Aktiv_risk>
    <Standardavvikelse_24_månader>23.88</Standardavvikelse_24_månader>
    <Jämförelseindex>
      <Jämförelseindex>Carnegie Small Cap Return </Jämförelseindex>
    </Jämförelseindex>
    <FinansiellaInstrument>
      <FinansielltInstrument>
        <Tillgångsslag_enligt_LVF_5_kap>ÖverlåtbartVärdepapper</Tillgångsslag_enligt_LVF_5_kap>
        <Instrumentnamn>Lundin Mining Corp Reg</Instrumentnamn>
        <ISIN-kod_instrument>CA5503721063</ISIN-kod_instrument>
        <Landkod_Emittent>CA</Landkod_Emittent>
        <Valuta>SEK</Valuta>
        <Antal>600725</Antal>
        <Nominellt_belopp />
        <Kurs_som_använts_vid_värdering_av_instrumentet>63.96</Kurs_som_använts_vid_värdering_av_instrumentet>
        <Valutakurs_instrument>1</Valutakurs_instrument>
        <Marknadsvärde_instrument>38422371</Marknadsvärde_instrument>
        <Andel_av_fondförmögenhet_instrument>2.37</Andel_av_fondförmögenhet_instrument>
        <Bransch>
          <Branschkod_instrument>0</Branschkod_instrument>
          <Bransch_namn_instrument>Mineral Resources</Bransch_namn_instrument>
        </Bransch>
      </FinansielltInstrument>
      <FinansielltInstrument>
        <Tillgångsslag_enligt_LVF_5_kap>ÖverlåtbartVärdepapper</Tillgångsslag_enligt_LVF_5_kap>
        <Instrumentnamn>Rovio Entertainment Corp Reg</Instrumentnamn>
        <ISIN-kod_instrument>FI4000266804</ISIN-kod_instrument>
        <Landkod_Emittent>FI</Landkod_Emittent>
        <Valuta>EUR</Valuta>
        <Antal>1037459</Antal>
        <Nominellt_belopp />
        <Kurs_som_använts_vid_värdering_av_instrumentet>6.075</Kurs_som_använts_vid_värdering_av_instrumentet>
        <Valutakurs_instrument>11.12427</Valutakurs_instrument>
        <Marknadsvärde_instrument>70111417.48</Marknadsvärde_instrument>
        <Andel_av_fondförmögenhet_instrument>4.32</Andel_av_fondförmögenhet_instrument>
        <Bransch>
          <Branschkod_instrument>0</Branschkod_instrument>
          <Bransch_namn_instrument>Software and IT Services</Bransch_namn_instrument>
        </Bransch>
      </FinansielltInstrument>
      <FinansielltInstrument>
        <Tillgångsslag_enligt_LVF_5_kap>ÖverlåtbartVärdepapper</Tillgångsslag_enligt_LVF_5_kap>
        <Instrumentnamn>SmartCraft ASA</Instrumentnamn>
        <ISIN-kod_instrument>NO0011008971</ISIN-kod_instrument>
        <Landkod_Emittent>NO</Landkod_Emittent>
        <Valuta>NOK</Valuta>
        <Antal>3938930</Antal>
        <Nominellt_belopp />
        <Kurs_som_använts_vid_värdering_av_instrumentet>17.38</Kurs_som_använts_vid_värdering_av_instrumentet>
        <Valutakurs_instrument>1.05807</Valutakurs_instrument>
        <Marknadsvärde_instrument>72434329.99</Marknadsvärde_instrument>
        <Andel_av_fondförmögenhet_instrument>4.46</Andel_av_fondförmögenhet_instrument>
        <Bransch>
          <Branschkod_instrument>0</Branschkod_instrument>
          <Bransch_namn_instrument>Software and IT Services</Bransch_namn_instrument>
        </Bransch>
      </FinansielltInstrument>
      <FinansielltInstrument>
        <Tillgångsslag_enligt_LVF_5_kap>ÖverlåtbartVärdepapper</Tillgångsslag_enligt_LVF_5_kap>
        <Instrumentnamn>Ratos AB B</Instrumentnamn>
        <ISIN-kod_instrument>SE0000111940</ISIN-kod_instrument>
        <Landkod_Emittent>SE</Landkod_Emittent>
        <Valuta>SEK</Valuta>
        <Antal>1513939</Antal>
        <Nominellt_belopp />
        <Kurs_som_använts_vid_värdering_av_instrumentet>41.49</Kurs_som_använts_vid_värdering_av_instrumentet>
        <Valutakurs_instrument>1</Valutakurs_instrument>
        <Marknadsvärde_instrument>62813329.11</Marknadsvärde_instrument>
        <Andel_av_fondförmögenhet_instrument>3.87</Andel_av_fondförmögenhet_instrument>
        <Bransch>
          <Branschkod_instrument>0</Branschkod_instrument>
          <Bransch_namn_instrument>Banking and Investment Services</Bransch_namn_instrument>
        </Bransch>
      </FinansielltInstrument>
      <FinansielltInstrument>
        <Tillgångsslag_enligt_LVF_5_kap>ÖverlåtbartVärdepapper</Tillgångsslag_enligt_LVF_5_kap>
        <Instrumentnamn>NCC AB B</Instrumentnamn>
        <ISIN-kod_instrument>SE0000117970</ISIN-kod_instrument>
        <Landkod_Emittent>SE</Landkod_Emittent>
        <Valuta>SEK</Valuta>
        <Antal>551677</Antal>
        <Nominellt_belopp />
        <Kurs_som_använts_vid_värdering_av_instrumentet>97.25</Kurs_som_använts_vid_värdering_av_instrumentet>
        <Valutakurs_instrument>1</Valutakurs_instrument>
        <Marknadsvärde_instrument>53650588.25</Marknadsvärde_instrument>
        <Andel_av_fondförmögenhet_instrument>3.3</Andel_av_fondförmögenhet_instrument>
        <Bransch>
          <Branschkod_instrument>0</Branschkod_instrument>
          <Bransch_namn_instrument>Industrial and Commercial Services</Bransch_namn_instrument>
        </Bransch>
      </FinansielltInstrument>
      <FinansielltInstrument>
        <Tillgångsslag_enligt_LVF_5_kap>ÖverlåtbartVärdepapper</Tillgångsslag_enligt_LVF_5_kap>
        <Instrumentnamn>Getinge AB B</Instrumentnamn>
        <ISIN-kod_instrument>SE0000202624</ISIN-kod_instrument>
        <Landkod_Emittent>SE</Landkod_Emittent>
        <Valuta>SEK</Valuta>
        <Antal>282040</Antal>
        <Nominellt_belopp />
        <Kurs_som_använts_vid_värdering_av_instrumentet>216.3</Kurs_som_använts_vid_värdering_av_instrumentet>
        <Valutakurs_instrument>1</Valutakurs_instrument>
        <Marknadsvärde_instrument>61005252</Marknadsvärde_instrument>
        <Andel_av_fondförmögenhet_instrument>3.76</Andel_av_fondförmögenhet_instrument>
        <Bransch>
          <Branschkod_instrument>0</Branschkod_instrument>
          <Bransch_namn_instrument>Healthcare Services and Equipment</Bransch_namn_instrument>
        </Bransch>
      </FinansielltInstrument>
      <FinansielltInstrument>
        <Tillgångsslag_enligt_LVF_5_kap>ÖverlåtbartVärdepapper</Tillgångsslag_enligt_LVF_5_kap>
        <Instrumentnamn>Autoliv Inc SDR</Instrumentnamn>
        <ISIN-kod_instrument>SE0000382335</ISIN-kod_instrument>
        <Landkod_Emittent>US</Landkod_Emittent>
        <Valuta>SEK</Valuta>
        <Antal>57069</Antal>
        <Nominellt_belopp />
        <Kurs_som_använts_vid_värdering_av_instrumentet>796.4</Kurs_som_använts_vid_värdering_av_instrumentet>
        <Valutakurs_instrument>1</Valutakurs_instrument>
        <Marknadsvärde_instrument>45449751.6</Marknadsvärde_instrument>
        <Andel_av_fondförmögenhet_instrument>2.8</Andel_av_fondförmögenhet_instrument>
        <Bransch>
          <Branschkod_instrument>0</Branschkod_instrument>
          <Bransch_namn_instrument>Automobiles and Auto Parts</Bransch_namn_instrument>
        </Bransch>
      </FinansielltInstrument>
      <FinansielltInstrument>
        <Tillgångsslag_enligt_LVF_5_kap>ÖverlåtbartVärdepapper</Tillgångsslag_enligt_LVF_5_kap>
        <Instrumentnamn>Note AB</Instrumentnamn>
        <ISIN-kod_instrument>SE0001161654</ISIN-kod_instrument>
        <Landkod_Emittent>SE</Landkod_Emittent>
        <Valuta>SEK</Valuta>
        <Antal>464252</Antal>
        <Nominellt_belopp />
        <Kurs_som_använts_vid_värdering_av_instrumentet>179</Kurs_som_använts_vid_värdering_av_instrumentet>
        <Valutakurs_instrument>1</Valutakurs_instrument>
        <Marknadsvärde_instrument>83101108</Marknadsvärde_instrument>
        <Andel_av_fondförmögenhet_instrument>5.12</Andel_av_fondförmögenhet_instrument>
        <Bransch>
          <Branschkod_instrument>0</Branschkod_instrument>
          <Bransch_namn_instrument>Industrial Goods</Bransch_namn_instrument>
        </Bransch>
      </FinansielltInstrument>
      <FinansielltInstrument>
        <Tillgångsslag_enligt_LVF_5_kap>ÖverlåtbartVärdepapper</Tillgångsslag_enligt_LVF_5_kap>
        <Instrumentnamn>Bulten AB Reg</Instrumentnamn>
        <ISIN-kod_instrument>SE0003849223</ISIN-kod_instrument>
        <Landkod_Emittent>SE</Landkod_Emittent>
        <Valuta>SEK</Valuta>
        <Antal>588305</Antal>
        <Nominellt_belopp />
        <Kurs_som_använts_vid_värdering_av_instrumentet>59.5</Kurs_som_använts_vid_värdering_av_instrumentet>
        <Valutakurs_instrument>1</Valutakurs_instrument>
        <Marknadsvärde_instrument>35004147.5</Marknadsvärde_instrument>
        <Andel_av_fondförmögenhet_instrument>2.16</Andel_av_fondförmögenhet_instrument>
        <Bransch>
          <Branschkod_instrument>0</Branschkod_instrument>
          <Bransch_namn_instrument>Automobiles and Auto Parts</Bransch_namn_instrument>
        </Bransch>
      </FinansielltInstrument>
      <FinansielltInstrument>
        <Tillgångsslag_enligt_LVF_5_kap>ÖverlåtbartVärdepapper</Tillgångsslag_enligt_LVF_5_kap>
        <Instrumentnamn>Concentric AB</Instrumentnamn>
        <ISIN-kod_instrument>SE0003950864</ISIN-kod_instrument>
        <Landkod_Emittent>SE</Landkod_Emittent>
        <Valuta>SEK</Valuta>
        <Antal>206795</Antal>
        <Nominellt_belopp />
        <Kurs_som_använts_vid_värdering_av_instrumentet>195.2</Kurs_som_använts_vid_värdering_av_instrumentet>
        <Valutakurs_instrument>1</Valutakurs_instrument>
        <Marknadsvärde_instrument>40366384</Marknadsvärde_instrument>
        <Andel_av_fondförmögenhet_instrument>2.49</Andel_av_fondförmögenhet_instrument>
        <Bransch>
          <Branschkod_instrument>0</Branschkod_instrument>
          <Bransch_namn_instrument>Industrial Goods</Bransch_namn_instrument>
        </Bransch>
      </FinansielltInstrument>
      <FinansielltInstrument>
        <Tillgångsslag_enligt_LVF_5_kap>ÖverlåtbartVärdepapper</Tillgångsslag_enligt_LVF_5_kap>
        <Instrumentnamn>Stendorren Fastigheter AB B</Instrumentnamn>
        <ISIN-kod_instrument>SE0006543344</ISIN-kod_instrument>
        <Landkod_Emittent>SE</Landkod_Emittent>
        <Valuta>SEK</Valuta>
        <Antal>346024</Antal>
        <Nominellt_belopp />
        <Kurs_som_använts_vid_värdering_av_instrumentet>191.8</Kurs_som_använts_vid_värdering_av_instrumentet>
        <Valutakurs_instrument>1</Valutakurs_instrument>
        <Marknadsvärde_instrument>66367403.2</Marknadsvärde_instrument>
        <Andel_av_fondförmögenhet_instrument>4.09</Andel_av_fondförmögenhet_instrument>
        <Bransch>
          <Branschkod_instrument>0</Branschkod_instrument>
          <Bransch_namn_instrument>Real Estate</Bransch_namn_instrument>
        </Bransch>
      </FinansielltInstrument>
      <FinansielltInstrument>
        <Tillgångsslag_enligt_LVF_5_kap>ÖverlåtbartVärdepapper</Tillgångsslag_enligt_LVF_5_kap>
        <Instrumentnamn>Paradox Interactive AB Reg</Instrumentnamn>
        <ISIN-kod_instrument>SE0008294953</ISIN-kod_instrument>
        <Landkod_Emittent>SE</Landkod_Emittent>
        <Valuta>SEK</Valuta>
        <Antal>297484</Antal>
        <Nominellt_belopp />
        <Kurs_som_använts_vid_värdering_av_instrumentet>212.2</Kurs_som_använts_vid_värdering_av_instrumentet>
        <Valutakurs_instrument>1</Valutakurs_instrument>
        <Marknadsvärde_instrument>63126104.8</Marknadsvärde_instrument>
        <Andel_av_fondförmögenhet_instrument>3.89</Andel_av_fondförmögenhet_instrument>
        <Bransch>
          <Branschkod_instrument>0</Branschkod_instrument>
          <Bransch_namn_instrument>Software and IT Services</Bransch_namn_instrument>
        </Bransch>
      </FinansielltInstrument>
      <FinansielltInstrument>
        <Tillgångsslag_enligt_LVF_5_kap>ÖverlåtbartVärdepapper</Tillgångsslag_enligt_LVF_5_kap>
        <Instrumentnamn>Bonesupport Hg AB Reg</Instrumentnamn>
        <ISIN-kod_instrument>SE0009858152</ISIN-kod_instrument>
        <Landkod_Emittent>SE</Landkod_Emittent>
        <Valuta>SEK</Valuta>
        <Antal>601402</Antal>
        <Nominellt_belopp />
        <Kurs_som_använts_vid_värdering_av_instrumentet>80.45</Kurs_som_använts_vid_värdering_av_instrumentet>
        <Valutakurs_instrument>1</Valutakurs_instrument>
        <Marknadsvärde_instrument>48382790.9</Marknadsvärde_instrument>
        <Andel_av_fondförmögenhet_instrument>2.98</Andel_av_fondförmögenhet_instrument>
        <Bransch>
          <Branschkod_instrument>0</Branschkod_instrument>
          <Bransch_namn_instrument>Pharmaceuticals and Medical Research</Bransch_namn_instrument>
        </Bransch>
      </FinansielltInstrument>
      <FinansielltInstrument>
        <Tillgångsslag_enligt_LVF_5_kap>ÖverlåtbartVärdepapper</Tillgångsslag_enligt_LVF_5_kap>
        <Instrumentnamn>Alligo AB B Reg</Instrumentnamn>
        <ISIN-kod_instrument>SE0009922305</ISIN-kod_instrument>
        <Landkod_Emittent>SE</Landkod_Emittent>
        <Valuta>SEK</Valuta>
        <Antal>517358</Antal>
        <Nominellt_belopp />
        <Kurs_som_använts_vid_värdering_av_instrumentet>79.3</Kurs_som_använts_vid_värdering_av_instrumentet>
        <Valutakurs_instrument>1</Valutakurs_instrument>
        <Marknadsvärde_instrument>41026489.4</Marknadsvärde_instrument>
        <Andel_av_fondförmögenhet_instrument>2.53</Andel_av_fondförmögenhet_instrument>
        <Bransch>
          <Branschkod_instrument>0</Branschkod_instrument>
          <Bransch_namn_instrument>Industrial Goods</Bransch_namn_instrument>
        </Bransch>
      </FinansielltInstrument>
      <FinansielltInstrument>
        <Tillgångsslag_enligt_LVF_5_kap>ÖverlåtbartVärdepapper</Tillgångsslag_enligt_LVF_5_kap>
        <Instrumentnamn>Viaplay Group AB (publ) Reg</Instrumentnamn>
        <ISIN-kod_instrument>SE0012116390</ISIN-kod_instrument>
        <Landkod_Emittent>SE</Landkod_Emittent>
        <Valuta>SEK</Valuta>
        <Antal>231178</Antal>
        <Nominellt_belopp />
        <Kurs_som_använts_vid_värdering_av_instrumentet>198.05</Kurs_som_använts_vid_värdering_av_instrumentet>
        <Valutakurs_instrument>1</Valutakurs_instrument>
        <Marknadsvärde_instrument>45784802.9</Marknadsvärde_instrument>
        <Andel_av_fondförmögenhet_instrument>2.82</Andel_av_fondförmögenhet_instrument>
        <Bransch>
          <Branschkod_instrument>0</Branschkod_instrument>
          <Bransch_namn_instrument>Cyclical Consumer Services</Bransch_namn_instrument>
        </Bransch>
      </FinansielltInstrument>
      <FinansielltInstrument>
        <Tillgångsslag_enligt_LVF_5_kap>ÖverlåtbartVärdepapper</Tillgångsslag_enligt_LVF_5_kap>
        <Instrumentnamn>Nordic Waterproofing Hg AB Reg</Instrumentnamn>
        <ISIN-kod_instrument>SE0014731089</ISIN-kod_instrument>
        <Landkod_Emittent>SE</Landkod_Emittent>
        <Valuta>SEK</Valuta>
        <Antal>259579</Antal>
        <Nominellt_belopp />
        <Kurs_som_använts_vid_värdering_av_instrumentet>145.6</Kurs_som_använts_vid_värdering_av_instrumentet>
        <Valutakurs_instrument>1</Valutakurs_instrument>
        <Marknadsvärde_instrument>37794702.4</Marknadsvärde_instrument>
        <Andel_av_fondförmögenhet_instrument>2.33</Andel_av_fondförmögenhet_instrument>
        <Bransch>
          <Branschkod_instrument>0</Branschkod_instrument>
          <Bransch_namn_instrument>Cyclical Consumer Products</Bransch_namn_instrument>
        </Bransch>
      </FinansielltInstrument>
      <FinansielltInstrument>
        <Tillgångsslag_enligt_LVF_5_kap>ÖverlåtbartVärdepapper</Tillgångsslag_enligt_LVF_5_kap>
        <Instrumentnamn>Stillfront Group AB</Instrumentnamn>
        <ISIN-kod_instrument>SE0015346135</ISIN-kod_instrument>
        <Landkod_Emittent>SE</Landkod_Emittent>
        <Valuta>SEK</Valuta>
        <Antal>2655525</Antal>
        <Nominellt_belopp />
        <Kurs_som_använts_vid_värdering_av_instrumentet>17.52</Kurs_som_använts_vid_värdering_av_instrumentet>
        <Valutakurs_instrument>1</Valutakurs_instrument>
        <Marknadsvärde_instrument>46524798</Marknadsvärde_instrument>
        <Andel_av_fondförmögenhet_instrument>2.86</Andel_av_fondförmögenhet_instrument>
        <Bransch>
          <Branschkod_instrument>0</Branschkod_instrument>
          <Bransch_namn_instrument>Software and IT Services</Bransch_namn_instrument>
        </Bransch>
      </FinansielltInstrument>
      <FinansielltInstrument>
        <Tillgångsslag_enligt_LVF_5_kap>ÖverlåtbartVärdepapper</Tillgångsslag_enligt_LVF_5_kap>
        <Instrumentnamn>Mildef Group AB</Instrumentnamn>
        <ISIN-kod_instrument>SE0016074249</ISIN-kod_instrument>
        <Landkod_Emittent>SE</Landkod_Emittent>
        <Valuta>SEK</Valuta>
        <Antal>1734145</Antal>
        <Nominellt_belopp />
        <Kurs_som_använts_vid_värdering_av_instrumentet>80.8</Kurs_som_använts_vid_värdering_av_instrumentet>
        <Valutakurs_instrument>1</Valutakurs_instrument>
        <Marknadsvärde_instrument>140118916</Marknadsvärde_instrument>
        <Andel_av_fondförmögenhet_instrument>8.63</Andel_av_fondförmögenhet_instrument>
        <Bransch>
          <Branschkod_instrument>0</Branschkod_instrument>
          <Bransch_namn_instrument>Retailers</Bransch_namn_instrument>
        </Bransch>
      </FinansielltInstrument>
      <FinansielltInstrument>
        <Tillgångsslag_enligt_LVF_5_kap>ÖverlåtbartVärdepapper</Tillgångsslag_enligt_LVF_5_kap>
        <Instrumentnamn>K Fast Holding AB</Instrumentnamn>
        <ISIN-kod_instrument>SE0016101679</ISIN-kod_instrument>
        <Landkod_Emittent>SE</Landkod_Emittent>
        <Valuta>SEK</Valuta>
        <Antal>1913260</Antal>
        <Nominellt_belopp />
        <Kurs_som_använts_vid_värdering_av_instrumentet>23.54</Kurs_som_använts_vid_värdering_av_instrumentet>
        <Valutakurs_instrument>1</Valutakurs_instrument>
        <Marknadsvärde_instrument>45038140.4</Marknadsvärde_instrument>
        <Andel_av_fondförmögenhet_instrument>2.77</Andel_av_fondförmögenhet_instrument>
        <Bransch>
          <Branschkod_instrument>0</Branschkod_instrument>
          <Bransch_namn_instrument>Real Estate</Bransch_namn_instrument>
        </Bransch>
      </FinansielltInstrument>
      <FinansielltInstrument>
        <Tillgångsslag_enligt_LVF_5_kap>ÖverlåtbartVärdepapper</Tillgångsslag_enligt_LVF_5_kap>
        <Instrumentnamn>Electrolux AB</Instrumentnamn>
        <ISIN-kod_instrument>SE0016589188</ISIN-kod_instrument>
        <Landkod_Emittent>SE</Landkod_Emittent>
        <Valuta>SEK</Valuta>
        <Antal>434360</Antal>
        <Nominellt_belopp />
        <Kurs_som_använts_vid_värdering_av_instrumentet>140.78</Kurs_som_använts_vid_värdering_av_instrumentet>
        <Valutakurs_instrument>1</Valutakurs_instrument>
        <Marknadsvärde_instrument>61149200.8</Marknadsvärde_instrument>
        <Andel_av_fondförmögenhet_instrument>3.77</Andel_av_fondförmögenhet_instrument>
        <Bransch>
          <Branschkod_instrument>0</Branschkod_instrument>
          <Bransch_namn_instrument>Cyclical Consumer Products</Bransch_namn_instrument>
        </Bransch>
      </FinansielltInstrument>
      <FinansielltInstrument>
        <Tillgångsslag_enligt_LVF_5_kap>ÖverlåtbartVärdepapper</Tillgångsslag_enligt_LVF_5_kap>
        <Instrumentnamn>Truecaller AB</Instrumentnamn>
        <ISIN-kod_instrument>SE0016787071</ISIN-kod_instrument>
        <Landkod_Emittent>SE</Landkod_Emittent>
        <Valuta>SEK</Valuta>
        <Antal>1449490</Antal>
        <Nominellt_belopp />
        <Kurs_som_använts_vid_värdering_av_instrumentet>32.76</Kurs_som_använts_vid_värdering_av_instrumentet>
        <Valutakurs_instrument>1</Valutakurs_instrument>
        <Marknadsvärde_instrument>47485292.4</Marknadsvärde_instrument>
        <Andel_av_fondförmögenhet_instrument>2.92</Andel_av_fondförmögenhet_instrument>
        <Bransch>
          <Branschkod_instrument>0</Branschkod_instrument>
          <Bransch_namn_instrument>Software and IT Services</Bransch_namn_instrument>
        </Bransch>
      </FinansielltInstrument>
      <FinansielltInstrument>
        <Tillgångsslag_enligt_LVF_5_kap>ÖverlåtbartVärdepapper</Tillgångsslag_enligt_LVF_5_kap>
        <Instrumentnamn>Netel Holding AB</Instrumentnamn>
        <ISIN-kod_instrument>SE0016798417</ISIN-kod_instrument>
        <Landkod_Emittent>SE</Landkod_Emittent>
        <Valuta>SEK</Valuta>
        <Antal>2006744</Antal>
        <Nominellt_belopp />
        <Kurs_som_använts_vid_värdering_av_instrumentet>34</Kurs_som_använts_vid_värdering_av_instrumentet>
        <Valutakurs_instrument>1</Valutakurs_instrument>
        <Marknadsvärde_instrument>68229296</Marknadsvärde_instrument>
        <Andel_av_fondförmögenhet_instrument>4.2</Andel_av_fondförmögenhet_instrument>
        <Bransch>
          <Branschkod_instrument>0</Branschkod_instrument>
          <Bransch_namn_instrument>Industrial and Commercial Services</Bransch_namn_instrument>
        </Bransch>
      </FinansielltInstrument>
      <FinansielltInstrument>
        <Tillgångsslag_enligt_LVF_5_kap>ÖverlåtbartVärdepapper</Tillgångsslag_enligt_LVF_5_kap>
        <Instrumentnamn>Norva24 Group AB (publ)</Instrumentnamn>
        <ISIN-kod_instrument>SE0017084759</ISIN-kod_instrument>
        <Landkod_Emittent>SE</Landkod_Emittent>
        <Valuta>SEK</Valuta>
        <Antal>2198802</Antal>
        <Nominellt_belopp />
        <Kurs_som_använts_vid_värdering_av_instrumentet>33.8</Kurs_som_använts_vid_värdering_av_instrumentet>
        <Valutakurs_instrument>1</Valutakurs_instrument>
        <Marknadsvärde_instrument>74319507.6</Marknadsvärde_instrument>
        <Andel_av_fondförmögenhet_instrument>4.58</Andel_av_fondförmögenhet_instrument>
        <Bransch>
          <Branschkod_instrument>0</Branschkod_instrument>
          <Bransch_namn_instrument>Industrial and Commercial Services</Bransch_namn_instrument>
        </Bransch>
      </FinansielltInstrument>
      <FinansielltInstrument>
        <Tillgångsslag_enligt_LVF_5_kap>ÖverlåtbartVärdepapper</Tillgångsslag_enligt_LVF_5_kap>
        <Instrumentnamn>Tobii Dynavox AB</Instrumentnamn>
        <ISIN-kod_instrument>SE0017105620</ISIN-kod_instrument>
        <Landkod_Emittent>SE</Landkod_Emittent>
        <Valuta>SEK</Valuta>
        <Antal>1962384</Antal>
        <Nominellt_belopp />
        <Kurs_som_använts_vid_värdering_av_instrumentet>21.31</Kurs_som_använts_vid_värdering_av_instrumentet>
        <Valutakurs_instrument>1</Valutakurs_instrument>
        <Marknadsvärde_instrument>41818403.04</Marknadsvärde_instrument>
        <Andel_av_fondförmögenhet_instrument>2.57</Andel_av_fondförmögenhet_instrument>
        <Bransch>
          <Branschkod_instrument>0</Branschkod_instrument>
          <Bransch_namn_instrument>Technology Equipment</Bransch_namn_instrument>
        </Bransch>
      </FinansielltInstrument>
      <FinansielltInstrument>
        <Tillgångsslag_enligt_LVF_5_kap>ÖverlåtbartVärdepapper</Tillgångsslag_enligt_LVF_5_kap>
        <Instrumentnamn>NCAB Group AB</Instrumentnamn>
        <ISIN-kod_instrument>SE0017160773</ISIN-kod_instrument>
        <Landkod_Emittent>SE</Landkod_Emittent>
        <Valuta>SEK</Valuta>
        <Antal>1334578</Antal>
        <Nominellt_belopp />
        <Kurs_som_använts_vid_värdering_av_instrumentet>64.95</Kurs_som_använts_vid_värdering_av_instrumentet>
        <Valutakurs_instrument>1</Valutakurs_instrument>
        <Marknadsvärde_instrument>86680841.1</Marknadsvärde_instrument>
        <Andel_av_fondförmögenhet_instrument>5.34</Andel_av_fondförmögenhet_instrument>
        <Bransch>
          <Branschkod_instrument>0</Branschkod_instrument>
          <Bransch_namn_instrument>Technology Equipment</Bransch_namn_instrument>
        </Bransch>
      </FinansielltInstrument>
      <FinansielltInstrument>
        <Tillgångsslag_enligt_LVF_5_kap>ÖverlåtbartVärdepapper</Tillgångsslag_enligt_LVF_5_kap>
        <Instrumentnamn>Momentum Group AB</Instrumentnamn>
        <ISIN-kod_instrument>SE0017562523</ISIN-kod_instrument>
        <Landkod_Emittent>SE</Landkod_Emittent>
        <Valuta>SEK</Valuta>
        <Antal>675460</Antal>
        <Nominellt_belopp />
        <Kurs_som_använts_vid_värdering_av_instrumentet>58.51</Kurs_som_använts_vid_värdering_av_instrumentet>
        <Valutakurs_instrument>1</Valutakurs_instrument>
        <Marknadsvärde_instrument>39521164.6</Marknadsvärde_instrument>
        <Andel_av_fondförmögenhet_instrument>2.43</Andel_av_fondförmögenhet_instrument>
        <Bransch>
          <Branschkod_instrument>0</Branschkod_instrument>
          <Bransch_namn_instrument>Industrial Goods</Bransch_namn_instrument>
        </Bransch>
      </FinansielltInstrument>
      <FinansielltInstrument>
        <Tillgångsslag_enligt_LVF_5_kap>ÖverlåtbartVärdepapper</Tillgångsslag_enligt_LVF_5_kap>
        <Instrumentnamn>Biogaia AB</Instrumentnamn>
        <ISIN-kod_instrument>SE0017769995</ISIN-kod_instrument>
        <Landkod_Emittent>SE</Landkod_Emittent>
        <Valuta>SEK</Valuta>
        <Antal>605804</Antal>
        <Nominellt_belopp />
        <Kurs_som_använts_vid_värdering_av_instrumentet>83.57</Kurs_som_använts_vid_värdering_av_instrumentet>
        <Valutakurs_instrument>1</Valutakurs_instrument>
        <Marknadsvärde_instrument>50627040.28</Marknadsvärde_instrument>
        <Andel_av_fondförmögenhet_instrument>3.12</Andel_av_fondförmögenhet_instrument>
        <Bransch>
          <Branschkod_instrument>0</Branschkod_instrument>
          <Bransch_namn_instrument>Pharmaceuticals and Medical Research</Bransch_namn_instrument>
        </Bransch>
      </FinansielltInstrument>
    </FinansiellaInstrument>
  </Fondinformation>
  <Fondinformation />
</VärdepappersfondInnehav>