﻿<?xml version="1.0" encoding="utf-8"?>
<VärdepappersfondInnehav xmlns="http://schemas.fi.se/publika/vardepappersfonder/20200331">
  <Rapportinformation>
    <Kvartalsslut>2022-12-31</Kvartalsslut>
  </Rapportinformation>
  <Bolagsinformation>
    <Fondbolag_namn>Navigera AB</Fondbolag_namn>
    <Fondbolag_institutnummer>59001</Fondbolag_institutnummer>
    <Fondbolag_LEI-kod>549300VKFO3C0AO83N91</Fondbolag_LEI-kod>
  </Bolagsinformation>
  <Fondinformation>
    <Fond_institutnummer>60525</Fond_institutnummer>
    <Fond_ISIN-kod>SE0004241966</Fond_ISIN-kod>
    <Fond_namn>Navigera Aktie 2</Fond_namn>
    <Förvaltningsavgift>
      <UtanAndelsklasser>
        <Förvaltningsavgift_fast>1.8</Förvaltningsavgift_fast>
      </UtanAndelsklasser>
    </Förvaltningsavgift>
    <Fondförmögenhet>4372919162</Fondförmögenhet>
    <Likvida_medel>46930496</Likvida_medel>
    <Övriga_tillgångar_och_skulder>-5380490</Övriga_tillgångar_och_skulder>
    <Aktiv_risk>6.68</Aktiv_risk>
    <Standardavvikelse_24_månader>16.14</Standardavvikelse_24_månader>
    <Jämförelseindex>
      <Jämförelseindex>MSCI ACWI GR IND TR</Jämförelseindex>
    </Jämförelseindex>
    <FinansiellaInstrument>
      <FinansielltInstrument>
        <Tillgångsslag_enligt_LVF_5_kap>ÖverlåtbartVärdepapper</Tillgångsslag_enligt_LVF_5_kap>
        <Instrumentnamn>META PLATFORMS-A</Instrumentnamn>
        <ISIN-kod_instrument>US30303M1027</ISIN-kod_instrument>
        <Landkod_Emittent>US</Landkod_Emittent>
        <Valuta>USD</Valuta>
        <Antal>82969</Antal>
        <Nominellt_belopp />
        <Kurs_som_använts_vid_värdering_av_instrumentet>120.34</Kurs_som_använts_vid_värdering_av_instrumentet>
        <Valutakurs_instrument>10.4283</Valutakurs_instrument>
        <Marknadsvärde_instrument>104121251.44</Marknadsvärde_instrument>
        <Andel_av_fondförmögenhet_instrument>2.38</Andel_av_fondförmögenhet_instrument>
        <Bransch>
          <Branschkod_instrument>50</Branschkod_instrument>
          <Bransch_namn_instrument>Telekomoperatörer</Bransch_namn_instrument>
        </Bransch>
      </FinansielltInstrument>
      <FinansielltInstrument>
        <Tillgångsslag_enligt_LVF_5_kap>ÖverlåtbartVärdepapper</Tillgångsslag_enligt_LVF_5_kap>
        <Instrumentnamn>MERCADOLIBRE INC</Instrumentnamn>
        <ISIN-kod_instrument>US58733R1023</ISIN-kod_instrument>
        <Landkod_Emittent>AR</Landkod_Emittent>
        <Valuta>USD</Valuta>
        <Antal>11693</Antal>
        <Nominellt_belopp />
        <Kurs_som_använts_vid_värdering_av_instrumentet>846.24</Kurs_som_använts_vid_värdering_av_instrumentet>
        <Valutakurs_instrument>10.4283</Valutakurs_instrument>
        <Marknadsvärde_instrument>103188907.81</Marknadsvärde_instrument>
        <Andel_av_fondförmögenhet_instrument>2.36</Andel_av_fondförmögenhet_instrument>
        <Bransch>
          <Branschkod_instrument>25</Branschkod_instrument>
          <Bransch_namn_instrument>Sällanköpvaror och tjänster</Bransch_namn_instrument>
        </Bransch>
      </FinansielltInstrument>
      <FinansielltInstrument>
        <Tillgångsslag_enligt_LVF_5_kap>ÖverlåtbartVärdepapper</Tillgångsslag_enligt_LVF_5_kap>
        <Instrumentnamn>MONCLER SPA</Instrumentnamn>
        <ISIN-kod_instrument>IT0004965148</ISIN-kod_instrument>
        <Landkod_Emittent>IT</Landkod_Emittent>
        <Valuta>EUR</Valuta>
        <Antal>273738</Antal>
        <Nominellt_belopp />
        <Kurs_som_använts_vid_värdering_av_instrumentet>49.5</Kurs_som_använts_vid_värdering_av_instrumentet>
        <Valutakurs_instrument>11.1604</Valutakurs_instrument>
        <Marknadsvärde_instrument>151223765.97</Marknadsvärde_instrument>
        <Andel_av_fondförmögenhet_instrument>3.46</Andel_av_fondförmögenhet_instrument>
        <Bransch>
          <Branschkod_instrument>25</Branschkod_instrument>
          <Bransch_namn_instrument>Sällanköpvaror och tjänster</Bransch_namn_instrument>
        </Bransch>
      </FinansielltInstrument>
      <FinansielltInstrument>
        <Tillgångsslag_enligt_LVF_5_kap>ÖverlåtbartVärdepapper</Tillgångsslag_enligt_LVF_5_kap>
        <Instrumentnamn>NEXTERA ENERGY INC</Instrumentnamn>
        <ISIN-kod_instrument>US65339F1012</ISIN-kod_instrument>
        <Landkod_Emittent>US</Landkod_Emittent>
        <Valuta>USD</Valuta>
        <Antal>234629</Antal>
        <Nominellt_belopp />
        <Kurs_som_använts_vid_värdering_av_instrumentet>83.6</Kurs_som_använts_vid_värdering_av_instrumentet>
        <Valutakurs_instrument>10.4283</Valutakurs_instrument>
        <Marknadsvärde_instrument>204550941.82</Marknadsvärde_instrument>
        <Andel_av_fondförmögenhet_instrument>4.68</Andel_av_fondförmögenhet_instrument>
        <Bransch>
          <Branschkod_instrument>55</Branschkod_instrument>
          <Bransch_namn_instrument>Kraftförsörjning</Bransch_namn_instrument>
        </Bransch>
      </FinansielltInstrument>
      <FinansielltInstrument>
        <Tillgångsslag_enligt_LVF_5_kap>ÖverlåtbartVärdepapper</Tillgångsslag_enligt_LVF_5_kap>
        <Instrumentnamn>NETEASE INC</Instrumentnamn>
        <ISIN-kod_instrument>KYG6427A1022</ISIN-kod_instrument>
        <Landkod_Emittent>CN</Landkod_Emittent>
        <Valuta>HKD</Valuta>
        <Antal>493835</Antal>
        <Nominellt_belopp />
        <Kurs_som_använts_vid_värdering_av_instrumentet>114.5</Kurs_som_använts_vid_värdering_av_instrumentet>
        <Valutakurs_instrument>1.3358</Valutakurs_instrument>
        <Marknadsvärde_instrument>75531618.8</Marknadsvärde_instrument>
        <Andel_av_fondförmögenhet_instrument>1.73</Andel_av_fondförmögenhet_instrument>
        <Bransch>
          <Branschkod_instrument>50</Branschkod_instrument>
          <Bransch_namn_instrument>Telekomoperatörer</Bransch_namn_instrument>
        </Bransch>
      </FinansielltInstrument>
      <FinansielltInstrument>
        <Tillgångsslag_enligt_LVF_5_kap>ÖverlåtbartVärdepapper</Tillgångsslag_enligt_LVF_5_kap>
        <Instrumentnamn>LVMH MOET HENNE</Instrumentnamn>
        <ISIN-kod_instrument>FR0000121014</ISIN-kod_instrument>
        <Landkod_Emittent>FR</Landkod_Emittent>
        <Valuta>EUR</Valuta>
        <Antal>30456</Antal>
        <Nominellt_belopp />
        <Kurs_som_använts_vid_värdering_av_instrumentet>679.9</Kurs_som_använts_vid_värdering_av_instrumentet>
        <Valutakurs_instrument>11.1604</Valutakurs_instrument>
        <Marknadsvärde_instrument>231098786.72</Marknadsvärde_instrument>
        <Andel_av_fondförmögenhet_instrument>5.28</Andel_av_fondförmögenhet_instrument>
        <Bransch>
          <Branschkod_instrument>25</Branschkod_instrument>
          <Bransch_namn_instrument>Sällanköpvaror och tjänster</Bransch_namn_instrument>
        </Bransch>
      </FinansielltInstrument>
      <FinansielltInstrument>
        <Tillgångsslag_enligt_LVF_5_kap>ÖverlåtbartVärdepapper</Tillgångsslag_enligt_LVF_5_kap>
        <Instrumentnamn>LOCAWEB SERVICOS</Instrumentnamn>
        <ISIN-kod_instrument>BRLWSAACNOR8</ISIN-kod_instrument>
        <Landkod_Emittent>BR</Landkod_Emittent>
        <Valuta>BRL</Valuta>
        <Antal>2286000</Antal>
        <Nominellt_belopp />
        <Kurs_som_använts_vid_värdering_av_instrumentet>7.02</Kurs_som_använts_vid_värdering_av_instrumentet>
        <Valutakurs_instrument>1.973</Valutakurs_instrument>
        <Marknadsvärde_instrument>31662151.56</Marknadsvärde_instrument>
        <Andel_av_fondförmögenhet_instrument>0.72</Andel_av_fondförmögenhet_instrument>
        <Bransch>
          <Branschkod_instrument>45</Branschkod_instrument>
          <Bransch_namn_instrument>Informationsteknologi</Bransch_namn_instrument>
        </Bransch>
      </FinansielltInstrument>
      <FinansielltInstrument>
        <Tillgångsslag_enligt_LVF_5_kap>ÖverlåtbartVärdepapper</Tillgångsslag_enligt_LVF_5_kap>
        <Instrumentnamn>MASTERCARD INC-A</Instrumentnamn>
        <ISIN-kod_instrument>US57636Q1040</ISIN-kod_instrument>
        <Landkod_Emittent>US</Landkod_Emittent>
        <Valuta>USD</Valuta>
        <Antal>67472</Antal>
        <Nominellt_belopp />
        <Kurs_som_använts_vid_värdering_av_instrumentet>347.73</Kurs_som_använts_vid_värdering_av_instrumentet>
        <Valutakurs_instrument>10.4283</Valutakurs_instrument>
        <Marknadsvärde_instrument>244669176.72</Marknadsvärde_instrument>
        <Andel_av_fondförmögenhet_instrument>5.6</Andel_av_fondförmögenhet_instrument>
        <Bransch>
          <Branschkod_instrument>40</Branschkod_instrument>
          <Bransch_namn_instrument>Finans</Bransch_namn_instrument>
        </Bransch>
      </FinansielltInstrument>
      <FinansielltInstrument>
        <Tillgångsslag_enligt_LVF_5_kap>ÖverlåtbartVärdepapper</Tillgångsslag_enligt_LVF_5_kap>
        <Instrumentnamn>MEITUAN</Instrumentnamn>
        <ISIN-kod_instrument>KYG596691041</ISIN-kod_instrument>
        <Landkod_Emittent>CN</Landkod_Emittent>
        <Valuta>HKD</Valuta>
        <Antal>407900</Antal>
        <Nominellt_belopp />
        <Kurs_som_använts_vid_värdering_av_instrumentet>174.7</Kurs_som_använts_vid_värdering_av_instrumentet>
        <Valutakurs_instrument>1.3358</Valutakurs_instrument>
        <Marknadsvärde_instrument>95189281.65</Marknadsvärde_instrument>
        <Andel_av_fondförmögenhet_instrument>2.18</Andel_av_fondförmögenhet_instrument>
        <Bransch>
          <Branschkod_instrument>25</Branschkod_instrument>
          <Bransch_namn_instrument>Sällanköpvaror och tjänster</Bransch_namn_instrument>
        </Bransch>
      </FinansielltInstrument>
      <FinansielltInstrument>
        <Tillgångsslag_enligt_LVF_5_kap>ÖverlåtbartVärdepapper</Tillgångsslag_enligt_LVF_5_kap>
        <Instrumentnamn>MEDIATEK INC</Instrumentnamn>
        <ISIN-kod_instrument>TW0002454006</ISIN-kod_instrument>
        <Landkod_Emittent>TW</Landkod_Emittent>
        <Valuta>TWD</Valuta>
        <Antal>507000</Antal>
        <Nominellt_belopp />
        <Kurs_som_använts_vid_värdering_av_instrumentet>625</Kurs_som_använts_vid_värdering_av_instrumentet>
        <Valutakurs_instrument>0.3393166163</Valutakurs_instrument>
        <Marknadsvärde_instrument>107520952.79</Marknadsvärde_instrument>
        <Andel_av_fondförmögenhet_instrument>2.46</Andel_av_fondförmögenhet_instrument>
        <Bransch>
          <Branschkod_instrument>45</Branschkod_instrument>
          <Bransch_namn_instrument>Informationsteknologi</Bransch_namn_instrument>
        </Bransch>
      </FinansielltInstrument>
      <FinansielltInstrument>
        <Tillgångsslag_enligt_LVF_5_kap>ÖverlåtbartVärdepapper</Tillgångsslag_enligt_LVF_5_kap>
        <Instrumentnamn>TENCENT HOLDINGS LTD</Instrumentnamn>
        <ISIN-kod_instrument>KYG875721634</ISIN-kod_instrument>
        <Landkod_Emittent>CN</Landkod_Emittent>
        <Valuta>HKD</Valuta>
        <Antal>186100</Antal>
        <Nominellt_belopp />
        <Kurs_som_använts_vid_värdering_av_instrumentet>334</Kurs_som_använts_vid_värdering_av_instrumentet>
        <Valutakurs_instrument>1.3358</Valutakurs_instrument>
        <Marknadsvärde_instrument>83029854.92</Marknadsvärde_instrument>
        <Andel_av_fondförmögenhet_instrument>1.9</Andel_av_fondförmögenhet_instrument>
        <Bransch>
          <Branschkod_instrument>50</Branschkod_instrument>
          <Bransch_namn_instrument>Telekomoperatörer</Bransch_namn_instrument>
        </Bransch>
      </FinansielltInstrument>
      <FinansielltInstrument>
        <Tillgångsslag_enligt_LVF_5_kap>ÖverlåtbartVärdepapper</Tillgångsslag_enligt_LVF_5_kap>
        <Instrumentnamn>TAIWAN SEMICONDUCTOR</Instrumentnamn>
        <ISIN-kod_instrument>TW0002330008</ISIN-kod_instrument>
        <Landkod_Emittent>TW</Landkod_Emittent>
        <Valuta>TWD</Valuta>
        <Antal>1157000</Antal>
        <Nominellt_belopp />
        <Kurs_som_använts_vid_värdering_av_instrumentet>448.5</Kurs_som_använts_vid_värdering_av_instrumentet>
        <Valutakurs_instrument>0.3393166163</Valutakurs_instrument>
        <Marknadsvärde_instrument>176076312.29</Marknadsvärde_instrument>
        <Andel_av_fondförmögenhet_instrument>4.03</Andel_av_fondförmögenhet_instrument>
        <Bransch>
          <Branschkod_instrument>45</Branschkod_instrument>
          <Bransch_namn_instrument>Informationsteknologi</Bransch_namn_instrument>
        </Bransch>
      </FinansielltInstrument>
      <FinansielltInstrument>
        <Tillgångsslag_enligt_LVF_5_kap>ÖverlåtbartVärdepapper</Tillgångsslag_enligt_LVF_5_kap>
        <Instrumentnamn>T-MOBILE US INC</Instrumentnamn>
        <ISIN-kod_instrument>US8725901040</ISIN-kod_instrument>
        <Landkod_Emittent>US</Landkod_Emittent>
        <Valuta>USD</Valuta>
        <Antal>100287</Antal>
        <Nominellt_belopp />
        <Kurs_som_använts_vid_värdering_av_instrumentet>140</Kurs_som_använts_vid_värdering_av_instrumentet>
        <Valutakurs_instrument>10.4283</Valutakurs_instrument>
        <Marknadsvärde_instrument>146415209.09</Marknadsvärde_instrument>
        <Andel_av_fondförmögenhet_instrument>3.35</Andel_av_fondförmögenhet_instrument>
        <Bransch>
          <Branschkod_instrument>50</Branschkod_instrument>
          <Bransch_namn_instrument>Telekomoperatörer</Bransch_namn_instrument>
        </Bransch>
      </FinansielltInstrument>
      <FinansielltInstrument>
        <Tillgångsslag_enligt_LVF_5_kap>ÖverlåtbartVärdepapper</Tillgångsslag_enligt_LVF_5_kap>
        <Instrumentnamn>WALT DISNEY ORD</Instrumentnamn>
        <ISIN-kod_instrument>US2546871060</ISIN-kod_instrument>
        <Landkod_Emittent>US</Landkod_Emittent>
        <Valuta>USD</Valuta>
        <Antal>128174</Antal>
        <Nominellt_belopp />
        <Kurs_som_använts_vid_värdering_av_instrumentet>86.88</Kurs_som_använts_vid_värdering_av_instrumentet>
        <Valutakurs_instrument>10.4283</Valutakurs_instrument>
        <Marknadsvärde_instrument>116127015.97</Marknadsvärde_instrument>
        <Andel_av_fondförmögenhet_instrument>2.66</Andel_av_fondförmögenhet_instrument>
        <Bransch>
          <Branschkod_instrument>50</Branschkod_instrument>
          <Bransch_namn_instrument>Telekomoperatörer</Bransch_namn_instrument>
        </Bransch>
      </FinansielltInstrument>
      <FinansielltInstrument>
        <Tillgångsslag_enligt_LVF_5_kap>ÖverlåtbartVärdepapper</Tillgångsslag_enligt_LVF_5_kap>
        <Instrumentnamn>ULTA BEAUTY INC</Instrumentnamn>
        <ISIN-kod_instrument>US90384S3031</ISIN-kod_instrument>
        <Landkod_Emittent>US</Landkod_Emittent>
        <Valuta>USD</Valuta>
        <Antal>27954</Antal>
        <Nominellt_belopp />
        <Kurs_som_använts_vid_värdering_av_instrumentet>469.07</Kurs_som_använts_vid_värdering_av_instrumentet>
        <Valutakurs_instrument>10.4283</Valutakurs_instrument>
        <Marknadsvärde_instrument>136739861.34</Marknadsvärde_instrument>
        <Andel_av_fondförmögenhet_instrument>3.13</Andel_av_fondförmögenhet_instrument>
        <Bransch>
          <Branschkod_instrument>25</Branschkod_instrument>
          <Bransch_namn_instrument>Sällanköpvaror och tjänster</Bransch_namn_instrument>
        </Bransch>
      </FinansielltInstrument>
      <FinansielltInstrument>
        <Tillgångsslag_enligt_LVF_5_kap>ÖverlåtbartVärdepapper</Tillgångsslag_enligt_LVF_5_kap>
        <Instrumentnamn>NVIDIA CORP</Instrumentnamn>
        <ISIN-kod_instrument>US67066G1040</ISIN-kod_instrument>
        <Landkod_Emittent>US</Landkod_Emittent>
        <Valuta>USD</Valuta>
        <Antal>87749</Antal>
        <Nominellt_belopp />
        <Kurs_som_använts_vid_värdering_av_instrumentet>146.14</Kurs_som_använts_vid_värdering_av_instrumentet>
        <Valutakurs_instrument>10.4283</Valutakurs_instrument>
        <Marknadsvärde_instrument>133728753.12</Marknadsvärde_instrument>
        <Andel_av_fondförmögenhet_instrument>3.06</Andel_av_fondförmögenhet_instrument>
        <Bransch>
          <Branschkod_instrument>45</Branschkod_instrument>
          <Bransch_namn_instrument>Informationsteknologi</Bransch_namn_instrument>
        </Bransch>
      </FinansielltInstrument>
      <FinansielltInstrument>
        <Tillgångsslag_enligt_LVF_5_kap>ÖverlåtbartVärdepapper</Tillgångsslag_enligt_LVF_5_kap>
        <Instrumentnamn>NIKE</Instrumentnamn>
        <ISIN-kod_instrument>US6541061031</ISIN-kod_instrument>
        <Landkod_Emittent>US</Landkod_Emittent>
        <Valuta>USD</Valuta>
        <Antal>135498</Antal>
        <Nominellt_belopp />
        <Kurs_som_använts_vid_värdering_av_instrumentet>117.01</Kurs_som_använts_vid_värdering_av_instrumentet>
        <Valutakurs_instrument>10.4283</Valutakurs_instrument>
        <Marknadsvärde_instrument>165336743.97</Marknadsvärde_instrument>
        <Andel_av_fondförmögenhet_instrument>3.78</Andel_av_fondförmögenhet_instrument>
        <Bransch>
          <Branschkod_instrument>25</Branschkod_instrument>
          <Bransch_namn_instrument>Sällanköpvaror och tjänster</Bransch_namn_instrument>
        </Bransch>
      </FinansielltInstrument>
      <FinansielltInstrument>
        <Tillgångsslag_enligt_LVF_5_kap>ÖverlåtbartVärdepapper</Tillgångsslag_enligt_LVF_5_kap>
        <Instrumentnamn>PROYA COSMETICS C</Instrumentnamn>
        <ISIN-kod_instrument>CNE100002TP9</ISIN-kod_instrument>
        <Landkod_Emittent>CN</Landkod_Emittent>
        <Valuta>CNY</Valuta>
        <Antal>248259</Antal>
        <Nominellt_belopp />
        <Kurs_som_använts_vid_värdering_av_instrumentet>167.48</Kurs_som_använts_vid_värdering_av_instrumentet>
        <Valutakurs_instrument>1.51</Valutakurs_instrument>
        <Marknadsvärde_instrument>62783410.15</Marknadsvärde_instrument>
        <Andel_av_fondförmögenhet_instrument>1.44</Andel_av_fondförmögenhet_instrument>
        <Bransch>
          <Branschkod_instrument>30</Branschkod_instrument>
          <Bransch_namn_instrument>Dagligvaror</Bransch_namn_instrument>
        </Bransch>
      </FinansielltInstrument>
      <FinansielltInstrument>
        <Tillgångsslag_enligt_LVF_5_kap>ÖverlåtbartVärdepapper</Tillgångsslag_enligt_LVF_5_kap>
        <Instrumentnamn>SNAP INC - A</Instrumentnamn>
        <ISIN-kod_instrument>US83304A1060</ISIN-kod_instrument>
        <Landkod_Emittent>US</Landkod_Emittent>
        <Valuta>USD</Valuta>
        <Antal>298937</Antal>
        <Nominellt_belopp />
        <Kurs_som_använts_vid_värdering_av_instrumentet>8.95</Kurs_som_använts_vid_värdering_av_instrumentet>
        <Valutakurs_instrument>10.4283</Valutakurs_instrument>
        <Marknadsvärde_instrument>27900772.22</Marknadsvärde_instrument>
        <Andel_av_fondförmögenhet_instrument>0.64</Andel_av_fondförmögenhet_instrument>
        <Bransch>
          <Branschkod_instrument>50</Branschkod_instrument>
          <Bransch_namn_instrument>Telekomoperatörer</Bransch_namn_instrument>
        </Bransch>
      </FinansielltInstrument>
      <FinansielltInstrument>
        <Tillgångsslag_enligt_LVF_5_kap>ÖverlåtbartVärdepapper</Tillgångsslag_enligt_LVF_5_kap>
        <Instrumentnamn>SEA LTD - ADR</Instrumentnamn>
        <ISIN-kod_instrument>US81141R1005</ISIN-kod_instrument>
        <Landkod_Emittent>SG</Landkod_Emittent>
        <Valuta>USD</Valuta>
        <Antal>61092</Antal>
        <Nominellt_belopp />
        <Kurs_som_använts_vid_värdering_av_instrumentet>52.03</Kurs_som_använts_vid_värdering_av_instrumentet>
        <Valutakurs_instrument>10.4283</Valutakurs_instrument>
        <Marknadsvärde_instrument>33147569.16</Marknadsvärde_instrument>
        <Andel_av_fondförmögenhet_instrument>0.76</Andel_av_fondförmögenhet_instrument>
        <Bransch>
          <Branschkod_instrument>50</Branschkod_instrument>
          <Bransch_namn_instrument>Telekomoperatörer</Bransch_namn_instrument>
        </Bransch>
      </FinansielltInstrument>
      <FinansielltInstrument>
        <Tillgångsslag_enligt_LVF_5_kap>ÖverlåtbartVärdepapper</Tillgångsslag_enligt_LVF_5_kap>
        <Instrumentnamn>BUDWEISER BREWING CO</Instrumentnamn>
        <ISIN-kod_instrument>KYG1674K1013</ISIN-kod_instrument>
        <Landkod_Emittent>HK</Landkod_Emittent>
        <Valuta>HKD</Valuta>
        <Antal>2668400</Antal>
        <Nominellt_belopp />
        <Kurs_som_använts_vid_värdering_av_instrumentet>24.55</Kurs_som_använts_vid_värdering_av_instrumentet>
        <Valutakurs_instrument>1.3358</Valutakurs_instrument>
        <Marknadsvärde_instrument>87507216.08</Marknadsvärde_instrument>
        <Andel_av_fondförmögenhet_instrument>2</Andel_av_fondförmögenhet_instrument>
        <Bransch>
          <Branschkod_instrument>30</Branschkod_instrument>
          <Bransch_namn_instrument>Dagligvaror</Bransch_namn_instrument>
        </Bransch>
      </FinansielltInstrument>
      <FinansielltInstrument>
        <Tillgångsslag_enligt_LVF_5_kap>ÖverlåtbartVärdepapper</Tillgångsslag_enligt_LVF_5_kap>
        <Instrumentnamn>BASIC-FIT NV</Instrumentnamn>
        <ISIN-kod_instrument>NL0011872650</ISIN-kod_instrument>
        <Landkod_Emittent>NL</Landkod_Emittent>
        <Valuta>EUR</Valuta>
        <Antal>72709</Antal>
        <Nominellt_belopp />
        <Kurs_som_använts_vid_värdering_av_instrumentet>24.48</Kurs_som_använts_vid_värdering_av_instrumentet>
        <Valutakurs_instrument>11.1604</Valutakurs_instrument>
        <Marknadsvärde_instrument>19864578.1</Marknadsvärde_instrument>
        <Andel_av_fondförmögenhet_instrument>0.45</Andel_av_fondförmögenhet_instrument>
        <Bransch>
          <Branschkod_instrument>25</Branschkod_instrument>
          <Bransch_namn_instrument>Sällanköpvaror och tjänster</Bransch_namn_instrument>
        </Bransch>
      </FinansielltInstrument>
      <FinansielltInstrument>
        <Tillgångsslag_enligt_LVF_5_kap>ÖverlåtbartVärdepapper</Tillgångsslag_enligt_LVF_5_kap>
        <Instrumentnamn>BUMBLE INC - A</Instrumentnamn>
        <ISIN-kod_instrument>US12047B1052</ISIN-kod_instrument>
        <Landkod_Emittent>US</Landkod_Emittent>
        <Valuta>USD</Valuta>
        <Antal>250692</Antal>
        <Nominellt_belopp />
        <Kurs_som_använts_vid_värdering_av_instrumentet>21.05</Kurs_som_använts_vid_värdering_av_instrumentet>
        <Valutakurs_instrument>10.4283</Valutakurs_instrument>
        <Marknadsvärde_instrument>55030833.62</Marknadsvärde_instrument>
        <Andel_av_fondförmögenhet_instrument>1.26</Andel_av_fondförmögenhet_instrument>
        <Bransch>
          <Branschkod_instrument>50</Branschkod_instrument>
          <Bransch_namn_instrument>Telekomoperatörer</Bransch_namn_instrument>
        </Bransch>
      </FinansielltInstrument>
      <FinansielltInstrument>
        <Tillgångsslag_enligt_LVF_5_kap>ÖverlåtbartVärdepapper</Tillgångsslag_enligt_LVF_5_kap>
        <Instrumentnamn>DAVIDE CAMPARI-MILAN</Instrumentnamn>
        <ISIN-kod_instrument>NL0015435975</ISIN-kod_instrument>
        <Landkod_Emittent>IT</Landkod_Emittent>
        <Valuta>EUR</Valuta>
        <Antal>1150492</Antal>
        <Nominellt_belopp />
        <Kurs_som_använts_vid_värdering_av_instrumentet>9.484</Kurs_som_använts_vid_värdering_av_instrumentet>
        <Valutakurs_instrument>11.1604</Valutakurs_instrument>
        <Marknadsvärde_instrument>121774094.49</Marknadsvärde_instrument>
        <Andel_av_fondförmögenhet_instrument>2.78</Andel_av_fondförmögenhet_instrument>
        <Bransch>
          <Branschkod_instrument>30</Branschkod_instrument>
          <Bransch_namn_instrument>Dagligvaror</Bransch_namn_instrument>
        </Bransch>
      </FinansielltInstrument>
      <FinansielltInstrument>
        <Tillgångsslag_enligt_LVF_5_kap>ÖverlåtbartVärdepapper</Tillgångsslag_enligt_LVF_5_kap>
        <Instrumentnamn>CTS EVENTIM AG &amp; CO</Instrumentnamn>
        <ISIN-kod_instrument>DE0005470306</ISIN-kod_instrument>
        <Landkod_Emittent>DE</Landkod_Emittent>
        <Valuta>EUR</Valuta>
        <Antal>145717</Antal>
        <Nominellt_belopp />
        <Kurs_som_använts_vid_värdering_av_instrumentet>59.6</Kurs_som_använts_vid_värdering_av_instrumentet>
        <Valutakurs_instrument>11.1604</Valutakurs_instrument>
        <Marknadsvärde_instrument>96925096.41</Marknadsvärde_instrument>
        <Andel_av_fondförmögenhet_instrument>2.22</Andel_av_fondförmögenhet_instrument>
        <Bransch>
          <Branschkod_instrument>25</Branschkod_instrument>
          <Bransch_namn_instrument>Sällanköpvaror och tjänster</Bransch_namn_instrument>
        </Bransch>
      </FinansielltInstrument>
      <FinansielltInstrument>
        <Tillgångsslag_enligt_LVF_5_kap>ÖverlåtbartVärdepapper</Tillgångsslag_enligt_LVF_5_kap>
        <Instrumentnamn>ALPHABET INC-CL C</Instrumentnamn>
        <ISIN-kod_instrument>US02079K1079</ISIN-kod_instrument>
        <Landkod_Emittent>US</Landkod_Emittent>
        <Valuta>USD</Valuta>
        <Antal>219271</Antal>
        <Nominellt_belopp />
        <Kurs_som_använts_vid_värdering_av_instrumentet>88.73</Kurs_som_använts_vid_värdering_av_instrumentet>
        <Valutakurs_instrument>10.4283</Valutakurs_instrument>
        <Marknadsvärde_instrument>202892127.05</Marknadsvärde_instrument>
        <Andel_av_fondförmögenhet_instrument>4.64</Andel_av_fondförmögenhet_instrument>
        <Bransch>
          <Branschkod_instrument>50</Branschkod_instrument>
          <Bransch_namn_instrument>Telekomoperatörer</Bransch_namn_instrument>
        </Bransch>
      </FinansielltInstrument>
      <FinansielltInstrument>
        <Tillgångsslag_enligt_LVF_5_kap>ÖverlåtbartVärdepapper</Tillgångsslag_enligt_LVF_5_kap>
        <Instrumentnamn>ADYEN NV</Instrumentnamn>
        <ISIN-kod_instrument>NL0012969182</ISIN-kod_instrument>
        <Landkod_Emittent>NL</Landkod_Emittent>
        <Valuta>EUR</Valuta>
        <Antal>4769</Antal>
        <Nominellt_belopp />
        <Kurs_som_använts_vid_värdering_av_instrumentet>1288.4</Kurs_som_använts_vid_värdering_av_instrumentet>
        <Valutakurs_instrument>11.1604</Valutakurs_instrument>
        <Marknadsvärde_instrument>68573734.09</Marknadsvärde_instrument>
        <Andel_av_fondförmögenhet_instrument>1.57</Andel_av_fondförmögenhet_instrument>
        <Bransch>
          <Branschkod_instrument>45</Branschkod_instrument>
          <Bransch_namn_instrument>Informationsteknologi</Bransch_namn_instrument>
        </Bransch>
      </FinansielltInstrument>
      <FinansielltInstrument>
        <Tillgångsslag_enligt_LVF_5_kap>ÖverlåtbartVärdepapper</Tillgångsslag_enligt_LVF_5_kap>
        <Instrumentnamn>AMAZON COM</Instrumentnamn>
        <ISIN-kod_instrument>US0231351067</ISIN-kod_instrument>
        <Landkod_Emittent>US</Landkod_Emittent>
        <Valuta>USD</Valuta>
        <Antal>267777</Antal>
        <Nominellt_belopp />
        <Kurs_som_använts_vid_värdering_av_instrumentet>84</Kurs_som_använts_vid_värdering_av_instrumentet>
        <Valutakurs_instrument>10.4283</Valutakurs_instrument>
        <Marknadsvärde_instrument>234566546.68</Marknadsvärde_instrument>
        <Andel_av_fondförmögenhet_instrument>5.36</Andel_av_fondförmögenhet_instrument>
        <Bransch>
          <Branschkod_instrument>25</Branschkod_instrument>
          <Bransch_namn_instrument>Sällanköpvaror och tjänster</Bransch_namn_instrument>
        </Bransch>
      </FinansielltInstrument>
      <FinansielltInstrument>
        <Tillgångsslag_enligt_LVF_5_kap>ÖverlåtbartVärdepapper</Tillgångsslag_enligt_LVF_5_kap>
        <Instrumentnamn>BALL</Instrumentnamn>
        <ISIN-kod_instrument>US0584981064</ISIN-kod_instrument>
        <Landkod_Emittent>US</Landkod_Emittent>
        <Valuta>USD</Valuta>
        <Antal>195739</Antal>
        <Nominellt_belopp />
        <Kurs_som_använts_vid_värdering_av_instrumentet>51.14</Kurs_som_använts_vid_värdering_av_instrumentet>
        <Valutakurs_instrument>10.4283</Valutakurs_instrument>
        <Marknadsvärde_instrument>104388247.2</Marknadsvärde_instrument>
        <Andel_av_fondförmögenhet_instrument>2.39</Andel_av_fondförmögenhet_instrument>
        <Bransch>
          <Branschkod_instrument>15</Branschkod_instrument>
          <Bransch_namn_instrument>Material</Bransch_namn_instrument>
        </Bransch>
      </FinansielltInstrument>
      <FinansielltInstrument>
        <Tillgångsslag_enligt_LVF_5_kap>ÖverlåtbartVärdepapper</Tillgångsslag_enligt_LVF_5_kap>
        <Instrumentnamn>AMERICAN TOWER CORP</Instrumentnamn>
        <ISIN-kod_instrument>US03027X1000</ISIN-kod_instrument>
        <Landkod_Emittent>US</Landkod_Emittent>
        <Valuta>USD</Valuta>
        <Antal>80135</Antal>
        <Nominellt_belopp />
        <Kurs_som_använts_vid_värdering_av_instrumentet>211.86</Kurs_som_använts_vid_värdering_av_instrumentet>
        <Valutakurs_instrument>10.4283</Valutakurs_instrument>
        <Marknadsvärde_instrument>177045431.89</Marknadsvärde_instrument>
        <Andel_av_fondförmögenhet_instrument>4.05</Andel_av_fondförmögenhet_instrument>
        <Bransch>
          <Branschkod_instrument>60</Branschkod_instrument>
          <Bransch_namn_instrument>Fastigheter</Bransch_namn_instrument>
        </Bransch>
      </FinansielltInstrument>
      <FinansielltInstrument>
        <Tillgångsslag_enligt_LVF_5_kap>ÖverlåtbartVärdepapper</Tillgångsslag_enligt_LVF_5_kap>
        <Instrumentnamn>ILLUMINA INC</Instrumentnamn>
        <ISIN-kod_instrument>US4523271090</ISIN-kod_instrument>
        <Landkod_Emittent>US</Landkod_Emittent>
        <Valuta>USD</Valuta>
        <Antal>38581</Antal>
        <Nominellt_belopp />
        <Kurs_som_använts_vid_värdering_av_instrumentet>202.2</Kurs_som_använts_vid_värdering_av_instrumentet>
        <Valutakurs_instrument>10.4283</Valutakurs_instrument>
        <Marknadsvärde_instrument>81351983.79</Marknadsvärde_instrument>
        <Andel_av_fondförmögenhet_instrument>1.86</Andel_av_fondförmögenhet_instrument>
        <Bransch>
          <Branschkod_instrument>35</Branschkod_instrument>
          <Bransch_namn_instrument>Hälsovård</Bransch_namn_instrument>
        </Bransch>
      </FinansielltInstrument>
      <FinansielltInstrument>
        <Tillgångsslag_enligt_LVF_5_kap>ÖverlåtbartVärdepapper</Tillgångsslag_enligt_LVF_5_kap>
        <Instrumentnamn>GUARDANT HEALTH INC</Instrumentnamn>
        <ISIN-kod_instrument>US40131M1099</ISIN-kod_instrument>
        <Landkod_Emittent>US</Landkod_Emittent>
        <Valuta>USD</Valuta>
        <Antal>83256</Antal>
        <Nominellt_belopp />
        <Kurs_som_använts_vid_värdering_av_instrumentet>27.2</Kurs_som_använts_vid_värdering_av_instrumentet>
        <Valutakurs_instrument>10.4283</Valutakurs_instrument>
        <Marknadsvärde_instrument>23615544.42</Marknadsvärde_instrument>
        <Andel_av_fondförmögenhet_instrument>0.54</Andel_av_fondförmögenhet_instrument>
        <Bransch>
          <Branschkod_instrument>35</Branschkod_instrument>
          <Bransch_namn_instrument>Hälsovård</Bransch_namn_instrument>
        </Bransch>
      </FinansielltInstrument>
      <FinansielltInstrument>
        <Tillgångsslag_enligt_LVF_5_kap>ÖverlåtbartVärdepapper</Tillgångsslag_enligt_LVF_5_kap>
        <Instrumentnamn>LIVE NATION INC</Instrumentnamn>
        <ISIN-kod_instrument>US5380341090</ISIN-kod_instrument>
        <Landkod_Emittent>US</Landkod_Emittent>
        <Valuta>USD</Valuta>
        <Antal>137924</Antal>
        <Nominellt_belopp />
        <Kurs_som_använts_vid_värdering_av_instrumentet>69.74</Kurs_som_använts_vid_värdering_av_instrumentet>
        <Valutakurs_instrument>10.4283</Valutakurs_instrument>
        <Marknadsvärde_instrument>100307938.1</Marknadsvärde_instrument>
        <Andel_av_fondförmögenhet_instrument>2.29</Andel_av_fondförmögenhet_instrument>
        <Bransch>
          <Branschkod_instrument>50</Branschkod_instrument>
          <Bransch_namn_instrument>Telekomoperatörer</Bransch_namn_instrument>
        </Bransch>
      </FinansielltInstrument>
      <FinansielltInstrument>
        <Tillgångsslag_enligt_LVF_5_kap>ÖverlåtbartVärdepapper</Tillgångsslag_enligt_LVF_5_kap>
        <Instrumentnamn>KONINKLIJKE DSM NV</Instrumentnamn>
        <ISIN-kod_instrument>NL0000009827</ISIN-kod_instrument>
        <Landkod_Emittent>NL</Landkod_Emittent>
        <Valuta>EUR</Valuta>
        <Antal>69636</Antal>
        <Nominellt_belopp />
        <Kurs_som_använts_vid_värdering_av_instrumentet>114.3</Kurs_som_använts_vid_värdering_av_instrumentet>
        <Valutakurs_instrument>11.1604</Valutakurs_instrument>
        <Marknadsvärde_instrument>88830029.73</Marknadsvärde_instrument>
        <Andel_av_fondförmögenhet_instrument>2.03</Andel_av_fondförmögenhet_instrument>
        <Bransch>
          <Branschkod_instrument>15</Branschkod_instrument>
          <Bransch_namn_instrument>Material</Bransch_namn_instrument>
        </Bransch>
      </FinansielltInstrument>
      <FinansielltInstrument>
        <Tillgångsslag_enligt_LVF_5_kap>ÖverlåtbartVärdepapper</Tillgångsslag_enligt_LVF_5_kap>
        <Instrumentnamn>FARFETCH LTD - A</Instrumentnamn>
        <ISIN-kod_instrument>KY30744W1070</ISIN-kod_instrument>
        <Landkod_Emittent>GB</Landkod_Emittent>
        <Valuta>USD</Valuta>
        <Antal>487505</Antal>
        <Nominellt_belopp />
        <Kurs_som_använts_vid_värdering_av_instrumentet>4.73</Kurs_som_använts_vid_värdering_av_instrumentet>
        <Valutakurs_instrument>10.4283</Valutakurs_instrument>
        <Marknadsvärde_instrument>24046602.89</Marknadsvärde_instrument>
        <Andel_av_fondförmögenhet_instrument>0.55</Andel_av_fondförmögenhet_instrument>
        <Bransch>
          <Branschkod_instrument>25</Branschkod_instrument>
          <Bransch_namn_instrument>Sällanköpvaror och tjänster</Bransch_namn_instrument>
        </Bransch>
      </FinansielltInstrument>
      <FinansielltInstrument>
        <Tillgångsslag_enligt_LVF_5_kap>ÖverlåtbartVärdepapper</Tillgångsslag_enligt_LVF_5_kap>
        <Instrumentnamn>EDP RENOVAVEIS SA</Instrumentnamn>
        <ISIN-kod_instrument>ES0127797019</ISIN-kod_instrument>
        <Landkod_Emittent>ES</Landkod_Emittent>
        <Valuta>EUR</Valuta>
        <Antal>558659</Antal>
        <Nominellt_belopp />
        <Kurs_som_använts_vid_värdering_av_instrumentet>20.58</Kurs_som_använts_vid_värdering_av_instrumentet>
        <Valutakurs_instrument>11.1604</Valutakurs_instrument>
        <Marknadsvärde_instrument>128313375.66</Marknadsvärde_instrument>
        <Andel_av_fondförmögenhet_instrument>2.93</Andel_av_fondförmögenhet_instrument>
        <Bransch>
          <Branschkod_instrument>55</Branschkod_instrument>
          <Bransch_namn_instrument>Kraftförsörjning</Bransch_namn_instrument>
        </Bransch>
      </FinansielltInstrument>
      <FinansielltInstrument>
        <Tillgångsslag_enligt_LVF_5_kap>ÖverlåtbartVärdepapper</Tillgångsslag_enligt_LVF_5_kap>
        <Instrumentnamn>ELECTRONIC ARTS</Instrumentnamn>
        <ISIN-kod_instrument>US2855121099</ISIN-kod_instrument>
        <Landkod_Emittent>US</Landkod_Emittent>
        <Valuta>USD</Valuta>
        <Antal>79165</Antal>
        <Nominellt_belopp />
        <Kurs_som_använts_vid_värdering_av_instrumentet>122.18</Kurs_som_använts_vid_värdering_av_instrumentet>
        <Valutakurs_instrument>10.4283</Valutakurs_instrument>
        <Marknadsvärde_instrument>100866477.23</Marknadsvärde_instrument>
        <Andel_av_fondförmögenhet_instrument>2.31</Andel_av_fondförmögenhet_instrument>
        <Bransch>
          <Branschkod_instrument>50</Branschkod_instrument>
          <Bransch_namn_instrument>Telekomoperatörer</Bransch_namn_instrument>
        </Bransch>
      </FinansielltInstrument>
      <FinansielltInstrument>
        <Tillgångsslag_enligt_LVF_5_kap>ÖverlåtbartVärdepapper</Tillgångsslag_enligt_LVF_5_kap>
        <Instrumentnamn>EXPERIAN</Instrumentnamn>
        <ISIN-kod_instrument>GB00B19NLV48</ISIN-kod_instrument>
        <Landkod_Emittent>IE</Landkod_Emittent>
        <Valuta>GBP</Valuta>
        <Antal>348328</Antal>
        <Nominellt_belopp />
        <Kurs_som_använts_vid_värdering_av_instrumentet>28.13</Kurs_som_använts_vid_värdering_av_instrumentet>
        <Valutakurs_instrument>12.6047</Valutakurs_instrument>
        <Marknadsvärde_instrument>123506732.46</Marknadsvärde_instrument>
        <Andel_av_fondförmögenhet_instrument>2.82</Andel_av_fondförmögenhet_instrument>
        <Bransch>
          <Branschkod_instrument>20</Branschkod_instrument>
          <Bransch_namn_instrument>Industrivaror och tjänster</Bransch_namn_instrument>
        </Bransch>
      </FinansielltInstrument>
      <FinansielltInstrument>
        <Tillgångsslag_enligt_LVF_5_kap>ÖverlåtbartVärdepapper</Tillgångsslag_enligt_LVF_5_kap>
        <Instrumentnamn>ETSY INC</Instrumentnamn>
        <ISIN-kod_instrument>US29786A1060</ISIN-kod_instrument>
        <Landkod_Emittent>US</Landkod_Emittent>
        <Valuta>USD</Valuta>
        <Antal>47597</Antal>
        <Nominellt_belopp />
        <Kurs_som_använts_vid_värdering_av_instrumentet>119.78</Kurs_som_använts_vid_värdering_av_instrumentet>
        <Valutakurs_instrument>10.4283</Valutakurs_instrument>
        <Marknadsvärde_instrument>59453497.14</Marknadsvärde_instrument>
        <Andel_av_fondförmögenhet_instrument>1.36</Andel_av_fondförmögenhet_instrument>
        <Bransch>
          <Branschkod_instrument>25</Branschkod_instrument>
          <Bransch_namn_instrument>Sällanköpvaror och tjänster</Bransch_namn_instrument>
        </Bransch>
      </FinansielltInstrument>
      <FinansielltInstrument>
        <Tillgångsslag_enligt_LVF_5_kap>Fondandel</Tillgångsslag_enligt_LVF_5_kap>
        <Instrumentnamn>KEEL CAPITAL C1 NORD</Instrumentnamn>
        <ISIN-kod_instrument>LU1762659578</ISIN-kod_instrument>
        <Landkod_Emittent>LU</Landkod_Emittent>
        <Valuta>SEK</Valuta>
        <Antal>17.2039999999995</Antal>
        <Nominellt_belopp />
        <Kurs_som_använts_vid_värdering_av_instrumentet>143381.3</Kurs_som_använts_vid_värdering_av_instrumentet>
        <Valutakurs_instrument>1</Valutakurs_instrument>
        <Marknadsvärde_instrument>2466731.89</Marknadsvärde_instrument>
        <Andel_av_fondförmögenhet_instrument>0.06</Andel_av_fondförmögenhet_instrument>
        <Bransch>
          <Branschkod_instrument>0</Branschkod_instrument>
          <Bransch_namn_instrument>Övrigt</Bransch_namn_instrument>
        </Bransch>
      </FinansielltInstrument>
    </FinansiellaInstrument>
  </Fondinformation>
  <Fondinformation />
</VärdepappersfondInnehav>