﻿<?xml version="1.0" encoding="utf-8"?>
<VärdepappersfondInnehav xmlns="http://schemas.fi.se/publika/vardepappersfonder/20200331">
  <Rapportinformation>
    <Kvartalsslut>2022-12-31</Kvartalsslut>
  </Rapportinformation>
  <Bolagsinformation>
    <Fondbolag_namn>Captor Fund Management AB</Fondbolag_namn>
    <Fondbolag_institutnummer>59031</Fondbolag_institutnummer>
    <Fondbolag_LEI-kod>549300MIQ4FU4NU8O389</Fondbolag_LEI-kod>
  </Bolagsinformation>
  <Fondinformation>
    <Fond_institutnummer>61041</Fond_institutnummer>
    <Fond_ISIN-kod>SE0011337195</Fond_ISIN-kod>
    <Fond_namn>Captor Dahlia Green Bond</Fond_namn>
    <Förvaltningsavgift>
      <MedAndelsklasser>
        <Förvaltningsavgift>
          <Andelsklass_namn>Dahlia Green Bond C</Andelsklass_namn>
          <Förvaltningsavgift_Typ>
            <Förvaltningsavgift_fast>0.25</Förvaltningsavgift_fast>
          </Förvaltningsavgift_Typ>
        </Förvaltningsavgift>
        <Förvaltningsavgift>
          <Andelsklass_namn>Dahlia Green Bond B</Andelsklass_namn>
          <Förvaltningsavgift_Typ>
            <Förvaltningsavgift_fast>0.4</Förvaltningsavgift_fast>
          </Förvaltningsavgift_Typ>
        </Förvaltningsavgift>
        <Förvaltningsavgift>
          <Andelsklass_namn>Dahlia Green Bond A</Andelsklass_namn>
          <Förvaltningsavgift_Typ>
            <Förvaltningsavgift_fast>0.6</Förvaltningsavgift_fast>
          </Förvaltningsavgift_Typ>
        </Förvaltningsavgift>
      </MedAndelsklasser>
    </Förvaltningsavgift>
    <Fondförmögenhet>834564770</Fondförmögenhet>
    <Likvida_medel>0</Likvida_medel>
    <Övriga_tillgångar_och_skulder>40366935</Övriga_tillgångar_och_skulder>
    <Aktiv_risk>2.6</Aktiv_risk>
    <Standardavvikelse_24_månader>9.3</Standardavvikelse_24_månader>
    <Jämförelseindex>
      <Jämförelseindex>Solactive SEK IG Credit Index</Jämförelseindex>
    </Jämförelseindex>
    <FinansiellaInstrument>
      <FinansielltInstrument>
        <Tillgångsslag_enligt_LVF_5_kap>ÖverlåtbartVärdepapper</Tillgångsslag_enligt_LVF_5_kap>
        <Instrumentnamn>KOMINS 0 1/4 11/26/27</Instrumentnamn>
        <ISIN-kod_instrument>XS2259127269</ISIN-kod_instrument>
        <Landkod_Emittent>SE</Landkod_Emittent>
        <Valuta>SEK</Valuta>
        <Antal>15000000</Antal>
        <Nominellt_belopp />
        <Kurs_som_använts_vid_värdering_av_instrumentet>0.85</Kurs_som_använts_vid_värdering_av_instrumentet>
        <Valutakurs_instrument>1</Valutakurs_instrument>
        <Marknadsvärde_instrument>12766604</Marknadsvärde_instrument>
        <Andel_av_fondförmögenhet_instrument>1.53</Andel_av_fondförmögenhet_instrument>
      </FinansielltInstrument>
      <FinansielltInstrument>
        <Tillgångsslag_enligt_LVF_5_kap>ÖverlåtbartVärdepapper</Tillgångsslag_enligt_LVF_5_kap>
        <Instrumentnamn>KUNTA 0.05 09/10/35</Instrumentnamn>
        <ISIN-kod_instrument>XS2227906034</ISIN-kod_instrument>
        <Landkod_Emittent>FI</Landkod_Emittent>
        <Valuta>EUR</Valuta>
        <Antal>600000</Antal>
        <Nominellt_belopp />
        <Kurs_som_använts_vid_värdering_av_instrumentet>0.68</Kurs_som_använts_vid_värdering_av_instrumentet>
        <Valutakurs_instrument>11.1209</Valutakurs_instrument>
        <Marknadsvärde_instrument>4517627</Marknadsvärde_instrument>
        <Andel_av_fondförmögenhet_instrument>0.54</Andel_av_fondförmögenhet_instrument>
      </FinansielltInstrument>
      <FinansielltInstrument>
        <Tillgångsslag_enligt_LVF_5_kap>ÖverlåtbartVärdepapper</Tillgångsslag_enligt_LVF_5_kap>
        <Instrumentnamn>NIB 0 3/8 02/01/24</Instrumentnamn>
        <ISIN-kod_instrument>XS1943607975</ISIN-kod_instrument>
        <Landkod_Emittent>FI</Landkod_Emittent>
        <Valuta>SEK</Valuta>
        <Antal>6000000</Antal>
        <Nominellt_belopp />
        <Kurs_som_använts_vid_värdering_av_instrumentet>0.97</Kurs_som_använts_vid_värdering_av_instrumentet>
        <Valutakurs_instrument>1</Valutakurs_instrument>
        <Marknadsvärde_instrument>5829710</Marknadsvärde_instrument>
        <Andel_av_fondförmögenhet_instrument>0.7</Andel_av_fondförmögenhet_instrument>
      </FinansielltInstrument>
      <FinansielltInstrument>
        <Tillgångsslag_enligt_LVF_5_kap>ÖverlåtbartVärdepapper</Tillgångsslag_enligt_LVF_5_kap>
        <Instrumentnamn>SPGB 1 07/30/42</Instrumentnamn>
        <ISIN-kod_instrument>ES0000012J07</ISIN-kod_instrument>
        <Landkod_Emittent>ES</Landkod_Emittent>
        <Valuta>EUR</Valuta>
        <Antal>2000000</Antal>
        <Nominellt_belopp />
        <Kurs_som_använts_vid_värdering_av_instrumentet>0.62</Kurs_som_använts_vid_värdering_av_instrumentet>
        <Valutakurs_instrument>11.1209</Valutakurs_instrument>
        <Marknadsvärde_instrument>13688301</Marknadsvärde_instrument>
        <Andel_av_fondförmögenhet_instrument>1.64</Andel_av_fondförmögenhet_instrument>
      </FinansielltInstrument>
      <FinansielltInstrument>
        <Tillgångsslag_enligt_LVF_5_kap>ÖverlåtbartVärdepapper</Tillgångsslag_enligt_LVF_5_kap>
        <Instrumentnamn>SWED 0 1/8 09/09/30</Instrumentnamn>
        <ISIN-kod_instrument>XS2226974504</ISIN-kod_instrument>
        <Landkod_Emittent>SE</Landkod_Emittent>
        <Valuta>SEK</Valuta>
        <Antal>20000000</Antal>
        <Nominellt_belopp />
        <Kurs_som_använts_vid_värdering_av_instrumentet>0.85</Kurs_som_använts_vid_värdering_av_instrumentet>
        <Valutakurs_instrument>1</Valutakurs_instrument>
        <Marknadsvärde_instrument>16953317</Marknadsvärde_instrument>
        <Andel_av_fondförmögenhet_instrument>2.03</Andel_av_fondförmögenhet_instrument>
      </FinansielltInstrument>
      <FinansielltInstrument>
        <Tillgångsslag_enligt_LVF_5_kap>ÖverlåtbartVärdepapper</Tillgångsslag_enligt_LVF_5_kap>
        <Instrumentnamn>LANHYP 0.615 11/18/25</Instrumentnamn>
        <ISIN-kod_instrument>SE0011870021</ISIN-kod_instrument>
        <Landkod_Emittent>SE</Landkod_Emittent>
        <Valuta>SEK</Valuta>
        <Antal>10000000</Antal>
        <Nominellt_belopp />
        <Kurs_som_använts_vid_värdering_av_instrumentet>0.92</Kurs_som_använts_vid_värdering_av_instrumentet>
        <Valutakurs_instrument>1</Valutakurs_instrument>
        <Marknadsvärde_instrument>9183188</Marknadsvärde_instrument>
        <Andel_av_fondförmögenhet_instrument>1.1</Andel_av_fondförmögenhet_instrument>
        <Bransch>
          <Branschkod_instrument>40</Branschkod_instrument>
          <Bransch_namn_instrument />
        </Bransch>
      </FinansielltInstrument>
      <FinansielltInstrument>
        <Tillgångsslag_enligt_LVF_5_kap>ÖverlåtbartVärdepapper</Tillgångsslag_enligt_LVF_5_kap>
        <Instrumentnamn>NDASS 3 3/8 11/25/27</Instrumentnamn>
        <ISIN-kod_instrument>SE0013360856</ISIN-kod_instrument>
        <Landkod_Emittent>SE</Landkod_Emittent>
        <Valuta>SEK</Valuta>
        <Antal>20000000</Antal>
        <Nominellt_belopp />
        <Kurs_som_använts_vid_värdering_av_instrumentet>0.99</Kurs_som_använts_vid_värdering_av_instrumentet>
        <Valutakurs_instrument>1</Valutakurs_instrument>
        <Marknadsvärde_instrument>19832250</Marknadsvärde_instrument>
        <Andel_av_fondförmögenhet_instrument>2.38</Andel_av_fondförmögenhet_instrument>
        <Bransch>
          <Branschkod_instrument>40</Branschkod_instrument>
          <Bransch_namn_instrument />
        </Bransch>
      </FinansielltInstrument>
      <FinansielltInstrument>
        <Tillgångsslag_enligt_LVF_5_kap>ÖverlåtbartVärdepapper</Tillgångsslag_enligt_LVF_5_kap>
        <Instrumentnamn>AIB 0 1/2 11/17/27</Instrumentnamn>
        <ISIN-kod_instrument>XS2343340852</ISIN-kod_instrument>
        <Landkod_Emittent>IE</Landkod_Emittent>
        <Valuta>EUR</Valuta>
        <Antal>1000000</Antal>
        <Nominellt_belopp />
        <Kurs_som_använts_vid_värdering_av_instrumentet>0.85</Kurs_som_använts_vid_värdering_av_instrumentet>
        <Valutakurs_instrument>11.1209</Valutakurs_instrument>
        <Marknadsvärde_instrument>9429454</Marknadsvärde_instrument>
        <Andel_av_fondförmögenhet_instrument>1.13</Andel_av_fondförmögenhet_instrument>
        <Bransch>
          <Branschkod_instrument>40</Branschkod_instrument>
          <Bransch_namn_instrument />
        </Bransch>
      </FinansielltInstrument>
      <FinansielltInstrument>
        <Tillgångsslag_enligt_LVF_5_kap>ÖverlåtbartVärdepapper</Tillgångsslag_enligt_LVF_5_kap>
        <Instrumentnamn>AIFP 0 3/8 05/27/31</Instrumentnamn>
        <ISIN-kod_instrument>FR0014003N69</ISIN-kod_instrument>
        <Landkod_Emittent>FR</Landkod_Emittent>
        <Valuta>EUR</Valuta>
        <Antal>1500000</Antal>
        <Nominellt_belopp />
        <Kurs_som_använts_vid_värdering_av_instrumentet>0.79</Kurs_som_använts_vid_värdering_av_instrumentet>
        <Valutakurs_instrument>11.1209</Valutakurs_instrument>
        <Marknadsvärde_instrument>13121893</Marknadsvärde_instrument>
        <Andel_av_fondförmögenhet_instrument>1.57</Andel_av_fondförmögenhet_instrument>
        <Bransch>
          <Branschkod_instrument>15</Branschkod_instrument>
          <Bransch_namn_instrument />
        </Bransch>
      </FinansielltInstrument>
      <FinansielltInstrument>
        <Tillgångsslag_enligt_LVF_5_kap>ÖverlåtbartVärdepapper</Tillgångsslag_enligt_LVF_5_kap>
        <Instrumentnamn>ALLRNV 0 7/8 06/24/32</Instrumentnamn>
        <ISIN-kod_instrument>XS2014382845</ISIN-kod_instrument>
        <Landkod_Emittent>NL</Landkod_Emittent>
        <Valuta>EUR</Valuta>
        <Antal>1000000</Antal>
        <Nominellt_belopp />
        <Kurs_som_använts_vid_värdering_av_instrumentet>0.79</Kurs_som_använts_vid_värdering_av_instrumentet>
        <Valutakurs_instrument>11.1209</Valutakurs_instrument>
        <Marknadsvärde_instrument>8757783</Marknadsvärde_instrument>
        <Andel_av_fondförmögenhet_instrument>1.05</Andel_av_fondförmögenhet_instrument>
        <Bransch>
          <Branschkod_instrument>55</Branschkod_instrument>
          <Bransch_namn_instrument />
        </Bransch>
      </FinansielltInstrument>
      <FinansielltInstrument>
        <Tillgångsslag_enligt_LVF_5_kap>ÖverlåtbartVärdepapper</Tillgångsslag_enligt_LVF_5_kap>
        <Instrumentnamn>ATRLJB Float 02/03/26</Instrumentnamn>
        <ISIN-kod_instrument>SE0013360054</ISIN-kod_instrument>
        <Landkod_Emittent>SE</Landkod_Emittent>
        <Valuta>SEK</Valuta>
        <Antal>10000000</Antal>
        <Nominellt_belopp />
        <Kurs_som_använts_vid_värdering_av_instrumentet>0.93</Kurs_som_använts_vid_värdering_av_instrumentet>
        <Valutakurs_instrument>1</Valutakurs_instrument>
        <Marknadsvärde_instrument>9295113</Marknadsvärde_instrument>
        <Andel_av_fondförmögenhet_instrument>1.11</Andel_av_fondförmögenhet_instrument>
        <Bransch>
          <Branschkod_instrument>60</Branschkod_instrument>
          <Bransch_namn_instrument />
        </Bransch>
      </FinansielltInstrument>
      <FinansielltInstrument>
        <Tillgångsslag_enligt_LVF_5_kap>ÖverlåtbartVärdepapper</Tillgångsslag_enligt_LVF_5_kap>
        <Instrumentnamn>ATRLJB Float 02/22/27</Instrumentnamn>
        <ISIN-kod_instrument>SE0013883428</ISIN-kod_instrument>
        <Landkod_Emittent>SE</Landkod_Emittent>
        <Valuta>SEK</Valuta>
        <Antal>16000000</Antal>
        <Nominellt_belopp />
        <Kurs_som_använts_vid_värdering_av_instrumentet>0.91</Kurs_som_använts_vid_värdering_av_instrumentet>
        <Valutakurs_instrument>1</Valutakurs_instrument>
        <Marknadsvärde_instrument>14554115</Marknadsvärde_instrument>
        <Andel_av_fondförmögenhet_instrument>1.74</Andel_av_fondförmögenhet_instrument>
        <Bransch>
          <Branschkod_instrument>60</Branschkod_instrument>
          <Bransch_namn_instrument />
        </Bransch>
      </FinansielltInstrument>
      <FinansielltInstrument>
        <Tillgångsslag_enligt_LVF_5_kap>ÖverlåtbartVärdepapper</Tillgångsslag_enligt_LVF_5_kap>
        <Instrumentnamn>BASGR 0 1/4 06/05/27</Instrumentnamn>
        <ISIN-kod_instrument>DE000A289DC9</ISIN-kod_instrument>
        <Landkod_Emittent>DE</Landkod_Emittent>
        <Valuta>EUR</Valuta>
        <Antal>1000000</Antal>
        <Nominellt_belopp />
        <Kurs_som_använts_vid_värdering_av_instrumentet>0.88</Kurs_som_använts_vid_värdering_av_instrumentet>
        <Valutakurs_instrument>11.1209</Valutakurs_instrument>
        <Marknadsvärde_instrument>9821446</Marknadsvärde_instrument>
        <Andel_av_fondförmögenhet_instrument>1.18</Andel_av_fondförmögenhet_instrument>
        <Bransch>
          <Branschkod_instrument>15</Branschkod_instrument>
          <Bransch_namn_instrument />
        </Bransch>
      </FinansielltInstrument>
      <FinansielltInstrument>
        <Tillgångsslag_enligt_LVF_5_kap>ÖverlåtbartVärdepapper</Tillgångsslag_enligt_LVF_5_kap>
        <Instrumentnamn>BNP 0 3/8 10/14/27</Instrumentnamn>
        <ISIN-kod_instrument>FR00140005J1</ISIN-kod_instrument>
        <Landkod_Emittent>FR</Landkod_Emittent>
        <Valuta>EUR</Valuta>
        <Antal>1000000</Antal>
        <Nominellt_belopp />
        <Kurs_som_använts_vid_värdering_av_instrumentet>0.87</Kurs_som_använts_vid_värdering_av_instrumentet>
        <Valutakurs_instrument>11.1209</Valutakurs_instrument>
        <Marknadsvärde_instrument>9634616</Marknadsvärde_instrument>
        <Andel_av_fondförmögenhet_instrument>1.15</Andel_av_fondförmögenhet_instrument>
        <Bransch>
          <Branschkod_instrument>40</Branschkod_instrument>
          <Bransch_namn_instrument />
        </Bransch>
      </FinansielltInstrument>
      <FinansielltInstrument>
        <Tillgångsslag_enligt_LVF_5_kap>ÖverlåtbartVärdepapper</Tillgångsslag_enligt_LVF_5_kap>
        <Instrumentnamn>BNRFST Float 05/06/26</Instrumentnamn>
        <ISIN-kod_instrument>SE0014855839</ISIN-kod_instrument>
        <Landkod_Emittent>SE</Landkod_Emittent>
        <Valuta>SEK</Valuta>
        <Antal>16000000</Antal>
        <Nominellt_belopp />
        <Kurs_som_använts_vid_värdering_av_instrumentet>0.92</Kurs_som_använts_vid_värdering_av_instrumentet>
        <Valutakurs_instrument>1</Valutakurs_instrument>
        <Marknadsvärde_instrument>14682617</Marknadsvärde_instrument>
        <Andel_av_fondförmögenhet_instrument>1.76</Andel_av_fondförmögenhet_instrument>
        <Bransch>
          <Branschkod_instrument>60</Branschkod_instrument>
          <Bransch_namn_instrument />
        </Bransch>
      </FinansielltInstrument>
      <FinansielltInstrument>
        <Tillgångsslag_enligt_LVF_5_kap>ÖverlåtbartVärdepapper</Tillgångsslag_enligt_LVF_5_kap>
        <Instrumentnamn>BUSKEN Float 09/30/25</Instrumentnamn>
        <ISIN-kod_instrument>NO0010894371</ISIN-kod_instrument>
        <Landkod_Emittent>NO</Landkod_Emittent>
        <Valuta>NOK</Valuta>
        <Antal>12000000</Antal>
        <Nominellt_belopp />
        <Kurs_som_använts_vid_värdering_av_instrumentet>0.99</Kurs_som_använts_vid_värdering_av_instrumentet>
        <Valutakurs_instrument>1.0587</Valutakurs_instrument>
        <Marknadsvärde_instrument>12603672</Marknadsvärde_instrument>
        <Andel_av_fondförmögenhet_instrument>1.51</Andel_av_fondförmögenhet_instrument>
        <Bransch>
          <Branschkod_instrument>55</Branschkod_instrument>
          <Bransch_namn_instrument />
        </Bransch>
      </FinansielltInstrument>
      <FinansielltInstrument>
        <Tillgångsslag_enligt_LVF_5_kap>ÖverlåtbartVärdepapper</Tillgångsslag_enligt_LVF_5_kap>
        <Instrumentnamn>CMZB 0 3/4 03/24/26</Instrumentnamn>
        <ISIN-kod_instrument>DE000CB0HRQ9</ISIN-kod_instrument>
        <Landkod_Emittent>DE</Landkod_Emittent>
        <Valuta>EUR</Valuta>
        <Antal>500000</Antal>
        <Nominellt_belopp />
        <Kurs_som_använts_vid_värdering_av_instrumentet>0.92</Kurs_som_använts_vid_värdering_av_instrumentet>
        <Valutakurs_instrument>11.1209</Valutakurs_instrument>
        <Marknadsvärde_instrument>5117539</Marknadsvärde_instrument>
        <Andel_av_fondförmögenhet_instrument>0.61</Andel_av_fondförmögenhet_instrument>
        <Bransch>
          <Branschkod_instrument>40</Branschkod_instrument>
          <Bransch_namn_instrument />
        </Bransch>
      </FinansielltInstrument>
      <FinansielltInstrument>
        <Tillgångsslag_enligt_LVF_5_kap>ÖverlåtbartVärdepapper</Tillgångsslag_enligt_LVF_5_kap>
        <Instrumentnamn>DEVOBA 0 1/4 06/22/26</Instrumentnamn>
        <ISIN-kod_instrument>XS2356091269</ISIN-kod_instrument>
        <Landkod_Emittent>NL</Landkod_Emittent>
        <Valuta>EUR</Valuta>
        <Antal>2000000</Antal>
        <Nominellt_belopp />
        <Kurs_som_använts_vid_värdering_av_instrumentet>0.87</Kurs_som_använts_vid_värdering_av_instrumentet>
        <Valutakurs_instrument>11.1209</Valutakurs_instrument>
        <Marknadsvärde_instrument>19387190</Marknadsvärde_instrument>
        <Andel_av_fondförmögenhet_instrument>2.32</Andel_av_fondförmögenhet_instrument>
        <Bransch>
          <Branschkod_instrument>40</Branschkod_instrument>
          <Bransch_namn_instrument />
        </Bransch>
      </FinansielltInstrument>
      <FinansielltInstrument>
        <Tillgångsslag_enligt_LVF_5_kap>ÖverlåtbartVärdepapper</Tillgångsslag_enligt_LVF_5_kap>
        <Instrumentnamn>EIDSIV 2 3/8 05/26/31</Instrumentnamn>
        <ISIN-kod_instrument>NO0011002628</ISIN-kod_instrument>
        <Landkod_Emittent>NO</Landkod_Emittent>
        <Valuta>NOK</Valuta>
        <Antal>24000000</Antal>
        <Nominellt_belopp />
        <Kurs_som_använts_vid_värdering_av_instrumentet>0.87</Kurs_som_använts_vid_värdering_av_instrumentet>
        <Valutakurs_instrument>1.0587</Valutakurs_instrument>
        <Marknadsvärde_instrument>22086659</Marknadsvärde_instrument>
        <Andel_av_fondförmögenhet_instrument>2.65</Andel_av_fondförmögenhet_instrument>
        <Bransch>
          <Branschkod_instrument>55</Branschkod_instrument>
          <Bransch_namn_instrument />
        </Bransch>
      </FinansielltInstrument>
      <FinansielltInstrument>
        <Tillgångsslag_enligt_LVF_5_kap>ÖverlåtbartVärdepapper</Tillgångsslag_enligt_LVF_5_kap>
        <Instrumentnamn>ELLEVI Float 06/11/27</Instrumentnamn>
        <ISIN-kod_instrument>XS2187707893</ISIN-kod_instrument>
        <Landkod_Emittent>SE</Landkod_Emittent>
        <Valuta>SEK</Valuta>
        <Antal>15000000</Antal>
        <Nominellt_belopp />
        <Kurs_som_använts_vid_värdering_av_instrumentet>1</Kurs_som_använts_vid_värdering_av_instrumentet>
        <Valutakurs_instrument>1</Valutakurs_instrument>
        <Marknadsvärde_instrument>14978211</Marknadsvärde_instrument>
        <Andel_av_fondförmögenhet_instrument>1.79</Andel_av_fondförmögenhet_instrument>
        <Bransch>
          <Branschkod_instrument>55</Branschkod_instrument>
          <Bransch_namn_instrument />
        </Bransch>
      </FinansielltInstrument>
      <FinansielltInstrument>
        <Tillgångsslag_enligt_LVF_5_kap>ÖverlåtbartVärdepapper</Tillgångsslag_enligt_LVF_5_kap>
        <Instrumentnamn>ELTLX 1.705 02/24/27</Instrumentnamn>
        <ISIN-kod_instrument>XS2448242268</ISIN-kod_instrument>
        <Landkod_Emittent>SE</Landkod_Emittent>
        <Valuta>SEK</Valuta>
        <Antal>17000000</Antal>
        <Nominellt_belopp />
        <Kurs_som_använts_vid_värdering_av_instrumentet>0.9</Kurs_som_använts_vid_värdering_av_instrumentet>
        <Valutakurs_instrument>1</Valutakurs_instrument>
        <Marknadsvärde_instrument>15290388</Marknadsvärde_instrument>
        <Andel_av_fondförmögenhet_instrument>1.83</Andel_av_fondförmögenhet_instrument>
        <Bransch>
          <Branschkod_instrument>25</Branschkod_instrument>
          <Bransch_namn_instrument />
        </Bransch>
      </FinansielltInstrument>
      <FinansielltInstrument>
        <Tillgångsslag_enligt_LVF_5_kap>ÖverlåtbartVärdepapper</Tillgångsslag_enligt_LVF_5_kap>
        <Instrumentnamn>ENEXIS 0 5/8 06/17/32</Instrumentnamn>
        <ISIN-kod_instrument>XS2190255211</ISIN-kod_instrument>
        <Landkod_Emittent>NL</Landkod_Emittent>
        <Valuta>EUR</Valuta>
        <Antal>1000000</Antal>
        <Nominellt_belopp />
        <Kurs_som_använts_vid_värdering_av_instrumentet>0.76</Kurs_som_använts_vid_värdering_av_instrumentet>
        <Valutakurs_instrument>11.1209</Valutakurs_instrument>
        <Marknadsvärde_instrument>8447043</Marknadsvärde_instrument>
        <Andel_av_fondförmögenhet_instrument>1.01</Andel_av_fondförmögenhet_instrument>
        <Bransch>
          <Branschkod_instrument>55</Branschkod_instrument>
          <Bransch_namn_instrument />
        </Bransch>
      </FinansielltInstrument>
      <FinansielltInstrument>
        <Tillgångsslag_enligt_LVF_5_kap>ÖverlåtbartVärdepapper</Tillgångsslag_enligt_LVF_5_kap>
        <Instrumentnamn>ENGIFP 0 3/8 06/21/27</Instrumentnamn>
        <ISIN-kod_instrument>FR0013428489</ISIN-kod_instrument>
        <Landkod_Emittent>FR</Landkod_Emittent>
        <Valuta>EUR</Valuta>
        <Antal>200000</Antal>
        <Nominellt_belopp />
        <Kurs_som_använts_vid_värdering_av_instrumentet>0.87</Kurs_som_använts_vid_värdering_av_instrumentet>
        <Valutakurs_instrument>11.1209</Valutakurs_instrument>
        <Marknadsvärde_instrument>1932331</Marknadsvärde_instrument>
        <Andel_av_fondförmögenhet_instrument>0.23</Andel_av_fondförmögenhet_instrument>
        <Bransch>
          <Branschkod_instrument>55</Branschkod_instrument>
          <Bransch_namn_instrument />
        </Bransch>
      </FinansielltInstrument>
      <FinansielltInstrument>
        <Tillgångsslag_enligt_LVF_5_kap>ÖverlåtbartVärdepapper</Tillgångsslag_enligt_LVF_5_kap>
        <Instrumentnamn>ENTRAN Float 06/29/27</Instrumentnamn>
        <ISIN-kod_instrument>NO0010886856</ISIN-kod_instrument>
        <Landkod_Emittent>NO</Landkod_Emittent>
        <Valuta>NOK</Valuta>
        <Antal>8000000</Antal>
        <Nominellt_belopp />
        <Kurs_som_använts_vid_värdering_av_instrumentet>0.96</Kurs_som_använts_vid_värdering_av_instrumentet>
        <Valutakurs_instrument>1.0587</Valutakurs_instrument>
        <Marknadsvärde_instrument>8105656</Marknadsvärde_instrument>
        <Andel_av_fondförmögenhet_instrument>0.97</Andel_av_fondförmögenhet_instrument>
        <Bransch>
          <Branschkod_instrument>60</Branschkod_instrument>
          <Bransch_namn_instrument />
        </Bransch>
      </FinansielltInstrument>
      <FinansielltInstrument>
        <Tillgångsslag_enligt_LVF_5_kap>ÖverlåtbartVärdepapper</Tillgångsslag_enligt_LVF_5_kap>
        <Instrumentnamn>EOANGR 0 3/8 09/29/27</Instrumentnamn>
        <ISIN-kod_instrument>XS2103014291</ISIN-kod_instrument>
        <Landkod_Emittent>DE</Landkod_Emittent>
        <Valuta>EUR</Valuta>
        <Antal>1000000</Antal>
        <Nominellt_belopp />
        <Kurs_som_använts_vid_värdering_av_instrumentet>0.88</Kurs_som_använts_vid_värdering_av_instrumentet>
        <Valutakurs_instrument>11.1209</Valutakurs_instrument>
        <Marknadsvärde_instrument>9744425</Marknadsvärde_instrument>
        <Andel_av_fondförmögenhet_instrument>1.17</Andel_av_fondförmögenhet_instrument>
        <Bransch>
          <Branschkod_instrument>55</Branschkod_instrument>
          <Bransch_namn_instrument />
        </Bransch>
      </FinansielltInstrument>
      <FinansielltInstrument>
        <Tillgångsslag_enligt_LVF_5_kap>ÖverlåtbartVärdepapper</Tillgångsslag_enligt_LVF_5_kap>
        <Instrumentnamn>EPIBSS Float 09/14/27</Instrumentnamn>
        <ISIN-kod_instrument>XS2532332496</ISIN-kod_instrument>
        <Landkod_Emittent>SE</Landkod_Emittent>
        <Valuta>SEK</Valuta>
        <Antal>9000000</Antal>
        <Nominellt_belopp />
        <Kurs_som_använts_vid_värdering_av_instrumentet>1</Kurs_som_använts_vid_värdering_av_instrumentet>
        <Valutakurs_instrument>1</Valutakurs_instrument>
        <Marknadsvärde_instrument>8962570</Marknadsvärde_instrument>
        <Andel_av_fondförmögenhet_instrument>1.07</Andel_av_fondförmögenhet_instrument>
        <Bransch>
          <Branschkod_instrument>20</Branschkod_instrument>
          <Bransch_namn_instrument />
        </Bransch>
      </FinansielltInstrument>
      <FinansielltInstrument>
        <Tillgångsslag_enligt_LVF_5_kap>ÖverlåtbartVärdepapper</Tillgångsslag_enligt_LVF_5_kap>
        <Instrumentnamn>ESBIRE 1 1/8 06/11/30</Instrumentnamn>
        <ISIN-kod_instrument>XS2009861480</ISIN-kod_instrument>
        <Landkod_Emittent>IE</Landkod_Emittent>
        <Valuta>EUR</Valuta>
        <Antal>400000</Antal>
        <Nominellt_belopp />
        <Kurs_som_använts_vid_värdering_av_instrumentet>0.84</Kurs_som_använts_vid_värdering_av_instrumentet>
        <Valutakurs_instrument>11.1209</Valutakurs_instrument>
        <Marknadsvärde_instrument>3717313</Marknadsvärde_instrument>
        <Andel_av_fondförmögenhet_instrument>0.45</Andel_av_fondförmögenhet_instrument>
        <Bransch>
          <Branschkod_instrument>55</Branschkod_instrument>
          <Bransch_namn_instrument />
        </Bransch>
      </FinansielltInstrument>
      <FinansielltInstrument>
        <Tillgångsslag_enligt_LVF_5_kap>ÖverlåtbartVärdepapper</Tillgångsslag_enligt_LVF_5_kap>
        <Instrumentnamn>EUROGR 1.113 05/15/32</Instrumentnamn>
        <ISIN-kod_instrument>XS2171713006</ISIN-kod_instrument>
        <Landkod_Emittent>DE</Landkod_Emittent>
        <Valuta>EUR</Valuta>
        <Antal>500000</Antal>
        <Nominellt_belopp />
        <Kurs_som_använts_vid_värdering_av_instrumentet>0.8</Kurs_som_använts_vid_värdering_av_instrumentet>
        <Valutakurs_instrument>11.1209</Valutakurs_instrument>
        <Marknadsvärde_instrument>4428592</Marknadsvärde_instrument>
        <Andel_av_fondförmögenhet_instrument>0.53</Andel_av_fondförmögenhet_instrument>
        <Bransch>
          <Branschkod_instrument>55</Branschkod_instrument>
          <Bransch_namn_instrument />
        </Bransch>
      </FinansielltInstrument>
      <FinansielltInstrument>
        <Tillgångsslag_enligt_LVF_5_kap>ÖverlåtbartVärdepapper</Tillgångsslag_enligt_LVF_5_kap>
        <Instrumentnamn>FABGSS 1.265 02/02/27</Instrumentnamn>
        <ISIN-kod_instrument>SE0013104353</ISIN-kod_instrument>
        <Landkod_Emittent>SE</Landkod_Emittent>
        <Valuta>SEK</Valuta>
        <Antal>8000000</Antal>
        <Nominellt_belopp />
        <Kurs_som_använts_vid_värdering_av_instrumentet>0.81</Kurs_som_använts_vid_värdering_av_instrumentet>
        <Valutakurs_instrument>1</Valutakurs_instrument>
        <Marknadsvärde_instrument>6452168</Marknadsvärde_instrument>
        <Andel_av_fondförmögenhet_instrument>0.77</Andel_av_fondförmögenhet_instrument>
        <Bransch>
          <Branschkod_instrument>60</Branschkod_instrument>
          <Bransch_namn_instrument />
        </Bransch>
      </FinansielltInstrument>
      <FinansielltInstrument>
        <Tillgångsslag_enligt_LVF_5_kap>ÖverlåtbartVärdepapper</Tillgångsslag_enligt_LVF_5_kap>
        <Instrumentnamn>FABGSS Float 02/02/26</Instrumentnamn>
        <ISIN-kod_instrument>SE0013104346</ISIN-kod_instrument>
        <Landkod_Emittent>SE</Landkod_Emittent>
        <Valuta>SEK</Valuta>
        <Antal>20000000</Antal>
        <Nominellt_belopp />
        <Kurs_som_använts_vid_värdering_av_instrumentet>0.93</Kurs_som_använts_vid_värdering_av_instrumentet>
        <Valutakurs_instrument>1</Valutakurs_instrument>
        <Marknadsvärde_instrument>18653388</Marknadsvärde_instrument>
        <Andel_av_fondförmögenhet_instrument>2.24</Andel_av_fondförmögenhet_instrument>
        <Bransch>
          <Branschkod_instrument>60</Branschkod_instrument>
          <Bransch_namn_instrument />
        </Bransch>
      </FinansielltInstrument>
      <FinansielltInstrument>
        <Tillgångsslag_enligt_LVF_5_kap>ÖverlåtbartVärdepapper</Tillgångsslag_enligt_LVF_5_kap>
        <Instrumentnamn>FERROV 1 1/8 07/09/26</Instrumentnamn>
        <ISIN-kod_instrument>XS2026171079</ISIN-kod_instrument>
        <Landkod_Emittent>IT</Landkod_Emittent>
        <Valuta>EUR</Valuta>
        <Antal>1000000</Antal>
        <Nominellt_belopp />
        <Kurs_som_använts_vid_värdering_av_instrumentet>0.91</Kurs_som_använts_vid_värdering_av_instrumentet>
        <Valutakurs_instrument>11.1209</Valutakurs_instrument>
        <Marknadsvärde_instrument>10099404</Marknadsvärde_instrument>
        <Andel_av_fondförmögenhet_instrument>1.21</Andel_av_fondförmögenhet_instrument>
        <Bransch>
          <Branschkod_instrument>25</Branschkod_instrument>
          <Bransch_namn_instrument />
        </Bransch>
      </FinansielltInstrument>
      <FinansielltInstrument>
        <Tillgångsslag_enligt_LVF_5_kap>ÖverlåtbartVärdepapper</Tillgångsslag_enligt_LVF_5_kap>
        <Instrumentnamn>FVHSAM 0.893 09/11/26</Instrumentnamn>
        <ISIN-kod_instrument>SE0012193829</ISIN-kod_instrument>
        <Landkod_Emittent>SE</Landkod_Emittent>
        <Valuta>SEK</Valuta>
        <Antal>18000000</Antal>
        <Nominellt_belopp />
        <Kurs_som_använts_vid_värdering_av_instrumentet>0.88</Kurs_som_använts_vid_värdering_av_instrumentet>
        <Valutakurs_instrument>1</Valutakurs_instrument>
        <Marknadsvärde_instrument>15859408</Marknadsvärde_instrument>
        <Andel_av_fondförmögenhet_instrument>1.9</Andel_av_fondförmögenhet_instrument>
        <Bransch>
          <Branschkod_instrument>55</Branschkod_instrument>
          <Bransch_namn_instrument />
        </Bransch>
      </FinansielltInstrument>
      <FinansielltInstrument>
        <Tillgångsslag_enligt_LVF_5_kap>ÖverlåtbartVärdepapper</Tillgångsslag_enligt_LVF_5_kap>
        <Instrumentnamn>FVHSAM 3.683 05/18/29</Instrumentnamn>
        <ISIN-kod_instrument>SE0016274476</ISIN-kod_instrument>
        <Landkod_Emittent>SE</Landkod_Emittent>
        <Valuta>SEK</Valuta>
        <Antal>14000000</Antal>
        <Nominellt_belopp />
        <Kurs_som_använts_vid_värdering_av_instrumentet>0.96</Kurs_som_använts_vid_värdering_av_instrumentet>
        <Valutakurs_instrument>1</Valutakurs_instrument>
        <Marknadsvärde_instrument>13448943</Marknadsvärde_instrument>
        <Andel_av_fondförmögenhet_instrument>1.61</Andel_av_fondförmögenhet_instrument>
        <Bransch>
          <Branschkod_instrument>55</Branschkod_instrument>
          <Bransch_namn_instrument />
        </Bransch>
      </FinansielltInstrument>
      <FinansielltInstrument>
        <Tillgångsslag_enligt_LVF_5_kap>ÖverlåtbartVärdepapper</Tillgångsslag_enligt_LVF_5_kap>
        <Instrumentnamn>HEIBOS 1.368 02/25/25</Instrumentnamn>
        <ISIN-kod_instrument>XS2259781230</ISIN-kod_instrument>
        <Landkod_Emittent>SE</Landkod_Emittent>
        <Valuta>SEK</Valuta>
        <Antal>6000000</Antal>
        <Nominellt_belopp />
        <Kurs_som_använts_vid_värdering_av_instrumentet>0.91</Kurs_som_använts_vid_värdering_av_instrumentet>
        <Valutakurs_instrument>1</Valutakurs_instrument>
        <Marknadsvärde_instrument>5432844</Marknadsvärde_instrument>
        <Andel_av_fondförmögenhet_instrument>0.65</Andel_av_fondförmögenhet_instrument>
        <Bransch>
          <Branschkod_instrument>60</Branschkod_instrument>
          <Bransch_namn_instrument />
        </Bransch>
      </FinansielltInstrument>
      <FinansielltInstrument>
        <Tillgångsslag_enligt_LVF_5_kap>ÖverlåtbartVärdepapper</Tillgångsslag_enligt_LVF_5_kap>
        <Instrumentnamn>HEMSOF Float 11/25/25</Instrumentnamn>
        <ISIN-kod_instrument>XS2264085254</ISIN-kod_instrument>
        <Landkod_Emittent>SE</Landkod_Emittent>
        <Valuta>SEK</Valuta>
        <Antal>10000000</Antal>
        <Nominellt_belopp />
        <Kurs_som_använts_vid_värdering_av_instrumentet>0.99</Kurs_som_använts_vid_värdering_av_instrumentet>
        <Valutakurs_instrument>1</Valutakurs_instrument>
        <Marknadsvärde_instrument>9857574</Marknadsvärde_instrument>
        <Andel_av_fondförmögenhet_instrument>1.18</Andel_av_fondförmögenhet_instrument>
        <Bransch>
          <Branschkod_instrument>60</Branschkod_instrument>
          <Bransch_namn_instrument />
        </Bransch>
      </FinansielltInstrument>
      <FinansielltInstrument>
        <Tillgångsslag_enligt_LVF_5_kap>ÖverlåtbartVärdepapper</Tillgångsslag_enligt_LVF_5_kap>
        <Instrumentnamn>HHOCGR 0 1/8 02/24/31</Instrumentnamn>
        <ISIN-kod_instrument>XS2233088132</ISIN-kod_instrument>
        <Landkod_Emittent>DE</Landkod_Emittent>
        <Valuta>EUR</Valuta>
        <Antal>1000000</Antal>
        <Nominellt_belopp />
        <Kurs_som_använts_vid_värdering_av_instrumentet>0.77</Kurs_som_använts_vid_värdering_av_instrumentet>
        <Valutakurs_instrument>11.1209</Valutakurs_instrument>
        <Marknadsvärde_instrument>8614938</Marknadsvärde_instrument>
        <Andel_av_fondförmögenhet_instrument>1.03</Andel_av_fondförmögenhet_instrument>
        <Bransch>
          <Branschkod_instrument>25</Branschkod_instrument>
          <Bransch_namn_instrument />
        </Bransch>
      </FinansielltInstrument>
      <FinansielltInstrument>
        <Tillgångsslag_enligt_LVF_5_kap>ÖverlåtbartVärdepapper</Tillgångsslag_enligt_LVF_5_kap>
        <Instrumentnamn>HUMFAS Float 10/07/26</Instrumentnamn>
        <ISIN-kod_instrument>SE0012676534</ISIN-kod_instrument>
        <Landkod_Emittent>SE</Landkod_Emittent>
        <Valuta>SEK</Valuta>
        <Antal>14000000</Antal>
        <Nominellt_belopp />
        <Kurs_som_använts_vid_värdering_av_instrumentet>0.95</Kurs_som_använts_vid_värdering_av_instrumentet>
        <Valutakurs_instrument>1</Valutakurs_instrument>
        <Marknadsvärde_instrument>13306088</Marknadsvärde_instrument>
        <Andel_av_fondförmögenhet_instrument>1.59</Andel_av_fondförmögenhet_instrument>
        <Bransch>
          <Branschkod_instrument>60</Branschkod_instrument>
          <Bransch_namn_instrument />
        </Bransch>
      </FinansielltInstrument>
      <FinansielltInstrument>
        <Tillgångsslag_enligt_LVF_5_kap>ÖverlåtbartVärdepapper</Tillgångsslag_enligt_LVF_5_kap>
        <Instrumentnamn>JFM 0.01 02/02/28</Instrumentnamn>
        <ISIN-kod_instrument>XS2291905474</ISIN-kod_instrument>
        <Landkod_Emittent>JP</Landkod_Emittent>
        <Valuta>EUR</Valuta>
        <Antal>500000</Antal>
        <Nominellt_belopp />
        <Kurs_som_använts_vid_värdering_av_instrumentet>0.84</Kurs_som_använts_vid_värdering_av_instrumentet>
        <Valutakurs_instrument>11.1209</Valutakurs_instrument>
        <Marknadsvärde_instrument>4696700</Marknadsvärde_instrument>
        <Andel_av_fondförmögenhet_instrument>0.56</Andel_av_fondförmögenhet_instrument>
        <Bransch>
          <Branschkod_instrument>0</Branschkod_instrument>
          <Bransch_namn_instrument />
        </Bransch>
      </FinansielltInstrument>
      <FinansielltInstrument>
        <Tillgångsslag_enligt_LVF_5_kap>ÖverlåtbartVärdepapper</Tillgångsslag_enligt_LVF_5_kap>
        <Instrumentnamn>JYBC 0.05 09/02/26</Instrumentnamn>
        <ISIN-kod_instrument>XS2382849888</ISIN-kod_instrument>
        <Landkod_Emittent>DK</Landkod_Emittent>
        <Valuta>EUR</Valuta>
        <Antal>1500000</Antal>
        <Nominellt_belopp />
        <Kurs_som_använts_vid_värdering_av_instrumentet>0.88</Kurs_som_använts_vid_värdering_av_instrumentet>
        <Valutakurs_instrument>11.1209</Valutakurs_instrument>
        <Marknadsvärde_instrument>14661213</Marknadsvärde_instrument>
        <Andel_av_fondförmögenhet_instrument>1.76</Andel_av_fondförmögenhet_instrument>
        <Bransch>
          <Branschkod_instrument>40</Branschkod_instrument>
          <Bransch_namn_instrument />
        </Bransch>
      </FinansielltInstrument>
      <FinansielltInstrument>
        <Tillgångsslag_enligt_LVF_5_kap>ÖverlåtbartVärdepapper</Tillgångsslag_enligt_LVF_5_kap>
        <Instrumentnamn>KLED Float 09/25/26</Instrumentnamn>
        <ISIN-kod_instrument>SE0013882602</ISIN-kod_instrument>
        <Landkod_Emittent>SE</Landkod_Emittent>
        <Valuta>SEK</Valuta>
        <Antal>16000000</Antal>
        <Nominellt_belopp />
        <Kurs_som_använts_vid_värdering_av_instrumentet>0.91</Kurs_som_använts_vid_värdering_av_instrumentet>
        <Valutakurs_instrument>1</Valutakurs_instrument>
        <Marknadsvärde_instrument>14558352</Marknadsvärde_instrument>
        <Andel_av_fondförmögenhet_instrument>1.74</Andel_av_fondförmögenhet_instrument>
        <Bransch>
          <Branschkod_instrument>60</Branschkod_instrument>
          <Bransch_namn_instrument />
        </Bransch>
      </FinansielltInstrument>
      <FinansielltInstrument>
        <Tillgångsslag_enligt_LVF_5_kap>ÖverlåtbartVärdepapper</Tillgångsslag_enligt_LVF_5_kap>
        <Instrumentnamn>LANSBK 4.913 11/18/26</Instrumentnamn>
        <ISIN-kod_instrument>XS2555716567</ISIN-kod_instrument>
        <Landkod_Emittent>SE</Landkod_Emittent>
        <Valuta>SEK</Valuta>
        <Antal>12000000</Antal>
        <Nominellt_belopp />
        <Kurs_som_använts_vid_värdering_av_instrumentet>1</Kurs_som_använts_vid_värdering_av_instrumentet>
        <Valutakurs_instrument>1</Valutakurs_instrument>
        <Marknadsvärde_instrument>12025455</Marknadsvärde_instrument>
        <Andel_av_fondförmögenhet_instrument>1.44</Andel_av_fondförmögenhet_instrument>
        <Bransch>
          <Branschkod_instrument>40</Branschkod_instrument>
          <Bransch_namn_instrument />
        </Bransch>
      </FinansielltInstrument>
      <FinansielltInstrument>
        <Tillgångsslag_enligt_LVF_5_kap>ÖverlåtbartVärdepapper</Tillgångsslag_enligt_LVF_5_kap>
        <Instrumentnamn>LATMEK 1.115 04/27/26</Instrumentnamn>
        <ISIN-kod_instrument>SE0013102142</ISIN-kod_instrument>
        <Landkod_Emittent>SE</Landkod_Emittent>
        <Valuta>SEK</Valuta>
        <Antal>20000000</Antal>
        <Nominellt_belopp />
        <Kurs_som_använts_vid_värdering_av_instrumentet>0.89</Kurs_som_använts_vid_värdering_av_instrumentet>
        <Valutakurs_instrument>1</Valutakurs_instrument>
        <Marknadsvärde_instrument>17789183</Marknadsvärde_instrument>
        <Andel_av_fondförmögenhet_instrument>2.13</Andel_av_fondförmögenhet_instrument>
        <Bransch>
          <Branschkod_instrument>30</Branschkod_instrument>
          <Bransch_namn_instrument />
        </Bransch>
      </FinansielltInstrument>
      <FinansielltInstrument>
        <Tillgångsslag_enligt_LVF_5_kap>ÖverlåtbartVärdepapper</Tillgångsslag_enligt_LVF_5_kap>
        <Instrumentnamn>LKAB Float 03/10/25</Instrumentnamn>
        <ISIN-kod_instrument>SE0012675957</ISIN-kod_instrument>
        <Landkod_Emittent>SE</Landkod_Emittent>
        <Valuta>SEK</Valuta>
        <Antal>10000000</Antal>
        <Nominellt_belopp />
        <Kurs_som_använts_vid_värdering_av_instrumentet>1</Kurs_som_använts_vid_värdering_av_instrumentet>
        <Valutakurs_instrument>1</Valutakurs_instrument>
        <Marknadsvärde_instrument>9992207</Marknadsvärde_instrument>
        <Andel_av_fondförmögenhet_instrument>1.2</Andel_av_fondförmögenhet_instrument>
        <Bransch>
          <Branschkod_instrument>15</Branschkod_instrument>
          <Bransch_namn_instrument />
        </Bransch>
      </FinansielltInstrument>
      <FinansielltInstrument>
        <Tillgångsslag_enligt_LVF_5_kap>ÖverlåtbartVärdepapper</Tillgångsslag_enligt_LVF_5_kap>
        <Instrumentnamn>LPTY 0 1/4 09/07/26</Instrumentnamn>
        <ISIN-kod_instrument>XS2384269101</ISIN-kod_instrument>
        <Landkod_Emittent>NL</Landkod_Emittent>
        <Valuta>EUR</Valuta>
        <Antal>1500000</Antal>
        <Nominellt_belopp />
        <Kurs_som_använts_vid_värdering_av_instrumentet>0.86</Kurs_som_använts_vid_värdering_av_instrumentet>
        <Valutakurs_instrument>11.1209</Valutakurs_instrument>
        <Marknadsvärde_instrument>14331085</Marknadsvärde_instrument>
        <Andel_av_fondförmögenhet_instrument>1.72</Andel_av_fondförmögenhet_instrument>
        <Bransch>
          <Branschkod_instrument>40</Branschkod_instrument>
          <Bransch_namn_instrument />
        </Bransch>
      </FinansielltInstrument>
      <FinansielltInstrument>
        <Tillgångsslag_enligt_LVF_5_kap>ÖverlåtbartVärdepapper</Tillgångsslag_enligt_LVF_5_kap>
        <Instrumentnamn>LSGNO Float 09/17/27</Instrumentnamn>
        <ISIN-kod_instrument>NO0011097305</ISIN-kod_instrument>
        <Landkod_Emittent>NO</Landkod_Emittent>
        <Valuta>NOK</Valuta>
        <Antal>4000000</Antal>
        <Nominellt_belopp />
        <Kurs_som_använts_vid_värdering_av_instrumentet>0.97</Kurs_som_använts_vid_värdering_av_instrumentet>
        <Valutakurs_instrument>1.0587</Valutakurs_instrument>
        <Marknadsvärde_instrument>4114930</Marknadsvärde_instrument>
        <Andel_av_fondförmögenhet_instrument>0.49</Andel_av_fondförmögenhet_instrument>
        <Bransch>
          <Branschkod_instrument>30</Branschkod_instrument>
          <Bransch_namn_instrument />
        </Bransch>
      </FinansielltInstrument>
      <FinansielltInstrument>
        <Tillgångsslag_enligt_LVF_5_kap>ÖverlåtbartVärdepapper</Tillgångsslag_enligt_LVF_5_kap>
        <Instrumentnamn>MBGGR 0 3/4 09/10/30</Instrumentnamn>
        <ISIN-kod_instrument>DE000A289QR9</ISIN-kod_instrument>
        <Landkod_Emittent>DE</Landkod_Emittent>
        <Valuta>EUR</Valuta>
        <Antal>1500000</Antal>
        <Nominellt_belopp />
        <Kurs_som_använts_vid_värdering_av_instrumentet>0.82</Kurs_som_använts_vid_värdering_av_instrumentet>
        <Valutakurs_instrument>11.1209</Valutakurs_instrument>
        <Marknadsvärde_instrument>13701944</Marknadsvärde_instrument>
        <Andel_av_fondförmögenhet_instrument>1.64</Andel_av_fondförmögenhet_instrument>
        <Bransch>
          <Branschkod_instrument>25</Branschkod_instrument>
          <Bransch_namn_instrument />
        </Bransch>
      </FinansielltInstrument>
      <FinansielltInstrument>
        <Tillgångsslag_enligt_LVF_5_kap>ÖverlåtbartVärdepapper</Tillgångsslag_enligt_LVF_5_kap>
        <Instrumentnamn>MINGNO 0.01 02/18/28</Instrumentnamn>
        <ISIN-kod_instrument>XS2303089697</ISIN-kod_instrument>
        <Landkod_Emittent>NO</Landkod_Emittent>
        <Valuta>EUR</Valuta>
        <Antal>1500000</Antal>
        <Nominellt_belopp />
        <Kurs_som_använts_vid_värdering_av_instrumentet>0.81</Kurs_som_använts_vid_värdering_av_instrumentet>
        <Valutakurs_instrument>11.1209</Valutakurs_instrument>
        <Marknadsvärde_instrument>13516521</Marknadsvärde_instrument>
        <Andel_av_fondförmögenhet_instrument>1.62</Andel_av_fondförmögenhet_instrument>
        <Bransch>
          <Branschkod_instrument>40</Branschkod_instrument>
          <Bransch_namn_instrument />
        </Bransch>
      </FinansielltInstrument>
      <FinansielltInstrument>
        <Tillgångsslag_enligt_LVF_5_kap>ÖverlåtbartVärdepapper</Tillgångsslag_enligt_LVF_5_kap>
        <Instrumentnamn>MORGNO Float 01/25/28</Instrumentnamn>
        <ISIN-kod_instrument>NO0012422916</ISIN-kod_instrument>
        <Landkod_Emittent>NO</Landkod_Emittent>
        <Valuta>NOK</Valuta>
        <Antal>20000000</Antal>
        <Nominellt_belopp />
        <Kurs_som_använts_vid_värdering_av_instrumentet>0.96</Kurs_som_använts_vid_värdering_av_instrumentet>
        <Valutakurs_instrument>1.0587</Valutakurs_instrument>
        <Marknadsvärde_instrument>20394544</Marknadsvärde_instrument>
        <Andel_av_fondförmögenhet_instrument>2.44</Andel_av_fondförmögenhet_instrument>
        <Bransch>
          <Branschkod_instrument>40</Branschkod_instrument>
          <Bransch_namn_instrument />
        </Bransch>
      </FinansielltInstrument>
      <FinansielltInstrument>
        <Tillgångsslag_enligt_LVF_5_kap>ÖverlåtbartVärdepapper</Tillgångsslag_enligt_LVF_5_kap>
        <Instrumentnamn>NDASS 0 1/2 03/19/31</Instrumentnamn>
        <ISIN-kod_instrument>XS2321526480</ISIN-kod_instrument>
        <Landkod_Emittent>FI</Landkod_Emittent>
        <Valuta>EUR</Valuta>
        <Antal>1700000</Antal>
        <Nominellt_belopp />
        <Kurs_som_använts_vid_värdering_av_instrumentet>0.78</Kurs_som_använts_vid_värdering_av_instrumentet>
        <Valutakurs_instrument>11.1209</Valutakurs_instrument>
        <Marknadsvärde_instrument>14814612</Marknadsvärde_instrument>
        <Andel_av_fondförmögenhet_instrument>1.78</Andel_av_fondförmögenhet_instrument>
        <Bransch>
          <Branschkod_instrument>40</Branschkod_instrument>
          <Bransch_namn_instrument />
        </Bransch>
      </FinansielltInstrument>
      <FinansielltInstrument>
        <Tillgångsslag_enligt_LVF_5_kap>ÖverlåtbartVärdepapper</Tillgångsslag_enligt_LVF_5_kap>
        <Instrumentnamn>NRSKTO Float 10/05/26</Instrumentnamn>
        <ISIN-kod_instrument>NO0011115495</ISIN-kod_instrument>
        <Landkod_Emittent>NO</Landkod_Emittent>
        <Valuta>NOK</Valuta>
        <Antal>6000000</Antal>
        <Nominellt_belopp />
        <Kurs_som_använts_vid_värdering_av_instrumentet>0.99</Kurs_som_använts_vid_värdering_av_instrumentet>
        <Valutakurs_instrument>1.0587</Valutakurs_instrument>
        <Marknadsvärde_instrument>6294475</Marknadsvärde_instrument>
        <Andel_av_fondförmögenhet_instrument>0.75</Andel_av_fondförmögenhet_instrument>
        <Bransch>
          <Branschkod_instrument>40</Branschkod_instrument>
          <Bransch_namn_instrument />
        </Bransch>
      </FinansielltInstrument>
      <FinansielltInstrument>
        <Tillgångsslag_enligt_LVF_5_kap>ÖverlåtbartVärdepapper</Tillgångsslag_enligt_LVF_5_kap>
        <Instrumentnamn>NTT 0.399 12/13/28</Instrumentnamn>
        <ISIN-kod_instrument>XS2411311652</ISIN-kod_instrument>
        <Landkod_Emittent>JP</Landkod_Emittent>
        <Valuta>EUR</Valuta>
        <Antal>200000</Antal>
        <Nominellt_belopp />
        <Kurs_som_använts_vid_värdering_av_instrumentet>0.83</Kurs_som_använts_vid_värdering_av_instrumentet>
        <Valutakurs_instrument>11.1209</Valutakurs_instrument>
        <Marknadsvärde_instrument>1843266</Marknadsvärde_instrument>
        <Andel_av_fondförmögenhet_instrument>0.22</Andel_av_fondförmögenhet_instrument>
        <Bransch>
          <Branschkod_instrument>50</Branschkod_instrument>
          <Bransch_namn_instrument />
        </Bransch>
      </FinansielltInstrument>
      <FinansielltInstrument>
        <Tillgångsslag_enligt_LVF_5_kap>ÖverlåtbartVärdepapper</Tillgångsslag_enligt_LVF_5_kap>
        <Instrumentnamn>ORSTED 2 1/4 06/14/28</Instrumentnamn>
        <ISIN-kod_instrument>XS2490471807</ISIN-kod_instrument>
        <Landkod_Emittent>DK</Landkod_Emittent>
        <Valuta>EUR</Valuta>
        <Antal>800000</Antal>
        <Nominellt_belopp />
        <Kurs_som_använts_vid_värdering_av_instrumentet>0.94</Kurs_som_använts_vid_värdering_av_instrumentet>
        <Valutakurs_instrument>11.1209</Valutakurs_instrument>
        <Marknadsvärde_instrument>8384747</Marknadsvärde_instrument>
        <Andel_av_fondförmögenhet_instrument>1</Andel_av_fondförmögenhet_instrument>
        <Bransch>
          <Branschkod_instrument>55</Branschkod_instrument>
          <Bransch_namn_instrument />
        </Bransch>
      </FinansielltInstrument>
      <FinansielltInstrument>
        <Tillgångsslag_enligt_LVF_5_kap>ÖverlåtbartVärdepapper</Tillgångsslag_enligt_LVF_5_kap>
        <Instrumentnamn>PNLNA 0 5/8 09/23/26</Instrumentnamn>
        <ISIN-kod_instrument>XS2047619064</ISIN-kod_instrument>
        <Landkod_Emittent>NL</Landkod_Emittent>
        <Valuta>EUR</Valuta>
        <Antal>1000000</Antal>
        <Nominellt_belopp />
        <Kurs_som_använts_vid_värdering_av_instrumentet>0.89</Kurs_som_använts_vid_värdering_av_instrumentet>
        <Valutakurs_instrument>11.1209</Valutakurs_instrument>
        <Marknadsvärde_instrument>9847296</Marknadsvärde_instrument>
        <Andel_av_fondförmögenhet_instrument>1.18</Andel_av_fondförmögenhet_instrument>
        <Bransch>
          <Branschkod_instrument>20</Branschkod_instrument>
          <Bransch_namn_instrument />
        </Bransch>
      </FinansielltInstrument>
      <FinansielltInstrument>
        <Tillgångsslag_enligt_LVF_5_kap>ÖverlåtbartVärdepapper</Tillgångsslag_enligt_LVF_5_kap>
        <Instrumentnamn>POSTEN 2 1/8 11/25/26</Instrumentnamn>
        <ISIN-kod_instrument>NO0011157281</ISIN-kod_instrument>
        <Landkod_Emittent>NO</Landkod_Emittent>
        <Valuta>NOK</Valuta>
        <Antal>10000000</Antal>
        <Nominellt_belopp />
        <Kurs_som_använts_vid_värdering_av_instrumentet>0.93</Kurs_som_använts_vid_värdering_av_instrumentet>
        <Valutakurs_instrument>1.0587</Valutakurs_instrument>
        <Marknadsvärde_instrument>9833899</Marknadsvärde_instrument>
        <Andel_av_fondförmögenhet_instrument>1.18</Andel_av_fondförmögenhet_instrument>
        <Bransch>
          <Branschkod_instrument>20</Branschkod_instrument>
          <Bransch_namn_instrument />
        </Bransch>
      </FinansielltInstrument>
      <FinansielltInstrument>
        <Tillgångsslag_enligt_LVF_5_kap>ÖverlåtbartVärdepapper</Tillgångsslag_enligt_LVF_5_kap>
        <Instrumentnamn>PROXBB 0 3/4 11/17/36</Instrumentnamn>
        <ISIN-kod_instrument>BE0002830116</ISIN-kod_instrument>
        <Landkod_Emittent>BE</Landkod_Emittent>
        <Valuta>EUR</Valuta>
        <Antal>1500000</Antal>
        <Nominellt_belopp />
        <Kurs_som_använts_vid_värdering_av_instrumentet>0.67</Kurs_som_använts_vid_värdering_av_instrumentet>
        <Valutakurs_instrument>11.1209</Valutakurs_instrument>
        <Marknadsvärde_instrument>11242825</Marknadsvärde_instrument>
        <Andel_av_fondförmögenhet_instrument>1.35</Andel_av_fondförmögenhet_instrument>
        <Bransch>
          <Branschkod_instrument>50</Branschkod_instrument>
          <Bransch_namn_instrument />
        </Bransch>
      </FinansielltInstrument>
      <FinansielltInstrument>
        <Tillgångsslag_enligt_LVF_5_kap>ÖverlåtbartVärdepapper</Tillgångsslag_enligt_LVF_5_kap>
        <Instrumentnamn>REESM 0 3/8 07/24/28</Instrumentnamn>
        <ISIN-kod_instrument>XS2103013210</ISIN-kod_instrument>
        <Landkod_Emittent>ES</Landkod_Emittent>
        <Valuta>EUR</Valuta>
        <Antal>500000</Antal>
        <Nominellt_belopp />
        <Kurs_som_använts_vid_värdering_av_instrumentet>0.86</Kurs_som_använts_vid_värdering_av_instrumentet>
        <Valutakurs_instrument>11.1209</Valutakurs_instrument>
        <Marknadsvärde_instrument>4785961</Marknadsvärde_instrument>
        <Andel_av_fondförmögenhet_instrument>0.57</Andel_av_fondförmögenhet_instrument>
        <Bransch>
          <Branschkod_instrument>55</Branschkod_instrument>
          <Bransch_namn_instrument />
        </Bransch>
      </FinansielltInstrument>
      <FinansielltInstrument>
        <Tillgångsslag_enligt_LVF_5_kap>ÖverlåtbartVärdepapper</Tillgångsslag_enligt_LVF_5_kap>
        <Instrumentnamn>RIKSHM Float 02/17/26</Instrumentnamn>
        <ISIN-kod_instrument>XS2303027317</ISIN-kod_instrument>
        <Landkod_Emittent>SE</Landkod_Emittent>
        <Valuta>SEK</Valuta>
        <Antal>15000000</Antal>
        <Nominellt_belopp />
        <Kurs_som_använts_vid_värdering_av_instrumentet>0.98</Kurs_som_använts_vid_värdering_av_instrumentet>
        <Valutakurs_instrument>1</Valutakurs_instrument>
        <Marknadsvärde_instrument>14638750</Marknadsvärde_instrument>
        <Andel_av_fondförmögenhet_instrument>1.75</Andel_av_fondförmögenhet_instrument>
        <Bransch>
          <Branschkod_instrument>60</Branschkod_instrument>
          <Bransch_namn_instrument />
        </Bransch>
      </FinansielltInstrument>
      <FinansielltInstrument>
        <Tillgångsslag_enligt_LVF_5_kap>ÖverlåtbartVärdepapper</Tillgångsslag_enligt_LVF_5_kap>
        <Instrumentnamn>SALMNO Float 01/22/27</Instrumentnamn>
        <ISIN-kod_instrument>NO0010980683</ISIN-kod_instrument>
        <Landkod_Emittent>NO</Landkod_Emittent>
        <Valuta>NOK</Valuta>
        <Antal>11200000</Antal>
        <Nominellt_belopp />
        <Kurs_som_använts_vid_värdering_av_instrumentet>0.99</Kurs_som_använts_vid_värdering_av_instrumentet>
        <Valutakurs_instrument>1.0587</Valutakurs_instrument>
        <Marknadsvärde_instrument>11778726</Marknadsvärde_instrument>
        <Andel_av_fondförmögenhet_instrument>1.41</Andel_av_fondförmögenhet_instrument>
        <Bransch>
          <Branschkod_instrument>30</Branschkod_instrument>
          <Bransch_namn_instrument />
        </Bransch>
      </FinansielltInstrument>
      <FinansielltInstrument>
        <Tillgångsslag_enligt_LVF_5_kap>ÖverlåtbartVärdepapper</Tillgångsslag_enligt_LVF_5_kap>
        <Instrumentnamn>SCABSS 1 3/8 06/21/28</Instrumentnamn>
        <ISIN-kod_instrument>SE0013102381</ISIN-kod_instrument>
        <Landkod_Emittent>SE</Landkod_Emittent>
        <Valuta>SEK</Valuta>
        <Antal>10000000</Antal>
        <Nominellt_belopp />
        <Kurs_som_använts_vid_värdering_av_instrumentet>0.85</Kurs_som_använts_vid_värdering_av_instrumentet>
        <Valutakurs_instrument>1</Valutakurs_instrument>
        <Marknadsvärde_instrument>8463733</Marknadsvärde_instrument>
        <Andel_av_fondförmögenhet_instrument>1.01</Andel_av_fondförmögenhet_instrument>
        <Bransch>
          <Branschkod_instrument>15</Branschkod_instrument>
          <Bransch_namn_instrument />
        </Bransch>
      </FinansielltInstrument>
      <FinansielltInstrument>
        <Tillgångsslag_enligt_LVF_5_kap>ÖverlåtbartVärdepapper</Tillgångsslag_enligt_LVF_5_kap>
        <Instrumentnamn>SCANIA Float 01/20/25</Instrumentnamn>
        <ISIN-kod_instrument>XS2289264934</ISIN-kod_instrument>
        <Landkod_Emittent>SE</Landkod_Emittent>
        <Valuta>SEK</Valuta>
        <Antal>17000000</Antal>
        <Nominellt_belopp />
        <Kurs_som_använts_vid_värdering_av_instrumentet>0.99</Kurs_som_använts_vid_värdering_av_instrumentet>
        <Valutakurs_instrument>1</Valutakurs_instrument>
        <Marknadsvärde_instrument>16899070</Marknadsvärde_instrument>
        <Andel_av_fondförmögenhet_instrument>2.02</Andel_av_fondförmögenhet_instrument>
        <Bransch>
          <Branschkod_instrument>20</Branschkod_instrument>
          <Bransch_namn_instrument />
        </Bransch>
      </FinansielltInstrument>
      <FinansielltInstrument>
        <Tillgångsslag_enligt_LVF_5_kap>ÖverlåtbartVärdepapper</Tillgångsslag_enligt_LVF_5_kap>
        <Instrumentnamn>SEB 0 3/4 08/09/27</Instrumentnamn>
        <ISIN-kod_instrument>XS2442768227</ISIN-kod_instrument>
        <Landkod_Emittent>SE</Landkod_Emittent>
        <Valuta>EUR</Valuta>
        <Antal>2500000</Antal>
        <Nominellt_belopp />
        <Kurs_som_använts_vid_värdering_av_instrumentet>0.87</Kurs_som_använts_vid_värdering_av_instrumentet>
        <Valutakurs_instrument>11.1209</Valutakurs_instrument>
        <Marknadsvärde_instrument>24284725</Marknadsvärde_instrument>
        <Andel_av_fondförmögenhet_instrument>2.91</Andel_av_fondförmögenhet_instrument>
        <Bransch>
          <Branschkod_instrument>40</Branschkod_instrument>
          <Bransch_namn_instrument />
        </Bransch>
      </FinansielltInstrument>
      <FinansielltInstrument>
        <Tillgångsslag_enligt_LVF_5_kap>ÖverlåtbartVärdepapper</Tillgångsslag_enligt_LVF_5_kap>
        <Instrumentnamn>SHBASS 0.01 12/02/27</Instrumentnamn>
        <ISIN-kod_instrument>XS2265968284</ISIN-kod_instrument>
        <Landkod_Emittent>SE</Landkod_Emittent>
        <Valuta>EUR</Valuta>
        <Antal>2000000</Antal>
        <Nominellt_belopp />
        <Kurs_som_använts_vid_värdering_av_instrumentet>0.83</Kurs_som_använts_vid_värdering_av_instrumentet>
        <Valutakurs_instrument>11.1209</Valutakurs_instrument>
        <Marknadsvärde_instrument>18468229</Marknadsvärde_instrument>
        <Andel_av_fondförmögenhet_instrument>2.21</Andel_av_fondförmögenhet_instrument>
        <Bransch>
          <Branschkod_instrument>40</Branschkod_instrument>
          <Bransch_namn_instrument />
        </Bransch>
      </FinansielltInstrument>
      <FinansielltInstrument>
        <Tillgångsslag_enligt_LVF_5_kap>ÖverlåtbartVärdepapper</Tillgångsslag_enligt_LVF_5_kap>
        <Instrumentnamn>SKBKH Float 05/11/27</Instrumentnamn>
        <ISIN-kod_instrument>SE0013105012</ISIN-kod_instrument>
        <Landkod_Emittent>SE</Landkod_Emittent>
        <Valuta>SEK</Valuta>
        <Antal>12000000</Antal>
        <Nominellt_belopp />
        <Kurs_som_använts_vid_värdering_av_instrumentet>0.99</Kurs_som_använts_vid_värdering_av_instrumentet>
        <Valutakurs_instrument>1</Valutakurs_instrument>
        <Marknadsvärde_instrument>11883146</Marknadsvärde_instrument>
        <Andel_av_fondförmögenhet_instrument>1.42</Andel_av_fondförmögenhet_instrument>
        <Bransch>
          <Branschkod_instrument>60</Branschkod_instrument>
          <Bransch_namn_instrument />
        </Bransch>
      </FinansielltInstrument>
      <FinansielltInstrument>
        <Tillgångsslag_enligt_LVF_5_kap>ÖverlåtbartVärdepapper</Tillgångsslag_enligt_LVF_5_kap>
        <Instrumentnamn>SRGIM 0 3/4 06/17/30</Instrumentnamn>
        <ISIN-kod_instrument>XS2190256706</ISIN-kod_instrument>
        <Landkod_Emittent>IT</Landkod_Emittent>
        <Valuta>EUR</Valuta>
        <Antal>2000000</Antal>
        <Nominellt_belopp />
        <Kurs_som_använts_vid_värdering_av_instrumentet>0.79</Kurs_som_använts_vid_värdering_av_instrumentet>
        <Valutakurs_instrument>11.1209</Valutakurs_instrument>
        <Marknadsvärde_instrument>17679775</Marknadsvärde_instrument>
        <Andel_av_fondförmögenhet_instrument>2.12</Andel_av_fondförmögenhet_instrument>
        <Bransch>
          <Branschkod_instrument>55</Branschkod_instrument>
          <Bransch_namn_instrument />
        </Bransch>
      </FinansielltInstrument>
      <FinansielltInstrument>
        <Tillgångsslag_enligt_LVF_5_kap>ÖverlåtbartVärdepapper</Tillgångsslag_enligt_LVF_5_kap>
        <Instrumentnamn>STERV 0 5/8 12/02/30</Instrumentnamn>
        <ISIN-kod_instrument>XS2265360359</ISIN-kod_instrument>
        <Landkod_Emittent>FI</Landkod_Emittent>
        <Valuta>EUR</Valuta>
        <Antal>100000</Antal>
        <Nominellt_belopp />
        <Kurs_som_använts_vid_värdering_av_instrumentet>0.78</Kurs_som_använts_vid_värdering_av_instrumentet>
        <Valutakurs_instrument>11.1209</Valutakurs_instrument>
        <Marknadsvärde_instrument>864592</Marknadsvärde_instrument>
        <Andel_av_fondförmögenhet_instrument>0.1</Andel_av_fondförmögenhet_instrument>
        <Bransch>
          <Branschkod_instrument>15</Branschkod_instrument>
          <Bransch_namn_instrument />
        </Bransch>
      </FinansielltInstrument>
      <FinansielltInstrument>
        <Tillgångsslag_enligt_LVF_5_kap>ÖverlåtbartVärdepapper</Tillgångsslag_enligt_LVF_5_kap>
        <Instrumentnamn>STERV Float 04/29/25</Instrumentnamn>
        <ISIN-kod_instrument>XS2163333904</ISIN-kod_instrument>
        <Landkod_Emittent>FI</Landkod_Emittent>
        <Valuta>SEK</Valuta>
        <Antal>10000000</Antal>
        <Nominellt_belopp />
        <Kurs_som_använts_vid_värdering_av_instrumentet>1.03</Kurs_som_använts_vid_värdering_av_instrumentet>
        <Valutakurs_instrument>1</Valutakurs_instrument>
        <Marknadsvärde_instrument>10286147</Marknadsvärde_instrument>
        <Andel_av_fondförmögenhet_instrument>1.23</Andel_av_fondförmögenhet_instrument>
        <Bransch>
          <Branschkod_instrument>15</Branschkod_instrument>
          <Bransch_namn_instrument />
        </Bransch>
      </FinansielltInstrument>
      <FinansielltInstrument>
        <Tillgångsslag_enligt_LVF_5_kap>ÖverlåtbartVärdepapper</Tillgångsslag_enligt_LVF_5_kap>
        <Instrumentnamn>SUEZFP 2 3/8 05/24/30</Instrumentnamn>
        <ISIN-kod_instrument>FR001400AFN1</ISIN-kod_instrument>
        <Landkod_Emittent>FR</Landkod_Emittent>
        <Valuta>EUR</Valuta>
        <Antal>2000000</Antal>
        <Nominellt_belopp />
        <Kurs_som_använts_vid_värdering_av_instrumentet>0.89</Kurs_som_använts_vid_värdering_av_instrumentet>
        <Valutakurs_instrument>11.1209</Valutakurs_instrument>
        <Marknadsvärde_instrument>19840027</Marknadsvärde_instrument>
        <Andel_av_fondförmögenhet_instrument>2.38</Andel_av_fondförmögenhet_instrument>
        <Bransch>
          <Branschkod_instrument>55</Branschkod_instrument>
          <Bransch_namn_instrument />
        </Bransch>
      </FinansielltInstrument>
      <FinansielltInstrument>
        <Tillgångsslag_enligt_LVF_5_kap>ÖverlåtbartVärdepapper</Tillgångsslag_enligt_LVF_5_kap>
        <Instrumentnamn>THAMES 1 1/4 01/31/32</Instrumentnamn>
        <ISIN-kod_instrument>XS2438026366</ISIN-kod_instrument>
        <Landkod_Emittent>GB</Landkod_Emittent>
        <Valuta>EUR</Valuta>
        <Antal>1500000</Antal>
        <Nominellt_belopp />
        <Kurs_som_använts_vid_värdering_av_instrumentet>0.79</Kurs_som_använts_vid_värdering_av_instrumentet>
        <Valutakurs_instrument>11.1209</Valutakurs_instrument>
        <Marknadsvärde_instrument>13210647</Marknadsvärde_instrument>
        <Andel_av_fondförmögenhet_instrument>1.58</Andel_av_fondförmögenhet_instrument>
        <Bransch>
          <Branschkod_instrument>55</Branschkod_instrument>
          <Bransch_namn_instrument />
        </Bransch>
      </FinansielltInstrument>
      <FinansielltInstrument>
        <Tillgångsslag_enligt_LVF_5_kap>ÖverlåtbartVärdepapper</Tillgångsslag_enligt_LVF_5_kap>
        <Instrumentnamn>TOMNO Float 11/04/27</Instrumentnamn>
        <ISIN-kod_instrument>NO0012739509</ISIN-kod_instrument>
        <Landkod_Emittent>NO</Landkod_Emittent>
        <Valuta>NOK</Valuta>
        <Antal>2000000</Antal>
        <Nominellt_belopp />
        <Kurs_som_använts_vid_värdering_av_instrumentet>1.02</Kurs_som_använts_vid_värdering_av_instrumentet>
        <Valutakurs_instrument>1.0587</Valutakurs_instrument>
        <Marknadsvärde_instrument>2157768</Marknadsvärde_instrument>
        <Andel_av_fondförmögenhet_instrument>0.26</Andel_av_fondförmögenhet_instrument>
        <Bransch>
          <Branschkod_instrument>20</Branschkod_instrument>
          <Bransch_namn_instrument />
        </Bransch>
      </FinansielltInstrument>
      <FinansielltInstrument>
        <Tillgångsslag_enligt_LVF_5_kap>ÖverlåtbartVärdepapper</Tillgångsslag_enligt_LVF_5_kap>
        <Instrumentnamn>VACSEA Float 03/24/28</Instrumentnamn>
        <ISIN-kod_instrument>SE0013360146</ISIN-kod_instrument>
        <Landkod_Emittent>SE</Landkod_Emittent>
        <Valuta>SEK</Valuta>
        <Antal>18000000</Antal>
        <Nominellt_belopp />
        <Kurs_som_använts_vid_värdering_av_instrumentet>0.94</Kurs_som_använts_vid_värdering_av_instrumentet>
        <Valutakurs_instrument>1</Valutakurs_instrument>
        <Marknadsvärde_instrument>16858812</Marknadsvärde_instrument>
        <Andel_av_fondförmögenhet_instrument>2.02</Andel_av_fondförmögenhet_instrument>
        <Bransch>
          <Branschkod_instrument>60</Branschkod_instrument>
          <Bransch_namn_instrument />
        </Bransch>
      </FinansielltInstrument>
      <FinansielltInstrument>
        <Tillgångsslag_enligt_LVF_5_kap>ÖverlåtbartVärdepapper</Tillgångsslag_enligt_LVF_5_kap>
        <Instrumentnamn>VATFAL 0 1/2 06/24/26</Instrumentnamn>
        <ISIN-kod_instrument>XS2009891479</ISIN-kod_instrument>
        <Landkod_Emittent>SE</Landkod_Emittent>
        <Valuta>EUR</Valuta>
        <Antal>600000</Antal>
        <Nominellt_belopp />
        <Kurs_som_använts_vid_värdering_av_instrumentet>0.9</Kurs_som_använts_vid_värdering_av_instrumentet>
        <Valutakurs_instrument>11.1209</Valutakurs_instrument>
        <Marknadsvärde_instrument>6015387</Marknadsvärde_instrument>
        <Andel_av_fondförmögenhet_instrument>0.72</Andel_av_fondförmögenhet_instrument>
        <Bransch>
          <Branschkod_instrument>55</Branschkod_instrument>
          <Bransch_namn_instrument />
        </Bransch>
      </FinansielltInstrument>
      <FinansielltInstrument>
        <Tillgångsslag_enligt_LVF_5_kap>ÖverlåtbartVärdepapper</Tillgångsslag_enligt_LVF_5_kap>
        <Instrumentnamn>VATFAL 0 1/8 02/12/29</Instrumentnamn>
        <ISIN-kod_instrument>XS2297882644</ISIN-kod_instrument>
        <Landkod_Emittent>SE</Landkod_Emittent>
        <Valuta>EUR</Valuta>
        <Antal>1200000</Antal>
        <Nominellt_belopp />
        <Kurs_som_använts_vid_värdering_av_instrumentet>0.8</Kurs_som_använts_vid_värdering_av_instrumentet>
        <Valutakurs_instrument>11.1209</Valutakurs_instrument>
        <Marknadsvärde_instrument>10707465</Marknadsvärde_instrument>
        <Andel_av_fondförmögenhet_instrument>1.28</Andel_av_fondförmögenhet_instrument>
        <Bransch>
          <Branschkod_instrument>55</Branschkod_instrument>
          <Bransch_namn_instrument />
        </Bransch>
      </FinansielltInstrument>
      <FinansielltInstrument>
        <Tillgångsslag_enligt_LVF_5_kap>ÖverlåtbartVärdepapper</Tillgångsslag_enligt_LVF_5_kap>
        <Instrumentnamn>VESTNL 0 3/4 10/18/31</Instrumentnamn>
        <ISIN-kod_instrument>XS2398710546</ISIN-kod_instrument>
        <Landkod_Emittent>NL</Landkod_Emittent>
        <Valuta>EUR</Valuta>
        <Antal>700000</Antal>
        <Nominellt_belopp />
        <Kurs_som_använts_vid_värdering_av_instrumentet>0.73</Kurs_som_använts_vid_värdering_av_instrumentet>
        <Valutakurs_instrument>11.1209</Valutakurs_instrument>
        <Marknadsvärde_instrument>5677893</Marknadsvärde_instrument>
        <Andel_av_fondförmögenhet_instrument>0.68</Andel_av_fondförmögenhet_instrument>
        <Bransch>
          <Branschkod_instrument>60</Branschkod_instrument>
          <Bransch_namn_instrument />
        </Bransch>
      </FinansielltInstrument>
      <FinansielltInstrument>
        <Tillgångsslag_enligt_LVF_5_kap>ÖverlåtbartVärdepapper</Tillgångsslag_enligt_LVF_5_kap>
        <Instrumentnamn>VOLVAB 0.858 11/20/25</Instrumentnamn>
        <ISIN-kod_instrument>SE0013359973</ISIN-kod_instrument>
        <Landkod_Emittent>SE</Landkod_Emittent>
        <Valuta>SEK</Valuta>
        <Antal>8000000</Antal>
        <Nominellt_belopp />
        <Kurs_som_använts_vid_värdering_av_instrumentet>0.9</Kurs_som_använts_vid_värdering_av_instrumentet>
        <Valutakurs_instrument>1</Valutakurs_instrument>
        <Marknadsvärde_instrument>7207239</Marknadsvärde_instrument>
        <Andel_av_fondförmögenhet_instrument>0.86</Andel_av_fondförmögenhet_instrument>
        <Bransch>
          <Branschkod_instrument>40</Branschkod_instrument>
          <Bransch_namn_instrument />
        </Bransch>
      </FinansielltInstrument>
      <FinansielltInstrument>
        <Tillgångsslag_enligt_LVF_5_kap>DerivatinstrumentSamtTeknikerOchInstrument</Tillgångsslag_enligt_LVF_5_kap>
        <Instrumentnamn>EUR_EURIB6M_P_05982_320208</Instrumentnamn>
        <ISIN-kod_instrument>EZDPR199NNZ8</ISIN-kod_instrument>
        <Landkod_Emittent>GB</Landkod_Emittent>
        <Valuta>EUR</Valuta>
        <Antal>1</Antal>
        <Nominellt_belopp />
        <Kurs_som_använts_vid_värdering_av_instrumentet>978339.95</Kurs_som_använts_vid_värdering_av_instrumentet>
        <Valutakurs_instrument>11.1209</Valutakurs_instrument>
        <Marknadsvärde_instrument>10880021</Marknadsvärde_instrument>
        <Andel_av_fondförmögenhet_instrument>1.3</Andel_av_fondförmögenhet_instrument>
      </FinansielltInstrument>
      <FinansielltInstrument>
        <Tillgångsslag_enligt_LVF_5_kap>DerivatinstrumentSamtTeknikerOchInstrument</Tillgångsslag_enligt_LVF_5_kap>
        <Instrumentnamn>EUR_EURIB6M_P_12657_420331</Instrumentnamn>
        <ISIN-kod_instrument>EZ99S9FBYFN8</ISIN-kod_instrument>
        <Landkod_Emittent>GB</Landkod_Emittent>
        <Valuta>EUR</Valuta>
        <Antal>1</Antal>
        <Nominellt_belopp />
        <Kurs_som_använts_vid_värdering_av_instrumentet>419280.24</Kurs_som_använts_vid_värdering_av_instrumentet>
        <Valutakurs_instrument>11.1209</Valutakurs_instrument>
        <Marknadsvärde_instrument>4662774</Marknadsvärde_instrument>
        <Andel_av_fondförmögenhet_instrument>0.56</Andel_av_fondförmögenhet_instrument>
      </FinansielltInstrument>
      <FinansielltInstrument>
        <Tillgångsslag_enligt_LVF_5_kap>DerivatinstrumentSamtTeknikerOchInstrument</Tillgångsslag_enligt_LVF_5_kap>
        <Instrumentnamn>EUR_EURIB6M_P_19266_420602_EZVBQ986HLY2</Instrumentnamn>
        <ISIN-kod_instrument>EZVBQ986HLY2</ISIN-kod_instrument>
        <Landkod_Emittent>GB</Landkod_Emittent>
        <Valuta>EUR</Valuta>
        <Antal>1</Antal>
        <Nominellt_belopp />
        <Kurs_som_använts_vid_värdering_av_instrumentet>198819.44</Kurs_som_använts_vid_värdering_av_instrumentet>
        <Valutakurs_instrument>11.1209</Valutakurs_instrument>
        <Marknadsvärde_instrument>2211051</Marknadsvärde_instrument>
        <Andel_av_fondförmögenhet_instrument>0.26</Andel_av_fondförmögenhet_instrument>
      </FinansielltInstrument>
      <FinansielltInstrument>
        <Tillgångsslag_enligt_LVF_5_kap>DerivatinstrumentSamtTeknikerOchInstrument</Tillgångsslag_enligt_LVF_5_kap>
        <Instrumentnamn>EUR_EURIBOR6M_P_-0.4693_240409</Instrumentnamn>
        <ISIN-kod_instrument>EZ3SXBF29TR5</ISIN-kod_instrument>
        <Landkod_Emittent>GB</Landkod_Emittent>
        <Valuta>EUR</Valuta>
        <Antal>1</Antal>
        <Nominellt_belopp />
        <Kurs_som_använts_vid_värdering_av_instrumentet>154353.56</Kurs_som_använts_vid_värdering_av_instrumentet>
        <Valutakurs_instrument>11.1209</Valutakurs_instrument>
        <Marknadsvärde_instrument>1716551</Marknadsvärde_instrument>
        <Andel_av_fondförmögenhet_instrument>0.21</Andel_av_fondförmögenhet_instrument>
      </FinansielltInstrument>
      <FinansielltInstrument>
        <Tillgångsslag_enligt_LVF_5_kap>DerivatinstrumentSamtTeknikerOchInstrument</Tillgångsslag_enligt_LVF_5_kap>
        <Instrumentnamn>SEK-STIB3M-R-0654-231011</Instrumentnamn>
        <ISIN-kod_instrument>EZBG7SKMSSP9</ISIN-kod_instrument>
        <Landkod_Emittent>GB</Landkod_Emittent>
        <Valuta>SEK</Valuta>
        <Antal>1</Antal>
        <Nominellt_belopp />
        <Kurs_som_använts_vid_värdering_av_instrumentet>-1727960.03</Kurs_som_använts_vid_värdering_av_instrumentet>
        <Valutakurs_instrument>1</Valutakurs_instrument>
        <Marknadsvärde_instrument>-1727960</Marknadsvärde_instrument>
        <Andel_av_fondförmögenhet_instrument>-0.21</Andel_av_fondförmögenhet_instrument>
      </FinansielltInstrument>
      <FinansielltInstrument>
        <Tillgångsslag_enligt_LVF_5_kap>DerivatinstrumentSamtTeknikerOchInstrument</Tillgångsslag_enligt_LVF_5_kap>
        <Instrumentnamn>SEK/STIB3M/R/0.275/260704</Instrumentnamn>
        <ISIN-kod_instrument>EZ16Q76YRP53</ISIN-kod_instrument>
        <Landkod_Emittent>GB</Landkod_Emittent>
        <Valuta>SEK</Valuta>
        <Antal>1</Antal>
        <Nominellt_belopp />
        <Kurs_som_använts_vid_värdering_av_instrumentet>-6214496.18</Kurs_som_använts_vid_värdering_av_instrumentet>
        <Valutakurs_instrument>1</Valutakurs_instrument>
        <Marknadsvärde_instrument>-6214496</Marknadsvärde_instrument>
        <Andel_av_fondförmögenhet_instrument>-0.74</Andel_av_fondförmögenhet_instrument>
      </FinansielltInstrument>
      <FinansielltInstrument>
        <Tillgångsslag_enligt_LVF_5_kap>DerivatinstrumentSamtTeknikerOchInstrument</Tillgångsslag_enligt_LVF_5_kap>
        <Instrumentnamn>SEK/STIB3M/R/0.40/230704</Instrumentnamn>
        <ISIN-kod_instrument>EZ855YB3CNJ1</ISIN-kod_instrument>
        <Landkod_Emittent>GB</Landkod_Emittent>
        <Valuta>SEK</Valuta>
        <Antal>1</Antal>
        <Nominellt_belopp />
        <Kurs_som_använts_vid_värdering_av_instrumentet>-2086467.16</Kurs_som_använts_vid_värdering_av_instrumentet>
        <Valutakurs_instrument>1</Valutakurs_instrument>
        <Marknadsvärde_instrument>-2086467</Marknadsvärde_instrument>
        <Andel_av_fondförmögenhet_instrument>-0.25</Andel_av_fondförmögenhet_instrument>
      </FinansielltInstrument>
      <FinansielltInstrument>
        <Tillgångsslag_enligt_LVF_5_kap>DerivatinstrumentSamtTeknikerOchInstrument</Tillgångsslag_enligt_LVF_5_kap>
        <Instrumentnamn>SEK_STIB3M_R_0.215_270814</Instrumentnamn>
        <ISIN-kod_instrument>EZ4TZ2JMGMG5</ISIN-kod_instrument>
        <Landkod_Emittent>GB</Landkod_Emittent>
        <Valuta>SEK</Valuta>
        <Antal>1</Antal>
        <Nominellt_belopp />
        <Kurs_som_använts_vid_värdering_av_instrumentet>-6575371.85</Kurs_som_använts_vid_värdering_av_instrumentet>
        <Valutakurs_instrument>1</Valutakurs_instrument>
        <Marknadsvärde_instrument>-6575372</Marknadsvärde_instrument>
        <Andel_av_fondförmögenhet_instrument>-0.79</Andel_av_fondförmögenhet_instrument>
      </FinansielltInstrument>
      <FinansielltInstrument>
        <Tillgångsslag_enligt_LVF_5_kap>DerivatinstrumentSamtTeknikerOchInstrument</Tillgångsslag_enligt_LVF_5_kap>
        <Instrumentnamn>SEK_STIB3M_R_0.304_280209</Instrumentnamn>
        <ISIN-kod_instrument>EZKFB3C001L7</ISIN-kod_instrument>
        <Landkod_Emittent>GB</Landkod_Emittent>
        <Valuta>SEK</Valuta>
        <Antal>1</Antal>
        <Nominellt_belopp />
        <Kurs_som_använts_vid_värdering_av_instrumentet>-10980465.01</Kurs_som_använts_vid_värdering_av_instrumentet>
        <Valutakurs_instrument>1</Valutakurs_instrument>
        <Marknadsvärde_instrument>-10980465</Marknadsvärde_instrument>
        <Andel_av_fondförmögenhet_instrument>-1.32</Andel_av_fondförmögenhet_instrument>
      </FinansielltInstrument>
      <FinansielltInstrument>
        <Tillgångsslag_enligt_LVF_5_kap>DerivatinstrumentSamtTeknikerOchInstrument</Tillgångsslag_enligt_LVF_5_kap>
        <Instrumentnamn>SEK_STIB3M_R_0.388_240228</Instrumentnamn>
        <ISIN-kod_instrument>EZF7B20NR795</ISIN-kod_instrument>
        <Landkod_Emittent>GB</Landkod_Emittent>
        <Valuta>SEK</Valuta>
        <Antal>1</Antal>
        <Nominellt_belopp />
        <Kurs_som_använts_vid_värdering_av_instrumentet>-3601256.77</Kurs_som_använts_vid_värdering_av_instrumentet>
        <Valutakurs_instrument>1</Valutakurs_instrument>
        <Marknadsvärde_instrument>-3601257</Marknadsvärde_instrument>
        <Andel_av_fondförmögenhet_instrument>-0.43</Andel_av_fondförmögenhet_instrument>
      </FinansielltInstrument>
      <FinansielltInstrument>
        <Tillgångsslag_enligt_LVF_5_kap>DerivatinstrumentSamtTeknikerOchInstrument</Tillgångsslag_enligt_LVF_5_kap>
        <Instrumentnamn>SEK_STIB3M_R_0.61_2023-11-05</Instrumentnamn>
        <ISIN-kod_instrument>EZHYCBLC3D54</ISIN-kod_instrument>
        <Landkod_Emittent>GB</Landkod_Emittent>
        <Valuta>SEK</Valuta>
        <Antal>1</Antal>
        <Nominellt_belopp />
        <Kurs_som_använts_vid_värdering_av_instrumentet>-1073617.34</Kurs_som_använts_vid_värdering_av_instrumentet>
        <Valutakurs_instrument>1</Valutakurs_instrument>
        <Marknadsvärde_instrument>-1073617</Marknadsvärde_instrument>
        <Andel_av_fondförmögenhet_instrument>-0.13</Andel_av_fondförmögenhet_instrument>
      </FinansielltInstrument>
      <FinansielltInstrument>
        <Tillgångsslag_enligt_LVF_5_kap>DerivatinstrumentSamtTeknikerOchInstrument</Tillgångsslag_enligt_LVF_5_kap>
        <Instrumentnamn>SEK_STIB3M_R_10618_260208</Instrumentnamn>
        <ISIN-kod_instrument>EZZ60WQJLD67</ISIN-kod_instrument>
        <Landkod_Emittent>GB</Landkod_Emittent>
        <Valuta>SEK</Valuta>
        <Antal>1</Antal>
        <Nominellt_belopp />
        <Kurs_som_använts_vid_värdering_av_instrumentet>-7321568.09</Kurs_som_använts_vid_värdering_av_instrumentet>
        <Valutakurs_instrument>1</Valutakurs_instrument>
        <Marknadsvärde_instrument>-7321568</Marknadsvärde_instrument>
        <Andel_av_fondförmögenhet_instrument>-0.88</Andel_av_fondförmögenhet_instrument>
      </FinansielltInstrument>
      <FinansielltInstrument>
        <Tillgångsslag_enligt_LVF_5_kap>DerivatinstrumentSamtTeknikerOchInstrument</Tillgångsslag_enligt_LVF_5_kap>
        <Instrumentnamn>SEK_STIB3M_R_115_271101_50mio</Instrumentnamn>
        <ISIN-kod_instrument>EZZ60WQJLD67</ISIN-kod_instrument>
        <Landkod_Emittent>GB</Landkod_Emittent>
        <Valuta>SEK</Valuta>
        <Antal>1</Antal>
        <Nominellt_belopp />
        <Kurs_som_använts_vid_värdering_av_instrumentet>-4741796.37</Kurs_som_använts_vid_värdering_av_instrumentet>
        <Valutakurs_instrument>1</Valutakurs_instrument>
        <Marknadsvärde_instrument>-4741796</Marknadsvärde_instrument>
        <Andel_av_fondförmögenhet_instrument>-0.57</Andel_av_fondförmögenhet_instrument>
      </FinansielltInstrument>
      <FinansielltInstrument>
        <Tillgångsslag_enligt_LVF_5_kap>DerivatinstrumentSamtTeknikerOchInstrument</Tillgångsslag_enligt_LVF_5_kap>
        <Instrumentnamn>SEK_STIB3M_R_30_261029</Instrumentnamn>
        <ISIN-kod_instrument>EZQXDPNZ1KQ3</ISIN-kod_instrument>
        <Landkod_Emittent>GB</Landkod_Emittent>
        <Valuta>SEK</Valuta>
        <Antal>1</Antal>
        <Nominellt_belopp />
        <Kurs_som_använts_vid_värdering_av_instrumentet>-5495701.26</Kurs_som_använts_vid_värdering_av_instrumentet>
        <Valutakurs_instrument>1</Valutakurs_instrument>
        <Marknadsvärde_instrument>-5495701</Marknadsvärde_instrument>
        <Andel_av_fondförmögenhet_instrument>-0.66</Andel_av_fondförmögenhet_instrument>
      </FinansielltInstrument>
      <FinansielltInstrument>
        <Tillgångsslag_enligt_LVF_5_kap>DerivatinstrumentSamtTeknikerOchInstrument</Tillgångsslag_enligt_LVF_5_kap>
        <Instrumentnamn>EUR_SEK_FXS_2022-11-18_2023-02-22_B63775001D90C0070</Instrumentnamn>
        <ISIN-kod_instrument>EZQXDPNZ1KQ3</ISIN-kod_instrument>
        <Landkod_Emittent>SE</Landkod_Emittent>
        <Valuta>SEK</Valuta>
        <Antal>1</Antal>
        <Nominellt_belopp />
        <Kurs_som_använts_vid_värdering_av_instrumentet>-2510661.57</Kurs_som_använts_vid_värdering_av_instrumentet>
        <Valutakurs_instrument>1</Valutakurs_instrument>
        <Marknadsvärde_instrument>-2510662</Marknadsvärde_instrument>
        <Andel_av_fondförmögenhet_instrument>-0.3</Andel_av_fondförmögenhet_instrument>
      </FinansielltInstrument>
      <FinansielltInstrument>
        <Tillgångsslag_enligt_LVF_5_kap>DerivatinstrumentSamtTeknikerOchInstrument</Tillgångsslag_enligt_LVF_5_kap>
        <Instrumentnamn>EUR_SEK_FXS_2022-11-21_2023-02-22_B637AF87FE6200043</Instrumentnamn>
        <ISIN-kod_instrument>EZQXDPNZ1KQ3</ISIN-kod_instrument>
        <Landkod_Emittent>SE</Landkod_Emittent>
        <Valuta>SEK</Valuta>
        <Antal>1</Antal>
        <Nominellt_belopp />
        <Kurs_som_använts_vid_värdering_av_instrumentet>132315.84</Kurs_som_använts_vid_värdering_av_instrumentet>
        <Valutakurs_instrument>1</Valutakurs_instrument>
        <Marknadsvärde_instrument>132316</Marknadsvärde_instrument>
        <Andel_av_fondförmögenhet_instrument>0.02</Andel_av_fondförmögenhet_instrument>
      </FinansielltInstrument>
      <FinansielltInstrument>
        <Tillgångsslag_enligt_LVF_5_kap>DerivatinstrumentSamtTeknikerOchInstrument</Tillgångsslag_enligt_LVF_5_kap>
        <Instrumentnamn>EUR_SEK_FXS_2022-12-02_2023-02-22_B6389FB6CADCC0032</Instrumentnamn>
        <ISIN-kod_instrument>EZQXDPNZ1KQ3</ISIN-kod_instrument>
        <Landkod_Emittent>SE</Landkod_Emittent>
        <Valuta>SEK</Valuta>
        <Antal>1</Antal>
        <Nominellt_belopp />
        <Kurs_som_använts_vid_värdering_av_instrumentet>779791.8</Kurs_som_använts_vid_värdering_av_instrumentet>
        <Valutakurs_instrument>1</Valutakurs_instrument>
        <Marknadsvärde_instrument>779792</Marknadsvärde_instrument>
        <Andel_av_fondförmögenhet_instrument>0.09</Andel_av_fondförmögenhet_instrument>
      </FinansielltInstrument>
      <FinansielltInstrument>
        <Tillgångsslag_enligt_LVF_5_kap>DerivatinstrumentSamtTeknikerOchInstrument</Tillgångsslag_enligt_LVF_5_kap>
        <Instrumentnamn>EUR_SEK_FXS_2022-12-13_2023-03-15_B63974D25E034002D</Instrumentnamn>
        <ISIN-kod_instrument>EZQXDPNZ1KQ3</ISIN-kod_instrument>
        <Landkod_Emittent>SE</Landkod_Emittent>
        <Valuta>SEK</Valuta>
        <Antal>1</Antal>
        <Nominellt_belopp />
        <Kurs_som_använts_vid_värdering_av_instrumentet>-5066061.13</Kurs_som_använts_vid_värdering_av_instrumentet>
        <Valutakurs_instrument>1</Valutakurs_instrument>
        <Marknadsvärde_instrument>-5066061</Marknadsvärde_instrument>
        <Andel_av_fondförmögenhet_instrument>-0.61</Andel_av_fondförmögenhet_instrument>
      </FinansielltInstrument>
      <FinansielltInstrument>
        <Tillgångsslag_enligt_LVF_5_kap>DerivatinstrumentSamtTeknikerOchInstrument</Tillgångsslag_enligt_LVF_5_kap>
        <Instrumentnamn>EUR_SEK_FXS_2022-12-14_2023-03-15_B6399D982D90C005C</Instrumentnamn>
        <ISIN-kod_instrument>EZQXDPNZ1KQ3</ISIN-kod_instrument>
        <Landkod_Emittent>SE</Landkod_Emittent>
        <Valuta>SEK</Valuta>
        <Antal>1</Antal>
        <Nominellt_belopp />
        <Kurs_som_använts_vid_värdering_av_instrumentet>218668.19</Kurs_som_använts_vid_värdering_av_instrumentet>
        <Valutakurs_instrument>1</Valutakurs_instrument>
        <Marknadsvärde_instrument>218668</Marknadsvärde_instrument>
        <Andel_av_fondförmögenhet_instrument>0.03</Andel_av_fondförmögenhet_instrument>
      </FinansielltInstrument>
      <FinansielltInstrument>
        <Tillgångsslag_enligt_LVF_5_kap>DerivatinstrumentSamtTeknikerOchInstrument</Tillgångsslag_enligt_LVF_5_kap>
        <Instrumentnamn>EUR_SEK_FXS_2022-12-21_2023-03-15_B63A30F48E0300062</Instrumentnamn>
        <ISIN-kod_instrument>EZQXDPNZ1KQ3</ISIN-kod_instrument>
        <Landkod_Emittent>SE</Landkod_Emittent>
        <Valuta>SEK</Valuta>
        <Antal>1</Antal>
        <Nominellt_belopp />
        <Kurs_som_använts_vid_värdering_av_instrumentet>160009.5</Kurs_som_använts_vid_värdering_av_instrumentet>
        <Valutakurs_instrument>1</Valutakurs_instrument>
        <Marknadsvärde_instrument>160010</Marknadsvärde_instrument>
        <Andel_av_fondförmögenhet_instrument>0.02</Andel_av_fondförmögenhet_instrument>
      </FinansielltInstrument>
      <FinansielltInstrument>
        <Tillgångsslag_enligt_LVF_5_kap>DerivatinstrumentSamtTeknikerOchInstrument</Tillgångsslag_enligt_LVF_5_kap>
        <Instrumentnamn>NOK_SEK_FXS_2022-11-18_2023-02-22_B6377512FE1B40088</Instrumentnamn>
        <ISIN-kod_instrument>EZQXDPNZ1KQ3</ISIN-kod_instrument>
        <Landkod_Emittent>SE</Landkod_Emittent>
        <Valuta>SEK</Valuta>
        <Antal>1</Antal>
        <Nominellt_belopp />
        <Kurs_som_använts_vid_värdering_av_instrumentet>-737393.7</Kurs_som_använts_vid_värdering_av_instrumentet>
        <Valutakurs_instrument>1</Valutakurs_instrument>
        <Marknadsvärde_instrument>-737394</Marknadsvärde_instrument>
        <Andel_av_fondförmögenhet_instrument>-0.09</Andel_av_fondförmögenhet_instrument>
      </FinansielltInstrument>
      <FinansielltInstrument>
        <Tillgångsslag_enligt_LVF_5_kap>DerivatinstrumentSamtTeknikerOchInstrument</Tillgångsslag_enligt_LVF_5_kap>
        <Instrumentnamn>NOK_SEK_FXS_2022-12-13_2023-03-15_B6398398DE034003D</Instrumentnamn>
        <ISIN-kod_instrument>EZQXDPNZ1KQ3</ISIN-kod_instrument>
        <Landkod_Emittent>SE</Landkod_Emittent>
        <Valuta>SEK</Valuta>
        <Antal>1</Antal>
        <Nominellt_belopp />
        <Kurs_som_använts_vid_värdering_av_instrumentet>-776250.54</Kurs_som_använts_vid_värdering_av_instrumentet>
        <Valutakurs_instrument>1</Valutakurs_instrument>
        <Marknadsvärde_instrument>-776251</Marknadsvärde_instrument>
        <Andel_av_fondförmögenhet_instrument>-0.09</Andel_av_fondförmögenhet_instrument>
      </FinansielltInstrument>
    </FinansiellaInstrument>
  </Fondinformation>
  <Fondinformation />
</VärdepappersfondInnehav>