﻿<?xml version="1.0" encoding="utf-8"?>
<VärdepappersfondInnehav xmlns="http://schemas.fi.se/publika/vardepappersfonder/20200331">
  <Rapportinformation>
    <Kvartalsslut>2022-12-31</Kvartalsslut>
  </Rapportinformation>
  <Bolagsinformation>
    <Fondbolag_namn>Didner &amp; Gerge Fonder Aktiebolag</Fondbolag_namn>
    <Fondbolag_institutnummer>58094</Fondbolag_institutnummer>
    <Fondbolag_LEI-kod>549300TWRCAKN4PSGS10</Fondbolag_LEI-kod>
  </Bolagsinformation>
  <Fondinformation>
    <Fond_institutnummer>60720</Fond_institutnummer>
    <Fond_ISIN-kod>SE0005962347</Fond_ISIN-kod>
    <Fond_namn>Didner &amp; Gerge Small and Microcap</Fond_namn>
    <Förvaltningsavgift>
      <UtanAndelsklasser>
        <Förvaltningsavgift_fast>1.6</Förvaltningsavgift_fast>
      </UtanAndelsklasser>
    </Förvaltningsavgift>
    <Fondförmögenhet>1569923803</Fondförmögenhet>
    <Likvida_medel>135363087</Likvida_medel>
    <Övriga_tillgångar_och_skulder>-2120982</Övriga_tillgångar_och_skulder>
    <Aktiv_risk>7.46</Aktiv_risk>
    <Standardavvikelse_24_månader>16.04</Standardavvikelse_24_månader>
    <Jämförelseindex>MSCI Int Europe Small &amp; Microcap 100; </Jämförelseindex>
    <FinansiellaInstrument>
      <FinansielltInstrument>
        <Tillgångsslag_enligt_LVF_5_kap>ÖverlåtbartVärdepapper</Tillgångsslag_enligt_LVF_5_kap>
        <Instrumentnamn>Aalberts (NL)</Instrumentnamn>
        <ISIN-kod_instrument>NL0000852564</ISIN-kod_instrument>
        <Landkod_Emittent>NL</Landkod_Emittent>
        <Valuta>EUR</Valuta>
        <Antal>76000</Antal>
        <Nominellt_belopp />
        <Kurs_som_använts_vid_värdering_av_instrumentet>36.23</Kurs_som_använts_vid_värdering_av_instrumentet>
        <Valutakurs_instrument>11.1168</Valutakurs_instrument>
        <Marknadsvärde_instrument>30609886.46</Marknadsvärde_instrument>
        <Andel_av_fondförmögenhet_instrument>1.95</Andel_av_fondförmögenhet_instrument>
        <Bransch>
          <Branschkod_instrument>20</Branschkod_instrument>
          <Bransch_namn_instrument />
        </Bransch>
      </FinansielltInstrument>
      <FinansielltInstrument>
        <Tillgångsslag_enligt_LVF_5_kap>ÖverlåtbartVärdepapper</Tillgångsslag_enligt_LVF_5_kap>
        <Instrumentnamn>Antares Vision (IT)</Instrumentnamn>
        <ISIN-kod_instrument>IT0005366601</ISIN-kod_instrument>
        <Landkod_Emittent>IT</Landkod_Emittent>
        <Valuta>EUR</Valuta>
        <Antal>340000</Antal>
        <Nominellt_belopp />
        <Kurs_som_använts_vid_värdering_av_instrumentet>8.03</Kurs_som_använts_vid_värdering_av_instrumentet>
        <Valutakurs_instrument>11.1168</Valutakurs_instrument>
        <Marknadsvärde_instrument>30351087.36</Marknadsvärde_instrument>
        <Andel_av_fondförmögenhet_instrument>1.93</Andel_av_fondförmögenhet_instrument>
        <Bransch>
          <Branschkod_instrument>20</Branschkod_instrument>
          <Bransch_namn_instrument />
        </Bransch>
      </FinansielltInstrument>
      <FinansielltInstrument>
        <Tillgångsslag_enligt_LVF_5_kap>ÖverlåtbartVärdepapper</Tillgångsslag_enligt_LVF_5_kap>
        <Instrumentnamn>Arcticzymes Technologies (NO)</Instrumentnamn>
        <ISIN-kod_instrument>NO0010014632</ISIN-kod_instrument>
        <Landkod_Emittent>NO</Landkod_Emittent>
        <Valuta>NOK</Valuta>
        <Antal>500000</Antal>
        <Nominellt_belopp />
        <Kurs_som_använts_vid_värdering_av_instrumentet>71.65</Kurs_som_använts_vid_värdering_av_instrumentet>
        <Valutakurs_instrument>1.057554</Valutakurs_instrument>
        <Marknadsvärde_instrument>37886872.05</Marknadsvärde_instrument>
        <Andel_av_fondförmögenhet_instrument>2.41</Andel_av_fondförmögenhet_instrument>
        <Bransch>
          <Branschkod_instrument>35</Branschkod_instrument>
          <Bransch_namn_instrument />
        </Bransch>
      </FinansielltInstrument>
      <FinansielltInstrument>
        <Tillgångsslag_enligt_LVF_5_kap>ÖverlåtbartVärdepapper</Tillgångsslag_enligt_LVF_5_kap>
        <Instrumentnamn>Atoss Software (DE)</Instrumentnamn>
        <ISIN-kod_instrument>DE0005104400</ISIN-kod_instrument>
        <Landkod_Emittent>DE</Landkod_Emittent>
        <Valuta>EUR</Valuta>
        <Antal>11000</Antal>
        <Nominellt_belopp />
        <Kurs_som_använts_vid_värdering_av_instrumentet>139.2</Kurs_som_använts_vid_värdering_av_instrumentet>
        <Valutakurs_instrument>11.1168</Valutakurs_instrument>
        <Marknadsvärde_instrument>17022044.16</Marknadsvärde_instrument>
        <Andel_av_fondförmögenhet_instrument>1.08</Andel_av_fondförmögenhet_instrument>
        <Bransch>
          <Branschkod_instrument>45</Branschkod_instrument>
          <Bransch_namn_instrument />
        </Bransch>
      </FinansielltInstrument>
      <FinansielltInstrument>
        <Tillgångsslag_enligt_LVF_5_kap>ÖverlåtbartVärdepapper</Tillgångsslag_enligt_LVF_5_kap>
        <Instrumentnamn>Bahnhof (SE)</Instrumentnamn>
        <ISIN-kod_instrument>SE0010442418</ISIN-kod_instrument>
        <Landkod_Emittent>SE</Landkod_Emittent>
        <Valuta>SEK</Valuta>
        <Antal>850000</Antal>
        <Nominellt_belopp />
        <Kurs_som_använts_vid_värdering_av_instrumentet>37.35</Kurs_som_använts_vid_värdering_av_instrumentet>
        <Valutakurs_instrument>1</Valutakurs_instrument>
        <Marknadsvärde_instrument>31747500</Marknadsvärde_instrument>
        <Andel_av_fondförmögenhet_instrument>2.02</Andel_av_fondförmögenhet_instrument>
        <Bransch>
          <Branschkod_instrument>50</Branschkod_instrument>
          <Bransch_namn_instrument />
        </Bransch>
      </FinansielltInstrument>
      <FinansielltInstrument>
        <Tillgångsslag_enligt_LVF_5_kap>ÖverlåtbartVärdepapper</Tillgångsslag_enligt_LVF_5_kap>
        <Instrumentnamn>Bakkafrost (FO)</Instrumentnamn>
        <ISIN-kod_instrument>FO0000000179</ISIN-kod_instrument>
        <Landkod_Emittent>FO</Landkod_Emittent>
        <Valuta>NOK</Valuta>
        <Antal>75000</Antal>
        <Nominellt_belopp />
        <Kurs_som_använts_vid_värdering_av_instrumentet>616</Kurs_som_använts_vid_värdering_av_instrumentet>
        <Valutakurs_instrument>1.057554</Valutakurs_instrument>
        <Marknadsvärde_instrument>48858994.8</Marknadsvärde_instrument>
        <Andel_av_fondförmögenhet_instrument>3.11</Andel_av_fondförmögenhet_instrument>
        <Bransch>
          <Branschkod_instrument>30</Branschkod_instrument>
          <Bransch_namn_instrument />
        </Bransch>
      </FinansielltInstrument>
      <FinansielltInstrument>
        <Tillgångsslag_enligt_LVF_5_kap>ÖverlåtbartVärdepapper</Tillgångsslag_enligt_LVF_5_kap>
        <Instrumentnamn>Basler (DE)</Instrumentnamn>
        <ISIN-kod_instrument>DE0005102008</ISIN-kod_instrument>
        <Landkod_Emittent>DE</Landkod_Emittent>
        <Valuta>EUR</Valuta>
        <Antal>88000</Antal>
        <Nominellt_belopp />
        <Kurs_som_använts_vid_värdering_av_instrumentet>29.55</Kurs_som_använts_vid_värdering_av_instrumentet>
        <Valutakurs_instrument>11.1168</Valutakurs_instrument>
        <Marknadsvärde_instrument>28908126.72</Marknadsvärde_instrument>
        <Andel_av_fondförmögenhet_instrument>1.84</Andel_av_fondförmögenhet_instrument>
        <Bransch>
          <Branschkod_instrument>45</Branschkod_instrument>
          <Bransch_namn_instrument />
        </Bransch>
      </FinansielltInstrument>
      <FinansielltInstrument>
        <Tillgångsslag_enligt_LVF_5_kap>ÖverlåtbartVärdepapper</Tillgångsslag_enligt_LVF_5_kap>
        <Instrumentnamn>Carasent (NO)</Instrumentnamn>
        <ISIN-kod_instrument>NO0010123060</ISIN-kod_instrument>
        <Landkod_Emittent>NO</Landkod_Emittent>
        <Valuta>NOK</Valuta>
        <Antal>1500000</Antal>
        <Nominellt_belopp />
        <Kurs_som_använts_vid_värdering_av_instrumentet>16.98</Kurs_som_använts_vid_värdering_av_instrumentet>
        <Valutakurs_instrument>1.057554</Valutakurs_instrument>
        <Marknadsvärde_instrument>26935900.38</Marknadsvärde_instrument>
        <Andel_av_fondförmögenhet_instrument>1.72</Andel_av_fondförmögenhet_instrument>
        <Bransch>
          <Branschkod_instrument>35</Branschkod_instrument>
          <Bransch_namn_instrument />
        </Bransch>
      </FinansielltInstrument>
      <FinansielltInstrument>
        <Tillgångsslag_enligt_LVF_5_kap>ÖverlåtbartVärdepapper</Tillgångsslag_enligt_LVF_5_kap>
        <Instrumentnamn>Chargeurs (FR)</Instrumentnamn>
        <ISIN-kod_instrument>FR0000130692</ISIN-kod_instrument>
        <Landkod_Emittent>FR</Landkod_Emittent>
        <Valuta>EUR</Valuta>
        <Antal>280000</Antal>
        <Nominellt_belopp />
        <Kurs_som_använts_vid_värdering_av_instrumentet>14.08</Kurs_som_använts_vid_värdering_av_instrumentet>
        <Valutakurs_instrument>11.1168</Valutakurs_instrument>
        <Marknadsvärde_instrument>43826872.32</Marknadsvärde_instrument>
        <Andel_av_fondförmögenhet_instrument>2.79</Andel_av_fondförmögenhet_instrument>
        <Bransch>
          <Branschkod_instrument>20</Branschkod_instrument>
          <Bransch_namn_instrument />
        </Bransch>
      </FinansielltInstrument>
      <FinansielltInstrument>
        <Tillgångsslag_enligt_LVF_5_kap>ÖverlåtbartVärdepapper</Tillgångsslag_enligt_LVF_5_kap>
        <Instrumentnamn>CIE Automotive (ES)</Instrumentnamn>
        <ISIN-kod_instrument>ES0105630315</ISIN-kod_instrument>
        <Landkod_Emittent>ES</Landkod_Emittent>
        <Valuta>EUR</Valuta>
        <Antal>180000</Antal>
        <Nominellt_belopp />
        <Kurs_som_använts_vid_värdering_av_instrumentet>24.06</Kurs_som_använts_vid_värdering_av_instrumentet>
        <Valutakurs_instrument>11.1168</Valutakurs_instrument>
        <Marknadsvärde_instrument>48144637.44</Marknadsvärde_instrument>
        <Andel_av_fondförmögenhet_instrument>3.07</Andel_av_fondförmögenhet_instrument>
        <Bransch>
          <Branschkod_instrument>25</Branschkod_instrument>
          <Bransch_namn_instrument />
        </Bransch>
      </FinansielltInstrument>
      <FinansielltInstrument>
        <Tillgångsslag_enligt_LVF_5_kap>ÖverlåtbartVärdepapper</Tillgångsslag_enligt_LVF_5_kap>
        <Instrumentnamn>Corticeira Amorim (PT)</Instrumentnamn>
        <ISIN-kod_instrument>PTCOR0AE0006</ISIN-kod_instrument>
        <Landkod_Emittent>PT</Landkod_Emittent>
        <Valuta>EUR</Valuta>
        <Antal>325000</Antal>
        <Nominellt_belopp />
        <Kurs_som_använts_vid_värdering_av_instrumentet>8.72</Kurs_som_använts_vid_värdering_av_instrumentet>
        <Valutakurs_instrument>11.1168</Valutakurs_instrument>
        <Marknadsvärde_instrument>31505011.2</Marknadsvärde_instrument>
        <Andel_av_fondförmögenhet_instrument>2.01</Andel_av_fondförmögenhet_instrument>
        <Bransch>
          <Branschkod_instrument>15</Branschkod_instrument>
          <Bransch_namn_instrument />
        </Bransch>
      </FinansielltInstrument>
      <FinansielltInstrument>
        <Tillgångsslag_enligt_LVF_5_kap>ÖverlåtbartVärdepapper</Tillgångsslag_enligt_LVF_5_kap>
        <Instrumentnamn>Cranswick (GB)</Instrumentnamn>
        <ISIN-kod_instrument>GB0002318888</ISIN-kod_instrument>
        <Landkod_Emittent>GB</Landkod_Emittent>
        <Valuta>GBP</Valuta>
        <Antal>105000</Antal>
        <Nominellt_belopp />
        <Kurs_som_använts_vid_värdering_av_instrumentet>30.78</Kurs_som_använts_vid_värdering_av_instrumentet>
        <Valutakurs_instrument>12.5259</Valutakurs_instrument>
        <Marknadsvärde_instrument>40482456.21</Marknadsvärde_instrument>
        <Andel_av_fondförmögenhet_instrument>2.58</Andel_av_fondförmögenhet_instrument>
        <Bransch>
          <Branschkod_instrument>30</Branschkod_instrument>
          <Bransch_namn_instrument />
        </Bransch>
      </FinansielltInstrument>
      <FinansielltInstrument>
        <Tillgångsslag_enligt_LVF_5_kap>ÖverlåtbartVärdepapper</Tillgångsslag_enligt_LVF_5_kap>
        <Instrumentnamn>CVS Group (GB)</Instrumentnamn>
        <ISIN-kod_instrument>GB00B2863827</ISIN-kod_instrument>
        <Landkod_Emittent>GB</Landkod_Emittent>
        <Valuta>GBP</Valuta>
        <Antal>169000</Antal>
        <Nominellt_belopp />
        <Kurs_som_använts_vid_värdering_av_instrumentet>19.36</Kurs_som_använts_vid_värdering_av_instrumentet>
        <Valutakurs_instrument>12.5259</Valutakurs_instrument>
        <Marknadsvärde_instrument>40982740.66</Marknadsvärde_instrument>
        <Andel_av_fondförmögenhet_instrument>2.61</Andel_av_fondförmögenhet_instrument>
        <Bransch>
          <Branschkod_instrument>35</Branschkod_instrument>
          <Bransch_namn_instrument />
        </Bransch>
      </FinansielltInstrument>
      <FinansielltInstrument>
        <Tillgångsslag_enligt_LVF_5_kap>ÖverlåtbartVärdepapper</Tillgångsslag_enligt_LVF_5_kap>
        <Instrumentnamn>Devolver Digital (US)</Instrumentnamn>
        <ISIN-kod_instrument>USU0858L1036</ISIN-kod_instrument>
        <Landkod_Emittent>US</Landkod_Emittent>
        <Valuta>GBP</Valuta>
        <Antal>1500000</Antal>
        <Nominellt_belopp />
        <Kurs_som_använts_vid_värdering_av_instrumentet>0.635</Kurs_som_använts_vid_värdering_av_instrumentet>
        <Valutakurs_instrument>12.5259</Valutakurs_instrument>
        <Marknadsvärde_instrument>11930919.75</Marknadsvärde_instrument>
        <Andel_av_fondförmögenhet_instrument>0.76</Andel_av_fondförmögenhet_instrument>
        <Bransch>
          <Branschkod_instrument>50</Branschkod_instrument>
          <Bransch_namn_instrument />
        </Bransch>
      </FinansielltInstrument>
      <FinansielltInstrument>
        <Tillgångsslag_enligt_LVF_5_kap>ÖverlåtbartVärdepapper</Tillgångsslag_enligt_LVF_5_kap>
        <Instrumentnamn>DevPort (SE)</Instrumentnamn>
        <ISIN-kod_instrument>SE0010546622</ISIN-kod_instrument>
        <Landkod_Emittent>SE</Landkod_Emittent>
        <Valuta>SEK</Valuta>
        <Antal>626000</Antal>
        <Nominellt_belopp />
        <Kurs_som_använts_vid_värdering_av_instrumentet>33.3</Kurs_som_använts_vid_värdering_av_instrumentet>
        <Valutakurs_instrument>1</Valutakurs_instrument>
        <Marknadsvärde_instrument>20845800</Marknadsvärde_instrument>
        <Andel_av_fondförmögenhet_instrument>1.33</Andel_av_fondförmögenhet_instrument>
        <Bransch>
          <Branschkod_instrument>45</Branschkod_instrument>
          <Bransch_namn_instrument />
        </Bransch>
      </FinansielltInstrument>
      <FinansielltInstrument>
        <Tillgångsslag_enligt_LVF_5_kap>ÖverlåtbartVärdepapper</Tillgångsslag_enligt_LVF_5_kap>
        <Instrumentnamn>Diploma (GB)</Instrumentnamn>
        <ISIN-kod_instrument>GB0001826634</ISIN-kod_instrument>
        <Landkod_Emittent>GB</Landkod_Emittent>
        <Valuta>GBP</Valuta>
        <Antal>70000</Antal>
        <Nominellt_belopp />
        <Kurs_som_använts_vid_värdering_av_instrumentet>27.76</Kurs_som_använts_vid_värdering_av_instrumentet>
        <Valutakurs_instrument>12.5259</Valutakurs_instrument>
        <Marknadsvärde_instrument>24340328.88</Marknadsvärde_instrument>
        <Andel_av_fondförmögenhet_instrument>1.55</Andel_av_fondförmögenhet_instrument>
        <Bransch>
          <Branschkod_instrument>20</Branschkod_instrument>
          <Bransch_namn_instrument />
        </Bransch>
      </FinansielltInstrument>
      <FinansielltInstrument>
        <Tillgångsslag_enligt_LVF_5_kap>ÖverlåtbartVärdepapper</Tillgångsslag_enligt_LVF_5_kap>
        <Instrumentnamn>Discoverie Group (GB)</Instrumentnamn>
        <ISIN-kod_instrument>GB0000055888</ISIN-kod_instrument>
        <Landkod_Emittent>GB</Landkod_Emittent>
        <Valuta>GBP</Valuta>
        <Antal>615000</Antal>
        <Nominellt_belopp />
        <Kurs_som_använts_vid_värdering_av_instrumentet>7.31</Kurs_som_använts_vid_värdering_av_instrumentet>
        <Valutakurs_instrument>12.5259</Valutakurs_instrument>
        <Marknadsvärde_instrument>56312062.34</Marknadsvärde_instrument>
        <Andel_av_fondförmögenhet_instrument>3.59</Andel_av_fondförmögenhet_instrument>
        <Bransch>
          <Branschkod_instrument>20</Branschkod_instrument>
          <Bransch_namn_instrument />
        </Bransch>
      </FinansielltInstrument>
      <FinansielltInstrument>
        <Tillgångsslag_enligt_LVF_5_kap>ÖverlåtbartVärdepapper</Tillgångsslag_enligt_LVF_5_kap>
        <Instrumentnamn>Embracer (SE)</Instrumentnamn>
        <ISIN-kod_instrument>SE0016828511</ISIN-kod_instrument>
        <Landkod_Emittent>SE</Landkod_Emittent>
        <Valuta>SEK</Valuta>
        <Antal>1120000</Antal>
        <Nominellt_belopp />
        <Kurs_som_använts_vid_värdering_av_instrumentet>47.29</Kurs_som_använts_vid_värdering_av_instrumentet>
        <Valutakurs_instrument>1</Valutakurs_instrument>
        <Marknadsvärde_instrument>52964800</Marknadsvärde_instrument>
        <Andel_av_fondförmögenhet_instrument>3.37</Andel_av_fondförmögenhet_instrument>
        <Bransch>
          <Branschkod_instrument>50</Branschkod_instrument>
          <Bransch_namn_instrument />
        </Bransch>
      </FinansielltInstrument>
      <FinansielltInstrument>
        <Tillgångsslag_enligt_LVF_5_kap>ÖverlåtbartVärdepapper</Tillgångsslag_enligt_LVF_5_kap>
        <Instrumentnamn>Ergomed (GB)</Instrumentnamn>
        <ISIN-kod_instrument>GB00BN7ZCY67</ISIN-kod_instrument>
        <Landkod_Emittent>GB</Landkod_Emittent>
        <Valuta>GBP</Valuta>
        <Antal>180000</Antal>
        <Nominellt_belopp />
        <Kurs_som_använts_vid_värdering_av_instrumentet>12.72</Kurs_som_använts_vid_värdering_av_instrumentet>
        <Valutakurs_instrument>12.5259</Valutakurs_instrument>
        <Marknadsvärde_instrument>28679300.64</Marknadsvärde_instrument>
        <Andel_av_fondförmögenhet_instrument>1.83</Andel_av_fondförmögenhet_instrument>
        <Bransch>
          <Branschkod_instrument>35</Branschkod_instrument>
          <Bransch_namn_instrument />
        </Bransch>
      </FinansielltInstrument>
      <FinansielltInstrument>
        <Tillgångsslag_enligt_LVF_5_kap>ÖverlåtbartVärdepapper</Tillgångsslag_enligt_LVF_5_kap>
        <Instrumentnamn>Expert.AI (IT)</Instrumentnamn>
        <ISIN-kod_instrument>IT0004496029</ISIN-kod_instrument>
        <Landkod_Emittent>IT</Landkod_Emittent>
        <Valuta>EUR</Valuta>
        <Antal>900000</Antal>
        <Nominellt_belopp />
        <Kurs_som_använts_vid_värdering_av_instrumentet>0.617</Kurs_som_använts_vid_värdering_av_instrumentet>
        <Valutakurs_instrument>11.1168</Valutakurs_instrument>
        <Marknadsvärde_instrument>6173159.04</Marknadsvärde_instrument>
        <Andel_av_fondförmögenhet_instrument>0.39</Andel_av_fondförmögenhet_instrument>
        <Bransch>
          <Branschkod_instrument>45</Branschkod_instrument>
          <Bransch_namn_instrument />
        </Bransch>
      </FinansielltInstrument>
      <FinansielltInstrument>
        <Tillgångsslag_enligt_LVF_5_kap>ÖverlåtbartVärdepapper</Tillgångsslag_enligt_LVF_5_kap>
        <Instrumentnamn>Fabasoft (AT)</Instrumentnamn>
        <ISIN-kod_instrument>AT0000785407</ISIN-kod_instrument>
        <Landkod_Emittent>AT</Landkod_Emittent>
        <Valuta>EUR</Valuta>
        <Antal>94212</Antal>
        <Nominellt_belopp />
        <Kurs_som_använts_vid_värdering_av_instrumentet>20.5</Kurs_som_använts_vid_värdering_av_instrumentet>
        <Valutakurs_instrument>11.1168</Valutakurs_instrument>
        <Marknadsvärde_instrument>21470387.21</Marknadsvärde_instrument>
        <Andel_av_fondförmögenhet_instrument>1.37</Andel_av_fondförmögenhet_instrument>
        <Bransch>
          <Branschkod_instrument>45</Branschkod_instrument>
          <Bransch_namn_instrument />
        </Bransch>
      </FinansielltInstrument>
      <FinansielltInstrument>
        <Tillgångsslag_enligt_LVF_5_kap>ÖverlåtbartVärdepapper</Tillgångsslag_enligt_LVF_5_kap>
        <Instrumentnamn>Frontier Developments (GB)</Instrumentnamn>
        <ISIN-kod_instrument>GB00BBT32N39</ISIN-kod_instrument>
        <Landkod_Emittent>GB</Landkod_Emittent>
        <Valuta>GBP</Valuta>
        <Antal>300000</Antal>
        <Nominellt_belopp />
        <Kurs_som_använts_vid_värdering_av_instrumentet>9.61</Kurs_som_använts_vid_värdering_av_instrumentet>
        <Valutakurs_instrument>12.5259</Valutakurs_instrument>
        <Marknadsvärde_instrument>36112169.7</Marknadsvärde_instrument>
        <Andel_av_fondförmögenhet_instrument>2.3</Andel_av_fondförmögenhet_instrument>
        <Bransch>
          <Branschkod_instrument>50</Branschkod_instrument>
          <Bransch_namn_instrument />
        </Bransch>
      </FinansielltInstrument>
      <FinansielltInstrument>
        <Tillgångsslag_enligt_LVF_5_kap>ÖverlåtbartVärdepapper</Tillgångsslag_enligt_LVF_5_kap>
        <Instrumentnamn>Games Workshop Group (GB)</Instrumentnamn>
        <ISIN-kod_instrument>GB0003718474</ISIN-kod_instrument>
        <Landkod_Emittent>GB</Landkod_Emittent>
        <Valuta>GBP</Valuta>
        <Antal>50000</Antal>
        <Nominellt_belopp />
        <Kurs_som_använts_vid_värdering_av_instrumentet>85.65</Kurs_som_använts_vid_värdering_av_instrumentet>
        <Valutakurs_instrument>12.5259</Valutakurs_instrument>
        <Marknadsvärde_instrument>53642166.75</Marknadsvärde_instrument>
        <Andel_av_fondförmögenhet_instrument>3.42</Andel_av_fondförmögenhet_instrument>
        <Bransch>
          <Branschkod_instrument>25</Branschkod_instrument>
          <Bransch_namn_instrument />
        </Bransch>
      </FinansielltInstrument>
      <FinansielltInstrument>
        <Tillgångsslag_enligt_LVF_5_kap>ÖverlåtbartVärdepapper</Tillgångsslag_enligt_LVF_5_kap>
        <Instrumentnamn>Hamilton Thorne (CA)</Instrumentnamn>
        <ISIN-kod_instrument>CA4078911001</ISIN-kod_instrument>
        <Landkod_Emittent>CA</Landkod_Emittent>
        <Valuta>CAD</Valuta>
        <Antal>1800000</Antal>
        <Nominellt_belopp />
        <Kurs_som_använts_vid_värdering_av_instrumentet>1.63</Kurs_som_använts_vid_värdering_av_instrumentet>
        <Valutakurs_instrument>7.689562</Valutakurs_instrument>
        <Marknadsvärde_instrument>22561174.91</Marknadsvärde_instrument>
        <Andel_av_fondförmögenhet_instrument>1.44</Andel_av_fondförmögenhet_instrument>
        <Bransch>
          <Branschkod_instrument>35</Branschkod_instrument>
          <Bransch_namn_instrument />
        </Bransch>
      </FinansielltInstrument>
      <FinansielltInstrument>
        <Tillgångsslag_enligt_LVF_5_kap>ÖverlåtbartVärdepapper</Tillgångsslag_enligt_LVF_5_kap>
        <Instrumentnamn>Integrum (SE)</Instrumentnamn>
        <ISIN-kod_instrument>SE0009807266</ISIN-kod_instrument>
        <Landkod_Emittent>SE</Landkod_Emittent>
        <Valuta>SEK</Valuta>
        <Antal>400000</Antal>
        <Nominellt_belopp />
        <Kurs_som_använts_vid_värdering_av_instrumentet>34.5</Kurs_som_använts_vid_värdering_av_instrumentet>
        <Valutakurs_instrument>1</Valutakurs_instrument>
        <Marknadsvärde_instrument>13800000</Marknadsvärde_instrument>
        <Andel_av_fondförmögenhet_instrument>0.88</Andel_av_fondförmögenhet_instrument>
        <Bransch>
          <Branschkod_instrument>35</Branschkod_instrument>
          <Bransch_namn_instrument />
        </Bransch>
      </FinansielltInstrument>
      <FinansielltInstrument>
        <Tillgångsslag_enligt_LVF_5_kap>ÖverlåtbartVärdepapper</Tillgångsslag_enligt_LVF_5_kap>
        <Instrumentnamn>Interpump (IT)</Instrumentnamn>
        <ISIN-kod_instrument>IT0001078911</ISIN-kod_instrument>
        <Landkod_Emittent>IT</Landkod_Emittent>
        <Valuta>EUR</Valuta>
        <Antal>120000</Antal>
        <Nominellt_belopp />
        <Kurs_som_använts_vid_värdering_av_instrumentet>42.16</Kurs_som_använts_vid_värdering_av_instrumentet>
        <Valutakurs_instrument>11.1168</Valutakurs_instrument>
        <Marknadsvärde_instrument>56242114.56</Marknadsvärde_instrument>
        <Andel_av_fondförmögenhet_instrument>3.58</Andel_av_fondförmögenhet_instrument>
        <Bransch>
          <Branschkod_instrument>20</Branschkod_instrument>
          <Bransch_namn_instrument />
        </Bransch>
      </FinansielltInstrument>
      <FinansielltInstrument>
        <Tillgångsslag_enligt_LVF_5_kap>ÖverlåtbartVärdepapper</Tillgångsslag_enligt_LVF_5_kap>
        <Instrumentnamn>Kardex (CH)</Instrumentnamn>
        <ISIN-kod_instrument>CH0100837282</ISIN-kod_instrument>
        <Landkod_Emittent>CH</Landkod_Emittent>
        <Valuta>CHF</Valuta>
        <Antal>13000</Antal>
        <Nominellt_belopp />
        <Kurs_som_använts_vid_värdering_av_instrumentet>152</Kurs_som_använts_vid_värdering_av_instrumentet>
        <Valutakurs_instrument>11.262081</Valutakurs_instrument>
        <Marknadsvärde_instrument>22253872.06</Marknadsvärde_instrument>
        <Andel_av_fondförmögenhet_instrument>1.42</Andel_av_fondförmögenhet_instrument>
        <Bransch>
          <Branschkod_instrument>20</Branschkod_instrument>
          <Bransch_namn_instrument />
        </Bransch>
      </FinansielltInstrument>
      <FinansielltInstrument>
        <Tillgångsslag_enligt_LVF_5_kap>ÖverlåtbartVärdepapper</Tillgångsslag_enligt_LVF_5_kap>
        <Instrumentnamn>Kopparbergs Bryggeri (SE)</Instrumentnamn>
        <ISIN-kod_instrument>SE0000500779</ISIN-kod_instrument>
        <Landkod_Emittent>SE</Landkod_Emittent>
        <Valuta>SEK</Valuta>
        <Antal>163870</Antal>
        <Nominellt_belopp />
        <Kurs_som_använts_vid_värdering_av_instrumentet>131.4</Kurs_som_använts_vid_värdering_av_instrumentet>
        <Valutakurs_instrument>1</Valutakurs_instrument>
        <Marknadsvärde_instrument>21532518</Marknadsvärde_instrument>
        <Andel_av_fondförmögenhet_instrument>1.37</Andel_av_fondförmögenhet_instrument>
        <Bransch>
          <Branschkod_instrument>30</Branschkod_instrument>
          <Bransch_namn_instrument />
        </Bransch>
      </FinansielltInstrument>
      <FinansielltInstrument>
        <Tillgångsslag_enligt_LVF_5_kap>ÖverlåtbartVärdepapper</Tillgångsslag_enligt_LVF_5_kap>
        <Instrumentnamn>Lectra (FR)</Instrumentnamn>
        <ISIN-kod_instrument>FR0000065484</ISIN-kod_instrument>
        <Landkod_Emittent>FR</Landkod_Emittent>
        <Valuta>EUR</Valuta>
        <Antal>93327</Antal>
        <Nominellt_belopp />
        <Kurs_som_använts_vid_värdering_av_instrumentet>35.2</Kurs_som_använts_vid_värdering_av_instrumentet>
        <Valutakurs_instrument>11.1168</Valutakurs_instrument>
        <Marknadsvärde_instrument>36519915.29</Marknadsvärde_instrument>
        <Andel_av_fondförmögenhet_instrument>2.33</Andel_av_fondförmögenhet_instrument>
        <Bransch>
          <Branschkod_instrument>45</Branschkod_instrument>
          <Bransch_namn_instrument />
        </Bransch>
      </FinansielltInstrument>
      <FinansielltInstrument>
        <Tillgångsslag_enligt_LVF_5_kap>ÖverlåtbartVärdepapper</Tillgångsslag_enligt_LVF_5_kap>
        <Instrumentnamn>MAG Interactive (SE)</Instrumentnamn>
        <ISIN-kod_instrument>SE0010520908</ISIN-kod_instrument>
        <Landkod_Emittent>SE</Landkod_Emittent>
        <Valuta>SEK</Valuta>
        <Antal>2271699</Antal>
        <Nominellt_belopp />
        <Kurs_som_använts_vid_värdering_av_instrumentet>24</Kurs_som_använts_vid_värdering_av_instrumentet>
        <Valutakurs_instrument>1</Valutakurs_instrument>
        <Marknadsvärde_instrument>54520776</Marknadsvärde_instrument>
        <Andel_av_fondförmögenhet_instrument>3.47</Andel_av_fondförmögenhet_instrument>
        <Bransch>
          <Branschkod_instrument>50</Branschkod_instrument>
          <Bransch_namn_instrument />
        </Bransch>
      </FinansielltInstrument>
      <FinansielltInstrument>
        <Tillgångsslag_enligt_LVF_5_kap>ÖverlåtbartVärdepapper</Tillgångsslag_enligt_LVF_5_kap>
        <Instrumentnamn>Media and Games Invest (MT)</Instrumentnamn>
        <ISIN-kod_instrument>MT0000580101</ISIN-kod_instrument>
        <Landkod_Emittent>MT</Landkod_Emittent>
        <Valuta>SEK</Valuta>
        <Antal>1175000</Antal>
        <Nominellt_belopp />
        <Kurs_som_använts_vid_värdering_av_instrumentet>19.13</Kurs_som_använts_vid_värdering_av_instrumentet>
        <Valutakurs_instrument>1</Valutakurs_instrument>
        <Marknadsvärde_instrument>22477750</Marknadsvärde_instrument>
        <Andel_av_fondförmögenhet_instrument>1.43</Andel_av_fondförmögenhet_instrument>
        <Bransch>
          <Branschkod_instrument>50</Branschkod_instrument>
          <Bransch_namn_instrument />
        </Bransch>
      </FinansielltInstrument>
      <FinansielltInstrument>
        <Tillgångsslag_enligt_LVF_5_kap>ÖverlåtbartVärdepapper</Tillgångsslag_enligt_LVF_5_kap>
        <Instrumentnamn>Melexis (BE)</Instrumentnamn>
        <ISIN-kod_instrument>BE0165385973</ISIN-kod_instrument>
        <Landkod_Emittent>BE</Landkod_Emittent>
        <Valuta>EUR</Valuta>
        <Antal>26500</Antal>
        <Nominellt_belopp />
        <Kurs_som_använts_vid_värdering_av_instrumentet>81</Kurs_som_använts_vid_värdering_av_instrumentet>
        <Valutakurs_instrument>11.1168</Valutakurs_instrument>
        <Marknadsvärde_instrument>23862211.2</Marknadsvärde_instrument>
        <Andel_av_fondförmögenhet_instrument>1.52</Andel_av_fondförmögenhet_instrument>
        <Bransch>
          <Branschkod_instrument>45</Branschkod_instrument>
          <Bransch_namn_instrument />
        </Bransch>
      </FinansielltInstrument>
      <FinansielltInstrument>
        <Tillgångsslag_enligt_LVF_5_kap>ÖverlåtbartVärdepapper</Tillgångsslag_enligt_LVF_5_kap>
        <Instrumentnamn>Paradox (SE)</Instrumentnamn>
        <ISIN-kod_instrument>SE0008294953</ISIN-kod_instrument>
        <Landkod_Emittent>SE</Landkod_Emittent>
        <Valuta>SEK</Valuta>
        <Antal>350000</Antal>
        <Nominellt_belopp />
        <Kurs_som_använts_vid_värdering_av_instrumentet>212.2</Kurs_som_använts_vid_värdering_av_instrumentet>
        <Valutakurs_instrument>1</Valutakurs_instrument>
        <Marknadsvärde_instrument>74270000</Marknadsvärde_instrument>
        <Andel_av_fondförmögenhet_instrument>4.73</Andel_av_fondförmögenhet_instrument>
        <Bransch>
          <Branschkod_instrument>50</Branschkod_instrument>
          <Bransch_namn_instrument />
        </Bransch>
      </FinansielltInstrument>
      <FinansielltInstrument>
        <Tillgångsslag_enligt_LVF_5_kap>ÖverlåtbartVärdepapper</Tillgångsslag_enligt_LVF_5_kap>
        <Instrumentnamn>Pattern (IT)</Instrumentnamn>
        <ISIN-kod_instrument>IT0005378143</ISIN-kod_instrument>
        <Landkod_Emittent>IT</Landkod_Emittent>
        <Valuta>EUR</Valuta>
        <Antal>530000</Antal>
        <Nominellt_belopp />
        <Kurs_som_använts_vid_värdering_av_instrumentet>6.72</Kurs_som_använts_vid_värdering_av_instrumentet>
        <Valutakurs_instrument>11.1168</Valutakurs_instrument>
        <Marknadsvärde_instrument>39593594.88</Marknadsvärde_instrument>
        <Andel_av_fondförmögenhet_instrument>2.52</Andel_av_fondförmögenhet_instrument>
        <Bransch>
          <Branschkod_instrument>25</Branschkod_instrument>
          <Bransch_namn_instrument />
        </Bransch>
      </FinansielltInstrument>
      <FinansielltInstrument>
        <Tillgångsslag_enligt_LVF_5_kap>ÖverlåtbartVärdepapper</Tillgångsslag_enligt_LVF_5_kap>
        <Instrumentnamn>Polygiene (SE)</Instrumentnamn>
        <ISIN-kod_instrument>SE0007692157</ISIN-kod_instrument>
        <Landkod_Emittent>SE</Landkod_Emittent>
        <Valuta>SEK</Valuta>
        <Antal>1600000</Antal>
        <Nominellt_belopp />
        <Kurs_som_använts_vid_värdering_av_instrumentet>8.17</Kurs_som_använts_vid_värdering_av_instrumentet>
        <Valutakurs_instrument>1</Valutakurs_instrument>
        <Marknadsvärde_instrument>13072000</Marknadsvärde_instrument>
        <Andel_av_fondförmögenhet_instrument>0.83</Andel_av_fondförmögenhet_instrument>
        <Bransch>
          <Branschkod_instrument>15</Branschkod_instrument>
          <Bransch_namn_instrument />
        </Bransch>
      </FinansielltInstrument>
      <FinansielltInstrument>
        <Tillgångsslag_enligt_LVF_5_kap>ÖverlåtbartVärdepapper</Tillgångsslag_enligt_LVF_5_kap>
        <Instrumentnamn>Sabaf (IT)</Instrumentnamn>
        <ISIN-kod_instrument>IT0001042610</ISIN-kod_instrument>
        <Landkod_Emittent>IT</Landkod_Emittent>
        <Valuta>EUR</Valuta>
        <Antal>150000</Antal>
        <Nominellt_belopp />
        <Kurs_som_använts_vid_värdering_av_instrumentet>16.68</Kurs_som_använts_vid_värdering_av_instrumentet>
        <Valutakurs_instrument>11.1168</Valutakurs_instrument>
        <Marknadsvärde_instrument>27814233.6</Marknadsvärde_instrument>
        <Andel_av_fondförmögenhet_instrument>1.77</Andel_av_fondförmögenhet_instrument>
        <Bransch>
          <Branschkod_instrument>25</Branschkod_instrument>
          <Bransch_namn_instrument />
        </Bransch>
      </FinansielltInstrument>
      <FinansielltInstrument>
        <Tillgångsslag_enligt_LVF_5_kap>ÖverlåtbartVärdepapper</Tillgångsslag_enligt_LVF_5_kap>
        <Instrumentnamn>Somero Enterprises (US)</Instrumentnamn>
        <ISIN-kod_instrument>USU834501038</ISIN-kod_instrument>
        <Landkod_Emittent>US</Landkod_Emittent>
        <Valuta>GBP</Valuta>
        <Antal>800000</Antal>
        <Nominellt_belopp />
        <Kurs_som_använts_vid_värdering_av_instrumentet>3.75</Kurs_som_använts_vid_värdering_av_instrumentet>
        <Valutakurs_instrument>12.5259</Valutakurs_instrument>
        <Marknadsvärde_instrument>37577700</Marknadsvärde_instrument>
        <Andel_av_fondförmögenhet_instrument>2.39</Andel_av_fondförmögenhet_instrument>
        <Bransch>
          <Branschkod_instrument>20</Branschkod_instrument>
          <Bransch_namn_instrument />
        </Bransch>
      </FinansielltInstrument>
      <FinansielltInstrument>
        <Tillgångsslag_enligt_LVF_5_kap>ÖverlåtbartVärdepapper</Tillgångsslag_enligt_LVF_5_kap>
        <Instrumentnamn>TFF Group (FR)</Instrumentnamn>
        <ISIN-kod_instrument>FR0013295789</ISIN-kod_instrument>
        <Landkod_Emittent>FR</Landkod_Emittent>
        <Valuta>EUR</Valuta>
        <Antal>61000</Antal>
        <Nominellt_belopp />
        <Kurs_som_använts_vid_värdering_av_instrumentet>40.7</Kurs_som_använts_vid_värdering_av_instrumentet>
        <Valutakurs_instrument>11.1168</Valutakurs_instrument>
        <Marknadsvärde_instrument>27599679.36</Marknadsvärde_instrument>
        <Andel_av_fondförmögenhet_instrument>1.76</Andel_av_fondförmögenhet_instrument>
        <Bransch>
          <Branschkod_instrument>15</Branschkod_instrument>
          <Bransch_namn_instrument />
        </Bransch>
      </FinansielltInstrument>
      <FinansielltInstrument>
        <Tillgångsslag_enligt_LVF_5_kap>ÖverlåtbartVärdepapper</Tillgångsslag_enligt_LVF_5_kap>
        <Instrumentnamn>Tracsis (GB)</Instrumentnamn>
        <ISIN-kod_instrument>GB00B28HSF71</ISIN-kod_instrument>
        <Landkod_Emittent>GB</Landkod_Emittent>
        <Valuta>GBP</Valuta>
        <Antal>320000</Antal>
        <Nominellt_belopp />
        <Kurs_som_använts_vid_värdering_av_instrumentet>9.7</Kurs_som_använts_vid_värdering_av_instrumentet>
        <Valutakurs_instrument>12.5259</Valutakurs_instrument>
        <Marknadsvärde_instrument>38880393.6</Marknadsvärde_instrument>
        <Andel_av_fondförmögenhet_instrument>2.48</Andel_av_fondförmögenhet_instrument>
        <Bransch>
          <Branschkod_instrument>45</Branschkod_instrument>
          <Bransch_namn_instrument />
        </Bransch>
      </FinansielltInstrument>
      <FinansielltInstrument>
        <Tillgångsslag_enligt_LVF_5_kap>ÖverlåtbartVärdepapper</Tillgångsslag_enligt_LVF_5_kap>
        <Instrumentnamn>Tristel (GB)</Instrumentnamn>
        <ISIN-kod_instrument>GB00B07RVT99</ISIN-kod_instrument>
        <Landkod_Emittent>GB</Landkod_Emittent>
        <Valuta>GBP</Valuta>
        <Antal>600000</Antal>
        <Nominellt_belopp />
        <Kurs_som_använts_vid_värdering_av_instrumentet>3.9</Kurs_som_använts_vid_värdering_av_instrumentet>
        <Valutakurs_instrument>12.5259</Valutakurs_instrument>
        <Marknadsvärde_instrument>29310606</Marknadsvärde_instrument>
        <Andel_av_fondförmögenhet_instrument>1.87</Andel_av_fondförmögenhet_instrument>
        <Bransch>
          <Branschkod_instrument>35</Branschkod_instrument>
          <Bransch_namn_instrument />
        </Bransch>
      </FinansielltInstrument>
      <FinansielltInstrument>
        <Tillgångsslag_enligt_LVF_5_kap>ÖverlåtbartVärdepapper</Tillgångsslag_enligt_LVF_5_kap>
        <Instrumentnamn>Victoria (GB)</Instrumentnamn>
        <ISIN-kod_instrument>GB00BZC0LC10</ISIN-kod_instrument>
        <Landkod_Emittent>GB</Landkod_Emittent>
        <Valuta>GBP</Valuta>
        <Antal>425000</Antal>
        <Nominellt_belopp />
        <Kurs_som_använts_vid_värdering_av_instrumentet>4.81</Kurs_som_använts_vid_värdering_av_instrumentet>
        <Valutakurs_instrument>12.5259</Valutakurs_instrument>
        <Marknadsvärde_instrument>25606071.08</Marknadsvärde_instrument>
        <Andel_av_fondförmögenhet_instrument>1.63</Andel_av_fondförmögenhet_instrument>
        <Bransch>
          <Branschkod_instrument>25</Branschkod_instrument>
          <Bransch_namn_instrument />
        </Bransch>
      </FinansielltInstrument>
      <FinansielltInstrument>
        <Tillgångsslag_enligt_LVF_5_kap>ÖverlåtbartVärdepapper</Tillgångsslag_enligt_LVF_5_kap>
        <Instrumentnamn>Vigo Photonics (PL)</Instrumentnamn>
        <ISIN-kod_instrument>PLVIGOS00015</ISIN-kod_instrument>
        <Landkod_Emittent>PL</Landkod_Emittent>
        <Valuta>PLN</Valuta>
        <Antal>15000</Antal>
        <Nominellt_belopp />
        <Kurs_som_använts_vid_värdering_av_instrumentet>452</Kurs_som_använts_vid_värdering_av_instrumentet>
        <Valutakurs_instrument>2.375486</Valutakurs_instrument>
        <Marknadsvärde_instrument>16105795.08</Marknadsvärde_instrument>
        <Andel_av_fondförmögenhet_instrument>1.03</Andel_av_fondförmögenhet_instrument>
        <Bransch>
          <Branschkod_instrument>45</Branschkod_instrument>
          <Bransch_namn_instrument />
        </Bransch>
      </FinansielltInstrument>
      <FinansielltInstrument>
        <Tillgångsslag_enligt_LVF_5_kap>ÖverlåtbartVärdepapper</Tillgångsslag_enligt_LVF_5_kap>
        <Instrumentnamn>VNV Global (SE)</Instrumentnamn>
        <ISIN-kod_instrument>SE0014428835</ISIN-kod_instrument>
        <Landkod_Emittent>SE</Landkod_Emittent>
        <Valuta>SEK</Valuta>
        <Antal>363658</Antal>
        <Nominellt_belopp />
        <Kurs_som_använts_vid_värdering_av_instrumentet>25.98</Kurs_som_använts_vid_värdering_av_instrumentet>
        <Valutakurs_instrument>1</Valutakurs_instrument>
        <Marknadsvärde_instrument>9447834.84</Marknadsvärde_instrument>
        <Andel_av_fondförmögenhet_instrument>0.6</Andel_av_fondförmögenhet_instrument>
        <Bransch>
          <Branschkod_instrument>40</Branschkod_instrument>
          <Bransch_namn_instrument />
        </Bransch>
      </FinansielltInstrument>
      <FinansielltInstrument>
        <Tillgångsslag_enligt_LVF_5_kap>ÖverlåtbartVärdepapper</Tillgångsslag_enligt_LVF_5_kap>
        <Instrumentnamn>Water Intelligence (GB)</Instrumentnamn>
        <ISIN-kod_instrument>GB00BZ973D04</ISIN-kod_instrument>
        <Landkod_Emittent>GB</Landkod_Emittent>
        <Valuta>GBP</Valuta>
        <Antal>300000</Antal>
        <Nominellt_belopp />
        <Kurs_som_använts_vid_värdering_av_instrumentet>6.6</Kurs_som_använts_vid_värdering_av_instrumentet>
        <Valutakurs_instrument>12.5259</Valutakurs_instrument>
        <Marknadsvärde_instrument>24801282</Marknadsvärde_instrument>
        <Andel_av_fondförmögenhet_instrument>1.58</Andel_av_fondförmögenhet_instrument>
        <Bransch>
          <Branschkod_instrument>20</Branschkod_instrument>
          <Bransch_namn_instrument />
        </Bransch>
      </FinansielltInstrument>
      <FinansielltInstrument>
        <Tillgångsslag_enligt_LVF_5_kap>ÖverlåtbartVärdepapper</Tillgångsslag_enligt_LVF_5_kap>
        <Instrumentnamn>Where Food Comes From (US)</Instrumentnamn>
        <ISIN-kod_instrument>US96327X2009</ISIN-kod_instrument>
        <Landkod_Emittent>US</Landkod_Emittent>
        <Valuta>USD</Valuta>
        <Antal>200000</Antal>
        <Nominellt_belopp />
        <Kurs_som_använts_vid_värdering_av_instrumentet>13.97</Kurs_som_använts_vid_värdering_av_instrumentet>
        <Valutakurs_instrument>10.4148</Valutakurs_instrument>
        <Marknadsvärde_instrument>29098951.2</Marknadsvärde_instrument>
        <Andel_av_fondförmögenhet_instrument>1.85</Andel_av_fondförmögenhet_instrument>
        <Bransch>
          <Branschkod_instrument>20</Branschkod_instrument>
          <Bransch_namn_instrument />
        </Bransch>
      </FinansielltInstrument>
    </FinansiellaInstrument>
  </Fondinformation>
  <Fondinformation />
</VärdepappersfondInnehav>