﻿<?xml version="1.0" encoding="utf-8"?>
<VärdepappersfondInnehav xmlns="http://schemas.fi.se/publika/vardepappersfonder/20200331">
  <Rapportinformation>
    <Kvartalsslut>2022-12-31</Kvartalsslut>
  </Rapportinformation>
  <Bolagsinformation>
    <Fondbolag_namn>Alfa Kraft Fonder AB</Fondbolag_namn>
    <Fondbolag_institutnummer>58162</Fondbolag_institutnummer>
    <Fondbolag_LEI-kod>213800XR4JOMD5RMVH93</Fondbolag_LEI-kod>
  </Bolagsinformation>
  <Fondinformation>
    <Fond_institutnummer>60994</Fond_institutnummer>
    <Fond_ISIN-kod>SE0013460110</Fond_ISIN-kod>
    <Fond_namn>Brobacke Global Allokering</Fond_namn>
    <Förvaltningsavgift>
      <MedAndelsklasser>
        <Förvaltningsavgift>
          <Andelsklass_namn>BROBACKE GLOBAL ALLOKERING A</Andelsklass_namn>
          <Förvaltningsavgift_Typ>
            <Förvaltningsavgift_fast>1.2</Förvaltningsavgift_fast>
            <Förvaltningsavgift_Prestationsbaserad>
              <Avkastningströskel>30 dagars SSVX + 4%</Avkastningströskel>
              <ProcentuelltUttag>20</ProcentuelltUttag>
            </Förvaltningsavgift_Prestationsbaserad>
          </Förvaltningsavgift_Typ>
        </Förvaltningsavgift>
        <Förvaltningsavgift>
          <Andelsklass_namn>BROBACKE GLOBAL ALLOKERING B</Andelsklass_namn>
          <Förvaltningsavgift_Typ>
            <Förvaltningsavgift_fast>0.9</Förvaltningsavgift_fast>
            <Förvaltningsavgift_Prestationsbaserad>
              <Avkastningströskel>30 dagars SSVX + 4%</Avkastningströskel>
              <ProcentuelltUttag>20</ProcentuelltUttag>
            </Förvaltningsavgift_Prestationsbaserad>
          </Förvaltningsavgift_Typ>
        </Förvaltningsavgift>
      </MedAndelsklasser>
    </Förvaltningsavgift>
    <Fondförmögenhet>47088117</Fondförmögenhet>
    <Likvida_medel>8915120</Likvida_medel>
    <Övriga_tillgångar_och_skulder>-636652</Övriga_tillgångar_och_skulder>
    <Aktiv_risk>11.91</Aktiv_risk>
    <Standardavvikelse_24_månader>11.85</Standardavvikelse_24_månader>
    <Jämförelseindex>
      <Jämförelseindex>BGAA</Jämförelseindex>
    </Jämförelseindex>
    <FinansiellaInstrument>
      <FinansielltInstrument>
        <Tillgångsslag_enligt_LVF_5_kap>ÖverlåtbartVärdepapper</Tillgångsslag_enligt_LVF_5_kap>
        <Instrumentnamn>SPDR FINANCIAL STR</Instrumentnamn>
        <ISIN-kod_instrument>US81369Y6059</ISIN-kod_instrument>
        <Landkod_Emittent>US</Landkod_Emittent>
        <Valuta>USD</Valuta>
        <Antal>2700</Antal>
        <Nominellt_belopp />
        <Kurs_som_använts_vid_värdering_av_instrumentet>34.2</Kurs_som_använts_vid_värdering_av_instrumentet>
        <Valutakurs_instrument>10.4195</Valutakurs_instrument>
        <Marknadsvärde_instrument>962136.63</Marknadsvärde_instrument>
        <Andel_av_fondförmögenhet_instrument>2.04</Andel_av_fondförmögenhet_instrument>
        <Bransch>
          <Branschkod_instrument>0</Branschkod_instrument>
          <Bransch_namn_instrument>Övrigt</Bransch_namn_instrument>
        </Bransch>
      </FinansielltInstrument>
      <FinansielltInstrument>
        <Tillgångsslag_enligt_LVF_5_kap>Fondandel</Tillgångsslag_enligt_LVF_5_kap>
        <Instrumentnamn>SPDR CONSUMER STAPLE</Instrumentnamn>
        <ISIN-kod_instrument>US81369Y3080</ISIN-kod_instrument>
        <Landkod_Emittent>US</Landkod_Emittent>
        <Valuta>USD</Valuta>
        <Antal>1270</Antal>
        <Nominellt_belopp />
        <Kurs_som_använts_vid_värdering_av_instrumentet>74.55</Kurs_som_använts_vid_värdering_av_instrumentet>
        <Valutakurs_instrument>10.4195</Valutakurs_instrument>
        <Marknadsvärde_instrument>986502.63</Marknadsvärde_instrument>
        <Andel_av_fondförmögenhet_instrument>2.1</Andel_av_fondförmögenhet_instrument>
        <Bransch>
          <Branschkod_instrument>0</Branschkod_instrument>
          <Bransch_namn_instrument>Övrigt</Bransch_namn_instrument>
        </Bransch>
      </FinansielltInstrument>
      <FinansielltInstrument>
        <Tillgångsslag_enligt_LVF_5_kap>Fondandel</Tillgångsslag_enligt_LVF_5_kap>
        <Instrumentnamn>PIMCO EUR LOW DUR B</Instrumentnamn>
        <ISIN-kod_instrument>IE00BP9F2J32</ISIN-kod_instrument>
        <Landkod_Emittent>IE</Landkod_Emittent>
        <Valuta>EUR</Valuta>
        <Antal>2322</Antal>
        <Nominellt_belopp />
        <Kurs_som_använts_vid_värdering_av_instrumentet>94.99</Kurs_som_använts_vid_värdering_av_instrumentet>
        <Valutakurs_instrument>11.1202</Valutakurs_instrument>
        <Marknadsvärde_instrument>2452746.71</Marknadsvärde_instrument>
        <Andel_av_fondförmögenhet_instrument>5.21</Andel_av_fondförmögenhet_instrument>
        <Bransch>
          <Branschkod_instrument>0</Branschkod_instrument>
          <Bransch_namn_instrument>Övrigt</Bransch_namn_instrument>
        </Bransch>
      </FinansielltInstrument>
      <FinansielltInstrument>
        <Tillgångsslag_enligt_LVF_5_kap>Fondandel</Tillgångsslag_enligt_LVF_5_kap>
        <Instrumentnamn>LYXOR DAX DR</Instrumentnamn>
        <ISIN-kod_instrument>LU0252633754</ISIN-kod_instrument>
        <Landkod_Emittent>FR</Landkod_Emittent>
        <Valuta>EUR</Valuta>
        <Antal>1300</Antal>
        <Nominellt_belopp />
        <Kurs_som_använts_vid_värdering_av_instrumentet>130.6793</Kurs_som_använts_vid_värdering_av_instrumentet>
        <Valutakurs_instrument>11.1202</Valutakurs_instrument>
        <Marknadsvärde_instrument>1889133.94</Marknadsvärde_instrument>
        <Andel_av_fondförmögenhet_instrument>4.01</Andel_av_fondförmögenhet_instrument>
        <Bransch>
          <Branschkod_instrument>0</Branschkod_instrument>
          <Bransch_namn_instrument>Övrigt</Bransch_namn_instrument>
        </Bransch>
      </FinansielltInstrument>
      <FinansielltInstrument>
        <Tillgångsslag_enligt_LVF_5_kap>Fondandel</Tillgångsslag_enligt_LVF_5_kap>
        <Instrumentnamn>LYXOR US TREASURY</Instrumentnamn>
        <ISIN-kod_instrument>LU1407890620</ISIN-kod_instrument>
        <Landkod_Emittent>FR</Landkod_Emittent>
        <Valuta>USD</Valuta>
        <Antal>2341</Antal>
        <Nominellt_belopp />
        <Kurs_som_använts_vid_värdering_av_instrumentet>110.22</Kurs_som_använts_vid_värdering_av_instrumentet>
        <Valutakurs_instrument>10.4195</Valutakurs_instrument>
        <Marknadsvärde_instrument>2688491.7</Marknadsvärde_instrument>
        <Andel_av_fondförmögenhet_instrument>5.71</Andel_av_fondförmögenhet_instrument>
        <Bransch>
          <Branschkod_instrument>0</Branschkod_instrument>
          <Bransch_namn_instrument>Övrigt</Bransch_namn_instrument>
        </Bransch>
      </FinansielltInstrument>
      <FinansielltInstrument>
        <Tillgångsslag_enligt_LVF_5_kap>Fondandel</Tillgångsslag_enligt_LVF_5_kap>
        <Instrumentnamn>SPDR GOLD SHARES</Instrumentnamn>
        <ISIN-kod_instrument>US78463V1070</ISIN-kod_instrument>
        <Landkod_Emittent>US</Landkod_Emittent>
        <Valuta>USD</Valuta>
        <Antal>2000</Antal>
        <Nominellt_belopp />
        <Kurs_som_använts_vid_värdering_av_instrumentet>169.64</Kurs_som_använts_vid_värdering_av_instrumentet>
        <Valutakurs_instrument>10.4195</Valutakurs_instrument>
        <Marknadsvärde_instrument>3535127.96</Marknadsvärde_instrument>
        <Andel_av_fondförmögenhet_instrument>7.51</Andel_av_fondförmögenhet_instrument>
        <Bransch>
          <Branschkod_instrument>0</Branschkod_instrument>
          <Bransch_namn_instrument>Övrigt</Bransch_namn_instrument>
        </Bransch>
      </FinansielltInstrument>
      <FinansielltInstrument>
        <Tillgångsslag_enligt_LVF_5_kap>Fondandel</Tillgångsslag_enligt_LVF_5_kap>
        <Instrumentnamn>VANECK GOLD MINERS</Instrumentnamn>
        <ISIN-kod_instrument>IE00BQQP9F84</ISIN-kod_instrument>
        <Landkod_Emittent>IE</Landkod_Emittent>
        <Valuta>EUR</Valuta>
        <Antal>5187</Antal>
        <Nominellt_belopp />
        <Kurs_som_använts_vid_värdering_av_instrumentet>29.24</Kurs_som_använts_vid_värdering_av_instrumentet>
        <Valutakurs_instrument>11.1202</Valutakurs_instrument>
        <Marknadsvärde_instrument>1686577.16</Marknadsvärde_instrument>
        <Andel_av_fondförmögenhet_instrument>3.58</Andel_av_fondförmögenhet_instrument>
        <Bransch>
          <Branschkod_instrument>0</Branschkod_instrument>
          <Bransch_namn_instrument>Övrigt</Bransch_namn_instrument>
        </Bransch>
      </FinansielltInstrument>
      <FinansielltInstrument>
        <Tillgångsslag_enligt_LVF_5_kap>Fondandel</Tillgångsslag_enligt_LVF_5_kap>
        <Instrumentnamn>WT COPPER</Instrumentnamn>
        <ISIN-kod_instrument>GB00B15KXQ89</ISIN-kod_instrument>
        <Landkod_Emittent>JE</Landkod_Emittent>
        <Valuta>USD</Valuta>
        <Antal>3639</Antal>
        <Nominellt_belopp />
        <Kurs_som_använts_vid_värdering_av_instrumentet>33.82</Kurs_som_använts_vid_värdering_av_instrumentet>
        <Valutakurs_instrument>10.4195</Valutakurs_instrument>
        <Marknadsvärde_instrument>1282338.08</Marknadsvärde_instrument>
        <Andel_av_fondförmögenhet_instrument>2.72</Andel_av_fondförmögenhet_instrument>
        <Bransch>
          <Branschkod_instrument>0</Branschkod_instrument>
          <Bransch_namn_instrument>Övrigt</Bransch_namn_instrument>
        </Bransch>
      </FinansielltInstrument>
      <FinansielltInstrument>
        <Tillgångsslag_enligt_LVF_5_kap>Fondandel</Tillgångsslag_enligt_LVF_5_kap>
        <Instrumentnamn>SPDR UTILITIES</Instrumentnamn>
        <ISIN-kod_instrument>US81369Y8865</ISIN-kod_instrument>
        <Landkod_Emittent>US</Landkod_Emittent>
        <Valuta>USD</Valuta>
        <Antal>1300</Antal>
        <Nominellt_belopp />
        <Kurs_som_använts_vid_värdering_av_instrumentet>70.5</Kurs_som_använts_vid_värdering_av_instrumentet>
        <Valutakurs_instrument>10.4195</Valutakurs_instrument>
        <Marknadsvärde_instrument>954947.18</Marknadsvärde_instrument>
        <Andel_av_fondförmögenhet_instrument>2.03</Andel_av_fondförmögenhet_instrument>
        <Bransch>
          <Branschkod_instrument>0</Branschkod_instrument>
          <Bransch_namn_instrument>Övrigt</Bransch_namn_instrument>
        </Bransch>
      </FinansielltInstrument>
      <FinansielltInstrument>
        <Tillgångsslag_enligt_LVF_5_kap>Fondandel</Tillgångsslag_enligt_LVF_5_kap>
        <Instrumentnamn>SPDR INDUSTRIAL</Instrumentnamn>
        <ISIN-kod_instrument>US81369Y7040</ISIN-kod_instrument>
        <Landkod_Emittent>US</Landkod_Emittent>
        <Valuta>USD</Valuta>
        <Antal>960</Antal>
        <Nominellt_belopp />
        <Kurs_som_använts_vid_värdering_av_instrumentet>98.21</Kurs_som_använts_vid_värdering_av_instrumentet>
        <Valutakurs_instrument>10.4195</Valutakurs_instrument>
        <Marknadsvärde_instrument>982367.13</Marknadsvärde_instrument>
        <Andel_av_fondförmögenhet_instrument>2.09</Andel_av_fondförmögenhet_instrument>
        <Bransch>
          <Branschkod_instrument>0</Branschkod_instrument>
          <Bransch_namn_instrument>Övrigt</Bransch_namn_instrument>
        </Bransch>
      </FinansielltInstrument>
      <FinansielltInstrument>
        <Tillgångsslag_enligt_LVF_5_kap>Fondandel</Tillgångsslag_enligt_LVF_5_kap>
        <Instrumentnamn>SPDR S&amp;P MIDCAP 400</Instrumentnamn>
        <ISIN-kod_instrument>US78467Y1073</ISIN-kod_instrument>
        <Landkod_Emittent>US</Landkod_Emittent>
        <Valuta>USD</Valuta>
        <Antal>210</Antal>
        <Nominellt_belopp />
        <Kurs_som_använts_vid_värdering_av_instrumentet>442.79</Kurs_som_använts_vid_värdering_av_instrumentet>
        <Valutakurs_instrument>10.4195</Valutakurs_instrument>
        <Marknadsvärde_instrument>968866.59</Marknadsvärde_instrument>
        <Andel_av_fondförmögenhet_instrument>2.06</Andel_av_fondförmögenhet_instrument>
        <Bransch>
          <Branschkod_instrument>0</Branschkod_instrument>
          <Bransch_namn_instrument>Övrigt</Bransch_namn_instrument>
        </Bransch>
      </FinansielltInstrument>
      <FinansielltInstrument>
        <Tillgångsslag_enligt_LVF_5_kap>Fondandel</Tillgångsslag_enligt_LVF_5_kap>
        <Instrumentnamn>ISHS RUSSELL 2000 IN</Instrumentnamn>
        <ISIN-kod_instrument>US4642876555</ISIN-kod_instrument>
        <Landkod_Emittent>US</Landkod_Emittent>
        <Valuta>USD</Valuta>
        <Antal>535</Antal>
        <Nominellt_belopp />
        <Kurs_som_använts_vid_värdering_av_instrumentet>174.36</Kurs_som_använts_vid_värdering_av_instrumentet>
        <Valutakurs_instrument>10.4195</Valutakurs_instrument>
        <Marknadsvärde_instrument>971958.05</Marknadsvärde_instrument>
        <Andel_av_fondförmögenhet_instrument>2.06</Andel_av_fondförmögenhet_instrument>
        <Bransch>
          <Branschkod_instrument>0</Branschkod_instrument>
          <Bransch_namn_instrument>Övrigt</Bransch_namn_instrument>
        </Bransch>
      </FinansielltInstrument>
      <FinansielltInstrument>
        <Tillgångsslag_enligt_LVF_5_kap>Fondandel</Tillgångsslag_enligt_LVF_5_kap>
        <Instrumentnamn>ISHARES CORE FTSE100</Instrumentnamn>
        <ISIN-kod_instrument>IE0005042456</ISIN-kod_instrument>
        <Landkod_Emittent>IE</Landkod_Emittent>
        <Valuta>GBP</Valuta>
        <Antal>17002</Antal>
        <Nominellt_belopp />
        <Kurs_som_använts_vid_värdering_av_instrumentet>7.3107</Kurs_som_använts_vid_värdering_av_instrumentet>
        <Valutakurs_instrument>12.5336</Valutakurs_instrument>
        <Marknadsvärde_instrument>1557882.88</Marknadsvärde_instrument>
        <Andel_av_fondförmögenhet_instrument>3.31</Andel_av_fondförmögenhet_instrument>
        <Bransch>
          <Branschkod_instrument>0</Branschkod_instrument>
          <Bransch_namn_instrument>Övrigt</Bransch_namn_instrument>
        </Bransch>
      </FinansielltInstrument>
      <FinansielltInstrument>
        <Tillgångsslag_enligt_LVF_5_kap>Fondandel</Tillgångsslag_enligt_LVF_5_kap>
        <Instrumentnamn>ISHARES EUROPE HEALT</Instrumentnamn>
        <ISIN-kod_instrument>IE00BMW42181</ISIN-kod_instrument>
        <Landkod_Emittent>DE</Landkod_Emittent>
        <Valuta>GBP</Valuta>
        <Antal>42452</Antal>
        <Nominellt_belopp />
        <Kurs_som_använts_vid_värdering_av_instrumentet>5.2245</Kurs_som_använts_vid_värdering_av_instrumentet>
        <Valutakurs_instrument>12.5336</Valutakurs_instrument>
        <Marknadsvärde_instrument>2779833.08</Marknadsvärde_instrument>
        <Andel_av_fondförmögenhet_instrument>5.9</Andel_av_fondförmögenhet_instrument>
        <Bransch>
          <Branschkod_instrument>0</Branschkod_instrument>
          <Bransch_namn_instrument>Övrigt</Bransch_namn_instrument>
        </Bransch>
      </FinansielltInstrument>
      <FinansielltInstrument>
        <Tillgångsslag_enligt_LVF_5_kap>Fondandel</Tillgångsslag_enligt_LVF_5_kap>
        <Instrumentnamn>INVESCO SOLAR ETF</Instrumentnamn>
        <ISIN-kod_instrument>US46138G7060</ISIN-kod_instrument>
        <Landkod_Emittent>IE</Landkod_Emittent>
        <Valuta>USD</Valuta>
        <Antal>1100</Antal>
        <Nominellt_belopp />
        <Kurs_som_använts_vid_värdering_av_instrumentet>72.94</Kurs_som_använts_vid_värdering_av_instrumentet>
        <Valutakurs_instrument>10.4195</Valutakurs_instrument>
        <Marknadsvärde_instrument>835998.16</Marknadsvärde_instrument>
        <Andel_av_fondförmögenhet_instrument>1.78</Andel_av_fondförmögenhet_instrument>
        <Bransch>
          <Branschkod_instrument>0</Branschkod_instrument>
          <Bransch_namn_instrument>Övrigt</Bransch_namn_instrument>
        </Bransch>
      </FinansielltInstrument>
      <FinansielltInstrument>
        <Tillgångsslag_enligt_LVF_5_kap>Fondandel</Tillgångsslag_enligt_LVF_5_kap>
        <Instrumentnamn>ETFS SILVER</Instrumentnamn>
        <ISIN-kod_instrument>GB00B15KY328</ISIN-kod_instrument>
        <Landkod_Emittent>GB</Landkod_Emittent>
        <Valuta>USD</Valuta>
        <Antal>5646</Antal>
        <Nominellt_belopp />
        <Kurs_som_använts_vid_värdering_av_instrumentet>21.02</Kurs_som_använts_vid_värdering_av_instrumentet>
        <Valutakurs_instrument>10.4195</Valutakurs_instrument>
        <Marknadsvärde_instrument>1236575.01</Marknadsvärde_instrument>
        <Andel_av_fondförmögenhet_instrument>2.63</Andel_av_fondförmögenhet_instrument>
        <Bransch>
          <Branschkod_instrument>0</Branschkod_instrument>
          <Bransch_namn_instrument>Övrigt</Bransch_namn_instrument>
        </Bransch>
      </FinansielltInstrument>
      <FinansielltInstrument>
        <Tillgångsslag_enligt_LVF_5_kap>Fondandel</Tillgångsslag_enligt_LVF_5_kap>
        <Instrumentnamn>HEALTH CARE SELECT</Instrumentnamn>
        <ISIN-kod_instrument>US81369Y2090</ISIN-kod_instrument>
        <Landkod_Emittent>US</Landkod_Emittent>
        <Valuta>USD</Valuta>
        <Antal>690</Antal>
        <Nominellt_belopp />
        <Kurs_som_använts_vid_värdering_av_instrumentet>135.85</Kurs_som_använts_vid_värdering_av_instrumentet>
        <Valutakurs_instrument>10.4195</Valutakurs_instrument>
        <Marknadsvärde_instrument>976687.46</Marknadsvärde_instrument>
        <Andel_av_fondförmögenhet_instrument>2.07</Andel_av_fondförmögenhet_instrument>
        <Bransch>
          <Branschkod_instrument>0</Branschkod_instrument>
          <Bransch_namn_instrument>Övrigt</Bransch_namn_instrument>
        </Bransch>
      </FinansielltInstrument>
      <FinansielltInstrument>
        <Tillgångsslag_enligt_LVF_5_kap>Fondandel</Tillgångsslag_enligt_LVF_5_kap>
        <Instrumentnamn>ISHARES GLOB HY CORP</Instrumentnamn>
        <ISIN-kod_instrument>IE00BJSFQX44</ISIN-kod_instrument>
        <Landkod_Emittent>IE</Landkod_Emittent>
        <Valuta>GBP</Valuta>
        <Antal>45482</Antal>
        <Nominellt_belopp />
        <Kurs_som_använts_vid_värdering_av_instrumentet>4.335</Kurs_som_använts_vid_värdering_av_instrumentet>
        <Valutakurs_instrument>12.5336</Valutakurs_instrument>
        <Marknadsvärde_instrument>2471180.6</Marknadsvärde_instrument>
        <Andel_av_fondförmögenhet_instrument>5.25</Andel_av_fondförmögenhet_instrument>
        <Bransch>
          <Branschkod_instrument>0</Branschkod_instrument>
          <Bransch_namn_instrument>Övrigt</Bransch_namn_instrument>
        </Bransch>
      </FinansielltInstrument>
      <FinansielltInstrument>
        <Tillgångsslag_enligt_LVF_5_kap>Fondandel</Tillgångsslag_enligt_LVF_5_kap>
        <Instrumentnamn>ISHARES STX600 BANKS</Instrumentnamn>
        <ISIN-kod_instrument>DE000A0F5UJ7</ISIN-kod_instrument>
        <Landkod_Emittent>DE</Landkod_Emittent>
        <Valuta>EUR</Valuta>
        <Antal>6520</Antal>
        <Nominellt_belopp />
        <Kurs_som_använts_vid_värdering_av_instrumentet>13.844</Kurs_som_använts_vid_värdering_av_instrumentet>
        <Valutakurs_instrument>11.1202</Valutakurs_instrument>
        <Marknadsvärde_instrument>1003741.28</Marknadsvärde_instrument>
        <Andel_av_fondförmögenhet_instrument>2.13</Andel_av_fondförmögenhet_instrument>
        <Bransch>
          <Branschkod_instrument>0</Branschkod_instrument>
          <Bransch_namn_instrument>Övrigt</Bransch_namn_instrument>
        </Bransch>
      </FinansielltInstrument>
      <FinansielltInstrument>
        <Tillgångsslag_enligt_LVF_5_kap>Fondandel</Tillgångsslag_enligt_LVF_5_kap>
        <Instrumentnamn>ISHS LEHMAN 3-7Y TB</Instrumentnamn>
        <ISIN-kod_instrument>US4642886612</ISIN-kod_instrument>
        <Landkod_Emittent>US</Landkod_Emittent>
        <Valuta>USD</Valuta>
        <Antal>2460</Antal>
        <Nominellt_belopp />
        <Kurs_som_använts_vid_värdering_av_instrumentet>114.89</Kurs_som_använts_vid_värdering_av_instrumentet>
        <Valutakurs_instrument>10.4195</Valutakurs_instrument>
        <Marknadsvärde_instrument>2944857.03</Marknadsvärde_instrument>
        <Andel_av_fondförmögenhet_instrument>6.25</Andel_av_fondförmögenhet_instrument>
        <Bransch>
          <Branschkod_instrument>0</Branschkod_instrument>
          <Bransch_namn_instrument>Övrigt</Bransch_namn_instrument>
        </Bransch>
      </FinansielltInstrument>
      <FinansielltInstrument>
        <Tillgångsslag_enligt_LVF_5_kap>Fondandel</Tillgångsslag_enligt_LVF_5_kap>
        <Instrumentnamn>ISHARES JPM EM BD GB</Instrumentnamn>
        <ISIN-kod_instrument>IE00BDFGJ734</ISIN-kod_instrument>
        <Landkod_Emittent>IE</Landkod_Emittent>
        <Valuta>GBP</Valuta>
        <Antal>72332</Antal>
        <Nominellt_belopp />
        <Kurs_som_använts_vid_värdering_av_instrumentet>3.5609</Kurs_som_använts_vid_värdering_av_instrumentet>
        <Valutakurs_instrument>12.5336</Valutakurs_instrument>
        <Marknadsvärde_instrument>3228241.99</Marknadsvärde_instrument>
        <Andel_av_fondförmögenhet_instrument>6.86</Andel_av_fondförmögenhet_instrument>
        <Bransch>
          <Branschkod_instrument>0</Branschkod_instrument>
          <Bransch_namn_instrument>Övrigt</Bransch_namn_instrument>
        </Bransch>
      </FinansielltInstrument>
      <FinansielltInstrument>
        <Tillgångsslag_enligt_LVF_5_kap>Fondandel</Tillgångsslag_enligt_LVF_5_kap>
        <Instrumentnamn>ISHARES STOXX EUROPE</Instrumentnamn>
        <ISIN-kod_instrument>DE0002635307</ISIN-kod_instrument>
        <Landkod_Emittent>DE</Landkod_Emittent>
        <Valuta>EUR</Valuta>
        <Antal>3078</Antal>
        <Nominellt_belopp />
        <Kurs_som_använts_vid_värdering_av_instrumentet>42.135</Kurs_som_använts_vid_värdering_av_instrumentet>
        <Valutakurs_instrument>11.1202</Valutakurs_instrument>
        <Marknadsvärde_instrument>1442195.75</Marknadsvärde_instrument>
        <Andel_av_fondförmögenhet_instrument>3.06</Andel_av_fondförmögenhet_instrument>
        <Bransch>
          <Branschkod_instrument>0</Branschkod_instrument>
          <Bransch_namn_instrument>Övrigt</Bransch_namn_instrument>
        </Bransch>
      </FinansielltInstrument>
      <FinansielltInstrument>
        <Tillgångsslag_enligt_LVF_5_kap>Fondandel</Tillgångsslag_enligt_LVF_5_kap>
        <Instrumentnamn>ISHS NASDAQ BIOTECH</Instrumentnamn>
        <ISIN-kod_instrument>US4642875565</ISIN-kod_instrument>
        <Landkod_Emittent>US</Landkod_Emittent>
        <Valuta>USD</Valuta>
        <Antal>710</Antal>
        <Nominellt_belopp />
        <Kurs_som_använts_vid_värdering_av_instrumentet>131.29</Kurs_som_använts_vid_värdering_av_instrumentet>
        <Valutakurs_instrument>10.4195</Valutakurs_instrument>
        <Marknadsvärde_instrument>971263.07</Marknadsvärde_instrument>
        <Andel_av_fondförmögenhet_instrument>2.06</Andel_av_fondförmögenhet_instrument>
        <Bransch>
          <Branschkod_instrument>0</Branschkod_instrument>
          <Bransch_namn_instrument>Övrigt</Bransch_namn_instrument>
        </Bransch>
      </FinansielltInstrument>
    </FinansiellaInstrument>
  </Fondinformation>
  <Fondinformation />
</VärdepappersfondInnehav>