﻿<?xml version="1.0" encoding="utf-8"?>
<VärdepappersfondInnehav xmlns="http://schemas.fi.se/publika/vardepappersfonder/20200331">
  <Rapportinformation>
    <Kvartalsslut>2022-12-31</Kvartalsslut>
  </Rapportinformation>
  <Bolagsinformation>
    <Fondbolag_namn>Handelsbanken Fonder AB</Fondbolag_namn>
    <Fondbolag_institutnummer>58037</Fondbolag_institutnummer>
    <Fondbolag_LEI-kod>549300RJTULO02U5ZG71</Fondbolag_LEI-kod>
  </Bolagsinformation>
  <Fondinformation>
    <Fond_institutnummer>60905</Fond_institutnummer>
    <Fond_ISIN-kod>SE0008705222</Fond_ISIN-kod>
    <Fond_namn>Handelsbanken Kapitalförvaltning 75</Fond_namn>
    <Förvaltningsavgift>
      <MedAndelsklasser>
        <Förvaltningsavgift>
          <Andelsklass_namn>Handelsbanken Kapitalförvaltning 75 A1 EUR</Andelsklass_namn>
          <Förvaltningsavgift_Typ>
            <Förvaltningsavgift_fast>1.50</Förvaltningsavgift_fast>
          </Förvaltningsavgift_Typ>
        </Förvaltningsavgift>
        <Förvaltningsavgift>
          <Andelsklass_namn>Handelsbanken Kapitalförvaltning 75 A9 EUR</Andelsklass_namn>
          <Förvaltningsavgift_Typ>
            <Förvaltningsavgift_fast>0.75</Förvaltningsavgift_fast>
          </Förvaltningsavgift_Typ>
        </Förvaltningsavgift>
      </MedAndelsklasser>
    </Förvaltningsavgift>
    <Fondförmögenhet>419588572</Fondförmögenhet>
    <Likvida_medel>6921109</Likvida_medel>
    <Övriga_tillgångar_och_skulder>1563972</Övriga_tillgångar_och_skulder>
    <Aktiv_risk>1.86</Aktiv_risk>
    <Standardavvikelse_24_månader>13.0200000000</Standardavvikelse_24_månader>
    <Jämförelseindex>Solactive ISS ESG Global Markets 37.50; SIX SRI Nordic 200 Net Index 37.50; Solactive Eurozone Government Bond Index TR 10.00; Solactive European 3M Interbank Money Market Index 15.00; </Jämförelseindex>
    <FinansiellaInstrument>
      <FinansielltInstrument>
        <Tillgångsslag_enligt_LVF_5_kap>Fondandel</Tillgångsslag_enligt_LVF_5_kap>
        <Instrumentnamn>Montanaro Better World Fund</Instrumentnamn>
        <ISIN-kod_instrument>IE00BK5CVW95</ISIN-kod_instrument>
        <Landkod_Emittent>GB</Landkod_Emittent>
        <Valuta>SEK</Valuta>
        <Antal>360693.2920000000</Antal>
        <Nominellt_belopp />
        <Kurs_som_använts_vid_värdering_av_instrumentet>12.4880000000</Kurs_som_använts_vid_värdering_av_instrumentet>
        <Valutakurs_instrument>1.00000000000000000000</Valutakurs_instrument>
        <Marknadsvärde_instrument>4504337.81</Marknadsvärde_instrument>
        <Andel_av_fondförmögenhet_instrument>1.0700000000</Andel_av_fondförmögenhet_instrument>
        <Bransch>
          <Branschkod_instrument>0</Branschkod_instrument>
          <Bransch_namn_instrument>Övrigt</Bransch_namn_instrument>
        </Bransch>
      </FinansielltInstrument>
      <FinansielltInstrument>
        <Tillgångsslag_enligt_LVF_5_kap>Fondandel</Tillgångsslag_enligt_LVF_5_kap>
        <Instrumentnamn>Schroder GAIA Cat Bond IF Accumulation EUR Hedged</Instrumentnamn>
        <ISIN-kod_instrument>LU0951570927</ISIN-kod_instrument>
        <Landkod_Emittent>LU</Landkod_Emittent>
        <Valuta>EUR</Valuta>
        <Antal>508.5700000000</Antal>
        <Nominellt_belopp />
        <Kurs_som_använts_vid_värdering_av_instrumentet>1288.6800000000</Kurs_som_använts_vid_värdering_av_instrumentet>
        <Valutakurs_instrument>11.12021137500000000000</Valutakurs_instrument>
        <Marknadsvärde_instrument>7288008.50</Marknadsvärde_instrument>
        <Andel_av_fondförmögenhet_instrument>1.7400000000</Andel_av_fondförmögenhet_instrument>
        <Bransch>
          <Branschkod_instrument>0</Branschkod_instrument>
          <Bransch_namn_instrument>Övrigt</Bransch_namn_instrument>
        </Bransch>
      </FinansielltInstrument>
      <FinansielltInstrument>
        <Tillgångsslag_enligt_LVF_5_kap>Fondandel</Tillgångsslag_enligt_LVF_5_kap>
        <Instrumentnamn>JPMorgan Fds Multi-Manager Alternatives Fd I EUR H</Instrumentnamn>
        <ISIN-kod_instrument>LU1303368507</ISIN-kod_instrument>
        <Landkod_Emittent>LU</Landkod_Emittent>
        <Valuta>EUR</Valuta>
        <Antal>8182.5160000000</Antal>
        <Nominellt_belopp />
        <Kurs_som_använts_vid_värdering_av_instrumentet>103.8900000000</Kurs_som_använts_vid_värdering_av_instrumentet>
        <Valutakurs_instrument>11.12021137500000000000</Valutakurs_instrument>
        <Marknadsvärde_instrument>9453086.97</Marknadsvärde_instrument>
        <Andel_av_fondförmögenhet_instrument>2.2500000000</Andel_av_fondförmögenhet_instrument>
        <Bransch>
          <Branschkod_instrument>0</Branschkod_instrument>
          <Bransch_namn_instrument>Övrigt</Bransch_namn_instrument>
        </Bransch>
      </FinansielltInstrument>
      <FinansielltInstrument>
        <Tillgångsslag_enligt_LVF_5_kap>Fondandel</Tillgångsslag_enligt_LVF_5_kap>
        <Instrumentnamn>Fidelity Funds - Sustainable Global Equity Income</Instrumentnamn>
        <ISIN-kod_instrument>LU1627197343</ISIN-kod_instrument>
        <Landkod_Emittent>LU</Landkod_Emittent>
        <Valuta>EUR</Valuta>
        <Antal>47585.4400000000</Antal>
        <Nominellt_belopp />
        <Kurs_som_använts_vid_värdering_av_instrumentet>15.2300000000</Kurs_som_använts_vid_värdering_av_instrumentet>
        <Valutakurs_instrument>11.12021137500000000000</Valutakurs_instrument>
        <Marknadsvärde_instrument>8059109.09</Marknadsvärde_instrument>
        <Andel_av_fondförmögenhet_instrument>1.9200000000</Andel_av_fondförmögenhet_instrument>
        <Bransch>
          <Branschkod_instrument>0</Branschkod_instrument>
          <Bransch_namn_instrument>Övrigt</Bransch_namn_instrument>
        </Bransch>
      </FinansielltInstrument>
      <FinansielltInstrument>
        <Tillgångsslag_enligt_LVF_5_kap>Fondandel</Tillgångsslag_enligt_LVF_5_kap>
        <Instrumentnamn>UI - Aktia EM Local Currency Bond+ - share class I</Instrumentnamn>
        <ISIN-kod_instrument>LU1669794551</ISIN-kod_instrument>
        <Landkod_Emittent>LU</Landkod_Emittent>
        <Valuta>EUR</Valuta>
        <Antal>4088.6790000000</Antal>
        <Nominellt_belopp />
        <Kurs_som_använts_vid_värdering_av_instrumentet>107.0900000000</Kurs_som_använts_vid_värdering_av_instrumentet>
        <Valutakurs_instrument>11.12021137500000000000</Valutakurs_instrument>
        <Marknadsvärde_instrument>4869058.28</Marknadsvärde_instrument>
        <Andel_av_fondförmögenhet_instrument>1.1600000000</Andel_av_fondförmögenhet_instrument>
        <Bransch>
          <Branschkod_instrument>0</Branschkod_instrument>
          <Bransch_namn_instrument>Övrigt</Bransch_namn_instrument>
        </Bransch>
      </FinansielltInstrument>
      <FinansielltInstrument>
        <Tillgångsslag_enligt_LVF_5_kap>Fondandel</Tillgångsslag_enligt_LVF_5_kap>
        <Instrumentnamn>Fidelity Sustainable Water &amp; Waste Fund</Instrumentnamn>
        <ISIN-kod_instrument>LU1892830164</ISIN-kod_instrument>
        <Landkod_Emittent>LU</Landkod_Emittent>
        <Valuta>EUR</Valuta>
        <Antal>64993.4300000000</Antal>
        <Nominellt_belopp />
        <Kurs_som_använts_vid_värdering_av_instrumentet>12.8700000000</Kurs_som_använts_vid_värdering_av_instrumentet>
        <Valutakurs_instrument>11.12021137500000000000</Valutakurs_instrument>
        <Marknadsvärde_instrument>9301672.50</Marknadsvärde_instrument>
        <Andel_av_fondförmögenhet_instrument>2.2200000000</Andel_av_fondförmögenhet_instrument>
        <Bransch>
          <Branschkod_instrument>0</Branschkod_instrument>
          <Bransch_namn_instrument>Övrigt</Bransch_namn_instrument>
        </Bransch>
      </FinansielltInstrument>
      <FinansielltInstrument>
        <Tillgångsslag_enligt_LVF_5_kap>Fondandel</Tillgångsslag_enligt_LVF_5_kap>
        <Instrumentnamn>UI Aktia EM Frontier Bond+ - Andelsklass IX (SEK)</Instrumentnamn>
        <ISIN-kod_instrument>LU1950510971</ISIN-kod_instrument>
        <Landkod_Emittent>LU</Landkod_Emittent>
        <Valuta>SEK</Valuta>
        <Antal>37963.5410000000</Antal>
        <Nominellt_belopp />
        <Kurs_som_använts_vid_värdering_av_instrumentet>117.6200000000</Kurs_som_använts_vid_värdering_av_instrumentet>
        <Valutakurs_instrument>1.00000000000000000000</Valutakurs_instrument>
        <Marknadsvärde_instrument>4465271.73</Marknadsvärde_instrument>
        <Andel_av_fondförmögenhet_instrument>1.0600000000</Andel_av_fondförmögenhet_instrument>
        <Bransch>
          <Branschkod_instrument>0</Branschkod_instrument>
          <Bransch_namn_instrument>Övrigt</Bransch_namn_instrument>
        </Bransch>
      </FinansielltInstrument>
      <FinansielltInstrument>
        <Tillgångsslag_enligt_LVF_5_kap>Fondandel</Tillgångsslag_enligt_LVF_5_kap>
        <Instrumentnamn>JPM Global Macro Sustainable I (acc) - EUR</Instrumentnamn>
        <ISIN-kod_instrument>LU2003419293</ISIN-kod_instrument>
        <Landkod_Emittent>LU</Landkod_Emittent>
        <Valuta>EUR</Valuta>
        <Antal>7726.5660000000</Antal>
        <Nominellt_belopp />
        <Kurs_som_använts_vid_värdering_av_instrumentet>98.1500000000</Kurs_som_använts_vid_värdering_av_instrumentet>
        <Valutakurs_instrument>11.12021137500000000000</Valutakurs_instrument>
        <Marknadsvärde_instrument>8433150.74</Marknadsvärde_instrument>
        <Andel_av_fondförmögenhet_instrument>2.0100000000</Andel_av_fondförmögenhet_instrument>
        <Bransch>
          <Branschkod_instrument>0</Branschkod_instrument>
          <Bransch_namn_instrument>Övrigt</Bransch_namn_instrument>
        </Bransch>
      </FinansielltInstrument>
      <FinansielltInstrument>
        <Tillgångsslag_enligt_LVF_5_kap>Fondandel</Tillgångsslag_enligt_LVF_5_kap>
        <Instrumentnamn>Schroder International Selection Fund Sustainable</Instrumentnamn>
        <ISIN-kod_instrument>LU2080996049</ISIN-kod_instrument>
        <Landkod_Emittent>LU</Landkod_Emittent>
        <Valuta>EUR</Valuta>
        <Antal>6092.1500000000</Antal>
        <Nominellt_belopp />
        <Kurs_som_använts_vid_värdering_av_instrumentet>93.1904000000</Kurs_som_använts_vid_värdering_av_instrumentet>
        <Valutakurs_instrument>11.12021137500000000000</Valutakurs_instrument>
        <Marknadsvärde_instrument>6313276.49</Marknadsvärde_instrument>
        <Andel_av_fondförmögenhet_instrument>1.5000000000</Andel_av_fondförmögenhet_instrument>
        <Bransch>
          <Branschkod_instrument>0</Branschkod_instrument>
          <Bransch_namn_instrument>Övrigt</Bransch_namn_instrument>
        </Bransch>
      </FinansielltInstrument>
      <FinansielltInstrument>
        <Tillgångsslag_enligt_LVF_5_kap>Fondandel</Tillgångsslag_enligt_LVF_5_kap>
        <Instrumentnamn>JPM Europe Small Cap A Acc EUR</Instrumentnamn>
        <ISIN-kod_instrument>LU2084640940</ISIN-kod_instrument>
        <Landkod_Emittent>LU</Landkod_Emittent>
        <Valuta>EUR</Valuta>
        <Antal>5155.9020000000</Antal>
        <Nominellt_belopp />
        <Kurs_som_använts_vid_värdering_av_instrumentet>111.4200000000</Kurs_som_använts_vid_värdering_av_instrumentet>
        <Valutakurs_instrument>11.12021137500000000000</Valutakurs_instrument>
        <Marknadsvärde_instrument>6388234.50</Marknadsvärde_instrument>
        <Andel_av_fondförmögenhet_instrument>1.5200000000</Andel_av_fondförmögenhet_instrument>
        <Bransch>
          <Branschkod_instrument>0</Branschkod_instrument>
          <Bransch_namn_instrument>Övrigt</Bransch_namn_instrument>
        </Bransch>
      </FinansielltInstrument>
      <FinansielltInstrument>
        <Tillgångsslag_enligt_LVF_5_kap>Fondandel</Tillgångsslag_enligt_LVF_5_kap>
        <Instrumentnamn>UBS (Lux) Equity SICAV - USA Growth Sustainable</Instrumentnamn>
        <ISIN-kod_instrument>LU2099993318</ISIN-kod_instrument>
        <Landkod_Emittent>LU</Landkod_Emittent>
        <Valuta>USD</Valuta>
        <Antal>5855.5820000000</Antal>
        <Nominellt_belopp />
        <Kurs_som_använts_vid_värdering_av_instrumentet>120.7300000000</Kurs_som_använts_vid_värdering_av_instrumentet>
        <Valutakurs_instrument>10.41950000000000000000</Valutakurs_instrument>
        <Marknadsvärde_instrument>7366007.33</Marknadsvärde_instrument>
        <Andel_av_fondförmögenhet_instrument>1.7600000000</Andel_av_fondförmögenhet_instrument>
        <Bransch>
          <Branschkod_instrument>0</Branschkod_instrument>
          <Bransch_namn_instrument>Övrigt</Bransch_namn_instrument>
        </Bransch>
      </FinansielltInstrument>
      <FinansielltInstrument>
        <Tillgångsslag_enligt_LVF_5_kap>Fondandel</Tillgångsslag_enligt_LVF_5_kap>
        <Instrumentnamn>Schroder ISF-Blueorchard Emerging Markets Impact B</Instrumentnamn>
        <ISIN-kod_instrument>LU2498533996</ISIN-kod_instrument>
        <Landkod_Emittent>LU</Landkod_Emittent>
        <Valuta>SEK</Valuta>
        <Antal>3288.3000000000</Antal>
        <Nominellt_belopp />
        <Kurs_som_använts_vid_värdering_av_instrumentet>955.6174000000</Kurs_som_använts_vid_värdering_av_instrumentet>
        <Valutakurs_instrument>1.00000000000000000000</Valutakurs_instrument>
        <Marknadsvärde_instrument>3142356.67</Marknadsvärde_instrument>
        <Andel_av_fondförmögenhet_instrument>0.7500000000</Andel_av_fondförmögenhet_instrument>
        <Bransch>
          <Branschkod_instrument>0</Branschkod_instrument>
          <Bransch_namn_instrument>Övrigt</Bransch_namn_instrument>
        </Bransch>
      </FinansielltInstrument>
      <FinansielltInstrument>
        <Tillgångsslag_enligt_LVF_5_kap>Fondandel</Tillgångsslag_enligt_LVF_5_kap>
        <Instrumentnamn>JPMorgan Funds Climate Change Solutions S2 SEK</Instrumentnamn>
        <ISIN-kod_instrument>LU2525743105</ISIN-kod_instrument>
        <Landkod_Emittent>LU</Landkod_Emittent>
        <Valuta>SEK</Valuta>
        <Antal>557.6710000000</Antal>
        <Nominellt_belopp />
        <Kurs_som_använts_vid_värdering_av_instrumentet>1002.3200000000</Kurs_som_använts_vid_värdering_av_instrumentet>
        <Valutakurs_instrument>1.00000000000000000000</Valutakurs_instrument>
        <Marknadsvärde_instrument>558964.76</Marknadsvärde_instrument>
        <Andel_av_fondförmögenhet_instrument>0.1300000000</Andel_av_fondförmögenhet_instrument>
        <Bransch>
          <Branschkod_instrument>0</Branschkod_instrument>
          <Bransch_namn_instrument>Övrigt</Bransch_namn_instrument>
        </Bransch>
      </FinansielltInstrument>
      <FinansielltInstrument>
        <Tillgångsslag_enligt_LVF_5_kap>Fondandel</Tillgångsslag_enligt_LVF_5_kap>
        <Instrumentnamn>Handelsbanken Hälsovård Tema</Instrumentnamn>
        <ISIN-kod_instrument>SE0000735375</ISIN-kod_instrument>
        <Landkod_Emittent>SE</Landkod_Emittent>
        <Valuta>SEK</Valuta>
        <Antal>12096.0486000000</Antal>
        <Nominellt_belopp />
        <Kurs_som_använts_vid_värdering_av_instrumentet>394.0790145300</Kurs_som_använts_vid_värdering_av_instrumentet>
        <Valutakurs_instrument>1.00000000000000000000</Valutakurs_instrument>
        <Marknadsvärde_instrument>4766798.93</Marknadsvärde_instrument>
        <Andel_av_fondförmögenhet_instrument>1.1400000000</Andel_av_fondförmögenhet_instrument>
        <Bransch>
          <Branschkod_instrument>0</Branschkod_instrument>
          <Bransch_namn_instrument>Övrigt</Bransch_namn_instrument>
        </Bransch>
      </FinansielltInstrument>
      <FinansielltInstrument>
        <Tillgångsslag_enligt_LVF_5_kap>Fondandel</Tillgångsslag_enligt_LVF_5_kap>
        <Instrumentnamn>XACT Norden 30 (UCITS ETF)</Instrumentnamn>
        <ISIN-kod_instrument>SE0001710914</ISIN-kod_instrument>
        <Landkod_Emittent>SE</Landkod_Emittent>
        <Valuta>SEK</Valuta>
        <Antal>137724.0000000000</Antal>
        <Nominellt_belopp />
        <Kurs_som_använts_vid_värdering_av_instrumentet>204.5023693960</Kurs_som_använts_vid_värdering_av_instrumentet>
        <Valutakurs_instrument>1.00000000000000000000</Valutakurs_instrument>
        <Marknadsvärde_instrument>28164884.28</Marknadsvärde_instrument>
        <Andel_av_fondförmögenhet_instrument>6.7100000000</Andel_av_fondförmögenhet_instrument>
        <Bransch>
          <Branschkod_instrument>0</Branschkod_instrument>
          <Bransch_namn_instrument>Övrigt</Bransch_namn_instrument>
        </Bransch>
      </FinansielltInstrument>
      <FinansielltInstrument>
        <Tillgångsslag_enligt_LVF_5_kap>Fondandel</Tillgångsslag_enligt_LVF_5_kap>
        <Instrumentnamn>Handelsbanken Hållbar Energi (A1 EUR)</Instrumentnamn>
        <ISIN-kod_instrument>SE0005965670</ISIN-kod_instrument>
        <Landkod_Emittent>SE</Landkod_Emittent>
        <Valuta>EUR</Valuta>
        <Antal>10954.3953000000</Antal>
        <Nominellt_belopp />
        <Kurs_som_använts_vid_värdering_av_instrumentet>34.9112637010</Kurs_som_använts_vid_värdering_av_instrumentet>
        <Valutakurs_instrument>11.12021137500000000000</Valutakurs_instrument>
        <Marknadsvärde_instrument>4252722.23</Marknadsvärde_instrument>
        <Andel_av_fondförmögenhet_instrument>1.0100000000</Andel_av_fondförmögenhet_instrument>
        <Bransch>
          <Branschkod_instrument>0</Branschkod_instrument>
          <Bransch_namn_instrument>Övrigt</Bransch_namn_instrument>
        </Bransch>
      </FinansielltInstrument>
      <FinansielltInstrument>
        <Tillgångsslag_enligt_LVF_5_kap>Fondandel</Tillgångsslag_enligt_LVF_5_kap>
        <Instrumentnamn>Handelsbanken Euro Ränta A1 EUR</Instrumentnamn>
        <ISIN-kod_instrument>SE0005965696</ISIN-kod_instrument>
        <Landkod_Emittent>SE</Landkod_Emittent>
        <Valuta>EUR</Valuta>
        <Antal>5006.9185000000</Antal>
        <Nominellt_belopp />
        <Kurs_som_använts_vid_värdering_av_instrumentet>192.8290730330</Kurs_som_använts_vid_värdering_av_instrumentet>
        <Valutakurs_instrument>11.12021137500000000000</Valutakurs_instrument>
        <Marknadsvärde_instrument>10736335.56</Marknadsvärde_instrument>
        <Andel_av_fondförmögenhet_instrument>2.5600000000</Andel_av_fondförmögenhet_instrument>
        <Bransch>
          <Branschkod_instrument>0</Branschkod_instrument>
          <Bransch_namn_instrument>Övrigt</Bransch_namn_instrument>
        </Bransch>
      </FinansielltInstrument>
      <FinansielltInstrument>
        <Tillgångsslag_enligt_LVF_5_kap>Fondandel</Tillgångsslag_enligt_LVF_5_kap>
        <Instrumentnamn>Handelsbanken Euro Obligation (A1 EUR)</Instrumentnamn>
        <ISIN-kod_instrument>SE0005991445</ISIN-kod_instrument>
        <Landkod_Emittent>SE</Landkod_Emittent>
        <Valuta>EUR</Valuta>
        <Antal>3660.7675000000</Antal>
        <Nominellt_belopp />
        <Kurs_som_använts_vid_värdering_av_instrumentet>344.4716882940</Kurs_som_använts_vid_värdering_av_instrumentet>
        <Valutakurs_instrument>11.12021137500000000000</Valutakurs_instrument>
        <Marknadsvärde_instrument>14022928.60</Marknadsvärde_instrument>
        <Andel_av_fondförmögenhet_instrument>3.3400000000</Andel_av_fondförmögenhet_instrument>
        <Bransch>
          <Branschkod_instrument>0</Branschkod_instrument>
          <Bransch_namn_instrument>Övrigt</Bransch_namn_instrument>
        </Bransch>
      </FinansielltInstrument>
      <FinansielltInstrument>
        <Tillgångsslag_enligt_LVF_5_kap>Fondandel</Tillgångsslag_enligt_LVF_5_kap>
        <Instrumentnamn>Handelsbanken Norden Selektiv (A1 EUR)</Instrumentnamn>
        <ISIN-kod_instrument>SE0005991718</ISIN-kod_instrument>
        <Landkod_Emittent>SE</Landkod_Emittent>
        <Valuta>EUR</Valuta>
        <Antal>41511.1786000000</Antal>
        <Nominellt_belopp />
        <Kurs_som_använts_vid_värdering_av_instrumentet>51.4272137640</Kurs_som_använts_vid_värdering_av_instrumentet>
        <Valutakurs_instrument>11.12021137500000000000</Valutakurs_instrument>
        <Marknadsvärde_instrument>23739474.62</Marknadsvärde_instrument>
        <Andel_av_fondförmögenhet_instrument>5.6600000000</Andel_av_fondförmögenhet_instrument>
        <Bransch>
          <Branschkod_instrument>0</Branschkod_instrument>
          <Bransch_namn_instrument>Övrigt</Bransch_namn_instrument>
        </Bransch>
      </FinansielltInstrument>
      <FinansielltInstrument>
        <Tillgångsslag_enligt_LVF_5_kap>Fondandel</Tillgångsslag_enligt_LVF_5_kap>
        <Instrumentnamn>Handelsbanken Asien Tema (A1 EUR)</Instrumentnamn>
        <ISIN-kod_instrument>SE0006789590</ISIN-kod_instrument>
        <Landkod_Emittent>SE</Landkod_Emittent>
        <Valuta>EUR</Valuta>
        <Antal>5935.1542000000</Antal>
        <Nominellt_belopp />
        <Kurs_som_använts_vid_värdering_av_instrumentet>71.9942165330</Kurs_som_använts_vid_värdering_av_instrumentet>
        <Valutakurs_instrument>11.12021137500000000000</Valutakurs_instrument>
        <Marknadsvärde_instrument>4751630.51</Marknadsvärde_instrument>
        <Andel_av_fondförmögenhet_instrument>1.1300000000</Andel_av_fondförmögenhet_instrument>
        <Bransch>
          <Branschkod_instrument>0</Branschkod_instrument>
          <Bransch_namn_instrument>Övrigt</Bransch_namn_instrument>
        </Bransch>
      </FinansielltInstrument>
      <FinansielltInstrument>
        <Tillgångsslag_enligt_LVF_5_kap>Fondandel</Tillgångsslag_enligt_LVF_5_kap>
        <Instrumentnamn>Handelsbanken Europa Index Criteria A1 EUR</Instrumentnamn>
        <ISIN-kod_instrument>SE0006789715</ISIN-kod_instrument>
        <Landkod_Emittent>SE</Landkod_Emittent>
        <Valuta>EUR</Valuta>
        <Antal>105635.5728000000</Antal>
        <Nominellt_belopp />
        <Kurs_som_använts_vid_värdering_av_instrumentet>14.0481785640</Kurs_som_använts_vid_värdering_av_instrumentet>
        <Valutakurs_instrument>11.12021137500000000000</Valutakurs_instrument>
        <Marknadsvärde_instrument>16502253.45</Marknadsvärde_instrument>
        <Andel_av_fondförmögenhet_instrument>3.9300000000</Andel_av_fondförmögenhet_instrument>
        <Bransch>
          <Branschkod_instrument>0</Branschkod_instrument>
          <Bransch_namn_instrument>Övrigt</Bransch_namn_instrument>
        </Bransch>
      </FinansielltInstrument>
      <FinansielltInstrument>
        <Tillgångsslag_enligt_LVF_5_kap>Fondandel</Tillgångsslag_enligt_LVF_5_kap>
        <Instrumentnamn>Handelsbanken Tillväxtmarknad Tema (A1 EUR)</Instrumentnamn>
        <ISIN-kod_instrument>SE0006789772</ISIN-kod_instrument>
        <Landkod_Emittent>SE</Landkod_Emittent>
        <Valuta>EUR</Valuta>
        <Antal>31398.5989000000</Antal>
        <Nominellt_belopp />
        <Kurs_som_använts_vid_värdering_av_instrumentet>33.1658895500</Kurs_som_använts_vid_värdering_av_instrumentet>
        <Valutakurs_instrument>11.12021137500000000000</Valutakurs_instrument>
        <Marknadsvärde_instrument>11580170.67</Marknadsvärde_instrument>
        <Andel_av_fondförmögenhet_instrument>2.7600000000</Andel_av_fondförmögenhet_instrument>
        <Bransch>
          <Branschkod_instrument>0</Branschkod_instrument>
          <Bransch_namn_instrument>Övrigt</Bransch_namn_instrument>
        </Bransch>
      </FinansielltInstrument>
      <FinansielltInstrument>
        <Tillgångsslag_enligt_LVF_5_kap>Fondandel</Tillgångsslag_enligt_LVF_5_kap>
        <Instrumentnamn>Handelsbanken Nordiska Småbolag (A1 EUR)</Instrumentnamn>
        <ISIN-kod_instrument>SE0006789798</ISIN-kod_instrument>
        <Landkod_Emittent>SE</Landkod_Emittent>
        <Valuta>EUR</Valuta>
        <Antal>19544.5558000000</Antal>
        <Nominellt_belopp />
        <Kurs_som_använts_vid_värdering_av_instrumentet>128.3852550350</Kurs_som_använts_vid_värdering_av_instrumentet>
        <Valutakurs_instrument>11.12021137500000000000</Valutakurs_instrument>
        <Marknadsvärde_instrument>27903198.90</Marknadsvärde_instrument>
        <Andel_av_fondförmögenhet_instrument>6.6500000000</Andel_av_fondförmögenhet_instrument>
        <Bransch>
          <Branschkod_instrument>0</Branschkod_instrument>
          <Bransch_namn_instrument>Övrigt</Bransch_namn_instrument>
        </Bransch>
      </FinansielltInstrument>
      <FinansielltInstrument>
        <Tillgångsslag_enligt_LVF_5_kap>Fondandel</Tillgångsslag_enligt_LVF_5_kap>
        <Instrumentnamn>Handelsbanken USA Index Criteria (A1 EUR)</Instrumentnamn>
        <ISIN-kod_instrument>SE0006800140</ISIN-kod_instrument>
        <Landkod_Emittent>SE</Landkod_Emittent>
        <Valuta>EUR</Valuta>
        <Antal>51864.4782000000</Antal>
        <Nominellt_belopp />
        <Kurs_som_använts_vid_värdering_av_instrumentet>55.0243338810</Kurs_som_använts_vid_värdering_av_instrumentet>
        <Valutakurs_instrument>11.12021137500000000000</Valutakurs_instrument>
        <Marknadsvärde_instrument>31734952.30</Marknadsvärde_instrument>
        <Andel_av_fondförmögenhet_instrument>7.5600000000</Andel_av_fondförmögenhet_instrument>
        <Bransch>
          <Branschkod_instrument>0</Branschkod_instrument>
          <Bransch_namn_instrument>Övrigt</Bransch_namn_instrument>
        </Bransch>
      </FinansielltInstrument>
      <FinansielltInstrument>
        <Tillgångsslag_enligt_LVF_5_kap>Fondandel</Tillgångsslag_enligt_LVF_5_kap>
        <Instrumentnamn>Handelsbanken Amerika Tema (Criteria) (A1 EUR)</Instrumentnamn>
        <ISIN-kod_instrument>SE0006826012</ISIN-kod_instrument>
        <Landkod_Emittent>SE</Landkod_Emittent>
        <Valuta>EUR</Valuta>
        <Antal>8589.2916000000</Antal>
        <Nominellt_belopp />
        <Kurs_som_använts_vid_värdering_av_instrumentet>141.8464613300</Kurs_som_använts_vid_värdering_av_instrumentet>
        <Valutakurs_instrument>11.12021137500000000000</Valutakurs_instrument>
        <Marknadsvärde_instrument>13548427.63</Marknadsvärde_instrument>
        <Andel_av_fondförmögenhet_instrument>3.2300000000</Andel_av_fondförmögenhet_instrument>
        <Bransch>
          <Branschkod_instrument>0</Branschkod_instrument>
          <Bransch_namn_instrument>Övrigt</Bransch_namn_instrument>
        </Bransch>
      </FinansielltInstrument>
      <FinansielltInstrument>
        <Tillgångsslag_enligt_LVF_5_kap>Fondandel</Tillgångsslag_enligt_LVF_5_kap>
        <Instrumentnamn>Handelsbanken Norden Tema (A1 EUR)</Instrumentnamn>
        <ISIN-kod_instrument>SE0007157839</ISIN-kod_instrument>
        <Landkod_Emittent>SE</Landkod_Emittent>
        <Valuta>EUR</Valuta>
        <Antal>7771.2869000000</Antal>
        <Nominellt_belopp />
        <Kurs_som_använts_vid_värdering_av_instrumentet>138.6638229230</Kurs_som_använts_vid_värdering_av_instrumentet>
        <Valutakurs_instrument>11.12021137500000000000</Valutakurs_instrument>
        <Marknadsvärde_instrument>11983099.19</Marknadsvärde_instrument>
        <Andel_av_fondförmögenhet_instrument>2.8600000000</Andel_av_fondförmögenhet_instrument>
        <Bransch>
          <Branschkod_instrument>0</Branschkod_instrument>
          <Bransch_namn_instrument>Övrigt</Bransch_namn_instrument>
        </Bransch>
      </FinansielltInstrument>
      <FinansielltInstrument>
        <Tillgångsslag_enligt_LVF_5_kap>Fondandel</Tillgångsslag_enligt_LVF_5_kap>
        <Instrumentnamn>Handelsbanken Japan Tema (A1 EUR)</Instrumentnamn>
        <ISIN-kod_instrument>SE0007756820</ISIN-kod_instrument>
        <Landkod_Emittent>SE</Landkod_Emittent>
        <Valuta>EUR</Valuta>
        <Antal>83629.4514000000</Antal>
        <Nominellt_belopp />
        <Kurs_som_använts_vid_värdering_av_instrumentet>9.2920353660</Kurs_som_använts_vid_värdering_av_instrumentet>
        <Valutakurs_instrument>11.12021137500000000000</Valutakurs_instrument>
        <Marknadsvärde_instrument>8641380.82</Marknadsvärde_instrument>
        <Andel_av_fondförmögenhet_instrument>2.0600000000</Andel_av_fondförmögenhet_instrument>
        <Bransch>
          <Branschkod_instrument>0</Branschkod_instrument>
          <Bransch_namn_instrument>Övrigt</Bransch_namn_instrument>
        </Bransch>
      </FinansielltInstrument>
      <FinansielltInstrument>
        <Tillgångsslag_enligt_LVF_5_kap>Fondandel</Tillgångsslag_enligt_LVF_5_kap>
        <Instrumentnamn>Handelsbanken Euro Corporate Bond Fund (A7 EUR)</Instrumentnamn>
        <ISIN-kod_instrument>SE0008014922</ISIN-kod_instrument>
        <Landkod_Emittent>SE</Landkod_Emittent>
        <Valuta>EUR</Valuta>
        <Antal>16034.4589000000</Antal>
        <Nominellt_belopp />
        <Kurs_som_använts_vid_värdering_av_instrumentet>92.9551703540</Kurs_som_använts_vid_värdering_av_instrumentet>
        <Valutakurs_instrument>11.12021137500000000000</Valutakurs_instrument>
        <Marknadsvärde_instrument>16574517.81</Marknadsvärde_instrument>
        <Andel_av_fondförmögenhet_instrument>3.9500000000</Andel_av_fondförmögenhet_instrument>
        <Bransch>
          <Branschkod_instrument>0</Branschkod_instrument>
          <Bransch_namn_instrument>Övrigt</Bransch_namn_instrument>
        </Bransch>
      </FinansielltInstrument>
      <FinansielltInstrument>
        <Tillgångsslag_enligt_LVF_5_kap>Fondandel</Tillgångsslag_enligt_LVF_5_kap>
        <Instrumentnamn>XACT Högutdelande (UCITS ETF)</Instrumentnamn>
        <ISIN-kod_instrument>SE0009778954</ISIN-kod_instrument>
        <Landkod_Emittent>SE</Landkod_Emittent>
        <Valuta>SEK</Valuta>
        <Antal>190270.0000000000</Antal>
        <Nominellt_belopp />
        <Kurs_som_använts_vid_värdering_av_instrumentet>125.8871609580</Kurs_som_använts_vid_värdering_av_instrumentet>
        <Valutakurs_instrument>1.00000000000000000000</Valutakurs_instrument>
        <Marknadsvärde_instrument>23952550.10</Marknadsvärde_instrument>
        <Andel_av_fondförmögenhet_instrument>5.7100000000</Andel_av_fondförmögenhet_instrument>
        <Bransch>
          <Branschkod_instrument>0</Branschkod_instrument>
          <Bransch_namn_instrument>Övrigt</Bransch_namn_instrument>
        </Bransch>
      </FinansielltInstrument>
      <FinansielltInstrument>
        <Tillgångsslag_enligt_LVF_5_kap>Fondandel</Tillgångsslag_enligt_LVF_5_kap>
        <Instrumentnamn>Handelsbanken Norden Index Criteria (A1 EUR)</Instrumentnamn>
        <ISIN-kod_instrument>SE0010127902</ISIN-kod_instrument>
        <Landkod_Emittent>SE</Landkod_Emittent>
        <Valuta>EUR</Valuta>
        <Antal>266462.1128000000</Antal>
        <Nominellt_belopp />
        <Kurs_som_använts_vid_värdering_av_instrumentet>14.5362155960</Kurs_som_använts_vid_värdering_av_instrumentet>
        <Valutakurs_instrument>11.12021137500000000000</Valutakurs_instrument>
        <Marknadsvärde_instrument>43072478.74</Marknadsvärde_instrument>
        <Andel_av_fondförmögenhet_instrument>10.2700000000</Andel_av_fondförmögenhet_instrument>
        <Bransch>
          <Branschkod_instrument>0</Branschkod_instrument>
          <Bransch_namn_instrument>Övrigt</Bransch_namn_instrument>
        </Bransch>
      </FinansielltInstrument>
      <FinansielltInstrument>
        <Tillgångsslag_enligt_LVF_5_kap>Fondandel</Tillgångsslag_enligt_LVF_5_kap>
        <Instrumentnamn>Handelsbanken Amerika Sm T(A1 SEK)</Instrumentnamn>
        <ISIN-kod_instrument>SE0011336908</ISIN-kod_instrument>
        <Landkod_Emittent>SE</Landkod_Emittent>
        <Valuta>SEK</Valuta>
        <Antal>11461.5549000000</Antal>
        <Nominellt_belopp />
        <Kurs_som_använts_vid_värdering_av_instrumentet>1221.1246315420</Kurs_som_använts_vid_värdering_av_instrumentet>
        <Valutakurs_instrument>1.00000000000000000000</Valutakurs_instrument>
        <Marknadsvärde_instrument>13995987.00</Marknadsvärde_instrument>
        <Andel_av_fondförmögenhet_instrument>3.3400000000</Andel_av_fondförmögenhet_instrument>
        <Bransch>
          <Branschkod_instrument>0</Branschkod_instrument>
          <Bransch_namn_instrument>Övrigt</Bransch_namn_instrument>
        </Bransch>
      </FinansielltInstrument>
      <FinansielltInstrument>
        <Tillgångsslag_enligt_LVF_5_kap>Fondandel</Tillgångsslag_enligt_LVF_5_kap>
        <Instrumentnamn>Handelsbanken Em Mark Ind (A9 SEK)</Instrumentnamn>
        <ISIN-kod_instrument>SE0011338466</ISIN-kod_instrument>
        <Landkod_Emittent>SE</Landkod_Emittent>
        <Valuta>SEK</Valuta>
        <Antal>12256.7366000000</Antal>
        <Nominellt_belopp />
        <Kurs_som_använts_vid_värdering_av_instrumentet>176.1472517250</Kurs_som_använts_vid_värdering_av_instrumentet>
        <Valutakurs_instrument>1.00000000000000000000</Valutakurs_instrument>
        <Marknadsvärde_instrument>2158990.48</Marknadsvärde_instrument>
        <Andel_av_fondförmögenhet_instrument>0.5100000000</Andel_av_fondförmögenhet_instrument>
        <Bransch>
          <Branschkod_instrument>0</Branschkod_instrument>
          <Bransch_namn_instrument>Övrigt</Bransch_namn_instrument>
        </Bransch>
      </FinansielltInstrument>
      <FinansielltInstrument>
        <Tillgångsslag_enligt_LVF_5_kap>Fondandel</Tillgångsslag_enligt_LVF_5_kap>
        <Instrumentnamn>Handelsbanken Kreditt A1NOK</Instrumentnamn>
        <ISIN-kod_instrument>SE0012728715</ISIN-kod_instrument>
        <Landkod_Emittent>SE</Landkod_Emittent>
        <Valuta>NOK</Valuta>
        <Antal>29224.0497000000</Antal>
        <Nominellt_belopp />
        <Kurs_som_använts_vid_värdering_av_instrumentet>97.0561889580</Kurs_som_använts_vid_värdering_av_instrumentet>
        <Valutakurs_instrument>1.05770987700000000000</Valutakurs_instrument>
        <Marknadsvärde_instrument>3000061.78</Marknadsvärde_instrument>
        <Andel_av_fondförmögenhet_instrument>0.7200000000</Andel_av_fondförmögenhet_instrument>
        <Bransch>
          <Branschkod_instrument>0</Branschkod_instrument>
          <Bransch_namn_instrument>Övrigt</Bransch_namn_instrument>
        </Bransch>
      </FinansielltInstrument>
      <FinansielltInstrument>
        <Tillgångsslag_enligt_LVF_5_kap>Fondandel</Tillgångsslag_enligt_LVF_5_kap>
        <Instrumentnamn>Handelsbanken Global Högutd A1 EUR</Instrumentnamn>
        <ISIN-kod_instrument>SE0013460904</ISIN-kod_instrument>
        <Landkod_Emittent>SE</Landkod_Emittent>
        <Valuta>EUR</Valuta>
        <Antal>45815.5798000000</Antal>
        <Nominellt_belopp />
        <Kurs_som_använts_vid_värdering_av_instrumentet>12.5862287410</Kurs_som_använts_vid_värdering_av_instrumentet>
        <Valutakurs_instrument>11.12021137500000000000</Valutakurs_instrument>
        <Marknadsvärde_instrument>6412418.40</Marknadsvärde_instrument>
        <Andel_av_fondförmögenhet_instrument>1.5300000000</Andel_av_fondförmögenhet_instrument>
        <Bransch>
          <Branschkod_instrument>0</Branschkod_instrument>
          <Bransch_namn_instrument>Övrigt</Bransch_namn_instrument>
        </Bransch>
      </FinansielltInstrument>
      <FinansielltInstrument>
        <Tillgångsslag_enligt_LVF_5_kap>Fondandel</Tillgångsslag_enligt_LVF_5_kap>
        <Instrumentnamn>Handelsbanken Global Momentum (A1 EUR)</Instrumentnamn>
        <ISIN-kod_instrument>SE0015382098</ISIN-kod_instrument>
        <Landkod_Emittent>SE</Landkod_Emittent>
        <Valuta>EUR</Valuta>
        <Antal>14312.0173000000</Antal>
        <Nominellt_belopp />
        <Kurs_som_använts_vid_värdering_av_instrumentet>9.0874232020</Kurs_som_använts_vid_värdering_av_instrumentet>
        <Valutakurs_instrument>11.12021137500000000000</Valutakurs_instrument>
        <Marknadsvärde_instrument>1446287.57</Marknadsvärde_instrument>
        <Andel_av_fondförmögenhet_instrument>0.3400000000</Andel_av_fondförmögenhet_instrument>
        <Bransch>
          <Branschkod_instrument>0</Branschkod_instrument>
          <Bransch_namn_instrument>Övrigt</Bransch_namn_instrument>
        </Bransch>
      </FinansielltInstrument>
      <FinansielltInstrument>
        <Tillgångsslag_enligt_LVF_5_kap>Fondandel</Tillgångsslag_enligt_LVF_5_kap>
        <Instrumentnamn>Handelsbanken Hållbar Global High Yield (A1 SEK)</Instrumentnamn>
        <ISIN-kod_instrument>SE0017831423</ISIN-kod_instrument>
        <Landkod_Emittent>SE</Landkod_Emittent>
        <Valuta>SEK</Valuta>
        <Antal>20305.4813000000</Antal>
        <Nominellt_belopp />
        <Kurs_som_använts_vid_värdering_av_instrumentet>95.7624010410</Kurs_som_använts_vid_värdering_av_instrumentet>
        <Valutakurs_instrument>1.00000000000000000000</Valutakurs_instrument>
        <Marknadsvärde_instrument>1944501.62</Marknadsvärde_instrument>
        <Andel_av_fondförmögenhet_instrument>0.4600000000</Andel_av_fondförmögenhet_instrument>
        <Bransch>
          <Branschkod_instrument>0</Branschkod_instrument>
          <Bransch_namn_instrument>Övrigt</Bransch_namn_instrument>
        </Bransch>
      </FinansielltInstrument>
      <FinansielltInstrument>
        <Tillgångsslag_enligt_LVF_5_kap>Fondandel</Tillgångsslag_enligt_LVF_5_kap>
        <Instrumentnamn>Handelsbanken Räntestrategi Plus (A7 SEK)</Instrumentnamn>
        <ISIN-kod_instrument>SE0007157888</ISIN-kod_instrument>
        <Landkod_Emittent>SE</Landkod_Emittent>
        <Valuta>SEK</Valuta>
        <Antal>58882.9637000000</Antal>
        <Nominellt_belopp />
        <Kurs_som_använts_vid_värdering_av_instrumentet>103.1691269830</Kurs_som_använts_vid_värdering_av_instrumentet>
        <Valutakurs_instrument>1.00000000000000000000</Valutakurs_instrument>
        <Marknadsvärde_instrument>6074903.97</Marknadsvärde_instrument>
        <Andel_av_fondförmögenhet_instrument>1.4500000000</Andel_av_fondförmögenhet_instrument>
        <Bransch>
          <Branschkod_instrument>0</Branschkod_instrument>
          <Bransch_namn_instrument>Övrigt</Bransch_namn_instrument>
        </Bransch>
      </FinansielltInstrument>
      <FinansielltInstrument>
        <Tillgångsslag_enligt_LVF_5_kap>DerivatinstrumentSamtTeknikerOchInstrument</Tillgångsslag_enligt_LVF_5_kap>
        <Instrumentnamn>STOXX EURO ESG-X  Mar23</Instrumentnamn>
        <ISIN-kod_instrument>DE000C6ZNSR9</ISIN-kod_instrument>
        <Landkod_Emittent>DE</Landkod_Emittent>
        <Valuta>EUR</Valuta>
        <Antal>-6900.0000000000</Antal>
        <Nominellt_belopp />
        <Kurs_som_använts_vid_värdering_av_instrumentet>0.0000000000</Kurs_som_använts_vid_värdering_av_instrumentet>
        <Valutakurs_instrument>11.12021137500000000000</Valutakurs_instrument>
        <Marknadsvärde_instrument>0.00</Marknadsvärde_instrument>
        <Andel_av_fondförmögenhet_instrument>0.0000000000</Andel_av_fondförmögenhet_instrument>
      </FinansielltInstrument>
      <FinansielltInstrument>
        <Tillgångsslag_enligt_LVF_5_kap>DerivatinstrumentSamtTeknikerOchInstrument</Tillgångsslag_enligt_LVF_5_kap>
        <Instrumentnamn>OMXESG3A</Instrumentnamn>
        <ISIN-kod_instrument>SE0018783508</ISIN-kod_instrument>
        <Landkod_Emittent>SE</Landkod_Emittent>
        <Valuta>SEK</Valuta>
        <Antal>-6600.0000000000</Antal>
        <Nominellt_belopp />
        <Kurs_som_använts_vid_värdering_av_instrumentet>0.0000000000</Kurs_som_använts_vid_värdering_av_instrumentet>
        <Valutakurs_instrument>1.00000000000000000000</Valutakurs_instrument>
        <Marknadsvärde_instrument>0.00</Marknadsvärde_instrument>
        <Andel_av_fondförmögenhet_instrument>0.0000000000</Andel_av_fondförmögenhet_instrument>
      </FinansielltInstrument>
    </FinansiellaInstrument>
  </Fondinformation>
  <Fondinformation />
</VärdepappersfondInnehav>