﻿<?xml version="1.0" encoding="utf-8"?>
<VärdepappersfondInnehav xmlns="http://schemas.fi.se/publika/vardepappersfonder/20200331">
  <Rapportinformation>
    <Kvartalsslut>2022-12-31</Kvartalsslut>
  </Rapportinformation>
  <Bolagsinformation>
    <Fondbolag_namn>Handelsbanken Fonder AB</Fondbolag_namn>
    <Fondbolag_institutnummer>58037</Fondbolag_institutnummer>
    <Fondbolag_LEI-kod>549300RJTULO02U5ZG71</Fondbolag_LEI-kod>
  </Bolagsinformation>
  <Fondinformation>
    <Fond_institutnummer>60944</Fond_institutnummer>
    <Fond_ISIN-kod>SE0009697147</Fond_ISIN-kod>
    <Fond_namn>Handelsbanken Multi Asset 60</Fond_namn>
    <Förvaltningsavgift>
      <MedAndelsklasser>
        <Förvaltningsavgift>
          <Andelsklass_namn>Handelsbanken Multi Asset 60 A9 SEK</Andelsklass_namn>
          <Förvaltningsavgift_Typ>
            <Förvaltningsavgift_fast>0.70</Förvaltningsavgift_fast>
          </Förvaltningsavgift_Typ>
        </Förvaltningsavgift>
        <Förvaltningsavgift>
          <Andelsklass_namn>Handelsbanken Multi Asset 60 A1 SEK</Andelsklass_namn>
          <Förvaltningsavgift_Typ>
            <Förvaltningsavgift_fast>1.40</Förvaltningsavgift_fast>
          </Förvaltningsavgift_Typ>
        </Förvaltningsavgift>
        <Förvaltningsavgift>
          <Andelsklass_namn>Handelsbanken Multi Asset 60 B1 SEK</Andelsklass_namn>
          <Förvaltningsavgift_Typ>
            <Förvaltningsavgift_fast>1.40</Förvaltningsavgift_fast>
          </Förvaltningsavgift_Typ>
        </Förvaltningsavgift>
        <Förvaltningsavgift>
          <Andelsklass_namn>Handelsbanken Multi Asset 60 B8 SEK</Andelsklass_namn>
          <Förvaltningsavgift_Typ>
            <Förvaltningsavgift_fast>1.05</Förvaltningsavgift_fast>
          </Förvaltningsavgift_Typ>
        </Förvaltningsavgift>
      </MedAndelsklasser>
    </Förvaltningsavgift>
    <Fondförmögenhet>14086184108</Fondförmögenhet>
    <Likvida_medel>466195544</Likvida_medel>
    <Övriga_tillgångar_och_skulder>70065876</Övriga_tillgångar_och_skulder>
    <Aktiv_risk>1.71</Aktiv_risk>
    <Standardavvikelse_24_månader>8.5600000000</Standardavvikelse_24_månader>
    <Jämförelseindex>OMRXTBILL 30.00; HMNI Swe All Mortgage Dur Const 2.5Y 3.00; Solactive ISS ESG Global Markets 30.00; SIX SRI Nordic 200 Net Index 30.00; HMNI Swe All Government Dur Const 6Y 7.00; </Jämförelseindex>
    <FinansiellaInstrument>
      <FinansielltInstrument>
        <Tillgångsslag_enligt_LVF_5_kap>Fondandel</Tillgångsslag_enligt_LVF_5_kap>
        <Instrumentnamn>Montanaro Better World Fund</Instrumentnamn>
        <ISIN-kod_instrument>IE00BK5CVW95</ISIN-kod_instrument>
        <Landkod_Emittent>GB</Landkod_Emittent>
        <Valuta>SEK</Valuta>
        <Antal>10262431.9060000000</Antal>
        <Nominellt_belopp />
        <Kurs_som_använts_vid_värdering_av_instrumentet>12.4880000000</Kurs_som_använts_vid_värdering_av_instrumentet>
        <Valutakurs_instrument>1.00000000000000000000</Valutakurs_instrument>
        <Marknadsvärde_instrument>128157249.64</Marknadsvärde_instrument>
        <Andel_av_fondförmögenhet_instrument>0.9100000000</Andel_av_fondförmögenhet_instrument>
        <Bransch>
          <Branschkod_instrument>0</Branschkod_instrument>
          <Bransch_namn_instrument>Övrigt</Bransch_namn_instrument>
        </Bransch>
      </FinansielltInstrument>
      <FinansielltInstrument>
        <Tillgångsslag_enligt_LVF_5_kap>Fondandel</Tillgångsslag_enligt_LVF_5_kap>
        <Instrumentnamn>Fidelity Funds - Sustainable Global Equity Income</Instrumentnamn>
        <ISIN-kod_instrument>LU1627197772</ISIN-kod_instrument>
        <Landkod_Emittent>LU</Landkod_Emittent>
        <Valuta>SEK</Valuta>
        <Antal>12522349.8200000000</Antal>
        <Nominellt_belopp />
        <Kurs_som_använts_vid_värdering_av_instrumentet>17.4000000000</Kurs_som_använts_vid_värdering_av_instrumentet>
        <Valutakurs_instrument>1.00000000000000000000</Valutakurs_instrument>
        <Marknadsvärde_instrument>217888886.87</Marknadsvärde_instrument>
        <Andel_av_fondförmögenhet_instrument>1.5500000000</Andel_av_fondförmögenhet_instrument>
        <Bransch>
          <Branschkod_instrument>0</Branschkod_instrument>
          <Bransch_namn_instrument>Övrigt</Bransch_namn_instrument>
        </Bransch>
      </FinansielltInstrument>
      <FinansielltInstrument>
        <Tillgångsslag_enligt_LVF_5_kap>Fondandel</Tillgångsslag_enligt_LVF_5_kap>
        <Instrumentnamn>UI - Aktia EM Local Currency Bond+ - share class I</Instrumentnamn>
        <ISIN-kod_instrument>LU1783956961</ISIN-kod_instrument>
        <Landkod_Emittent>LU</Landkod_Emittent>
        <Valuta>SEK</Valuta>
        <Antal>1808471.1180000000</Antal>
        <Nominellt_belopp />
        <Kurs_som_använts_vid_värdering_av_instrumentet>117.3000000000</Kurs_som_använts_vid_värdering_av_instrumentet>
        <Valutakurs_instrument>1.00000000000000000000</Valutakurs_instrument>
        <Marknadsvärde_instrument>212133662.14</Marknadsvärde_instrument>
        <Andel_av_fondförmögenhet_instrument>1.5100000000</Andel_av_fondförmögenhet_instrument>
        <Bransch>
          <Branschkod_instrument>0</Branschkod_instrument>
          <Bransch_namn_instrument>Övrigt</Bransch_namn_instrument>
        </Bransch>
      </FinansielltInstrument>
      <FinansielltInstrument>
        <Tillgångsslag_enligt_LVF_5_kap>Fondandel</Tillgångsslag_enligt_LVF_5_kap>
        <Instrumentnamn>UI Aktia EM Frontier Bond+ - Andelsklass IX (SEK)</Instrumentnamn>
        <ISIN-kod_instrument>LU1950510971</ISIN-kod_instrument>
        <Landkod_Emittent>LU</Landkod_Emittent>
        <Valuta>SEK</Valuta>
        <Antal>1744403.7090000000</Antal>
        <Nominellt_belopp />
        <Kurs_som_använts_vid_värdering_av_instrumentet>117.6200000000</Kurs_som_använts_vid_värdering_av_instrumentet>
        <Valutakurs_instrument>1.00000000000000000000</Valutakurs_instrument>
        <Marknadsvärde_instrument>205176764.25</Marknadsvärde_instrument>
        <Andel_av_fondförmögenhet_instrument>1.4600000000</Andel_av_fondförmögenhet_instrument>
        <Bransch>
          <Branschkod_instrument>0</Branschkod_instrument>
          <Bransch_namn_instrument>Övrigt</Bransch_namn_instrument>
        </Bransch>
      </FinansielltInstrument>
      <FinansielltInstrument>
        <Tillgångsslag_enligt_LVF_5_kap>Fondandel</Tillgångsslag_enligt_LVF_5_kap>
        <Instrumentnamn>JPMorgan Fds Multi-Manager Alternatives Fd SEK H C</Instrumentnamn>
        <ISIN-kod_instrument>LU1984714615</ISIN-kod_instrument>
        <Landkod_Emittent>LU</Landkod_Emittent>
        <Valuta>SEK</Valuta>
        <Antal>594285.7160000000</Antal>
        <Nominellt_belopp />
        <Kurs_som_använts_vid_värdering_av_instrumentet>1046.5000000000</Kurs_som_använts_vid_värdering_av_instrumentet>
        <Valutakurs_instrument>1.00000000000000000000</Valutakurs_instrument>
        <Marknadsvärde_instrument>621920001.79</Marknadsvärde_instrument>
        <Andel_av_fondförmögenhet_instrument>4.4200000000</Andel_av_fondförmögenhet_instrument>
        <Bransch>
          <Branschkod_instrument>0</Branschkod_instrument>
          <Bransch_namn_instrument>Övrigt</Bransch_namn_instrument>
        </Bransch>
      </FinansielltInstrument>
      <FinansielltInstrument>
        <Tillgångsslag_enligt_LVF_5_kap>Fondandel</Tillgångsslag_enligt_LVF_5_kap>
        <Instrumentnamn>JPM Global Macro Sustainable I acc SEKH</Instrumentnamn>
        <ISIN-kod_instrument>LU2003419020</ISIN-kod_instrument>
        <Landkod_Emittent>LU</Landkod_Emittent>
        <Valuta>SEK</Valuta>
        <Antal>552801.1240000000</Antal>
        <Nominellt_belopp />
        <Kurs_som_använts_vid_värdering_av_instrumentet>993.3900000000</Kurs_som_använts_vid_värdering_av_instrumentet>
        <Valutakurs_instrument>1.00000000000000000000</Valutakurs_instrument>
        <Marknadsvärde_instrument>549147108.57</Marknadsvärde_instrument>
        <Andel_av_fondförmögenhet_instrument>3.9000000000</Andel_av_fondförmögenhet_instrument>
        <Bransch>
          <Branschkod_instrument>0</Branschkod_instrument>
          <Bransch_namn_instrument>Övrigt</Bransch_namn_instrument>
        </Bransch>
      </FinansielltInstrument>
      <FinansielltInstrument>
        <Tillgångsslag_enligt_LVF_5_kap>Fondandel</Tillgångsslag_enligt_LVF_5_kap>
        <Instrumentnamn>Fidelity Funds - Sustainable Water &amp; Waste Fund ac</Instrumentnamn>
        <ISIN-kod_instrument>LU2016206786</ISIN-kod_instrument>
        <Landkod_Emittent>LU</Landkod_Emittent>
        <Valuta>SEK</Valuta>
        <Antal>21005734.7900000000</Antal>
        <Nominellt_belopp />
        <Kurs_som_använts_vid_värdering_av_instrumentet>12.0500000000</Kurs_som_använts_vid_värdering_av_instrumentet>
        <Valutakurs_instrument>1.00000000000000000000</Valutakurs_instrument>
        <Marknadsvärde_instrument>253119104.22</Marknadsvärde_instrument>
        <Andel_av_fondförmögenhet_instrument>1.8000000000</Andel_av_fondförmögenhet_instrument>
        <Bransch>
          <Branschkod_instrument>0</Branschkod_instrument>
          <Bransch_namn_instrument>Övrigt</Bransch_namn_instrument>
        </Bransch>
      </FinansielltInstrument>
      <FinansielltInstrument>
        <Tillgångsslag_enligt_LVF_5_kap>Fondandel</Tillgångsslag_enligt_LVF_5_kap>
        <Instrumentnamn>JPM Europe Small Cap A Acc EUR</Instrumentnamn>
        <ISIN-kod_instrument>LU2084640940</ISIN-kod_instrument>
        <Landkod_Emittent>LU</Landkod_Emittent>
        <Valuta>EUR</Valuta>
        <Antal>126976.2540000000</Antal>
        <Nominellt_belopp />
        <Kurs_som_använts_vid_värdering_av_instrumentet>111.4200000000</Kurs_som_använts_vid_värdering_av_instrumentet>
        <Valutakurs_instrument>11.12021137500000000000</Valutakurs_instrument>
        <Marknadsvärde_instrument>157325350.20</Marknadsvärde_instrument>
        <Andel_av_fondförmögenhet_instrument>1.1200000000</Andel_av_fondförmögenhet_instrument>
        <Bransch>
          <Branschkod_instrument>0</Branschkod_instrument>
          <Bransch_namn_instrument>Övrigt</Bransch_namn_instrument>
        </Bransch>
      </FinansielltInstrument>
      <FinansielltInstrument>
        <Tillgångsslag_enligt_LVF_5_kap>Fondandel</Tillgångsslag_enligt_LVF_5_kap>
        <Instrumentnamn>UBS (Lux) Equity SICAV - USA Growth Sustainable</Instrumentnamn>
        <ISIN-kod_instrument>LU2099993318</ISIN-kod_instrument>
        <Landkod_Emittent>LU</Landkod_Emittent>
        <Valuta>USD</Valuta>
        <Antal>154920.4200000000</Antal>
        <Nominellt_belopp />
        <Kurs_som_använts_vid_värdering_av_instrumentet>120.7300000000</Kurs_som_använts_vid_värdering_av_instrumentet>
        <Valutakurs_instrument>10.41950000000000000000</Valutakurs_instrument>
        <Marknadsvärde_instrument>194881559.10</Marknadsvärde_instrument>
        <Andel_av_fondförmögenhet_instrument>1.3800000000</Andel_av_fondförmögenhet_instrument>
        <Bransch>
          <Branschkod_instrument>0</Branschkod_instrument>
          <Bransch_namn_instrument>Övrigt</Bransch_namn_instrument>
        </Bransch>
      </FinansielltInstrument>
      <FinansielltInstrument>
        <Tillgångsslag_enligt_LVF_5_kap>Fondandel</Tillgångsslag_enligt_LVF_5_kap>
        <Instrumentnamn>Schroder GAIA SICAV - Schroder GAIA Cat Bond</Instrumentnamn>
        <ISIN-kod_instrument>LU2258453799</ISIN-kod_instrument>
        <Landkod_Emittent>LU</Landkod_Emittent>
        <Valuta>SEK</Valuta>
        <Antal>500935.8700000000</Antal>
        <Nominellt_belopp />
        <Kurs_som_använts_vid_värdering_av_instrumentet>887.8100000000</Kurs_som_använts_vid_värdering_av_instrumentet>
        <Valutakurs_instrument>1.00000000000000000000</Valutakurs_instrument>
        <Marknadsvärde_instrument>444735874.74</Marknadsvärde_instrument>
        <Andel_av_fondförmögenhet_instrument>3.1600000000</Andel_av_fondförmögenhet_instrument>
        <Bransch>
          <Branschkod_instrument>0</Branschkod_instrument>
          <Bransch_namn_instrument>Övrigt</Bransch_namn_instrument>
        </Bransch>
      </FinansielltInstrument>
      <FinansielltInstrument>
        <Tillgångsslag_enligt_LVF_5_kap>Fondandel</Tillgångsslag_enligt_LVF_5_kap>
        <Instrumentnamn>Schroder ISF-Blueorchard Emerging Markets Impact B</Instrumentnamn>
        <ISIN-kod_instrument>LU2498533996</ISIN-kod_instrument>
        <Landkod_Emittent>LU</Landkod_Emittent>
        <Valuta>SEK</Valuta>
        <Antal>146036.5300000000</Antal>
        <Nominellt_belopp />
        <Kurs_som_använts_vid_värdering_av_instrumentet>955.6174000000</Kurs_som_använts_vid_värdering_av_instrumentet>
        <Valutakurs_instrument>1.00000000000000000000</Valutakurs_instrument>
        <Marknadsvärde_instrument>139555049.10</Marknadsvärde_instrument>
        <Andel_av_fondförmögenhet_instrument>0.9900000000</Andel_av_fondförmögenhet_instrument>
        <Bransch>
          <Branschkod_instrument>0</Branschkod_instrument>
          <Bransch_namn_instrument>Övrigt</Bransch_namn_instrument>
        </Bransch>
      </FinansielltInstrument>
      <FinansielltInstrument>
        <Tillgångsslag_enligt_LVF_5_kap>Fondandel</Tillgångsslag_enligt_LVF_5_kap>
        <Instrumentnamn>JPMorgan Funds Climate Change Solutions S2 SEK</Instrumentnamn>
        <ISIN-kod_instrument>LU2525743105</ISIN-kod_instrument>
        <Landkod_Emittent>LU</Landkod_Emittent>
        <Valuta>SEK</Valuta>
        <Antal>15086.0820000000</Antal>
        <Nominellt_belopp />
        <Kurs_som_använts_vid_värdering_av_instrumentet>1002.3200000000</Kurs_som_använts_vid_värdering_av_instrumentet>
        <Valutakurs_instrument>1.00000000000000000000</Valutakurs_instrument>
        <Marknadsvärde_instrument>15121081.71</Marknadsvärde_instrument>
        <Andel_av_fondförmögenhet_instrument>0.1100000000</Andel_av_fondförmögenhet_instrument>
        <Bransch>
          <Branschkod_instrument>0</Branschkod_instrument>
          <Bransch_namn_instrument>Övrigt</Bransch_namn_instrument>
        </Bransch>
      </FinansielltInstrument>
      <FinansielltInstrument>
        <Tillgångsslag_enligt_LVF_5_kap>Fondandel</Tillgångsslag_enligt_LVF_5_kap>
        <Instrumentnamn>Handelsbanken Amerika Tema (Criteria)</Instrumentnamn>
        <ISIN-kod_instrument>SE0000355828</ISIN-kod_instrument>
        <Landkod_Emittent>SE</Landkod_Emittent>
        <Valuta>SEK</Valuta>
        <Antal>219651.5201000000</Antal>
        <Nominellt_belopp />
        <Kurs_som_använts_vid_värdering_av_instrumentet>1577.3679877480</Kurs_som_använts_vid_värdering_av_instrumentet>
        <Valutakurs_instrument>1.00000000000000000000</Valutakurs_instrument>
        <Marknadsvärde_instrument>346471276.27</Marknadsvärde_instrument>
        <Andel_av_fondförmögenhet_instrument>2.4600000000</Andel_av_fondförmögenhet_instrument>
        <Bransch>
          <Branschkod_instrument>0</Branschkod_instrument>
          <Bransch_namn_instrument>Övrigt</Bransch_namn_instrument>
        </Bransch>
      </FinansielltInstrument>
      <FinansielltInstrument>
        <Tillgångsslag_enligt_LVF_5_kap>Fondandel</Tillgångsslag_enligt_LVF_5_kap>
        <Instrumentnamn>Handelsbanken Asien Tema A1 SEK</Instrumentnamn>
        <ISIN-kod_instrument>SE0000356073</ISIN-kod_instrument>
        <Landkod_Emittent>SE</Landkod_Emittent>
        <Valuta>SEK</Valuta>
        <Antal>156068.0554000000</Antal>
        <Nominellt_belopp />
        <Kurs_som_använts_vid_värdering_av_instrumentet>800.5796709770</Kurs_som_använts_vid_värdering_av_instrumentet>
        <Valutakurs_instrument>1.00000000000000000000</Valutakurs_instrument>
        <Marknadsvärde_instrument>124944912.44</Marknadsvärde_instrument>
        <Andel_av_fondförmögenhet_instrument>0.8900000000</Andel_av_fondförmögenhet_instrument>
        <Bransch>
          <Branschkod_instrument>0</Branschkod_instrument>
          <Bransch_namn_instrument>Övrigt</Bransch_namn_instrument>
        </Bransch>
      </FinansielltInstrument>
      <FinansielltInstrument>
        <Tillgångsslag_enligt_LVF_5_kap>Fondandel</Tillgångsslag_enligt_LVF_5_kap>
        <Instrumentnamn>Handelsbanken Japan Tema (SEK)</Instrumentnamn>
        <ISIN-kod_instrument>SE0000356099</ISIN-kod_instrument>
        <Landkod_Emittent>SE</Landkod_Emittent>
        <Valuta>SEK</Valuta>
        <Antal>2322257.0448000000</Antal>
        <Nominellt_belopp />
        <Kurs_som_använts_vid_värdering_av_instrumentet>103.3555450620</Kurs_som_använts_vid_värdering_av_instrumentet>
        <Valutakurs_instrument>1.00000000000000000000</Valutakurs_instrument>
        <Marknadsvärde_instrument>240018142.64</Marknadsvärde_instrument>
        <Andel_av_fondförmögenhet_instrument>1.7000000000</Andel_av_fondförmögenhet_instrument>
        <Bransch>
          <Branschkod_instrument>0</Branschkod_instrument>
          <Bransch_namn_instrument>Övrigt</Bransch_namn_instrument>
        </Bransch>
      </FinansielltInstrument>
      <FinansielltInstrument>
        <Tillgångsslag_enligt_LVF_5_kap>Fondandel</Tillgångsslag_enligt_LVF_5_kap>
        <Instrumentnamn>Handelsbanken Norden Tema (A1 SEK)</Instrumentnamn>
        <ISIN-kod_instrument>SE0000356230</ISIN-kod_instrument>
        <Landkod_Emittent>SE</Landkod_Emittent>
        <Valuta>SEK</Valuta>
        <Antal>209403.9354000000</Antal>
        <Nominellt_belopp />
        <Kurs_som_använts_vid_värdering_av_instrumentet>1541.9806214430</Kurs_som_använts_vid_värdering_av_instrumentet>
        <Valutakurs_instrument>1.00000000000000000000</Valutakurs_instrument>
        <Marknadsvärde_instrument>322896810.44</Marknadsvärde_instrument>
        <Andel_av_fondförmögenhet_instrument>2.2900000000</Andel_av_fondförmögenhet_instrument>
        <Bransch>
          <Branschkod_instrument>0</Branschkod_instrument>
          <Bransch_namn_instrument>Övrigt</Bransch_namn_instrument>
        </Bransch>
      </FinansielltInstrument>
      <FinansielltInstrument>
        <Tillgångsslag_enligt_LVF_5_kap>Fondandel</Tillgångsslag_enligt_LVF_5_kap>
        <Instrumentnamn>Handelsbanken Långränta A1 SEK</Instrumentnamn>
        <ISIN-kod_instrument>SE0000356297</ISIN-kod_instrument>
        <Landkod_Emittent>SE</Landkod_Emittent>
        <Valuta>SEK</Valuta>
        <Antal>1808977.9075000000</Antal>
        <Nominellt_belopp />
        <Kurs_som_använts_vid_värdering_av_instrumentet>105.6074873200</Kurs_som_använts_vid_värdering_av_instrumentet>
        <Valutakurs_instrument>1.00000000000000000000</Valutakurs_instrument>
        <Marknadsvärde_instrument>191041611.43</Marknadsvärde_instrument>
        <Andel_av_fondförmögenhet_instrument>1.3600000000</Andel_av_fondförmögenhet_instrument>
        <Bransch>
          <Branschkod_instrument>0</Branschkod_instrument>
          <Bransch_namn_instrument>Övrigt</Bransch_namn_instrument>
        </Bransch>
      </FinansielltInstrument>
      <FinansielltInstrument>
        <Tillgångsslag_enligt_LVF_5_kap>Fondandel</Tillgångsslag_enligt_LVF_5_kap>
        <Instrumentnamn>Handelsbanken Tillväxtmarknad Tema</Instrumentnamn>
        <ISIN-kod_instrument>SE0000429748</ISIN-kod_instrument>
        <Landkod_Emittent>SE</Landkod_Emittent>
        <Valuta>SEK</Valuta>
        <Antal>827139.5013000000</Antal>
        <Nominellt_belopp />
        <Kurs_som_använts_vid_värdering_av_instrumentet>368.8132461060</Kurs_som_använts_vid_värdering_av_instrumentet>
        <Valutakurs_instrument>1.00000000000000000000</Valutakurs_instrument>
        <Marknadsvärde_instrument>305060004.46</Marknadsvärde_instrument>
        <Andel_av_fondförmögenhet_instrument>2.1700000000</Andel_av_fondförmögenhet_instrument>
        <Bransch>
          <Branschkod_instrument>0</Branschkod_instrument>
          <Bransch_namn_instrument>Övrigt</Bransch_namn_instrument>
        </Bransch>
      </FinansielltInstrument>
      <FinansielltInstrument>
        <Tillgångsslag_enligt_LVF_5_kap>Fondandel</Tillgångsslag_enligt_LVF_5_kap>
        <Instrumentnamn>Handelsbanken Nordiska Småbolag (A1 SEK)</Instrumentnamn>
        <ISIN-kod_instrument>SE0000522724</ISIN-kod_instrument>
        <Landkod_Emittent>SE</Landkod_Emittent>
        <Valuta>SEK</Valuta>
        <Antal>529097.0753000000</Antal>
        <Nominellt_belopp />
        <Kurs_som_använts_vid_värdering_av_instrumentet>1427.6718582710</Kurs_som_använts_vid_värdering_av_instrumentet>
        <Valutakurs_instrument>1.00000000000000000000</Valutakurs_instrument>
        <Marknadsvärde_instrument>755377004.70</Marknadsvärde_instrument>
        <Andel_av_fondförmögenhet_instrument>5.3600000000</Andel_av_fondförmögenhet_instrument>
        <Bransch>
          <Branschkod_instrument>0</Branschkod_instrument>
          <Bransch_namn_instrument>Övrigt</Bransch_namn_instrument>
        </Bransch>
      </FinansielltInstrument>
      <FinansielltInstrument>
        <Tillgångsslag_enligt_LVF_5_kap>Fondandel</Tillgångsslag_enligt_LVF_5_kap>
        <Instrumentnamn>Handelsbanken Europa Index Criteria A1 SEK</Instrumentnamn>
        <ISIN-kod_instrument>SE0000624421</ISIN-kod_instrument>
        <Landkod_Emittent>SE</Landkod_Emittent>
        <Valuta>SEK</Valuta>
        <Antal>3006231.3233000000</Antal>
        <Nominellt_belopp />
        <Kurs_som_använts_vid_värdering_av_instrumentet>156.2184021450</Kurs_som_använts_vid_värdering_av_instrumentet>
        <Valutakurs_instrument>1.00000000000000000000</Valutakurs_instrument>
        <Marknadsvärde_instrument>469628653.80</Marknadsvärde_instrument>
        <Andel_av_fondförmögenhet_instrument>3.3300000000</Andel_av_fondförmögenhet_instrument>
        <Bransch>
          <Branschkod_instrument>0</Branschkod_instrument>
          <Bransch_namn_instrument>Övrigt</Bransch_namn_instrument>
        </Bransch>
      </FinansielltInstrument>
      <FinansielltInstrument>
        <Tillgångsslag_enligt_LVF_5_kap>Fondandel</Tillgångsslag_enligt_LVF_5_kap>
        <Instrumentnamn>Handelsbanken Hälsovård Tema</Instrumentnamn>
        <ISIN-kod_instrument>SE0000735375</ISIN-kod_instrument>
        <Landkod_Emittent>SE</Landkod_Emittent>
        <Valuta>SEK</Valuta>
        <Antal>325885.3605000000</Antal>
        <Nominellt_belopp />
        <Kurs_som_använts_vid_värdering_av_instrumentet>394.0790145300</Kurs_som_använts_vid_värdering_av_instrumentet>
        <Valutakurs_instrument>1.00000000000000000000</Valutakurs_instrument>
        <Marknadsvärde_instrument>128424581.72</Marknadsvärde_instrument>
        <Andel_av_fondförmögenhet_instrument>0.9100000000</Andel_av_fondförmögenhet_instrument>
        <Bransch>
          <Branschkod_instrument>0</Branschkod_instrument>
          <Bransch_namn_instrument>Övrigt</Bransch_namn_instrument>
        </Bransch>
      </FinansielltInstrument>
      <FinansielltInstrument>
        <Tillgångsslag_enligt_LVF_5_kap>Fondandel</Tillgångsslag_enligt_LVF_5_kap>
        <Instrumentnamn>XACT Norden 30 (UCITS ETF)</Instrumentnamn>
        <ISIN-kod_instrument>SE0001710914</ISIN-kod_instrument>
        <Landkod_Emittent>SE</Landkod_Emittent>
        <Valuta>SEK</Valuta>
        <Antal>3685943.0000000000</Antal>
        <Nominellt_belopp />
        <Kurs_som_använts_vid_värdering_av_instrumentet>204.5023693960</Kurs_som_använts_vid_värdering_av_instrumentet>
        <Valutakurs_instrument>1.00000000000000000000</Valutakurs_instrument>
        <Marknadsvärde_instrument>753784076.96</Marknadsvärde_instrument>
        <Andel_av_fondförmögenhet_instrument>5.3500000000</Andel_av_fondförmögenhet_instrument>
        <Bransch>
          <Branschkod_instrument>0</Branschkod_instrument>
          <Bransch_namn_instrument>Övrigt</Bransch_namn_instrument>
        </Bransch>
      </FinansielltInstrument>
      <FinansielltInstrument>
        <Tillgångsslag_enligt_LVF_5_kap>Fondandel</Tillgångsslag_enligt_LVF_5_kap>
        <Instrumentnamn>Handelsbanken USA Index Criteria</Instrumentnamn>
        <ISIN-kod_instrument>SE0004139780</ISIN-kod_instrument>
        <Landkod_Emittent>SE</Landkod_Emittent>
        <Valuta>SEK</Valuta>
        <Antal>1395887.3313000000</Antal>
        <Nominellt_belopp />
        <Kurs_som_använts_vid_värdering_av_instrumentet>611.8812312750</Kurs_som_använts_vid_värdering_av_instrumentet>
        <Valutakurs_instrument>1.00000000000000000000</Valutakurs_instrument>
        <Marknadsvärde_instrument>854117259.00</Marknadsvärde_instrument>
        <Andel_av_fondförmögenhet_instrument>6.0600000000</Andel_av_fondförmögenhet_instrument>
        <Bransch>
          <Branschkod_instrument>0</Branschkod_instrument>
          <Bransch_namn_instrument>Övrigt</Bransch_namn_instrument>
        </Bransch>
      </FinansielltInstrument>
      <FinansielltInstrument>
        <Tillgångsslag_enligt_LVF_5_kap>Fondandel</Tillgångsslag_enligt_LVF_5_kap>
        <Instrumentnamn>Handelsbanken Hållbar Energi</Instrumentnamn>
        <ISIN-kod_instrument>SE0005965662</ISIN-kod_instrument>
        <Landkod_Emittent>SE</Landkod_Emittent>
        <Valuta>SEK</Valuta>
        <Antal>321529.1433000000</Antal>
        <Nominellt_belopp />
        <Kurs_som_använts_vid_värdering_av_instrumentet>388.2311041680</Kurs_som_använts_vid_värdering_av_instrumentet>
        <Valutakurs_instrument>1.00000000000000000000</Valutakurs_instrument>
        <Marknadsvärde_instrument>124827614.33</Marknadsvärde_instrument>
        <Andel_av_fondförmögenhet_instrument>0.8900000000</Andel_av_fondförmögenhet_instrument>
        <Bransch>
          <Branschkod_instrument>0</Branschkod_instrument>
          <Bransch_namn_instrument>Övrigt</Bransch_namn_instrument>
        </Bransch>
      </FinansielltInstrument>
      <FinansielltInstrument>
        <Tillgångsslag_enligt_LVF_5_kap>Fondandel</Tillgångsslag_enligt_LVF_5_kap>
        <Instrumentnamn>Handelsbanken Ränteavkastning (A1 SEK)</Instrumentnamn>
        <ISIN-kod_instrument>SE0005991429</ISIN-kod_instrument>
        <Landkod_Emittent>SE</Landkod_Emittent>
        <Valuta>SEK</Valuta>
        <Antal>117072.1745000000</Antal>
        <Nominellt_belopp />
        <Kurs_som_använts_vid_värdering_av_instrumentet>1779.2572553200</Kurs_som_använts_vid_värdering_av_instrumentet>
        <Valutakurs_instrument>1.00000000000000000000</Valutakurs_instrument>
        <Marknadsvärde_instrument>208301515.88</Marknadsvärde_instrument>
        <Andel_av_fondförmögenhet_instrument>1.4800000000</Andel_av_fondförmögenhet_instrument>
        <Bransch>
          <Branschkod_instrument>0</Branschkod_instrument>
          <Bransch_namn_instrument>Övrigt</Bransch_namn_instrument>
        </Bransch>
      </FinansielltInstrument>
      <FinansielltInstrument>
        <Tillgångsslag_enligt_LVF_5_kap>Fondandel</Tillgångsslag_enligt_LVF_5_kap>
        <Instrumentnamn>Handelsbanken Norden Selektiv</Instrumentnamn>
        <ISIN-kod_instrument>SE0005991700</ISIN-kod_instrument>
        <Landkod_Emittent>SE</Landkod_Emittent>
        <Valuta>SEK</Valuta>
        <Antal>1122193.8712000000</Antal>
        <Nominellt_belopp />
        <Kurs_som_använts_vid_värdering_av_instrumentet>571.8798313830</Kurs_som_använts_vid_värdering_av_instrumentet>
        <Valutakurs_instrument>1.00000000000000000000</Valutakurs_instrument>
        <Marknadsvärde_instrument>641760041.84</Marknadsvärde_instrument>
        <Andel_av_fondförmögenhet_instrument>4.5600000000</Andel_av_fondförmögenhet_instrument>
        <Bransch>
          <Branschkod_instrument>0</Branschkod_instrument>
          <Bransch_namn_instrument>Övrigt</Bransch_namn_instrument>
        </Bransch>
      </FinansielltInstrument>
      <FinansielltInstrument>
        <Tillgångsslag_enligt_LVF_5_kap>Fondandel</Tillgångsslag_enligt_LVF_5_kap>
        <Instrumentnamn>Handelsbanken Företagsobligation (A1 SEK)</Instrumentnamn>
        <ISIN-kod_instrument>SE0005993128</ISIN-kod_instrument>
        <Landkod_Emittent>SE</Landkod_Emittent>
        <Valuta>SEK</Valuta>
        <Antal>3420479.6153000000</Antal>
        <Nominellt_belopp />
        <Kurs_som_använts_vid_värdering_av_instrumentet>124.2562602550</Kurs_som_använts_vid_värdering_av_instrumentet>
        <Valutakurs_instrument>1.00000000000000000000</Valutakurs_instrument>
        <Marknadsvärde_instrument>425016005.28</Marknadsvärde_instrument>
        <Andel_av_fondförmögenhet_instrument>3.0200000000</Andel_av_fondförmögenhet_instrument>
        <Bransch>
          <Branschkod_instrument>0</Branschkod_instrument>
          <Bransch_namn_instrument>Övrigt</Bransch_namn_instrument>
        </Bransch>
      </FinansielltInstrument>
      <FinansielltInstrument>
        <Tillgångsslag_enligt_LVF_5_kap>Fondandel</Tillgångsslag_enligt_LVF_5_kap>
        <Instrumentnamn>Handelsbanken Företagsobligation Investment Grade</Instrumentnamn>
        <ISIN-kod_instrument>SE0007820584</ISIN-kod_instrument>
        <Landkod_Emittent>SE</Landkod_Emittent>
        <Valuta>SEK</Valuta>
        <Antal>9272443.9368000000</Antal>
        <Nominellt_belopp />
        <Kurs_som_använts_vid_värdering_av_instrumentet>99.0400800090</Kurs_som_använts_vid_värdering_av_instrumentet>
        <Valutakurs_instrument>1.00000000000000000000</Valutakurs_instrument>
        <Marknadsvärde_instrument>918343589.38</Marknadsvärde_instrument>
        <Andel_av_fondförmögenhet_instrument>6.5200000000</Andel_av_fondförmögenhet_instrument>
        <Bransch>
          <Branschkod_instrument>0</Branschkod_instrument>
          <Bransch_namn_instrument>Övrigt</Bransch_namn_instrument>
        </Bransch>
      </FinansielltInstrument>
      <FinansielltInstrument>
        <Tillgångsslag_enligt_LVF_5_kap>Fondandel</Tillgångsslag_enligt_LVF_5_kap>
        <Instrumentnamn>Handelsbanken Inst Kortränta</Instrumentnamn>
        <ISIN-kod_instrument>SE0008613863</ISIN-kod_instrument>
        <Landkod_Emittent>SE</Landkod_Emittent>
        <Valuta>SEK</Valuta>
        <Antal>708.1907000000</Antal>
        <Nominellt_belopp />
        <Kurs_som_använts_vid_värdering_av_instrumentet>100.6464254050</Kurs_som_använts_vid_värdering_av_instrumentet>
        <Valutakurs_instrument>1.00000000000000000000</Valutakurs_instrument>
        <Marknadsvärde_instrument>71276.86</Marknadsvärde_instrument>
        <Andel_av_fondförmögenhet_instrument>0.0000000000</Andel_av_fondförmögenhet_instrument>
        <Bransch>
          <Branschkod_instrument>0</Branschkod_instrument>
          <Bransch_namn_instrument>Övrigt</Bransch_namn_instrument>
        </Bransch>
      </FinansielltInstrument>
      <FinansielltInstrument>
        <Tillgångsslag_enligt_LVF_5_kap>Fondandel</Tillgångsslag_enligt_LVF_5_kap>
        <Instrumentnamn>XACT Högutdelande (UCITS ETF)</Instrumentnamn>
        <ISIN-kod_instrument>SE0009778954</ISIN-kod_instrument>
        <Landkod_Emittent>SE</Landkod_Emittent>
        <Valuta>SEK</Valuta>
        <Antal>5035842.0000000000</Antal>
        <Nominellt_belopp />
        <Kurs_som_använts_vid_värdering_av_instrumentet>125.8871609580</Kurs_som_använts_vid_värdering_av_instrumentet>
        <Valutakurs_instrument>1.00000000000000000000</Valutakurs_instrument>
        <Marknadsvärde_instrument>633947852.41</Marknadsvärde_instrument>
        <Andel_av_fondförmögenhet_instrument>4.5000000000</Andel_av_fondförmögenhet_instrument>
        <Bransch>
          <Branschkod_instrument>0</Branschkod_instrument>
          <Bransch_namn_instrument>Övrigt</Bransch_namn_instrument>
        </Bransch>
      </FinansielltInstrument>
      <FinansielltInstrument>
        <Tillgångsslag_enligt_LVF_5_kap>Fondandel</Tillgångsslag_enligt_LVF_5_kap>
        <Instrumentnamn>Handelsbanken Norden Index Criteria</Instrumentnamn>
        <ISIN-kod_instrument>SE0010127894</ISIN-kod_instrument>
        <Landkod_Emittent>SE</Landkod_Emittent>
        <Valuta>SEK</Valuta>
        <Antal>7287715.6429000000</Antal>
        <Nominellt_belopp />
        <Kurs_som_använts_vid_värdering_av_instrumentet>161.6606746790</Kurs_som_använts_vid_värdering_av_instrumentet>
        <Valutakurs_instrument>1.00000000000000000000</Valutakurs_instrument>
        <Marknadsvärde_instrument>1178137027.70</Marknadsvärde_instrument>
        <Andel_av_fondförmögenhet_instrument>8.3600000000</Andel_av_fondförmögenhet_instrument>
        <Bransch>
          <Branschkod_instrument>0</Branschkod_instrument>
          <Bransch_namn_instrument>Övrigt</Bransch_namn_instrument>
        </Bransch>
      </FinansielltInstrument>
      <FinansielltInstrument>
        <Tillgångsslag_enligt_LVF_5_kap>Fondandel</Tillgångsslag_enligt_LVF_5_kap>
        <Instrumentnamn>Handelsbanken Amerika Sm T(A1 SEK)</Instrumentnamn>
        <ISIN-kod_instrument>SE0011336908</ISIN-kod_instrument>
        <Landkod_Emittent>SE</Landkod_Emittent>
        <Valuta>SEK</Valuta>
        <Antal>297893.0791000000</Antal>
        <Nominellt_belopp />
        <Kurs_som_använts_vid_värdering_av_instrumentet>1221.1246315420</Kurs_som_använts_vid_värdering_av_instrumentet>
        <Valutakurs_instrument>1.00000000000000000000</Valutakurs_instrument>
        <Marknadsvärde_instrument>363764576.45</Marknadsvärde_instrument>
        <Andel_av_fondförmögenhet_instrument>2.5800000000</Andel_av_fondförmögenhet_instrument>
        <Bransch>
          <Branschkod_instrument>0</Branschkod_instrument>
          <Bransch_namn_instrument>Övrigt</Bransch_namn_instrument>
        </Bransch>
      </FinansielltInstrument>
      <FinansielltInstrument>
        <Tillgångsslag_enligt_LVF_5_kap>Fondandel</Tillgångsslag_enligt_LVF_5_kap>
        <Instrumentnamn>Handelsbanken Em Mark Ind (A9 SEK)</Instrumentnamn>
        <ISIN-kod_instrument>SE0011338466</ISIN-kod_instrument>
        <Landkod_Emittent>SE</Landkod_Emittent>
        <Valuta>SEK</Valuta>
        <Antal>304266.0692000000</Antal>
        <Nominellt_belopp />
        <Kurs_som_använts_vid_värdering_av_instrumentet>176.1472517250</Kurs_som_använts_vid_värdering_av_instrumentet>
        <Valutakurs_instrument>1.00000000000000000000</Valutakurs_instrument>
        <Marknadsvärde_instrument>53595631.88</Marknadsvärde_instrument>
        <Andel_av_fondförmögenhet_instrument>0.3800000000</Andel_av_fondförmögenhet_instrument>
        <Bransch>
          <Branschkod_instrument>0</Branschkod_instrument>
          <Bransch_namn_instrument>Övrigt</Bransch_namn_instrument>
        </Bransch>
      </FinansielltInstrument>
      <FinansielltInstrument>
        <Tillgångsslag_enligt_LVF_5_kap>Fondandel</Tillgångsslag_enligt_LVF_5_kap>
        <Instrumentnamn>Handelsbanken Hållbar Global Obligation</Instrumentnamn>
        <ISIN-kod_instrument>SE0011751155</ISIN-kod_instrument>
        <Landkod_Emittent>SE</Landkod_Emittent>
        <Valuta>SEK</Valuta>
        <Antal>1479963.1696000000</Antal>
        <Nominellt_belopp />
        <Kurs_som_använts_vid_värdering_av_instrumentet>91.1699733130</Kurs_som_använts_vid_värdering_av_instrumentet>
        <Valutakurs_instrument>1.00000000000000000000</Valutakurs_instrument>
        <Marknadsvärde_instrument>134928202.68</Marknadsvärde_instrument>
        <Andel_av_fondförmögenhet_instrument>0.9600000000</Andel_av_fondförmögenhet_instrument>
        <Bransch>
          <Branschkod_instrument>0</Branschkod_instrument>
          <Bransch_namn_instrument>Övrigt</Bransch_namn_instrument>
        </Bransch>
      </FinansielltInstrument>
      <FinansielltInstrument>
        <Tillgångsslag_enligt_LVF_5_kap>Fondandel</Tillgångsslag_enligt_LVF_5_kap>
        <Instrumentnamn>Handelsbanken Kreditt A1NOK</Instrumentnamn>
        <ISIN-kod_instrument>SE0012728715</ISIN-kod_instrument>
        <Landkod_Emittent>SE</Landkod_Emittent>
        <Valuta>NOK</Valuta>
        <Antal>1467233.4710000000</Antal>
        <Nominellt_belopp />
        <Kurs_som_använts_vid_värdering_av_instrumentet>97.0561889580</Kurs_som_använts_vid_värdering_av_instrumentet>
        <Valutakurs_instrument>1.05770987700000000000</Valutakurs_instrument>
        <Marknadsvärde_instrument>150622211.47</Marknadsvärde_instrument>
        <Andel_av_fondförmögenhet_instrument>1.0700000000</Andel_av_fondförmögenhet_instrument>
        <Bransch>
          <Branschkod_instrument>0</Branschkod_instrument>
          <Bransch_namn_instrument>Övrigt</Bransch_namn_instrument>
        </Bransch>
      </FinansielltInstrument>
      <FinansielltInstrument>
        <Tillgångsslag_enligt_LVF_5_kap>Fondandel</Tillgångsslag_enligt_LVF_5_kap>
        <Instrumentnamn>Handelsbanken Global Högutdelande</Instrumentnamn>
        <ISIN-kod_instrument>SE0013460920</ISIN-kod_instrument>
        <Landkod_Emittent>SE</Landkod_Emittent>
        <Valuta>SEK</Valuta>
        <Antal>1322493.0809000000</Antal>
        <Nominellt_belopp />
        <Kurs_som_använts_vid_värdering_av_instrumentet>130.6586869650</Kurs_som_använts_vid_värdering_av_instrumentet>
        <Valutakurs_instrument>1.00000000000000000000</Valutakurs_instrument>
        <Marknadsvärde_instrument>172795209.47</Marknadsvärde_instrument>
        <Andel_av_fondförmögenhet_instrument>1.2300000000</Andel_av_fondförmögenhet_instrument>
        <Bransch>
          <Branschkod_instrument>0</Branschkod_instrument>
          <Bransch_namn_instrument>Övrigt</Bransch_namn_instrument>
        </Bransch>
      </FinansielltInstrument>
      <FinansielltInstrument>
        <Tillgångsslag_enligt_LVF_5_kap>Fondandel</Tillgångsslag_enligt_LVF_5_kap>
        <Instrumentnamn>Handelsbanken Global Momentum (A1 SEK)</Instrumentnamn>
        <ISIN-kod_instrument>SE0015382114</ISIN-kod_instrument>
        <Landkod_Emittent>SE</Landkod_Emittent>
        <Valuta>SEK</Valuta>
        <Antal>399325.4559000000</Antal>
        <Nominellt_belopp />
        <Kurs_som_använts_vid_värdering_av_instrumentet>100.1365038160</Kurs_som_använts_vid_värdering_av_instrumentet>
        <Valutakurs_instrument>1.00000000000000000000</Valutakurs_instrument>
        <Marknadsvärde_instrument>39987055.04</Marknadsvärde_instrument>
        <Andel_av_fondförmögenhet_instrument>0.2800000000</Andel_av_fondförmögenhet_instrument>
        <Bransch>
          <Branschkod_instrument>0</Branschkod_instrument>
          <Bransch_namn_instrument>Övrigt</Bransch_namn_instrument>
        </Bransch>
      </FinansielltInstrument>
      <FinansielltInstrument>
        <Tillgångsslag_enligt_LVF_5_kap>Fondandel</Tillgångsslag_enligt_LVF_5_kap>
        <Instrumentnamn>Handelsbanken Hållbar Global High Yield (A1 SEK)</Instrumentnamn>
        <ISIN-kod_instrument>SE0017831423</ISIN-kod_instrument>
        <Landkod_Emittent>SE</Landkod_Emittent>
        <Valuta>SEK</Valuta>
        <Antal>885602.4007000000</Antal>
        <Nominellt_belopp />
        <Kurs_som_använts_vid_värdering_av_instrumentet>95.7624010410</Kurs_som_använts_vid_värdering_av_instrumentet>
        <Valutakurs_instrument>1.00000000000000000000</Valutakurs_instrument>
        <Marknadsvärde_instrument>84807412.26</Marknadsvärde_instrument>
        <Andel_av_fondförmögenhet_instrument>0.6000000000</Andel_av_fondförmögenhet_instrument>
        <Bransch>
          <Branschkod_instrument>0</Branschkod_instrument>
          <Bransch_namn_instrument>Övrigt</Bransch_namn_instrument>
        </Bransch>
      </FinansielltInstrument>
      <FinansielltInstrument>
        <Tillgångsslag_enligt_LVF_5_kap>Fondandel</Tillgångsslag_enligt_LVF_5_kap>
        <Instrumentnamn>Handelsbanken Räntestrategi</Instrumentnamn>
        <ISIN-kod_instrument>SE0001163171</ISIN-kod_instrument>
        <Landkod_Emittent>SE</Landkod_Emittent>
        <Valuta>SEK</Valuta>
        <Antal>3648884.9937000000</Antal>
        <Nominellt_belopp />
        <Kurs_som_använts_vid_värdering_av_instrumentet>102.7716379320</Kurs_som_använts_vid_värdering_av_instrumentet>
        <Valutakurs_instrument>1.00000000000000000000</Valutakurs_instrument>
        <Marknadsvärde_instrument>375001887.43</Marknadsvärde_instrument>
        <Andel_av_fondförmögenhet_instrument>2.6600000000</Andel_av_fondförmögenhet_instrument>
        <Bransch>
          <Branschkod_instrument>0</Branschkod_instrument>
          <Bransch_namn_instrument>Övrigt</Bransch_namn_instrument>
        </Bransch>
      </FinansielltInstrument>
      <FinansielltInstrument>
        <Tillgångsslag_enligt_LVF_5_kap>Fondandel</Tillgångsslag_enligt_LVF_5_kap>
        <Instrumentnamn>Handelsbanken Räntestrategi Plus (A7 SEK)</Instrumentnamn>
        <ISIN-kod_instrument>SE0007157888</ISIN-kod_instrument>
        <Landkod_Emittent>SE</Landkod_Emittent>
        <Valuta>SEK</Valuta>
        <Antal>4004003.5411000000</Antal>
        <Nominellt_belopp />
        <Kurs_som_använts_vid_värdering_av_instrumentet>103.1691269830</Kurs_som_använts_vid_värdering_av_instrumentet>
        <Valutakurs_instrument>1.00000000000000000000</Valutakurs_instrument>
        <Marknadsvärde_instrument>413089549.77</Marknadsvärde_instrument>
        <Andel_av_fondförmögenhet_instrument>2.9300000000</Andel_av_fondförmögenhet_instrument>
        <Bransch>
          <Branschkod_instrument>0</Branschkod_instrument>
          <Bransch_namn_instrument>Övrigt</Bransch_namn_instrument>
        </Bransch>
      </FinansielltInstrument>
      <FinansielltInstrument>
        <Tillgångsslag_enligt_LVF_5_kap>DerivatinstrumentSamtTeknikerOchInstrument</Tillgångsslag_enligt_LVF_5_kap>
        <Instrumentnamn>STOXX EURO ESG-X  Mar23</Instrumentnamn>
        <ISIN-kod_instrument>DE000C6ZNSR9</ISIN-kod_instrument>
        <Landkod_Emittent>DE</Landkod_Emittent>
        <Valuta>EUR</Valuta>
        <Antal>-253500.0000000000</Antal>
        <Nominellt_belopp />
        <Kurs_som_använts_vid_värdering_av_instrumentet>0.0000000000</Kurs_som_använts_vid_värdering_av_instrumentet>
        <Valutakurs_instrument>11.12021137500000000000</Valutakurs_instrument>
        <Marknadsvärde_instrument>0.00</Marknadsvärde_instrument>
        <Andel_av_fondförmögenhet_instrument>0.0000000000</Andel_av_fondförmögenhet_instrument>
      </FinansielltInstrument>
      <FinansielltInstrument>
        <Tillgångsslag_enligt_LVF_5_kap>DerivatinstrumentSamtTeknikerOchInstrument</Tillgångsslag_enligt_LVF_5_kap>
        <Instrumentnamn>OMXESG3A</Instrumentnamn>
        <ISIN-kod_instrument>SE0018783508</ISIN-kod_instrument>
        <Landkod_Emittent>SE</Landkod_Emittent>
        <Valuta>SEK</Valuta>
        <Antal>-218100.0000000000</Antal>
        <Nominellt_belopp />
        <Kurs_som_använts_vid_värdering_av_instrumentet>0.0000000000</Kurs_som_använts_vid_värdering_av_instrumentet>
        <Valutakurs_instrument>1.00000000000000000000</Valutakurs_instrument>
        <Marknadsvärde_instrument>0.00</Marknadsvärde_instrument>
        <Andel_av_fondförmögenhet_instrument>0.0000000000</Andel_av_fondförmögenhet_instrument>
      </FinansielltInstrument>
    </FinansiellaInstrument>
  </Fondinformation>
  <Fondinformation />
</VärdepappersfondInnehav>