﻿<?xml version="1.0" encoding="utf-8"?>
<VärdepappersfondInnehav xmlns="http://schemas.fi.se/publika/vardepappersfonder/20200331">
  <Rapportinformation>
    <Kvartalsslut>2022-12-31</Kvartalsslut>
  </Rapportinformation>
  <Bolagsinformation>
    <Fondbolag_namn>Handelsbanken Fonder AB</Fondbolag_namn>
    <Fondbolag_institutnummer>58037</Fondbolag_institutnummer>
    <Fondbolag_LEI-kod>549300RJTULO02U5ZG71</Fondbolag_LEI-kod>
  </Bolagsinformation>
  <Fondinformation>
    <Fond_institutnummer>51541</Fond_institutnummer>
    <Fond_ISIN-kod>SE0000582033</Fond_ISIN-kod>
    <Fond_namn>Handelsbanken Sverige Tema</Fond_namn>
    <Förvaltningsavgift>
      <MedAndelsklasser>
        <Förvaltningsavgift>
          <Andelsklass_namn>Handelsbanken Sverige Tema A10 SEK</Andelsklass_namn>
          <Förvaltningsavgift_Typ>
            <Förvaltningsavgift_fast>0.50</Förvaltningsavgift_fast>
          </Förvaltningsavgift_Typ>
        </Förvaltningsavgift>
        <Förvaltningsavgift>
          <Andelsklass_namn>Handelsbanken Sverige Tema A1 SEK</Andelsklass_namn>
          <Förvaltningsavgift_Typ>
            <Förvaltningsavgift_fast>1.00</Förvaltningsavgift_fast>
          </Förvaltningsavgift_Typ>
        </Förvaltningsavgift>
        <Förvaltningsavgift>
          <Andelsklass_namn>Handelsbanken Sverige Tema A9 SEK</Andelsklass_namn>
          <Förvaltningsavgift_Typ>
            <Förvaltningsavgift_fast>0.50</Förvaltningsavgift_fast>
          </Förvaltningsavgift_Typ>
        </Förvaltningsavgift>
        <Förvaltningsavgift>
          <Andelsklass_namn>Handelsbanken Sverige Tema A9 EUR</Andelsklass_namn>
          <Förvaltningsavgift_Typ>
            <Förvaltningsavgift_fast>0.50</Förvaltningsavgift_fast>
          </Förvaltningsavgift_Typ>
        </Förvaltningsavgift>
        <Förvaltningsavgift>
          <Andelsklass_namn>Handelsbanken Sverige Tema B1 SEK</Andelsklass_namn>
          <Förvaltningsavgift_Typ>
            <Förvaltningsavgift_fast>1.00</Förvaltningsavgift_fast>
          </Förvaltningsavgift_Typ>
        </Förvaltningsavgift>
      </MedAndelsklasser>
    </Förvaltningsavgift>
    <Fondförmögenhet>14733451022</Fondförmögenhet>
    <Likvida_medel>643285294</Likvida_medel>
    <Övriga_tillgångar_och_skulder>-8806584</Övriga_tillgångar_och_skulder>
    <Aktiv_risk>3.57</Aktiv_risk>
    <Standardavvikelse_24_månader>22.2000000000</Standardavvikelse_24_månader>
    <Jämförelseindex>
      <Jämförelseindex>SIX SRI Sweden Index GI</Jämförelseindex>
    </Jämförelseindex>
    <FinansiellaInstrument>
      <FinansielltInstrument>
        <Tillgångsslag_enligt_LVF_5_kap>ÖverlåtbartVärdepapper</Tillgångsslag_enligt_LVF_5_kap>
        <Instrumentnamn>ABB Ltd</Instrumentnamn>
        <ISIN-kod_instrument>CH0012221716</ISIN-kod_instrument>
        <Landkod_Emittent>CH</Landkod_Emittent>
        <Valuta>SEK</Valuta>
        <Antal>500000.0000000000</Antal>
        <Nominellt_belopp />
        <Kurs_som_använts_vid_värdering_av_instrumentet>316.2000000000</Kurs_som_använts_vid_värdering_av_instrumentet>
        <Valutakurs_instrument>1.00000000000000000000</Valutakurs_instrument>
        <Marknadsvärde_instrument>158100000.00</Marknadsvärde_instrument>
        <Andel_av_fondförmögenhet_instrument>1.0700000000</Andel_av_fondförmögenhet_instrument>
        <Bransch>
          <Branschkod_instrument>20</Branschkod_instrument>
          <Bransch_namn_instrument>Industrials</Bransch_namn_instrument>
        </Bransch>
      </FinansielltInstrument>
      <FinansielltInstrument>
        <Tillgångsslag_enligt_LVF_5_kap>ÖverlåtbartVärdepapper</Tillgångsslag_enligt_LVF_5_kap>
        <Instrumentnamn>Nordea Bank Abp Stockholm</Instrumentnamn>
        <ISIN-kod_instrument>FI4000297767</ISIN-kod_instrument>
        <Landkod_Emittent>FI</Landkod_Emittent>
        <Valuta>SEK</Valuta>
        <Antal>2050000.0000000000</Antal>
        <Nominellt_belopp />
        <Kurs_som_använts_vid_värdering_av_instrumentet>111.6800000000</Kurs_som_använts_vid_värdering_av_instrumentet>
        <Valutakurs_instrument>1.00000000000000000000</Valutakurs_instrument>
        <Marknadsvärde_instrument>228944000.00</Marknadsvärde_instrument>
        <Andel_av_fondförmögenhet_instrument>1.5500000000</Andel_av_fondförmögenhet_instrument>
        <Bransch>
          <Branschkod_instrument>40</Branschkod_instrument>
          <Bransch_namn_instrument>Financials</Bransch_namn_instrument>
        </Bransch>
      </FinansielltInstrument>
      <FinansielltInstrument>
        <Tillgångsslag_enligt_LVF_5_kap>ÖverlåtbartVärdepapper</Tillgångsslag_enligt_LVF_5_kap>
        <Instrumentnamn>AstraZeneca PLC</Instrumentnamn>
        <ISIN-kod_instrument>GB0009895292</ISIN-kod_instrument>
        <Landkod_Emittent>GB</Landkod_Emittent>
        <Valuta>SEK</Valuta>
        <Antal>250000.0000000000</Antal>
        <Nominellt_belopp />
        <Kurs_som_använts_vid_värdering_av_instrumentet>1403.5000000000</Kurs_som_använts_vid_värdering_av_instrumentet>
        <Valutakurs_instrument>1.00000000000000000000</Valutakurs_instrument>
        <Marknadsvärde_instrument>350875000.00</Marknadsvärde_instrument>
        <Andel_av_fondförmögenhet_instrument>2.3800000000</Andel_av_fondförmögenhet_instrument>
        <Bransch>
          <Branschkod_instrument>35</Branschkod_instrument>
          <Bransch_namn_instrument>Health Care</Bransch_namn_instrument>
        </Bransch>
      </FinansielltInstrument>
      <FinansielltInstrument>
        <Tillgångsslag_enligt_LVF_5_kap>ÖverlåtbartVärdepapper</Tillgångsslag_enligt_LVF_5_kap>
        <Instrumentnamn>Hennes &amp; Mauritz AB, H &amp; M ser. B</Instrumentnamn>
        <ISIN-kod_instrument>SE0000106270</ISIN-kod_instrument>
        <Landkod_Emittent>SE</Landkod_Emittent>
        <Valuta>SEK</Valuta>
        <Antal>5200000.0000000000</Antal>
        <Nominellt_belopp />
        <Kurs_som_använts_vid_värdering_av_instrumentet>112.2400000000</Kurs_som_använts_vid_värdering_av_instrumentet>
        <Valutakurs_instrument>1.00000000000000000000</Valutakurs_instrument>
        <Marknadsvärde_instrument>583648000.00</Marknadsvärde_instrument>
        <Andel_av_fondförmögenhet_instrument>3.9600000000</Andel_av_fondförmögenhet_instrument>
        <Bransch>
          <Branschkod_instrument>25</Branschkod_instrument>
          <Bransch_namn_instrument>Consumer Discretionary</Bransch_namn_instrument>
        </Bransch>
      </FinansielltInstrument>
      <FinansielltInstrument>
        <Tillgångsslag_enligt_LVF_5_kap>ÖverlåtbartVärdepapper</Tillgångsslag_enligt_LVF_5_kap>
        <Instrumentnamn>Ericsson, Telefonaktiebolaget LM B</Instrumentnamn>
        <ISIN-kod_instrument>SE0000108656</ISIN-kod_instrument>
        <Landkod_Emittent>SE</Landkod_Emittent>
        <Valuta>SEK</Valuta>
        <Antal>9700000.0000000000</Antal>
        <Nominellt_belopp />
        <Kurs_som_använts_vid_värdering_av_instrumentet>60.9000000000</Kurs_som_använts_vid_värdering_av_instrumentet>
        <Valutakurs_instrument>1.00000000000000000000</Valutakurs_instrument>
        <Marknadsvärde_instrument>590730000.00</Marknadsvärde_instrument>
        <Andel_av_fondförmögenhet_instrument>4.0100000000</Andel_av_fondförmögenhet_instrument>
        <Bransch>
          <Branschkod_instrument>45</Branschkod_instrument>
          <Bransch_namn_instrument>Information Technology</Bransch_namn_instrument>
        </Bransch>
      </FinansielltInstrument>
      <FinansielltInstrument>
        <Tillgångsslag_enligt_LVF_5_kap>ÖverlåtbartVärdepapper</Tillgångsslag_enligt_LVF_5_kap>
        <Instrumentnamn>Volvo, AB ser. B</Instrumentnamn>
        <ISIN-kod_instrument>SE0000115446</ISIN-kod_instrument>
        <Landkod_Emittent>SE</Landkod_Emittent>
        <Valuta>SEK</Valuta>
        <Antal>2450000.0000000000</Antal>
        <Nominellt_belopp />
        <Kurs_som_använts_vid_värdering_av_instrumentet>188.4800000000</Kurs_som_använts_vid_värdering_av_instrumentet>
        <Valutakurs_instrument>1.00000000000000000000</Valutakurs_instrument>
        <Marknadsvärde_instrument>461776000.00</Marknadsvärde_instrument>
        <Andel_av_fondförmögenhet_instrument>3.1300000000</Andel_av_fondförmögenhet_instrument>
        <Bransch>
          <Branschkod_instrument>20</Branschkod_instrument>
          <Bransch_namn_instrument>Industrials</Bransch_namn_instrument>
        </Bransch>
      </FinansielltInstrument>
      <FinansielltInstrument>
        <Tillgångsslag_enligt_LVF_5_kap>ÖverlåtbartVärdepapper</Tillgångsslag_enligt_LVF_5_kap>
        <Instrumentnamn>Skandinaviska Enskilda Banken ser. A</Instrumentnamn>
        <ISIN-kod_instrument>SE0000148884</ISIN-kod_instrument>
        <Landkod_Emittent>SE</Landkod_Emittent>
        <Valuta>SEK</Valuta>
        <Antal>3650000.0000000000</Antal>
        <Nominellt_belopp />
        <Kurs_som_använts_vid_värdering_av_instrumentet>119.9500000000</Kurs_som_använts_vid_värdering_av_instrumentet>
        <Valutakurs_instrument>1.00000000000000000000</Valutakurs_instrument>
        <Marknadsvärde_instrument>437817500.00</Marknadsvärde_instrument>
        <Andel_av_fondförmögenhet_instrument>2.9700000000</Andel_av_fondförmögenhet_instrument>
        <Bransch>
          <Branschkod_instrument>40</Branschkod_instrument>
          <Bransch_namn_instrument>Financials</Bransch_namn_instrument>
        </Bransch>
      </FinansielltInstrument>
      <FinansielltInstrument>
        <Tillgångsslag_enligt_LVF_5_kap>ÖverlåtbartVärdepapper</Tillgångsslag_enligt_LVF_5_kap>
        <Instrumentnamn>Securitas AB</Instrumentnamn>
        <ISIN-kod_instrument>SE0000163594</ISIN-kod_instrument>
        <Landkod_Emittent>SE</Landkod_Emittent>
        <Valuta>SEK</Valuta>
        <Antal>1085714.0000000000</Antal>
        <Nominellt_belopp />
        <Kurs_som_använts_vid_värdering_av_instrumentet>86.9600000000</Kurs_som_använts_vid_värdering_av_instrumentet>
        <Valutakurs_instrument>1.00000000000000000000</Valutakurs_instrument>
        <Marknadsvärde_instrument>94413689.44</Marknadsvärde_instrument>
        <Andel_av_fondförmögenhet_instrument>0.6400000000</Andel_av_fondförmögenhet_instrument>
        <Bransch>
          <Branschkod_instrument>20</Branschkod_instrument>
          <Bransch_namn_instrument>Industrials</Bransch_namn_instrument>
        </Bransch>
      </FinansielltInstrument>
      <FinansielltInstrument>
        <Tillgångsslag_enligt_LVF_5_kap>ÖverlåtbartVärdepapper</Tillgångsslag_enligt_LVF_5_kap>
        <Instrumentnamn>Getinge AB ser. B</Instrumentnamn>
        <ISIN-kod_instrument>SE0000202624</ISIN-kod_instrument>
        <Landkod_Emittent>SE</Landkod_Emittent>
        <Valuta>SEK</Valuta>
        <Antal>1000000.0000000000</Antal>
        <Nominellt_belopp />
        <Kurs_som_använts_vid_värdering_av_instrumentet>216.3000000000</Kurs_som_använts_vid_värdering_av_instrumentet>
        <Valutakurs_instrument>1.00000000000000000000</Valutakurs_instrument>
        <Marknadsvärde_instrument>216300000.00</Marknadsvärde_instrument>
        <Andel_av_fondförmögenhet_instrument>1.4700000000</Andel_av_fondförmögenhet_instrument>
        <Bransch>
          <Branschkod_instrument>35</Branschkod_instrument>
          <Bransch_namn_instrument>Health Care</Bransch_namn_instrument>
        </Bransch>
      </FinansielltInstrument>
      <FinansielltInstrument>
        <Tillgångsslag_enligt_LVF_5_kap>ÖverlåtbartVärdepapper</Tillgångsslag_enligt_LVF_5_kap>
        <Instrumentnamn>Mycronic AB</Instrumentnamn>
        <ISIN-kod_instrument>SE0000375115</ISIN-kod_instrument>
        <Landkod_Emittent>SE</Landkod_Emittent>
        <Valuta>SEK</Valuta>
        <Antal>600000.0000000000</Antal>
        <Nominellt_belopp />
        <Kurs_som_använts_vid_värdering_av_instrumentet>195.8000000000</Kurs_som_använts_vid_värdering_av_instrumentet>
        <Valutakurs_instrument>1.00000000000000000000</Valutakurs_instrument>
        <Marknadsvärde_instrument>117480000.00</Marknadsvärde_instrument>
        <Andel_av_fondförmögenhet_instrument>0.8000000000</Andel_av_fondförmögenhet_instrument>
        <Bransch>
          <Branschkod_instrument>45</Branschkod_instrument>
          <Bransch_namn_instrument>Information Technology</Bransch_namn_instrument>
        </Bransch>
      </FinansielltInstrument>
      <FinansielltInstrument>
        <Tillgångsslag_enligt_LVF_5_kap>ÖverlåtbartVärdepapper</Tillgångsslag_enligt_LVF_5_kap>
        <Instrumentnamn>Castellum AB</Instrumentnamn>
        <ISIN-kod_instrument>SE0000379190</ISIN-kod_instrument>
        <Landkod_Emittent>SE</Landkod_Emittent>
        <Valuta>SEK</Valuta>
        <Antal>1600000.0000000000</Antal>
        <Nominellt_belopp />
        <Kurs_som_använts_vid_värdering_av_instrumentet>126.2500000000</Kurs_som_använts_vid_värdering_av_instrumentet>
        <Valutakurs_instrument>1.00000000000000000000</Valutakurs_instrument>
        <Marknadsvärde_instrument>202000000.00</Marknadsvärde_instrument>
        <Andel_av_fondförmögenhet_instrument>1.3700000000</Andel_av_fondförmögenhet_instrument>
        <Bransch>
          <Branschkod_instrument>60</Branschkod_instrument>
          <Bransch_namn_instrument>Real Estate</Bransch_namn_instrument>
        </Bransch>
      </FinansielltInstrument>
      <FinansielltInstrument>
        <Tillgångsslag_enligt_LVF_5_kap>ÖverlåtbartVärdepapper</Tillgångsslag_enligt_LVF_5_kap>
        <Instrumentnamn>Biotage AB</Instrumentnamn>
        <ISIN-kod_instrument>SE0000454746</ISIN-kod_instrument>
        <Landkod_Emittent>SE</Landkod_Emittent>
        <Valuta>SEK</Valuta>
        <Antal>600000.0000000000</Antal>
        <Nominellt_belopp />
        <Kurs_som_använts_vid_värdering_av_instrumentet>185.5000000000</Kurs_som_använts_vid_värdering_av_instrumentet>
        <Valutakurs_instrument>1.00000000000000000000</Valutakurs_instrument>
        <Marknadsvärde_instrument>111300000.00</Marknadsvärde_instrument>
        <Andel_av_fondförmögenhet_instrument>0.7600000000</Andel_av_fondförmögenhet_instrument>
        <Bransch>
          <Branschkod_instrument>35</Branschkod_instrument>
          <Bransch_namn_instrument>Health Care</Bransch_namn_instrument>
        </Bransch>
      </FinansielltInstrument>
      <FinansielltInstrument>
        <Tillgångsslag_enligt_LVF_5_kap>ÖverlåtbartVärdepapper</Tillgångsslag_enligt_LVF_5_kap>
        <Instrumentnamn>Sandvik AB</Instrumentnamn>
        <ISIN-kod_instrument>SE0000667891</ISIN-kod_instrument>
        <Landkod_Emittent>SE</Landkod_Emittent>
        <Valuta>SEK</Valuta>
        <Antal>425000.0000000000</Antal>
        <Nominellt_belopp />
        <Kurs_som_använts_vid_värdering_av_instrumentet>188.4000000000</Kurs_som_använts_vid_värdering_av_instrumentet>
        <Valutakurs_instrument>1.00000000000000000000</Valutakurs_instrument>
        <Marknadsvärde_instrument>80070000.00</Marknadsvärde_instrument>
        <Andel_av_fondförmögenhet_instrument>0.5400000000</Andel_av_fondförmögenhet_instrument>
        <Bransch>
          <Branschkod_instrument>20</Branschkod_instrument>
          <Bransch_namn_instrument>Industrials</Bransch_namn_instrument>
        </Bransch>
      </FinansielltInstrument>
      <FinansielltInstrument>
        <Tillgångsslag_enligt_LVF_5_kap>ÖverlåtbartVärdepapper</Tillgångsslag_enligt_LVF_5_kap>
        <Instrumentnamn>Telia Company</Instrumentnamn>
        <ISIN-kod_instrument>SE0000667925</ISIN-kod_instrument>
        <Landkod_Emittent>SE</Landkod_Emittent>
        <Valuta>SEK</Valuta>
        <Antal>1000000.0000000000</Antal>
        <Nominellt_belopp />
        <Kurs_som_använts_vid_värdering_av_instrumentet>26.6600000000</Kurs_som_använts_vid_värdering_av_instrumentet>
        <Valutakurs_instrument>1.00000000000000000000</Valutakurs_instrument>
        <Marknadsvärde_instrument>26660000.00</Marknadsvärde_instrument>
        <Andel_av_fondförmögenhet_instrument>0.1800000000</Andel_av_fondförmögenhet_instrument>
        <Bransch>
          <Branschkod_instrument>50</Branschkod_instrument>
          <Bransch_namn_instrument>Communication Services</Bransch_namn_instrument>
        </Bransch>
      </FinansielltInstrument>
      <FinansielltInstrument>
        <Tillgångsslag_enligt_LVF_5_kap>ÖverlåtbartVärdepapper</Tillgångsslag_enligt_LVF_5_kap>
        <Instrumentnamn>Alfa Laval</Instrumentnamn>
        <ISIN-kod_instrument>SE0000695876</ISIN-kod_instrument>
        <Landkod_Emittent>SE</Landkod_Emittent>
        <Valuta>SEK</Valuta>
        <Antal>850000.0000000000</Antal>
        <Nominellt_belopp />
        <Kurs_som_använts_vid_värdering_av_instrumentet>301.1000000000</Kurs_som_använts_vid_värdering_av_instrumentet>
        <Valutakurs_instrument>1.00000000000000000000</Valutakurs_instrument>
        <Marknadsvärde_instrument>255935000.00</Marknadsvärde_instrument>
        <Andel_av_fondförmögenhet_instrument>1.7400000000</Andel_av_fondförmögenhet_instrument>
        <Bransch>
          <Branschkod_instrument>20</Branschkod_instrument>
          <Bransch_namn_instrument>Industrials</Bransch_namn_instrument>
        </Bransch>
      </FinansielltInstrument>
      <FinansielltInstrument>
        <Tillgångsslag_enligt_LVF_5_kap>ÖverlåtbartVärdepapper</Tillgångsslag_enligt_LVF_5_kap>
        <Instrumentnamn>Indutrade AB</Instrumentnamn>
        <ISIN-kod_instrument>SE0001515552</ISIN-kod_instrument>
        <Landkod_Emittent>SE</Landkod_Emittent>
        <Valuta>SEK</Valuta>
        <Antal>300000.0000000000</Antal>
        <Nominellt_belopp />
        <Kurs_som_använts_vid_värdering_av_instrumentet>211.1000000000</Kurs_som_använts_vid_värdering_av_instrumentet>
        <Valutakurs_instrument>1.00000000000000000000</Valutakurs_instrument>
        <Marknadsvärde_instrument>63330000.00</Marknadsvärde_instrument>
        <Andel_av_fondförmögenhet_instrument>0.4300000000</Andel_av_fondförmögenhet_instrument>
        <Bransch>
          <Branschkod_instrument>20</Branschkod_instrument>
          <Bransch_namn_instrument>Industrials</Bransch_namn_instrument>
        </Bransch>
      </FinansielltInstrument>
      <FinansielltInstrument>
        <Tillgångsslag_enligt_LVF_5_kap>ÖverlåtbartVärdepapper</Tillgångsslag_enligt_LVF_5_kap>
        <Instrumentnamn>Husqvarna AB ser. B</Instrumentnamn>
        <ISIN-kod_instrument>SE0001662230</ISIN-kod_instrument>
        <Landkod_Emittent>SE</Landkod_Emittent>
        <Valuta>SEK</Valuta>
        <Antal>900000.0000000000</Antal>
        <Nominellt_belopp />
        <Kurs_som_använts_vid_värdering_av_instrumentet>73.1200000000</Kurs_som_använts_vid_värdering_av_instrumentet>
        <Valutakurs_instrument>1.00000000000000000000</Valutakurs_instrument>
        <Marknadsvärde_instrument>65808000.00</Marknadsvärde_instrument>
        <Andel_av_fondförmögenhet_instrument>0.4500000000</Andel_av_fondförmögenhet_instrument>
        <Bransch>
          <Branschkod_instrument>20</Branschkod_instrument>
          <Bransch_namn_instrument>Industrials</Bransch_namn_instrument>
        </Bransch>
      </FinansielltInstrument>
      <FinansielltInstrument>
        <Tillgångsslag_enligt_LVF_5_kap>ÖverlåtbartVärdepapper</Tillgångsslag_enligt_LVF_5_kap>
        <Instrumentnamn>Sagax AB B</Instrumentnamn>
        <ISIN-kod_instrument>SE0005127818</ISIN-kod_instrument>
        <Landkod_Emittent>SE</Landkod_Emittent>
        <Valuta>SEK</Valuta>
        <Antal>775000.0000000000</Antal>
        <Nominellt_belopp />
        <Kurs_som_använts_vid_värdering_av_instrumentet>236.5000000000</Kurs_som_använts_vid_värdering_av_instrumentet>
        <Valutakurs_instrument>1.00000000000000000000</Valutakurs_instrument>
        <Marknadsvärde_instrument>183287500.00</Marknadsvärde_instrument>
        <Andel_av_fondförmögenhet_instrument>1.2400000000</Andel_av_fondförmögenhet_instrument>
        <Bransch>
          <Branschkod_instrument>60</Branschkod_instrument>
          <Bransch_namn_instrument>Real Estate</Bransch_namn_instrument>
        </Bransch>
      </FinansielltInstrument>
      <FinansielltInstrument>
        <Tillgångsslag_enligt_LVF_5_kap>ÖverlåtbartVärdepapper</Tillgångsslag_enligt_LVF_5_kap>
        <Instrumentnamn>Tele2 B</Instrumentnamn>
        <ISIN-kod_instrument>SE0005190238</ISIN-kod_instrument>
        <Landkod_Emittent>SE</Landkod_Emittent>
        <Valuta>SEK</Valuta>
        <Antal>200000.0000000000</Antal>
        <Nominellt_belopp />
        <Kurs_som_använts_vid_värdering_av_instrumentet>85.1000000000</Kurs_som_använts_vid_värdering_av_instrumentet>
        <Valutakurs_instrument>1.00000000000000000000</Valutakurs_instrument>
        <Marknadsvärde_instrument>17020000.00</Marknadsvärde_instrument>
        <Andel_av_fondförmögenhet_instrument>0.1200000000</Andel_av_fondförmögenhet_instrument>
        <Bransch>
          <Branschkod_instrument>50</Branschkod_instrument>
          <Bransch_namn_instrument>Communication Services</Bransch_namn_instrument>
        </Bransch>
      </FinansielltInstrument>
      <FinansielltInstrument>
        <Tillgångsslag_enligt_LVF_5_kap>ÖverlåtbartVärdepapper</Tillgångsslag_enligt_LVF_5_kap>
        <Instrumentnamn>Bufab AB</Instrumentnamn>
        <ISIN-kod_instrument>SE0005677135</ISIN-kod_instrument>
        <Landkod_Emittent>SE</Landkod_Emittent>
        <Valuta>SEK</Valuta>
        <Antal>300000.0000000000</Antal>
        <Nominellt_belopp />
        <Kurs_som_använts_vid_värdering_av_instrumentet>234.0000000000</Kurs_som_använts_vid_värdering_av_instrumentet>
        <Valutakurs_instrument>1.00000000000000000000</Valutakurs_instrument>
        <Marknadsvärde_instrument>70200000.00</Marknadsvärde_instrument>
        <Andel_av_fondförmögenhet_instrument>0.4800000000</Andel_av_fondförmögenhet_instrument>
        <Bransch>
          <Branschkod_instrument>20</Branschkod_instrument>
          <Bransch_namn_instrument>Industrials</Bransch_namn_instrument>
        </Bransch>
      </FinansielltInstrument>
      <FinansielltInstrument>
        <Tillgångsslag_enligt_LVF_5_kap>ÖverlåtbartVärdepapper</Tillgångsslag_enligt_LVF_5_kap>
        <Instrumentnamn>AFRY AB</Instrumentnamn>
        <ISIN-kod_instrument>SE0005999836</ISIN-kod_instrument>
        <Landkod_Emittent>SE</Landkod_Emittent>
        <Valuta>SEK</Valuta>
        <Antal>925000.0000000000</Antal>
        <Nominellt_belopp />
        <Kurs_som_använts_vid_värdering_av_instrumentet>170.9000000000</Kurs_som_använts_vid_värdering_av_instrumentet>
        <Valutakurs_instrument>1.00000000000000000000</Valutakurs_instrument>
        <Marknadsvärde_instrument>158082500.00</Marknadsvärde_instrument>
        <Andel_av_fondförmögenhet_instrument>1.0700000000</Andel_av_fondförmögenhet_instrument>
        <Bransch>
          <Branschkod_instrument>20</Branschkod_instrument>
          <Bransch_namn_instrument>Industrials</Bransch_namn_instrument>
        </Bransch>
      </FinansielltInstrument>
      <FinansielltInstrument>
        <Tillgångsslag_enligt_LVF_5_kap>ÖverlåtbartVärdepapper</Tillgångsslag_enligt_LVF_5_kap>
        <Instrumentnamn>Thule Group Ord Shs</Instrumentnamn>
        <ISIN-kod_instrument>SE0006422390</ISIN-kod_instrument>
        <Landkod_Emittent>SE</Landkod_Emittent>
        <Valuta>SEK</Valuta>
        <Antal>250000.0000000000</Antal>
        <Nominellt_belopp />
        <Kurs_som_använts_vid_värdering_av_instrumentet>217.7000000000</Kurs_som_använts_vid_värdering_av_instrumentet>
        <Valutakurs_instrument>1.00000000000000000000</Valutakurs_instrument>
        <Marknadsvärde_instrument>54425000.00</Marknadsvärde_instrument>
        <Andel_av_fondförmögenhet_instrument>0.3700000000</Andel_av_fondförmögenhet_instrument>
        <Bransch>
          <Branschkod_instrument>25</Branschkod_instrument>
          <Bransch_namn_instrument>Consumer Discretionary</Bransch_namn_instrument>
        </Bransch>
      </FinansielltInstrument>
      <FinansielltInstrument>
        <Tillgångsslag_enligt_LVF_5_kap>ÖverlåtbartVärdepapper</Tillgångsslag_enligt_LVF_5_kap>
        <Instrumentnamn>Assa Abloy B</Instrumentnamn>
        <ISIN-kod_instrument>SE0007100581</ISIN-kod_instrument>
        <Landkod_Emittent>SE</Landkod_Emittent>
        <Valuta>SEK</Valuta>
        <Antal>2300000.0000000000</Antal>
        <Nominellt_belopp />
        <Kurs_som_använts_vid_värdering_av_instrumentet>223.7000000000</Kurs_som_använts_vid_värdering_av_instrumentet>
        <Valutakurs_instrument>1.00000000000000000000</Valutakurs_instrument>
        <Marknadsvärde_instrument>514510000.00</Marknadsvärde_instrument>
        <Andel_av_fondförmögenhet_instrument>3.4900000000</Andel_av_fondförmögenhet_instrument>
        <Bransch>
          <Branschkod_instrument>20</Branschkod_instrument>
          <Bransch_namn_instrument>Industrials</Bransch_namn_instrument>
        </Bransch>
      </FinansielltInstrument>
      <FinansielltInstrument>
        <Tillgångsslag_enligt_LVF_5_kap>ÖverlåtbartVärdepapper</Tillgångsslag_enligt_LVF_5_kap>
        <Instrumentnamn>Svenska Handelsbanken A</Instrumentnamn>
        <ISIN-kod_instrument>SE0007100599</ISIN-kod_instrument>
        <Landkod_Emittent>SE</Landkod_Emittent>
        <Valuta>SEK</Valuta>
        <Antal>3300000.0000000000</Antal>
        <Nominellt_belopp />
        <Kurs_som_använts_vid_värdering_av_instrumentet>105.1000000000</Kurs_som_använts_vid_värdering_av_instrumentet>
        <Valutakurs_instrument>1.00000000000000000000</Valutakurs_instrument>
        <Marknadsvärde_instrument>346830000.00</Marknadsvärde_instrument>
        <Andel_av_fondförmögenhet_instrument>2.3500000000</Andel_av_fondförmögenhet_instrument>
        <Bransch>
          <Branschkod_instrument>40</Branschkod_instrument>
          <Bransch_namn_instrument>Financials</Bransch_namn_instrument>
        </Bransch>
      </FinansielltInstrument>
      <FinansielltInstrument>
        <Tillgångsslag_enligt_LVF_5_kap>ÖverlåtbartVärdepapper</Tillgångsslag_enligt_LVF_5_kap>
        <Instrumentnamn>Paradox Interactive AB</Instrumentnamn>
        <ISIN-kod_instrument>SE0008294953</ISIN-kod_instrument>
        <Landkod_Emittent>SE</Landkod_Emittent>
        <Valuta>SEK</Valuta>
        <Antal>500000.0000000000</Antal>
        <Nominellt_belopp />
        <Kurs_som_använts_vid_värdering_av_instrumentet>212.2000000000</Kurs_som_använts_vid_värdering_av_instrumentet>
        <Valutakurs_instrument>1.00000000000000000000</Valutakurs_instrument>
        <Marknadsvärde_instrument>106100000.00</Marknadsvärde_instrument>
        <Andel_av_fondförmögenhet_instrument>0.7200000000</Andel_av_fondförmögenhet_instrument>
        <Bransch>
          <Branschkod_instrument>50</Branschkod_instrument>
          <Bransch_namn_instrument>Communication Services</Bransch_namn_instrument>
        </Bransch>
      </FinansielltInstrument>
      <FinansielltInstrument>
        <Tillgångsslag_enligt_LVF_5_kap>ÖverlåtbartVärdepapper</Tillgångsslag_enligt_LVF_5_kap>
        <Instrumentnamn>MIPS AB</Instrumentnamn>
        <ISIN-kod_instrument>SE0009216278</ISIN-kod_instrument>
        <Landkod_Emittent>SE</Landkod_Emittent>
        <Valuta>SEK</Valuta>
        <Antal>200000.0000000000</Antal>
        <Nominellt_belopp />
        <Kurs_som_använts_vid_värdering_av_instrumentet>429.9000000000</Kurs_som_använts_vid_värdering_av_instrumentet>
        <Valutakurs_instrument>1.00000000000000000000</Valutakurs_instrument>
        <Marknadsvärde_instrument>85980000.00</Marknadsvärde_instrument>
        <Andel_av_fondförmögenhet_instrument>0.5800000000</Andel_av_fondförmögenhet_instrument>
        <Bransch>
          <Branschkod_instrument>25</Branschkod_instrument>
          <Bransch_namn_instrument>Consumer Discretionary</Bransch_namn_instrument>
        </Bransch>
      </FinansielltInstrument>
      <FinansielltInstrument>
        <Tillgångsslag_enligt_LVF_5_kap>ÖverlåtbartVärdepapper</Tillgångsslag_enligt_LVF_5_kap>
        <Instrumentnamn>Bambuser Ord Shs</Instrumentnamn>
        <ISIN-kod_instrument>SE0009663834</ISIN-kod_instrument>
        <Landkod_Emittent>SE</Landkod_Emittent>
        <Valuta>SEK</Valuta>
        <Antal>5300000.0000000000</Antal>
        <Nominellt_belopp />
        <Kurs_som_använts_vid_värdering_av_instrumentet>3.6900000000</Kurs_som_använts_vid_värdering_av_instrumentet>
        <Valutakurs_instrument>1.00000000000000000000</Valutakurs_instrument>
        <Marknadsvärde_instrument>19557000.00</Marknadsvärde_instrument>
        <Andel_av_fondförmögenhet_instrument>0.1300000000</Andel_av_fondförmögenhet_instrument>
        <Bransch>
          <Branschkod_instrument>50</Branschkod_instrument>
          <Bransch_namn_instrument>Communication Services</Bransch_namn_instrument>
        </Bransch>
      </FinansielltInstrument>
      <FinansielltInstrument>
        <Tillgångsslag_enligt_LVF_5_kap>ÖverlåtbartVärdepapper</Tillgångsslag_enligt_LVF_5_kap>
        <Instrumentnamn>Medicover AB</Instrumentnamn>
        <ISIN-kod_instrument>SE0009778848</ISIN-kod_instrument>
        <Landkod_Emittent>SE</Landkod_Emittent>
        <Valuta>SEK</Valuta>
        <Antal>825000.0000000000</Antal>
        <Nominellt_belopp />
        <Kurs_som_använts_vid_värdering_av_instrumentet>139.7000000000</Kurs_som_använts_vid_värdering_av_instrumentet>
        <Valutakurs_instrument>1.00000000000000000000</Valutakurs_instrument>
        <Marknadsvärde_instrument>115252500.00</Marknadsvärde_instrument>
        <Andel_av_fondförmögenhet_instrument>0.7800000000</Andel_av_fondförmögenhet_instrument>
        <Bransch>
          <Branschkod_instrument>35</Branschkod_instrument>
          <Bransch_namn_instrument>Health Care</Bransch_namn_instrument>
        </Bransch>
      </FinansielltInstrument>
      <FinansielltInstrument>
        <Tillgångsslag_enligt_LVF_5_kap>ÖverlåtbartVärdepapper</Tillgångsslag_enligt_LVF_5_kap>
        <Instrumentnamn>Essity AB B</Instrumentnamn>
        <ISIN-kod_instrument>SE0009922164</ISIN-kod_instrument>
        <Landkod_Emittent>SE</Landkod_Emittent>
        <Valuta>SEK</Valuta>
        <Antal>1700000.0000000000</Antal>
        <Nominellt_belopp />
        <Kurs_som_använts_vid_värdering_av_instrumentet>273.3000000000</Kurs_som_använts_vid_värdering_av_instrumentet>
        <Valutakurs_instrument>1.00000000000000000000</Valutakurs_instrument>
        <Marknadsvärde_instrument>464610000.00</Marknadsvärde_instrument>
        <Andel_av_fondförmögenhet_instrument>3.1500000000</Andel_av_fondförmögenhet_instrument>
        <Bransch>
          <Branschkod_instrument>30</Branschkod_instrument>
          <Bransch_namn_instrument>Consumer Staples</Bransch_namn_instrument>
        </Bransch>
      </FinansielltInstrument>
      <FinansielltInstrument>
        <Tillgångsslag_enligt_LVF_5_kap>ÖverlåtbartVärdepapper</Tillgångsslag_enligt_LVF_5_kap>
        <Instrumentnamn>Corem Property B</Instrumentnamn>
        <ISIN-kod_instrument>SE0010714287</ISIN-kod_instrument>
        <Landkod_Emittent>SE</Landkod_Emittent>
        <Valuta>SEK</Valuta>
        <Antal>5000000.0000000000</Antal>
        <Nominellt_belopp />
        <Kurs_som_använts_vid_värdering_av_instrumentet>8.3900000000</Kurs_som_använts_vid_värdering_av_instrumentet>
        <Valutakurs_instrument>1.00000000000000000000</Valutakurs_instrument>
        <Marknadsvärde_instrument>41950000.00</Marknadsvärde_instrument>
        <Andel_av_fondförmögenhet_instrument>0.2800000000</Andel_av_fondförmögenhet_instrument>
        <Bransch>
          <Branschkod_instrument>60</Branschkod_instrument>
          <Bransch_namn_instrument>Real Estate</Bransch_namn_instrument>
        </Bransch>
      </FinansielltInstrument>
      <FinansielltInstrument>
        <Tillgångsslag_enligt_LVF_5_kap>ÖverlåtbartVärdepapper</Tillgångsslag_enligt_LVF_5_kap>
        <Instrumentnamn>FABEGE</Instrumentnamn>
        <ISIN-kod_instrument>SE0011166974</ISIN-kod_instrument>
        <Landkod_Emittent>SE</Landkod_Emittent>
        <Valuta>SEK</Valuta>
        <Antal>150000.0000000000</Antal>
        <Nominellt_belopp />
        <Kurs_som_använts_vid_värdering_av_instrumentet>88.7000000000</Kurs_som_använts_vid_värdering_av_instrumentet>
        <Valutakurs_instrument>1.00000000000000000000</Valutakurs_instrument>
        <Marknadsvärde_instrument>13305000.00</Marknadsvärde_instrument>
        <Andel_av_fondförmögenhet_instrument>0.0900000000</Andel_av_fondförmögenhet_instrument>
        <Bransch>
          <Branschkod_instrument>60</Branschkod_instrument>
          <Bransch_namn_instrument>Real Estate</Bransch_namn_instrument>
        </Bransch>
      </FinansielltInstrument>
      <FinansielltInstrument>
        <Tillgångsslag_enligt_LVF_5_kap>ÖverlåtbartVärdepapper</Tillgångsslag_enligt_LVF_5_kap>
        <Instrumentnamn>Viaplay Group AB - B</Instrumentnamn>
        <ISIN-kod_instrument>SE0012116390</ISIN-kod_instrument>
        <Landkod_Emittent>SE</Landkod_Emittent>
        <Valuta>SEK</Valuta>
        <Antal>1640000.0000000000</Antal>
        <Nominellt_belopp />
        <Kurs_som_använts_vid_värdering_av_instrumentet>198.0500000000</Kurs_som_använts_vid_värdering_av_instrumentet>
        <Valutakurs_instrument>1.00000000000000000000</Valutakurs_instrument>
        <Marknadsvärde_instrument>324802000.00</Marknadsvärde_instrument>
        <Andel_av_fondförmögenhet_instrument>2.2000000000</Andel_av_fondförmögenhet_instrument>
        <Bransch>
          <Branschkod_instrument>50</Branschkod_instrument>
          <Bransch_namn_instrument>Communication Services</Bransch_namn_instrument>
        </Bransch>
      </FinansielltInstrument>
      <FinansielltInstrument>
        <Tillgångsslag_enligt_LVF_5_kap>ÖverlåtbartVärdepapper</Tillgångsslag_enligt_LVF_5_kap>
        <Instrumentnamn>SkiStar Aktiebolag</Instrumentnamn>
        <ISIN-kod_instrument>SE0012141687</ISIN-kod_instrument>
        <Landkod_Emittent>SE</Landkod_Emittent>
        <Valuta>SEK</Valuta>
        <Antal>700000.0000000000</Antal>
        <Nominellt_belopp />
        <Kurs_som_använts_vid_värdering_av_instrumentet>111.0000000000</Kurs_som_använts_vid_värdering_av_instrumentet>
        <Valutakurs_instrument>1.00000000000000000000</Valutakurs_instrument>
        <Marknadsvärde_instrument>77700000.00</Marknadsvärde_instrument>
        <Andel_av_fondförmögenhet_instrument>0.5300000000</Andel_av_fondförmögenhet_instrument>
        <Bransch>
          <Branschkod_instrument>25</Branschkod_instrument>
          <Bransch_namn_instrument>Consumer Discretionary</Bransch_namn_instrument>
        </Bransch>
      </FinansielltInstrument>
      <FinansielltInstrument>
        <Tillgångsslag_enligt_LVF_5_kap>ÖverlåtbartVärdepapper</Tillgångsslag_enligt_LVF_5_kap>
        <Instrumentnamn>Avanza Bank Holding</Instrumentnamn>
        <ISIN-kod_instrument>SE0012454072</ISIN-kod_instrument>
        <Landkod_Emittent>SE</Landkod_Emittent>
        <Valuta>SEK</Valuta>
        <Antal>450000.0000000000</Antal>
        <Nominellt_belopp />
        <Kurs_som_använts_vid_värdering_av_instrumentet>223.6000000000</Kurs_som_använts_vid_värdering_av_instrumentet>
        <Valutakurs_instrument>1.00000000000000000000</Valutakurs_instrument>
        <Marknadsvärde_instrument>100620000.00</Marknadsvärde_instrument>
        <Andel_av_fondförmögenhet_instrument>0.6800000000</Andel_av_fondförmögenhet_instrument>
        <Bransch>
          <Branschkod_instrument>40</Branschkod_instrument>
          <Bransch_namn_instrument>Financials</Bransch_namn_instrument>
        </Bransch>
      </FinansielltInstrument>
      <FinansielltInstrument>
        <Tillgångsslag_enligt_LVF_5_kap>ÖverlåtbartVärdepapper</Tillgångsslag_enligt_LVF_5_kap>
        <Instrumentnamn>EQT</Instrumentnamn>
        <ISIN-kod_instrument>SE0012853455</ISIN-kod_instrument>
        <Landkod_Emittent>SE</Landkod_Emittent>
        <Valuta>SEK</Valuta>
        <Antal>1730000.0000000000</Antal>
        <Nominellt_belopp />
        <Kurs_som_använts_vid_värdering_av_instrumentet>220.6000000000</Kurs_som_använts_vid_värdering_av_instrumentet>
        <Valutakurs_instrument>1.00000000000000000000</Valutakurs_instrument>
        <Marknadsvärde_instrument>381638000.00</Marknadsvärde_instrument>
        <Andel_av_fondförmögenhet_instrument>2.5900000000</Andel_av_fondförmögenhet_instrument>
        <Bransch>
          <Branschkod_instrument>40</Branschkod_instrument>
          <Bransch_namn_instrument>Financials</Bransch_namn_instrument>
        </Bransch>
      </FinansielltInstrument>
      <FinansielltInstrument>
        <Tillgångsslag_enligt_LVF_5_kap>ÖverlåtbartVärdepapper</Tillgångsslag_enligt_LVF_5_kap>
        <Instrumentnamn>Electrolux Professional AB</Instrumentnamn>
        <ISIN-kod_instrument>SE0013747870</ISIN-kod_instrument>
        <Landkod_Emittent>SE</Landkod_Emittent>
        <Valuta>SEK</Valuta>
        <Antal>5400000.0000000000</Antal>
        <Nominellt_belopp />
        <Kurs_som_använts_vid_värdering_av_instrumentet>43.8200000000</Kurs_som_använts_vid_värdering_av_instrumentet>
        <Valutakurs_instrument>1.00000000000000000000</Valutakurs_instrument>
        <Marknadsvärde_instrument>236628000.00</Marknadsvärde_instrument>
        <Andel_av_fondförmögenhet_instrument>1.6100000000</Andel_av_fondförmögenhet_instrument>
        <Bransch>
          <Branschkod_instrument>20</Branschkod_instrument>
          <Bransch_namn_instrument>Industrials</Bransch_namn_instrument>
        </Bransch>
      </FinansielltInstrument>
      <FinansielltInstrument>
        <Tillgångsslag_enligt_LVF_5_kap>ÖverlåtbartVärdepapper</Tillgångsslag_enligt_LVF_5_kap>
        <Instrumentnamn>AddLife AB</Instrumentnamn>
        <ISIN-kod_instrument>SE0014401378</ISIN-kod_instrument>
        <Landkod_Emittent>SE</Landkod_Emittent>
        <Valuta>SEK</Valuta>
        <Antal>225000.0000000000</Antal>
        <Nominellt_belopp />
        <Kurs_som_använts_vid_värdering_av_instrumentet>108.6000000000</Kurs_som_använts_vid_värdering_av_instrumentet>
        <Valutakurs_instrument>1.00000000000000000000</Valutakurs_instrument>
        <Marknadsvärde_instrument>24435000.00</Marknadsvärde_instrument>
        <Andel_av_fondförmögenhet_instrument>0.1700000000</Andel_av_fondförmögenhet_instrument>
        <Bransch>
          <Branschkod_instrument>35</Branschkod_instrument>
          <Bransch_namn_instrument>Health Care</Bransch_namn_instrument>
        </Bransch>
      </FinansielltInstrument>
      <FinansielltInstrument>
        <Tillgångsslag_enligt_LVF_5_kap>ÖverlåtbartVärdepapper</Tillgångsslag_enligt_LVF_5_kap>
        <Instrumentnamn>Surgical Science Sweden AB</Instrumentnamn>
        <ISIN-kod_instrument>SE0014428512</ISIN-kod_instrument>
        <Landkod_Emittent>SE</Landkod_Emittent>
        <Valuta>SEK</Valuta>
        <Antal>425000.0000000000</Antal>
        <Nominellt_belopp />
        <Kurs_som_använts_vid_värdering_av_instrumentet>164.7000000000</Kurs_som_använts_vid_värdering_av_instrumentet>
        <Valutakurs_instrument>1.00000000000000000000</Valutakurs_instrument>
        <Marknadsvärde_instrument>69997500.00</Marknadsvärde_instrument>
        <Andel_av_fondförmögenhet_instrument>0.4800000000</Andel_av_fondförmögenhet_instrument>
        <Bransch>
          <Branschkod_instrument>35</Branschkod_instrument>
          <Bransch_namn_instrument>Health Care</Bransch_namn_instrument>
        </Bransch>
      </FinansielltInstrument>
      <FinansielltInstrument>
        <Tillgångsslag_enligt_LVF_5_kap>ÖverlåtbartVärdepapper</Tillgångsslag_enligt_LVF_5_kap>
        <Instrumentnamn>Addtech AB B</Instrumentnamn>
        <ISIN-kod_instrument>SE0014781795</ISIN-kod_instrument>
        <Landkod_Emittent>SE</Landkod_Emittent>
        <Valuta>SEK</Valuta>
        <Antal>950000.0000000000</Antal>
        <Nominellt_belopp />
        <Kurs_som_använts_vid_värdering_av_instrumentet>148.7000000000</Kurs_som_använts_vid_värdering_av_instrumentet>
        <Valutakurs_instrument>1.00000000000000000000</Valutakurs_instrument>
        <Marknadsvärde_instrument>141265000.00</Marknadsvärde_instrument>
        <Andel_av_fondförmögenhet_instrument>0.9600000000</Andel_av_fondförmögenhet_instrument>
        <Bransch>
          <Branschkod_instrument>20</Branschkod_instrument>
          <Bransch_namn_instrument>Industrials</Bransch_namn_instrument>
        </Bransch>
      </FinansielltInstrument>
      <FinansielltInstrument>
        <Tillgångsslag_enligt_LVF_5_kap>ÖverlåtbartVärdepapper</Tillgångsslag_enligt_LVF_5_kap>
        <Instrumentnamn>SWECO AB B</Instrumentnamn>
        <ISIN-kod_instrument>SE0014960373</ISIN-kod_instrument>
        <Landkod_Emittent>SE</Landkod_Emittent>
        <Valuta>SEK</Valuta>
        <Antal>530000.0000000000</Antal>
        <Nominellt_belopp />
        <Kurs_som_använts_vid_värdering_av_instrumentet>99.8500000000</Kurs_som_använts_vid_värdering_av_instrumentet>
        <Valutakurs_instrument>1.00000000000000000000</Valutakurs_instrument>
        <Marknadsvärde_instrument>52920500.00</Marknadsvärde_instrument>
        <Andel_av_fondförmögenhet_instrument>0.3600000000</Andel_av_fondförmögenhet_instrument>
        <Bransch>
          <Branschkod_instrument>20</Branschkod_instrument>
          <Bransch_namn_instrument>Industrials</Bransch_namn_instrument>
        </Bransch>
      </FinansielltInstrument>
      <FinansielltInstrument>
        <Tillgångsslag_enligt_LVF_5_kap>ÖverlåtbartVärdepapper</Tillgångsslag_enligt_LVF_5_kap>
        <Instrumentnamn>Re:NewCell AB</Instrumentnamn>
        <ISIN-kod_instrument>SE0014960431</ISIN-kod_instrument>
        <Landkod_Emittent>SE</Landkod_Emittent>
        <Valuta>SEK</Valuta>
        <Antal>206500.0000000000</Antal>
        <Nominellt_belopp />
        <Kurs_som_använts_vid_värdering_av_instrumentet>72.9000000000</Kurs_som_använts_vid_värdering_av_instrumentet>
        <Valutakurs_instrument>1.00000000000000000000</Valutakurs_instrument>
        <Marknadsvärde_instrument>15053850.00</Marknadsvärde_instrument>
        <Andel_av_fondförmögenhet_instrument>0.1000000000</Andel_av_fondförmögenhet_instrument>
        <Bransch>
          <Branschkod_instrument>15</Branschkod_instrument>
          <Bransch_namn_instrument>Materials</Bransch_namn_instrument>
        </Bransch>
      </FinansielltInstrument>
      <FinansielltInstrument>
        <Tillgångsslag_enligt_LVF_5_kap>ÖverlåtbartVärdepapper</Tillgångsslag_enligt_LVF_5_kap>
        <Instrumentnamn>Lagercrantz Group Aktiebolag</Instrumentnamn>
        <ISIN-kod_instrument>SE0014990966</ISIN-kod_instrument>
        <Landkod_Emittent>SE</Landkod_Emittent>
        <Valuta>SEK</Valuta>
        <Antal>900000.0000000000</Antal>
        <Nominellt_belopp />
        <Kurs_som_använts_vid_värdering_av_instrumentet>103.3000000000</Kurs_som_använts_vid_värdering_av_instrumentet>
        <Valutakurs_instrument>1.00000000000000000000</Valutakurs_instrument>
        <Marknadsvärde_instrument>92970000.00</Marknadsvärde_instrument>
        <Andel_av_fondförmögenhet_instrument>0.6300000000</Andel_av_fondförmögenhet_instrument>
        <Bransch>
          <Branschkod_instrument>45</Branschkod_instrument>
          <Bransch_namn_instrument>Information Technology</Bransch_namn_instrument>
        </Bransch>
      </FinansielltInstrument>
      <FinansielltInstrument>
        <Tillgångsslag_enligt_LVF_5_kap>ÖverlåtbartVärdepapper</Tillgångsslag_enligt_LVF_5_kap>
        <Instrumentnamn>Nordnet AB</Instrumentnamn>
        <ISIN-kod_instrument>SE0015192067</ISIN-kod_instrument>
        <Landkod_Emittent>SE</Landkod_Emittent>
        <Valuta>SEK</Valuta>
        <Antal>700000.0000000000</Antal>
        <Nominellt_belopp />
        <Kurs_som_använts_vid_värdering_av_instrumentet>150.9500000000</Kurs_som_använts_vid_värdering_av_instrumentet>
        <Valutakurs_instrument>1.00000000000000000000</Valutakurs_instrument>
        <Marknadsvärde_instrument>105665000.00</Marknadsvärde_instrument>
        <Andel_av_fondförmögenhet_instrument>0.7200000000</Andel_av_fondförmögenhet_instrument>
        <Bransch>
          <Branschkod_instrument>40</Branschkod_instrument>
          <Bransch_namn_instrument>Financials</Bransch_namn_instrument>
        </Bransch>
      </FinansielltInstrument>
      <FinansielltInstrument>
        <Tillgångsslag_enligt_LVF_5_kap>ÖverlåtbartVärdepapper</Tillgångsslag_enligt_LVF_5_kap>
        <Instrumentnamn>Stillfront Group AB Ord Shs</Instrumentnamn>
        <ISIN-kod_instrument>SE0015346135</ISIN-kod_instrument>
        <Landkod_Emittent>SE</Landkod_Emittent>
        <Valuta>SEK</Valuta>
        <Antal>6000000.0000000000</Antal>
        <Nominellt_belopp />
        <Kurs_som_använts_vid_värdering_av_instrumentet>17.5200000000</Kurs_som_använts_vid_värdering_av_instrumentet>
        <Valutakurs_instrument>1.00000000000000000000</Valutakurs_instrument>
        <Marknadsvärde_instrument>105120000.00</Marknadsvärde_instrument>
        <Andel_av_fondförmögenhet_instrument>0.7100000000</Andel_av_fondförmögenhet_instrument>
        <Bransch>
          <Branschkod_instrument>50</Branschkod_instrument>
          <Bransch_namn_instrument>Communication Services</Bransch_namn_instrument>
        </Bransch>
      </FinansielltInstrument>
      <FinansielltInstrument>
        <Tillgångsslag_enligt_LVF_5_kap>ÖverlåtbartVärdepapper</Tillgångsslag_enligt_LVF_5_kap>
        <Instrumentnamn>Cint Group AB</Instrumentnamn>
        <ISIN-kod_instrument>SE0015483276</ISIN-kod_instrument>
        <Landkod_Emittent>SE</Landkod_Emittent>
        <Valuta>SEK</Valuta>
        <Antal>5017000.0000000000</Antal>
        <Nominellt_belopp />
        <Kurs_som_använts_vid_värdering_av_instrumentet>41.8800000000</Kurs_som_använts_vid_värdering_av_instrumentet>
        <Valutakurs_instrument>1.00000000000000000000</Valutakurs_instrument>
        <Marknadsvärde_instrument>210111960.00</Marknadsvärde_instrument>
        <Andel_av_fondförmögenhet_instrument>1.4300000000</Andel_av_fondförmögenhet_instrument>
        <Bransch>
          <Branschkod_instrument>45</Branschkod_instrument>
          <Bransch_namn_instrument>Information Technology</Bransch_namn_instrument>
        </Bransch>
      </FinansielltInstrument>
      <FinansielltInstrument>
        <Tillgångsslag_enligt_LVF_5_kap>ÖverlåtbartVärdepapper</Tillgångsslag_enligt_LVF_5_kap>
        <Instrumentnamn>Epiroc AB Ord Sh Class B</Instrumentnamn>
        <ISIN-kod_instrument>SE0015658117</ISIN-kod_instrument>
        <Landkod_Emittent>SE</Landkod_Emittent>
        <Valuta>SEK</Valuta>
        <Antal>2700000.0000000000</Antal>
        <Nominellt_belopp />
        <Kurs_som_använts_vid_värdering_av_instrumentet>167.6500000000</Kurs_som_använts_vid_värdering_av_instrumentet>
        <Valutakurs_instrument>1.00000000000000000000</Valutakurs_instrument>
        <Marknadsvärde_instrument>452655000.00</Marknadsvärde_instrument>
        <Andel_av_fondförmögenhet_instrument>3.0700000000</Andel_av_fondförmögenhet_instrument>
        <Bransch>
          <Branschkod_instrument>20</Branschkod_instrument>
          <Bransch_namn_instrument>Industrials</Bransch_namn_instrument>
        </Bransch>
      </FinansielltInstrument>
      <FinansielltInstrument>
        <Tillgångsslag_enligt_LVF_5_kap>ÖverlåtbartVärdepapper</Tillgångsslag_enligt_LVF_5_kap>
        <Instrumentnamn>Investor B</Instrumentnamn>
        <ISIN-kod_instrument>SE0015811963</ISIN-kod_instrument>
        <Landkod_Emittent>SE</Landkod_Emittent>
        <Valuta>SEK</Valuta>
        <Antal>4600000.0000000000</Antal>
        <Nominellt_belopp />
        <Kurs_som_använts_vid_värdering_av_instrumentet>188.5600000000</Kurs_som_använts_vid_värdering_av_instrumentet>
        <Valutakurs_instrument>1.00000000000000000000</Valutakurs_instrument>
        <Marknadsvärde_instrument>867376000.00</Marknadsvärde_instrument>
        <Andel_av_fondförmögenhet_instrument>5.8900000000</Andel_av_fondförmögenhet_instrument>
        <Bransch>
          <Branschkod_instrument>40</Branschkod_instrument>
          <Bransch_namn_instrument>Financials</Bransch_namn_instrument>
        </Bransch>
      </FinansielltInstrument>
      <FinansielltInstrument>
        <Tillgångsslag_enligt_LVF_5_kap>ÖverlåtbartVärdepapper</Tillgångsslag_enligt_LVF_5_kap>
        <Instrumentnamn>Beijer Ref AB Class B</Instrumentnamn>
        <ISIN-kod_instrument>SE0015949748</ISIN-kod_instrument>
        <Landkod_Emittent>SE</Landkod_Emittent>
        <Valuta>SEK</Valuta>
        <Antal>1100000.0000000000</Antal>
        <Nominellt_belopp />
        <Kurs_som_använts_vid_värdering_av_instrumentet>147.1000000000</Kurs_som_använts_vid_värdering_av_instrumentet>
        <Valutakurs_instrument>1.00000000000000000000</Valutakurs_instrument>
        <Marknadsvärde_instrument>161810000.00</Marknadsvärde_instrument>
        <Andel_av_fondförmögenhet_instrument>1.1000000000</Andel_av_fondförmögenhet_instrument>
        <Bransch>
          <Branschkod_instrument>20</Branschkod_instrument>
          <Bransch_namn_instrument>Industrials</Bransch_namn_instrument>
        </Bransch>
      </FinansielltInstrument>
      <FinansielltInstrument>
        <Tillgångsslag_enligt_LVF_5_kap>ÖverlåtbartVärdepapper</Tillgångsslag_enligt_LVF_5_kap>
        <Instrumentnamn>Hexagon AB ser. B</Instrumentnamn>
        <ISIN-kod_instrument>SE0015961909</ISIN-kod_instrument>
        <Landkod_Emittent>SE</Landkod_Emittent>
        <Valuta>SEK</Valuta>
        <Antal>5000000.0000000000</Antal>
        <Nominellt_belopp />
        <Kurs_som_använts_vid_värdering_av_instrumentet>109.0000000000</Kurs_som_använts_vid_värdering_av_instrumentet>
        <Valutakurs_instrument>1.00000000000000000000</Valutakurs_instrument>
        <Marknadsvärde_instrument>545000000.00</Marknadsvärde_instrument>
        <Andel_av_fondförmögenhet_instrument>3.7000000000</Andel_av_fondförmögenhet_instrument>
        <Bransch>
          <Branschkod_instrument>45</Branschkod_instrument>
          <Bransch_namn_instrument>Information Technology</Bransch_namn_instrument>
        </Bransch>
      </FinansielltInstrument>
      <FinansielltInstrument>
        <Tillgångsslag_enligt_LVF_5_kap>ÖverlåtbartVärdepapper</Tillgångsslag_enligt_LVF_5_kap>
        <Instrumentnamn>Vimian Group AB</Instrumentnamn>
        <ISIN-kod_instrument>SE0015961982</ISIN-kod_instrument>
        <Landkod_Emittent>SE</Landkod_Emittent>
        <Valuta>SEK</Valuta>
        <Antal>4850000.0000000000</Antal>
        <Nominellt_belopp />
        <Kurs_som_använts_vid_värdering_av_instrumentet>27.2200000000</Kurs_som_använts_vid_värdering_av_instrumentet>
        <Valutakurs_instrument>1.00000000000000000000</Valutakurs_instrument>
        <Marknadsvärde_instrument>132017000.00</Marknadsvärde_instrument>
        <Andel_av_fondförmögenhet_instrument>0.9000000000</Andel_av_fondförmögenhet_instrument>
        <Bransch>
          <Branschkod_instrument>35</Branschkod_instrument>
          <Bransch_namn_instrument>Health Care</Bransch_namn_instrument>
        </Bransch>
      </FinansielltInstrument>
      <FinansielltInstrument>
        <Tillgångsslag_enligt_LVF_5_kap>ÖverlåtbartVärdepapper</Tillgångsslag_enligt_LVF_5_kap>
        <Instrumentnamn>RVRC Holding AB Ord Sh</Instrumentnamn>
        <ISIN-kod_instrument>SE0015962485</ISIN-kod_instrument>
        <Landkod_Emittent>SE</Landkod_Emittent>
        <Valuta>SEK</Valuta>
        <Antal>1800000.0000000000</Antal>
        <Nominellt_belopp />
        <Kurs_som_använts_vid_värdering_av_instrumentet>35.5400000000</Kurs_som_använts_vid_värdering_av_instrumentet>
        <Valutakurs_instrument>1.00000000000000000000</Valutakurs_instrument>
        <Marknadsvärde_instrument>63972000.00</Marknadsvärde_instrument>
        <Andel_av_fondförmögenhet_instrument>0.4300000000</Andel_av_fondförmögenhet_instrument>
        <Bransch>
          <Branschkod_instrument>25</Branschkod_instrument>
          <Bransch_namn_instrument>Consumer Discretionary</Bransch_namn_instrument>
        </Bransch>
      </FinansielltInstrument>
      <FinansielltInstrument>
        <Tillgångsslag_enligt_LVF_5_kap>ÖverlåtbartVärdepapper</Tillgångsslag_enligt_LVF_5_kap>
        <Instrumentnamn>NIBE Industrier AB B</Instrumentnamn>
        <ISIN-kod_instrument>SE0015988019</ISIN-kod_instrument>
        <Landkod_Emittent>SE</Landkod_Emittent>
        <Valuta>SEK</Valuta>
        <Antal>5400000.0000000000</Antal>
        <Nominellt_belopp />
        <Kurs_som_använts_vid_värdering_av_instrumentet>97.1000000000</Kurs_som_använts_vid_värdering_av_instrumentet>
        <Valutakurs_instrument>1.00000000000000000000</Valutakurs_instrument>
        <Marknadsvärde_instrument>524340000.00</Marknadsvärde_instrument>
        <Andel_av_fondförmögenhet_instrument>3.5600000000</Andel_av_fondförmögenhet_instrument>
        <Bransch>
          <Branschkod_instrument>20</Branschkod_instrument>
          <Bransch_namn_instrument>Industrials</Bransch_namn_instrument>
        </Bransch>
      </FinansielltInstrument>
      <FinansielltInstrument>
        <Tillgångsslag_enligt_LVF_5_kap>ÖverlåtbartVärdepapper</Tillgångsslag_enligt_LVF_5_kap>
        <Instrumentnamn>Swedencare AB Ord Shs</Instrumentnamn>
        <ISIN-kod_instrument>SE0015988167</ISIN-kod_instrument>
        <Landkod_Emittent>SE</Landkod_Emittent>
        <Valuta>SEK</Valuta>
        <Antal>950000.0000000000</Antal>
        <Nominellt_belopp />
        <Kurs_som_använts_vid_värdering_av_instrumentet>30.7500000000</Kurs_som_använts_vid_värdering_av_instrumentet>
        <Valutakurs_instrument>1.00000000000000000000</Valutakurs_instrument>
        <Marknadsvärde_instrument>29212500.00</Marknadsvärde_instrument>
        <Andel_av_fondförmögenhet_instrument>0.2000000000</Andel_av_fondförmögenhet_instrument>
        <Bransch>
          <Branschkod_instrument>35</Branschkod_instrument>
          <Bransch_namn_instrument>Health Care</Bransch_namn_instrument>
        </Bransch>
      </FinansielltInstrument>
      <FinansielltInstrument>
        <Tillgångsslag_enligt_LVF_5_kap>ÖverlåtbartVärdepapper</Tillgångsslag_enligt_LVF_5_kap>
        <Instrumentnamn>OX2 AB Ord Sh</Instrumentnamn>
        <ISIN-kod_instrument>SE0016075337</ISIN-kod_instrument>
        <Landkod_Emittent>SE</Landkod_Emittent>
        <Valuta>SEK</Valuta>
        <Antal>1823500.0000000000</Antal>
        <Nominellt_belopp />
        <Kurs_som_använts_vid_värdering_av_instrumentet>87.9500000000</Kurs_som_använts_vid_värdering_av_instrumentet>
        <Valutakurs_instrument>1.00000000000000000000</Valutakurs_instrument>
        <Marknadsvärde_instrument>160376825.00</Marknadsvärde_instrument>
        <Andel_av_fondförmögenhet_instrument>1.0900000000</Andel_av_fondförmögenhet_instrument>
        <Bransch>
          <Branschkod_instrument>20</Branschkod_instrument>
          <Bransch_namn_instrument>Industrials</Bransch_namn_instrument>
        </Bransch>
      </FinansielltInstrument>
      <FinansielltInstrument>
        <Tillgångsslag_enligt_LVF_5_kap>ÖverlåtbartVärdepapper</Tillgångsslag_enligt_LVF_5_kap>
        <Instrumentnamn>Sinch AB Ord Shs</Instrumentnamn>
        <ISIN-kod_instrument>SE0016101844</ISIN-kod_instrument>
        <Landkod_Emittent>SE</Landkod_Emittent>
        <Valuta>SEK</Valuta>
        <Antal>1000000.0000000000</Antal>
        <Nominellt_belopp />
        <Kurs_som_använts_vid_värdering_av_instrumentet>38.2300000000</Kurs_som_använts_vid_värdering_av_instrumentet>
        <Valutakurs_instrument>1.00000000000000000000</Valutakurs_instrument>
        <Marknadsvärde_instrument>38230000.00</Marknadsvärde_instrument>
        <Andel_av_fondförmögenhet_instrument>0.2600000000</Andel_av_fondförmögenhet_instrument>
        <Bransch>
          <Branschkod_instrument>45</Branschkod_instrument>
          <Bransch_namn_instrument>Information Technology</Bransch_namn_instrument>
        </Bransch>
      </FinansielltInstrument>
      <FinansielltInstrument>
        <Tillgångsslag_enligt_LVF_5_kap>ÖverlåtbartVärdepapper</Tillgångsslag_enligt_LVF_5_kap>
        <Instrumentnamn>Electrolux AB B</Instrumentnamn>
        <ISIN-kod_instrument>SE0016589188</ISIN-kod_instrument>
        <Landkod_Emittent>SE</Landkod_Emittent>
        <Valuta>SEK</Valuta>
        <Antal>1800000.0000000000</Antal>
        <Nominellt_belopp />
        <Kurs_som_använts_vid_värdering_av_instrumentet>140.7800000000</Kurs_som_använts_vid_värdering_av_instrumentet>
        <Valutakurs_instrument>1.00000000000000000000</Valutakurs_instrument>
        <Marknadsvärde_instrument>253404000.00</Marknadsvärde_instrument>
        <Andel_av_fondförmögenhet_instrument>1.7200000000</Andel_av_fondförmögenhet_instrument>
        <Bransch>
          <Branschkod_instrument>25</Branschkod_instrument>
          <Bransch_namn_instrument>Consumer Discretionary</Bransch_namn_instrument>
        </Bransch>
      </FinansielltInstrument>
      <FinansielltInstrument>
        <Tillgångsslag_enligt_LVF_5_kap>ÖverlåtbartVärdepapper</Tillgångsslag_enligt_LVF_5_kap>
        <Instrumentnamn>Truecaller AB ord B</Instrumentnamn>
        <ISIN-kod_instrument>SE0016787071</ISIN-kod_instrument>
        <Landkod_Emittent>SE</Landkod_Emittent>
        <Valuta>SEK</Valuta>
        <Antal>6000000.0000000000</Antal>
        <Nominellt_belopp />
        <Kurs_som_använts_vid_värdering_av_instrumentet>32.7600000000</Kurs_som_använts_vid_värdering_av_instrumentet>
        <Valutakurs_instrument>1.00000000000000000000</Valutakurs_instrument>
        <Marknadsvärde_instrument>196560000.00</Marknadsvärde_instrument>
        <Andel_av_fondförmögenhet_instrument>1.3300000000</Andel_av_fondförmögenhet_instrument>
        <Bransch>
          <Branschkod_instrument>45</Branschkod_instrument>
          <Bransch_namn_instrument>Information Technology</Bransch_namn_instrument>
        </Bransch>
      </FinansielltInstrument>
      <FinansielltInstrument>
        <Tillgångsslag_enligt_LVF_5_kap>ÖverlåtbartVärdepapper</Tillgångsslag_enligt_LVF_5_kap>
        <Instrumentnamn>Embracer Group AB B</Instrumentnamn>
        <ISIN-kod_instrument>SE0016828511</ISIN-kod_instrument>
        <Landkod_Emittent>SE</Landkod_Emittent>
        <Valuta>SEK</Valuta>
        <Antal>8500000.0000000000</Antal>
        <Nominellt_belopp />
        <Kurs_som_använts_vid_värdering_av_instrumentet>47.2900000000</Kurs_som_använts_vid_värdering_av_instrumentet>
        <Valutakurs_instrument>1.00000000000000000000</Valutakurs_instrument>
        <Marknadsvärde_instrument>401965000.00</Marknadsvärde_instrument>
        <Andel_av_fondförmögenhet_instrument>2.7300000000</Andel_av_fondförmögenhet_instrument>
        <Bransch>
          <Branschkod_instrument>50</Branschkod_instrument>
          <Bransch_namn_instrument>Communication Services</Bransch_namn_instrument>
        </Bransch>
      </FinansielltInstrument>
      <FinansielltInstrument>
        <Tillgångsslag_enligt_LVF_5_kap>ÖverlåtbartVärdepapper</Tillgångsslag_enligt_LVF_5_kap>
        <Instrumentnamn>Synsam Group AB</Instrumentnamn>
        <ISIN-kod_instrument>SE0016829709</ISIN-kod_instrument>
        <Landkod_Emittent>SE</Landkod_Emittent>
        <Valuta>SEK</Valuta>
        <Antal>1100000.0000000000</Antal>
        <Nominellt_belopp />
        <Kurs_som_använts_vid_värdering_av_instrumentet>39.5200000000</Kurs_som_använts_vid_värdering_av_instrumentet>
        <Valutakurs_instrument>1.00000000000000000000</Valutakurs_instrument>
        <Marknadsvärde_instrument>43472000.00</Marknadsvärde_instrument>
        <Andel_av_fondförmögenhet_instrument>0.3000000000</Andel_av_fondförmögenhet_instrument>
        <Bransch>
          <Branschkod_instrument>25</Branschkod_instrument>
          <Bransch_namn_instrument>Consumer Discretionary</Bransch_namn_instrument>
        </Bransch>
      </FinansielltInstrument>
      <FinansielltInstrument>
        <Tillgångsslag_enligt_LVF_5_kap>ÖverlåtbartVärdepapper</Tillgångsslag_enligt_LVF_5_kap>
        <Instrumentnamn>Volvo Car AB ser B</Instrumentnamn>
        <ISIN-kod_instrument>SE0016844831</ISIN-kod_instrument>
        <Landkod_Emittent>SE</Landkod_Emittent>
        <Valuta>SEK</Valuta>
        <Antal>2250000.0000000000</Antal>
        <Nominellt_belopp />
        <Kurs_som_använts_vid_värdering_av_instrumentet>47.3800000000</Kurs_som_använts_vid_värdering_av_instrumentet>
        <Valutakurs_instrument>1.00000000000000000000</Valutakurs_instrument>
        <Marknadsvärde_instrument>106605000.00</Marknadsvärde_instrument>
        <Andel_av_fondförmögenhet_instrument>0.7200000000</Andel_av_fondförmögenhet_instrument>
        <Bransch>
          <Branschkod_instrument>25</Branschkod_instrument>
          <Bransch_namn_instrument>Consumer Discretionary</Bransch_namn_instrument>
        </Bransch>
      </FinansielltInstrument>
      <FinansielltInstrument>
        <Tillgångsslag_enligt_LVF_5_kap>ÖverlåtbartVärdepapper</Tillgångsslag_enligt_LVF_5_kap>
        <Instrumentnamn>Instalco AB</Instrumentnamn>
        <ISIN-kod_instrument>SE0017483506</ISIN-kod_instrument>
        <Landkod_Emittent>SE</Landkod_Emittent>
        <Valuta>SEK</Valuta>
        <Antal>2200000.0000000000</Antal>
        <Nominellt_belopp />
        <Kurs_som_använts_vid_värdering_av_instrumentet>39.6300000000</Kurs_som_använts_vid_värdering_av_instrumentet>
        <Valutakurs_instrument>1.00000000000000000000</Valutakurs_instrument>
        <Marknadsvärde_instrument>87186000.00</Marknadsvärde_instrument>
        <Andel_av_fondförmögenhet_instrument>0.5900000000</Andel_av_fondförmögenhet_instrument>
        <Bransch>
          <Branschkod_instrument>20</Branschkod_instrument>
          <Bransch_namn_instrument>Industrials</Bransch_namn_instrument>
        </Bransch>
      </FinansielltInstrument>
      <FinansielltInstrument>
        <Tillgångsslag_enligt_LVF_5_kap>ÖverlåtbartVärdepapper</Tillgångsslag_enligt_LVF_5_kap>
        <Instrumentnamn>Atlas Copco B</Instrumentnamn>
        <ISIN-kod_instrument>SE0017486897</ISIN-kod_instrument>
        <Landkod_Emittent>SE</Landkod_Emittent>
        <Valuta>SEK</Valuta>
        <Antal>9550000.0000000000</Antal>
        <Nominellt_belopp />
        <Kurs_som_använts_vid_värdering_av_instrumentet>111.1000000000</Kurs_som_använts_vid_värdering_av_instrumentet>
        <Valutakurs_instrument>1.00000000000000000000</Valutakurs_instrument>
        <Marknadsvärde_instrument>1061005000.00</Marknadsvärde_instrument>
        <Andel_av_fondförmögenhet_instrument>7.2000000000</Andel_av_fondförmögenhet_instrument>
        <Bransch>
          <Branschkod_instrument>20</Branschkod_instrument>
          <Bransch_namn_instrument>Industrials</Bransch_namn_instrument>
        </Bransch>
      </FinansielltInstrument>
      <FinansielltInstrument>
        <Tillgångsslag_enligt_LVF_5_kap>ÖverlåtbartVärdepapper</Tillgångsslag_enligt_LVF_5_kap>
        <Instrumentnamn>Boliden Ltd Ord Shs</Instrumentnamn>
        <ISIN-kod_instrument>SE0017768716</ISIN-kod_instrument>
        <Landkod_Emittent>SE</Landkod_Emittent>
        <Valuta>SEK</Valuta>
        <Antal>200000.0000000000</Antal>
        <Nominellt_belopp />
        <Kurs_som_använts_vid_värdering_av_instrumentet>391.2500000000</Kurs_som_använts_vid_värdering_av_instrumentet>
        <Valutakurs_instrument>1.00000000000000000000</Valutakurs_instrument>
        <Marknadsvärde_instrument>78250000.00</Marknadsvärde_instrument>
        <Andel_av_fondförmögenhet_instrument>0.5300000000</Andel_av_fondförmögenhet_instrument>
        <Bransch>
          <Branschkod_instrument>15</Branschkod_instrument>
          <Bransch_namn_instrument>Materials</Bransch_namn_instrument>
        </Bransch>
      </FinansielltInstrument>
      <FinansielltInstrument>
        <Tillgångsslag_enligt_LVF_5_kap>ÖverlåtbartVärdepapper</Tillgångsslag_enligt_LVF_5_kap>
        <Instrumentnamn>engcon Holding AB Ord Sh Class B</Instrumentnamn>
        <ISIN-kod_instrument>SE0017769847</ISIN-kod_instrument>
        <Landkod_Emittent>SE</Landkod_Emittent>
        <Valuta>SEK</Valuta>
        <Antal>1086957.0000000000</Antal>
        <Nominellt_belopp />
        <Kurs_som_använts_vid_värdering_av_instrumentet>66.5500000000</Kurs_som_använts_vid_värdering_av_instrumentet>
        <Valutakurs_instrument>1.00000000000000000000</Valutakurs_instrument>
        <Marknadsvärde_instrument>72336988.35</Marknadsvärde_instrument>
        <Andel_av_fondförmögenhet_instrument>0.4900000000</Andel_av_fondförmögenhet_instrument>
        <Bransch>
          <Branschkod_instrument>20</Branschkod_instrument>
          <Bransch_namn_instrument>Industrials</Bransch_namn_instrument>
        </Bransch>
      </FinansielltInstrument>
      <FinansielltInstrument>
        <Tillgångsslag_enligt_LVF_5_kap>ÖverlåtbartVärdepapper</Tillgångsslag_enligt_LVF_5_kap>
        <Instrumentnamn>Fastighets AB Balder</Instrumentnamn>
        <ISIN-kod_instrument>SE0017832488</ISIN-kod_instrument>
        <Landkod_Emittent>SE</Landkod_Emittent>
        <Valuta>SEK</Valuta>
        <Antal>6200000.0000000000</Antal>
        <Nominellt_belopp />
        <Kurs_som_använts_vid_värdering_av_instrumentet>48.5200000000</Kurs_som_använts_vid_värdering_av_instrumentet>
        <Valutakurs_instrument>1.00000000000000000000</Valutakurs_instrument>
        <Marknadsvärde_instrument>300824000.00</Marknadsvärde_instrument>
        <Andel_av_fondförmögenhet_instrument>2.0400000000</Andel_av_fondförmögenhet_instrument>
        <Bransch>
          <Branschkod_instrument>60</Branschkod_instrument>
          <Bransch_namn_instrument>Real Estate</Bransch_namn_instrument>
        </Bransch>
      </FinansielltInstrument>
      <FinansielltInstrument>
        <Tillgångsslag_enligt_LVF_5_kap>ÖverlåtbartVärdepapper</Tillgångsslag_enligt_LVF_5_kap>
        <Instrumentnamn>AddNode Group AB B</Instrumentnamn>
        <ISIN-kod_instrument>SE0017885767</ISIN-kod_instrument>
        <Landkod_Emittent>SE</Landkod_Emittent>
        <Valuta>SEK</Valuta>
        <Antal>1350000.0000000000</Antal>
        <Nominellt_belopp />
        <Kurs_som_använts_vid_värdering_av_instrumentet>98.4000000000</Kurs_som_använts_vid_värdering_av_instrumentet>
        <Valutakurs_instrument>1.00000000000000000000</Valutakurs_instrument>
        <Marknadsvärde_instrument>132840000.00</Marknadsvärde_instrument>
        <Andel_av_fondförmögenhet_instrument>0.9000000000</Andel_av_fondförmögenhet_instrument>
        <Bransch>
          <Branschkod_instrument>45</Branschkod_instrument>
          <Bransch_namn_instrument>Information Technology</Bransch_namn_instrument>
        </Bransch>
      </FinansielltInstrument>
      <FinansielltInstrument>
        <Tillgångsslag_enligt_LVF_5_kap>ÖverlåtbartVärdepapper</Tillgångsslag_enligt_LVF_5_kap>
        <Instrumentnamn>Modern Times Group MTG AB Ord Sh Class B</Instrumentnamn>
        <ISIN-kod_instrument>SE0018012494</ISIN-kod_instrument>
        <Landkod_Emittent>SE</Landkod_Emittent>
        <Valuta>SEK</Valuta>
        <Antal>1640000.0000000000</Antal>
        <Nominellt_belopp />
        <Kurs_som_använts_vid_värdering_av_instrumentet>89.1000000000</Kurs_som_använts_vid_värdering_av_instrumentet>
        <Valutakurs_instrument>1.00000000000000000000</Valutakurs_instrument>
        <Marknadsvärde_instrument>146124000.00</Marknadsvärde_instrument>
        <Andel_av_fondförmögenhet_instrument>0.9900000000</Andel_av_fondförmögenhet_instrument>
        <Bransch>
          <Branschkod_instrument>50</Branschkod_instrument>
          <Bransch_namn_instrument>Communication Services</Bransch_namn_instrument>
        </Bransch>
      </FinansielltInstrument>
      <FinansielltInstrument>
        <Tillgångsslag_enligt_LVF_5_kap>ÖverlåtbartVärdepapper</Tillgångsslag_enligt_LVF_5_kap>
        <Instrumentnamn>Sampo Oyj SDB</Instrumentnamn>
        <ISIN-kod_instrument>SE0018768707</ISIN-kod_instrument>
        <Landkod_Emittent>FI</Landkod_Emittent>
        <Valuta>SEK</Valuta>
        <Antal>125000.0000000000</Antal>
        <Nominellt_belopp />
        <Kurs_som_använts_vid_värdering_av_instrumentet>545.5000000000</Kurs_som_använts_vid_värdering_av_instrumentet>
        <Valutakurs_instrument>1.00000000000000000000</Valutakurs_instrument>
        <Marknadsvärde_instrument>68187500.00</Marknadsvärde_instrument>
        <Andel_av_fondförmögenhet_instrument>0.4600000000</Andel_av_fondförmögenhet_instrument>
        <Bransch>
          <Branschkod_instrument>40</Branschkod_instrument>
          <Bransch_namn_instrument>Financials</Bransch_namn_instrument>
        </Bransch>
      </FinansielltInstrument>
    </FinansiellaInstrument>
  </Fondinformation>
  <Fondinformation />
</VärdepappersfondInnehav>