﻿<?xml version="1.0" encoding="utf-8"?>
<VärdepappersfondInnehav xmlns="http://schemas.fi.se/publika/vardepappersfonder/20200331">
  <Rapportinformation>
    <Kvartalsslut>2022-12-31</Kvartalsslut>
  </Rapportinformation>
  <Bolagsinformation>
    <Fondbolag_namn>Handelsbanken Fonder AB</Fondbolag_namn>
    <Fondbolag_institutnummer>58037</Fondbolag_institutnummer>
    <Fondbolag_LEI-kod>549300RJTULO02U5ZG71</Fondbolag_LEI-kod>
  </Bolagsinformation>
  <Fondinformation>
    <Fond_institutnummer>52323</Fond_institutnummer>
    <Fond_ISIN-kod>SE0001192618</Fond_ISIN-kod>
    <Fond_namn>Handelsbanken Multi Asset 50</Fond_namn>
    <Förvaltningsavgift>
      <MedAndelsklasser>
        <Förvaltningsavgift>
          <Andelsklass_namn>Handelsbanken Multi Asset 50 A1 SEK</Andelsklass_namn>
          <Förvaltningsavgift_Typ>
            <Förvaltningsavgift_fast>1.35</Förvaltningsavgift_fast>
          </Förvaltningsavgift_Typ>
        </Förvaltningsavgift>
        <Förvaltningsavgift>
          <Andelsklass_namn>Handelsbanken Multi Asset 50 A9 SEK</Andelsklass_namn>
          <Förvaltningsavgift_Typ>
            <Förvaltningsavgift_fast>0.70</Förvaltningsavgift_fast>
          </Förvaltningsavgift_Typ>
        </Förvaltningsavgift>
      </MedAndelsklasser>
    </Förvaltningsavgift>
    <Fondförmögenhet>28565844132</Fondförmögenhet>
    <Likvida_medel>1037419462</Likvida_medel>
    <Övriga_tillgångar_och_skulder>130591471</Övriga_tillgångar_och_skulder>
    <Aktiv_risk>1.72</Aktiv_risk>
    <Standardavvikelse_24_månader>7.2300000000</Standardavvikelse_24_månader>
    <Jämförelseindex>OMRXTBILL 35.00; HMNI Swe All Mortgage Dur Const 2.5Y 4.50; Solactive ISS ESG Global Markets 25.00; SIX SRI Nordic 200 Net Index 25.00; HMNI Swe All Government Dur Const 6Y 10.50; </Jämförelseindex>
    <FinansiellaInstrument>
      <FinansielltInstrument>
        <Tillgångsslag_enligt_LVF_5_kap>ÖverlåtbartVärdepapper</Tillgångsslag_enligt_LVF_5_kap>
        <Instrumentnamn>Ishares Physical Gold ETC</Instrumentnamn>
        <ISIN-kod_instrument>IE00B4ND3602</ISIN-kod_instrument>
        <Landkod_Emittent>IE</Landkod_Emittent>
        <Valuta>USD</Valuta>
        <Antal />
        <Nominellt_belopp>100</Nominellt_belopp>
        <Kurs_som_använts_vid_värdering_av_instrumentet>3544.5000000000</Kurs_som_använts_vid_värdering_av_instrumentet>
        <Valutakurs_instrument>10.41950000000000000000</Valutakurs_instrument>
        <Marknadsvärde_instrument>36931.92</Marknadsvärde_instrument>
        <Andel_av_fondförmögenhet_instrument>0.0000000000</Andel_av_fondförmögenhet_instrument>
        <Bransch>
          <Branschkod_instrument>40</Branschkod_instrument>
          <Bransch_namn_instrument>Financials</Bransch_namn_instrument>
        </Bransch>
      </FinansielltInstrument>
      <FinansielltInstrument>
        <Tillgångsslag_enligt_LVF_5_kap>ÖverlåtbartVärdepapper</Tillgångsslag_enligt_LVF_5_kap>
        <Instrumentnamn>Ishares Physical Gold ETC</Instrumentnamn>
        <ISIN-kod_instrument>IE00B4ND3602</ISIN-kod_instrument>
        <Landkod_Emittent>IE</Landkod_Emittent>
        <Valuta>EUR</Valuta>
        <Antal />
        <Nominellt_belopp>100</Nominellt_belopp>
        <Kurs_som_använts_vid_värdering_av_instrumentet>3321.0000000000</Kurs_som_använts_vid_värdering_av_instrumentet>
        <Valutakurs_instrument>11.12021137500000000000</Valutakurs_instrument>
        <Marknadsvärde_instrument>36930.22</Marknadsvärde_instrument>
        <Andel_av_fondförmögenhet_instrument>0.0000000000</Andel_av_fondförmögenhet_instrument>
        <Bransch>
          <Branschkod_instrument>40</Branschkod_instrument>
          <Bransch_namn_instrument>Financials</Bransch_namn_instrument>
        </Bransch>
      </FinansielltInstrument>
      <FinansielltInstrument>
        <Tillgångsslag_enligt_LVF_5_kap>Fondandel</Tillgångsslag_enligt_LVF_5_kap>
        <Instrumentnamn>Montanaro Better World Fund</Instrumentnamn>
        <ISIN-kod_instrument>IE00BK5CVW95</ISIN-kod_instrument>
        <Landkod_Emittent>GB</Landkod_Emittent>
        <Valuta>SEK</Valuta>
        <Antal>15990912.9600000000</Antal>
        <Nominellt_belopp />
        <Kurs_som_använts_vid_värdering_av_instrumentet>12.4880000000</Kurs_som_använts_vid_värdering_av_instrumentet>
        <Valutakurs_instrument>1.00000000000000000000</Valutakurs_instrument>
        <Marknadsvärde_instrument>199694521.04</Marknadsvärde_instrument>
        <Andel_av_fondförmögenhet_instrument>0.7000000000</Andel_av_fondförmögenhet_instrument>
        <Bransch>
          <Branschkod_instrument>0</Branschkod_instrument>
          <Bransch_namn_instrument>Övrigt</Bransch_namn_instrument>
        </Bransch>
      </FinansielltInstrument>
      <FinansielltInstrument>
        <Tillgångsslag_enligt_LVF_5_kap>Fondandel</Tillgångsslag_enligt_LVF_5_kap>
        <Instrumentnamn>Fidelity Funds - Sustainable Global Equity Income</Instrumentnamn>
        <ISIN-kod_instrument>LU1627197772</ISIN-kod_instrument>
        <Landkod_Emittent>LU</Landkod_Emittent>
        <Valuta>SEK</Valuta>
        <Antal>20882467.8300000000</Antal>
        <Nominellt_belopp />
        <Kurs_som_använts_vid_värdering_av_instrumentet>17.4000000000</Kurs_som_använts_vid_värdering_av_instrumentet>
        <Valutakurs_instrument>1.00000000000000000000</Valutakurs_instrument>
        <Marknadsvärde_instrument>363354940.24</Marknadsvärde_instrument>
        <Andel_av_fondförmögenhet_instrument>1.2700000000</Andel_av_fondförmögenhet_instrument>
        <Bransch>
          <Branschkod_instrument>0</Branschkod_instrument>
          <Bransch_namn_instrument>Övrigt</Bransch_namn_instrument>
        </Bransch>
      </FinansielltInstrument>
      <FinansielltInstrument>
        <Tillgångsslag_enligt_LVF_5_kap>Fondandel</Tillgångsslag_enligt_LVF_5_kap>
        <Instrumentnamn>UI - Aktia EM Local Currency Bond+ - share class I</Instrumentnamn>
        <ISIN-kod_instrument>LU1783956961</ISIN-kod_instrument>
        <Landkod_Emittent>LU</Landkod_Emittent>
        <Valuta>SEK</Valuta>
        <Antal>5438664.3800000000</Antal>
        <Nominellt_belopp />
        <Kurs_som_använts_vid_värdering_av_instrumentet>117.3000000000</Kurs_som_använts_vid_värdering_av_instrumentet>
        <Valutakurs_instrument>1.00000000000000000000</Valutakurs_instrument>
        <Marknadsvärde_instrument>637955331.77</Marknadsvärde_instrument>
        <Andel_av_fondförmögenhet_instrument>2.2300000000</Andel_av_fondförmögenhet_instrument>
        <Bransch>
          <Branschkod_instrument>0</Branschkod_instrument>
          <Bransch_namn_instrument>Övrigt</Bransch_namn_instrument>
        </Bransch>
      </FinansielltInstrument>
      <FinansielltInstrument>
        <Tillgångsslag_enligt_LVF_5_kap>Fondandel</Tillgångsslag_enligt_LVF_5_kap>
        <Instrumentnamn>UI Aktia EM Frontier Bond+ - Andelsklass IX (SEK)</Instrumentnamn>
        <ISIN-kod_instrument>LU1950510971</ISIN-kod_instrument>
        <Landkod_Emittent>LU</Landkod_Emittent>
        <Valuta>SEK</Valuta>
        <Antal>5244565.7720000000</Antal>
        <Nominellt_belopp />
        <Kurs_som_använts_vid_värdering_av_instrumentet>117.6200000000</Kurs_som_använts_vid_värdering_av_instrumentet>
        <Valutakurs_instrument>1.00000000000000000000</Valutakurs_instrument>
        <Marknadsvärde_instrument>616865826.10</Marknadsvärde_instrument>
        <Andel_av_fondförmögenhet_instrument>2.1600000000</Andel_av_fondförmögenhet_instrument>
        <Bransch>
          <Branschkod_instrument>0</Branschkod_instrument>
          <Bransch_namn_instrument>Övrigt</Bransch_namn_instrument>
        </Bransch>
      </FinansielltInstrument>
      <FinansielltInstrument>
        <Tillgångsslag_enligt_LVF_5_kap>Fondandel</Tillgångsslag_enligt_LVF_5_kap>
        <Instrumentnamn>JPMorgan Fds Multi-Manager Alternatives Fd SEK H C</Instrumentnamn>
        <ISIN-kod_instrument>LU1984714615</ISIN-kod_instrument>
        <Landkod_Emittent>LU</Landkod_Emittent>
        <Valuta>SEK</Valuta>
        <Antal>1206504.3940000000</Antal>
        <Nominellt_belopp />
        <Kurs_som_använts_vid_värdering_av_instrumentet>1046.5000000000</Kurs_som_använts_vid_värdering_av_instrumentet>
        <Valutakurs_instrument>1.00000000000000000000</Valutakurs_instrument>
        <Marknadsvärde_instrument>1262606848.32</Marknadsvärde_instrument>
        <Andel_av_fondförmögenhet_instrument>4.4200000000</Andel_av_fondförmögenhet_instrument>
        <Bransch>
          <Branschkod_instrument>0</Branschkod_instrument>
          <Bransch_namn_instrument>Övrigt</Bransch_namn_instrument>
        </Bransch>
      </FinansielltInstrument>
      <FinansielltInstrument>
        <Tillgångsslag_enligt_LVF_5_kap>Fondandel</Tillgångsslag_enligt_LVF_5_kap>
        <Instrumentnamn>JPM Global Macro Sustainable I acc SEKH</Instrumentnamn>
        <ISIN-kod_instrument>LU2003419020</ISIN-kod_instrument>
        <Landkod_Emittent>LU</Landkod_Emittent>
        <Valuta>SEK</Valuta>
        <Antal>1128179.9240000000</Antal>
        <Nominellt_belopp />
        <Kurs_som_använts_vid_värdering_av_instrumentet>993.3900000000</Kurs_som_använts_vid_värdering_av_instrumentet>
        <Valutakurs_instrument>1.00000000000000000000</Valutakurs_instrument>
        <Marknadsvärde_instrument>1120722654.70</Marknadsvärde_instrument>
        <Andel_av_fondförmögenhet_instrument>3.9200000000</Andel_av_fondförmögenhet_instrument>
        <Bransch>
          <Branschkod_instrument>0</Branschkod_instrument>
          <Bransch_namn_instrument>Övrigt</Bransch_namn_instrument>
        </Bransch>
      </FinansielltInstrument>
      <FinansielltInstrument>
        <Tillgångsslag_enligt_LVF_5_kap>Fondandel</Tillgångsslag_enligt_LVF_5_kap>
        <Instrumentnamn>Fidelity Funds - Sustainable Water &amp; Waste Fund ac</Instrumentnamn>
        <ISIN-kod_instrument>LU2016206786</ISIN-kod_instrument>
        <Landkod_Emittent>LU</Landkod_Emittent>
        <Valuta>SEK</Valuta>
        <Antal>34925516.5400000000</Antal>
        <Nominellt_belopp />
        <Kurs_som_använts_vid_värdering_av_instrumentet>12.0500000000</Kurs_som_använts_vid_värdering_av_instrumentet>
        <Valutakurs_instrument>1.00000000000000000000</Valutakurs_instrument>
        <Marknadsvärde_instrument>420852474.31</Marknadsvärde_instrument>
        <Andel_av_fondförmögenhet_instrument>1.4700000000</Andel_av_fondförmögenhet_instrument>
        <Bransch>
          <Branschkod_instrument>0</Branschkod_instrument>
          <Bransch_namn_instrument>Övrigt</Bransch_namn_instrument>
        </Bransch>
      </FinansielltInstrument>
      <FinansielltInstrument>
        <Tillgångsslag_enligt_LVF_5_kap>Fondandel</Tillgångsslag_enligt_LVF_5_kap>
        <Instrumentnamn>JPM Europe Small Cap A Acc EUR</Instrumentnamn>
        <ISIN-kod_instrument>LU2084640940</ISIN-kod_instrument>
        <Landkod_Emittent>LU</Landkod_Emittent>
        <Valuta>EUR</Valuta>
        <Antal>224245.9520000000</Antal>
        <Nominellt_belopp />
        <Kurs_som_använts_vid_värdering_av_instrumentet>111.4200000000</Kurs_som_använts_vid_värdering_av_instrumentet>
        <Valutakurs_instrument>11.12021137500000000000</Valutakurs_instrument>
        <Marknadsvärde_instrument>277843863.05</Marknadsvärde_instrument>
        <Andel_av_fondförmögenhet_instrument>0.9700000000</Andel_av_fondförmögenhet_instrument>
        <Bransch>
          <Branschkod_instrument>0</Branschkod_instrument>
          <Bransch_namn_instrument>Övrigt</Bransch_namn_instrument>
        </Bransch>
      </FinansielltInstrument>
      <FinansielltInstrument>
        <Tillgångsslag_enligt_LVF_5_kap>Fondandel</Tillgångsslag_enligt_LVF_5_kap>
        <Instrumentnamn>UBS (Lux) Equity SICAV - USA Growth Sustainable</Instrumentnamn>
        <ISIN-kod_instrument>LU2099993318</ISIN-kod_instrument>
        <Landkod_Emittent>LU</Landkod_Emittent>
        <Valuta>USD</Valuta>
        <Antal>267836.5270000000</Antal>
        <Nominellt_belopp />
        <Kurs_som_använts_vid_värdering_av_instrumentet>120.7300000000</Kurs_som_använts_vid_värdering_av_instrumentet>
        <Valutakurs_instrument>10.41950000000000000000</Valutakurs_instrument>
        <Marknadsvärde_instrument>336923950.69</Marknadsvärde_instrument>
        <Andel_av_fondförmögenhet_instrument>1.1800000000</Andel_av_fondförmögenhet_instrument>
        <Bransch>
          <Branschkod_instrument>0</Branschkod_instrument>
          <Bransch_namn_instrument>Övrigt</Bransch_namn_instrument>
        </Bransch>
      </FinansielltInstrument>
      <FinansielltInstrument>
        <Tillgångsslag_enligt_LVF_5_kap>Fondandel</Tillgångsslag_enligt_LVF_5_kap>
        <Instrumentnamn>Schroder GAIA SICAV - Schroder GAIA Cat Bond</Instrumentnamn>
        <ISIN-kod_instrument>LU2258453799</ISIN-kod_instrument>
        <Landkod_Emittent>LU</Landkod_Emittent>
        <Valuta>SEK</Valuta>
        <Antal>978245.0400000000</Antal>
        <Nominellt_belopp />
        <Kurs_som_använts_vid_värdering_av_instrumentet>887.8100000000</Kurs_som_använts_vid_värdering_av_instrumentet>
        <Valutakurs_instrument>1.00000000000000000000</Valutakurs_instrument>
        <Marknadsvärde_instrument>868495728.96</Marknadsvärde_instrument>
        <Andel_av_fondförmögenhet_instrument>3.0400000000</Andel_av_fondförmögenhet_instrument>
        <Bransch>
          <Branschkod_instrument>0</Branschkod_instrument>
          <Bransch_namn_instrument>Övrigt</Bransch_namn_instrument>
        </Bransch>
      </FinansielltInstrument>
      <FinansielltInstrument>
        <Tillgångsslag_enligt_LVF_5_kap>Fondandel</Tillgångsslag_enligt_LVF_5_kap>
        <Instrumentnamn>Schroder ISF-Blueorchard Emerging Markets Impact B</Instrumentnamn>
        <ISIN-kod_instrument>LU2498533996</ISIN-kod_instrument>
        <Landkod_Emittent>LU</Landkod_Emittent>
        <Valuta>SEK</Valuta>
        <Antal>428696.4800000000</Antal>
        <Nominellt_belopp />
        <Kurs_som_använts_vid_värdering_av_instrumentet>955.6174000000</Kurs_som_använts_vid_värdering_av_instrumentet>
        <Valutakurs_instrument>1.00000000000000000000</Valutakurs_instrument>
        <Marknadsvärde_instrument>409669815.61</Marknadsvärde_instrument>
        <Andel_av_fondförmögenhet_instrument>1.4300000000</Andel_av_fondförmögenhet_instrument>
        <Bransch>
          <Branschkod_instrument>0</Branschkod_instrument>
          <Bransch_namn_instrument>Övrigt</Bransch_namn_instrument>
        </Bransch>
      </FinansielltInstrument>
      <FinansielltInstrument>
        <Tillgångsslag_enligt_LVF_5_kap>Fondandel</Tillgångsslag_enligt_LVF_5_kap>
        <Instrumentnamn>JPMorgan Funds Climate Change Solutions S2 SEK</Instrumentnamn>
        <ISIN-kod_instrument>LU2525743105</ISIN-kod_instrument>
        <Landkod_Emittent>LU</Landkod_Emittent>
        <Valuta>SEK</Valuta>
        <Antal>25226.5860000000</Antal>
        <Nominellt_belopp />
        <Kurs_som_använts_vid_värdering_av_instrumentet>1002.3200000000</Kurs_som_använts_vid_värdering_av_instrumentet>
        <Valutakurs_instrument>1.00000000000000000000</Valutakurs_instrument>
        <Marknadsvärde_instrument>25285111.68</Marknadsvärde_instrument>
        <Andel_av_fondförmögenhet_instrument>0.0900000000</Andel_av_fondförmögenhet_instrument>
        <Bransch>
          <Branschkod_instrument>0</Branschkod_instrument>
          <Bransch_namn_instrument>Övrigt</Bransch_namn_instrument>
        </Bransch>
      </FinansielltInstrument>
      <FinansielltInstrument>
        <Tillgångsslag_enligt_LVF_5_kap>Fondandel</Tillgångsslag_enligt_LVF_5_kap>
        <Instrumentnamn>Handelsbanken Amerika Tema (Criteria)</Instrumentnamn>
        <ISIN-kod_instrument>SE0000355828</ISIN-kod_instrument>
        <Landkod_Emittent>SE</Landkod_Emittent>
        <Valuta>SEK</Valuta>
        <Antal>382762.3392000000</Antal>
        <Nominellt_belopp />
        <Kurs_som_använts_vid_värdering_av_instrumentet>1577.3679877480</Kurs_som_använts_vid_värdering_av_instrumentet>
        <Valutakurs_instrument>1.00000000000000000000</Valutakurs_instrument>
        <Marknadsvärde_instrument>603757060.77</Marknadsvärde_instrument>
        <Andel_av_fondförmögenhet_instrument>2.1100000000</Andel_av_fondförmögenhet_instrument>
        <Bransch>
          <Branschkod_instrument>0</Branschkod_instrument>
          <Bransch_namn_instrument>Övrigt</Bransch_namn_instrument>
        </Bransch>
      </FinansielltInstrument>
      <FinansielltInstrument>
        <Tillgångsslag_enligt_LVF_5_kap>Fondandel</Tillgångsslag_enligt_LVF_5_kap>
        <Instrumentnamn>Handelsbanken Asien Tema A1 SEK</Instrumentnamn>
        <ISIN-kod_instrument>SE0000356073</ISIN-kod_instrument>
        <Landkod_Emittent>SE</Landkod_Emittent>
        <Valuta>SEK</Valuta>
        <Antal>256865.8848000000</Antal>
        <Nominellt_belopp />
        <Kurs_som_använts_vid_värdering_av_instrumentet>800.5796709770</Kurs_som_använts_vid_värdering_av_instrumentet>
        <Valutakurs_instrument>1.00000000000000000000</Valutakurs_instrument>
        <Marknadsvärde_instrument>205641605.54</Marknadsvärde_instrument>
        <Andel_av_fondförmögenhet_instrument>0.7200000000</Andel_av_fondförmögenhet_instrument>
        <Bransch>
          <Branschkod_instrument>0</Branschkod_instrument>
          <Bransch_namn_instrument>Övrigt</Bransch_namn_instrument>
        </Bransch>
      </FinansielltInstrument>
      <FinansielltInstrument>
        <Tillgångsslag_enligt_LVF_5_kap>Fondandel</Tillgångsslag_enligt_LVF_5_kap>
        <Instrumentnamn>Handelsbanken Japan Tema (SEK)</Instrumentnamn>
        <ISIN-kod_instrument>SE0000356099</ISIN-kod_instrument>
        <Landkod_Emittent>SE</Landkod_Emittent>
        <Valuta>SEK</Valuta>
        <Antal>3947606.5359000000</Antal>
        <Nominellt_belopp />
        <Kurs_som_använts_vid_värdering_av_instrumentet>103.3555450620</Kurs_som_använts_vid_värdering_av_instrumentet>
        <Valutakurs_instrument>1.00000000000000000000</Valutakurs_instrument>
        <Marknadsvärde_instrument>408007025.21</Marknadsvärde_instrument>
        <Andel_av_fondförmögenhet_instrument>1.4300000000</Andel_av_fondförmögenhet_instrument>
        <Bransch>
          <Branschkod_instrument>0</Branschkod_instrument>
          <Bransch_namn_instrument>Övrigt</Bransch_namn_instrument>
        </Bransch>
      </FinansielltInstrument>
      <FinansielltInstrument>
        <Tillgångsslag_enligt_LVF_5_kap>Fondandel</Tillgångsslag_enligt_LVF_5_kap>
        <Instrumentnamn>Handelsbanken Norden Tema (A1 SEK)</Instrumentnamn>
        <ISIN-kod_instrument>SE0000356230</ISIN-kod_instrument>
        <Landkod_Emittent>SE</Landkod_Emittent>
        <Valuta>SEK</Valuta>
        <Antal>351082.6181000000</Antal>
        <Nominellt_belopp />
        <Kurs_som_använts_vid_värdering_av_instrumentet>1541.9806214430</Kurs_som_använts_vid_värdering_av_instrumentet>
        <Valutakurs_instrument>1.00000000000000000000</Valutakurs_instrument>
        <Marknadsvärde_instrument>541362593.64</Marknadsvärde_instrument>
        <Andel_av_fondförmögenhet_instrument>1.9000000000</Andel_av_fondförmögenhet_instrument>
        <Bransch>
          <Branschkod_instrument>0</Branschkod_instrument>
          <Bransch_namn_instrument>Övrigt</Bransch_namn_instrument>
        </Bransch>
      </FinansielltInstrument>
      <FinansielltInstrument>
        <Tillgångsslag_enligt_LVF_5_kap>Fondandel</Tillgångsslag_enligt_LVF_5_kap>
        <Instrumentnamn>Handelsbanken Långränta A1 SEK</Instrumentnamn>
        <ISIN-kod_instrument>SE0000356297</ISIN-kod_instrument>
        <Landkod_Emittent>SE</Landkod_Emittent>
        <Valuta>SEK</Valuta>
        <Antal>5640250.1538000000</Antal>
        <Nominellt_belopp />
        <Kurs_som_använts_vid_värdering_av_instrumentet>105.6074873200</Kurs_som_använts_vid_värdering_av_instrumentet>
        <Valutakurs_instrument>1.00000000000000000000</Valutakurs_instrument>
        <Marknadsvärde_instrument>595652646.60</Marknadsvärde_instrument>
        <Andel_av_fondförmögenhet_instrument>2.0900000000</Andel_av_fondförmögenhet_instrument>
        <Bransch>
          <Branschkod_instrument>0</Branschkod_instrument>
          <Bransch_namn_instrument>Övrigt</Bransch_namn_instrument>
        </Bransch>
      </FinansielltInstrument>
      <FinansielltInstrument>
        <Tillgångsslag_enligt_LVF_5_kap>Fondandel</Tillgångsslag_enligt_LVF_5_kap>
        <Instrumentnamn>Handelsbanken Tillväxtmarknad Tema</Instrumentnamn>
        <ISIN-kod_instrument>SE0000429748</ISIN-kod_instrument>
        <Landkod_Emittent>SE</Landkod_Emittent>
        <Valuta>SEK</Valuta>
        <Antal>1422879.5919000000</Antal>
        <Nominellt_belopp />
        <Kurs_som_använts_vid_värdering_av_instrumentet>368.8132461060</Kurs_som_använts_vid_värdering_av_instrumentet>
        <Valutakurs_instrument>1.00000000000000000000</Valutakurs_instrument>
        <Marknadsvärde_instrument>524776841.11</Marknadsvärde_instrument>
        <Andel_av_fondförmögenhet_instrument>1.8400000000</Andel_av_fondförmögenhet_instrument>
        <Bransch>
          <Branschkod_instrument>0</Branschkod_instrument>
          <Bransch_namn_instrument>Övrigt</Bransch_namn_instrument>
        </Bransch>
      </FinansielltInstrument>
      <FinansielltInstrument>
        <Tillgångsslag_enligt_LVF_5_kap>Fondandel</Tillgångsslag_enligt_LVF_5_kap>
        <Instrumentnamn>Handelsbanken Nordiska Småbolag (A1 SEK)</Instrumentnamn>
        <ISIN-kod_instrument>SE0000522724</ISIN-kod_instrument>
        <Landkod_Emittent>SE</Landkod_Emittent>
        <Valuta>SEK</Valuta>
        <Antal>879844.3919000000</Antal>
        <Nominellt_belopp />
        <Kurs_som_använts_vid_värdering_av_instrumentet>1427.6718582710</Kurs_som_använts_vid_värdering_av_instrumentet>
        <Valutakurs_instrument>1.00000000000000000000</Valutakurs_instrument>
        <Marknadsvärde_instrument>1256129077.97</Marknadsvärde_instrument>
        <Andel_av_fondförmögenhet_instrument>4.4000000000</Andel_av_fondförmögenhet_instrument>
        <Bransch>
          <Branschkod_instrument>0</Branschkod_instrument>
          <Bransch_namn_instrument>Övrigt</Bransch_namn_instrument>
        </Bransch>
      </FinansielltInstrument>
      <FinansielltInstrument>
        <Tillgångsslag_enligt_LVF_5_kap>Fondandel</Tillgångsslag_enligt_LVF_5_kap>
        <Instrumentnamn>Handelsbanken Europa Index Criteria A1 SEK</Instrumentnamn>
        <ISIN-kod_instrument>SE0000624421</ISIN-kod_instrument>
        <Landkod_Emittent>SE</Landkod_Emittent>
        <Valuta>SEK</Valuta>
        <Antal>4995616.2888000000</Antal>
        <Nominellt_belopp />
        <Kurs_som_använts_vid_värdering_av_instrumentet>156.2184021450</Kurs_som_använts_vid_värdering_av_instrumentet>
        <Valutakurs_instrument>1.00000000000000000000</Valutakurs_instrument>
        <Marknadsvärde_instrument>780407194.37</Marknadsvärde_instrument>
        <Andel_av_fondförmögenhet_instrument>2.7300000000</Andel_av_fondförmögenhet_instrument>
        <Bransch>
          <Branschkod_instrument>0</Branschkod_instrument>
          <Bransch_namn_instrument>Övrigt</Bransch_namn_instrument>
        </Bransch>
      </FinansielltInstrument>
      <FinansielltInstrument>
        <Tillgångsslag_enligt_LVF_5_kap>Fondandel</Tillgångsslag_enligt_LVF_5_kap>
        <Instrumentnamn>Handelsbanken Hälsovård Tema</Instrumentnamn>
        <ISIN-kod_instrument>SE0000735375</ISIN-kod_instrument>
        <Landkod_Emittent>SE</Landkod_Emittent>
        <Valuta>SEK</Valuta>
        <Antal>549189.3524000000</Antal>
        <Nominellt_belopp />
        <Kurs_som_använts_vid_värdering_av_instrumentet>394.0790145300</Kurs_som_använts_vid_värdering_av_instrumentet>
        <Valutakurs_instrument>1.00000000000000000000</Valutakurs_instrument>
        <Marknadsvärde_instrument>216423998.78</Marknadsvärde_instrument>
        <Andel_av_fondförmögenhet_instrument>0.7600000000</Andel_av_fondförmögenhet_instrument>
        <Bransch>
          <Branschkod_instrument>0</Branschkod_instrument>
          <Bransch_namn_instrument>Övrigt</Bransch_namn_instrument>
        </Bransch>
      </FinansielltInstrument>
      <FinansielltInstrument>
        <Tillgångsslag_enligt_LVF_5_kap>Fondandel</Tillgångsslag_enligt_LVF_5_kap>
        <Instrumentnamn>XACT Norden 30 (UCITS ETF)</Instrumentnamn>
        <ISIN-kod_instrument>SE0001710914</ISIN-kod_instrument>
        <Landkod_Emittent>SE</Landkod_Emittent>
        <Valuta>SEK</Valuta>
        <Antal>6181726.0000000000</Antal>
        <Nominellt_belopp />
        <Kurs_som_använts_vid_värdering_av_instrumentet>204.5023693960</Kurs_som_använts_vid_värdering_av_instrumentet>
        <Valutakurs_instrument>1.00000000000000000000</Valutakurs_instrument>
        <Marknadsvärde_instrument>1264177613.96</Marknadsvärde_instrument>
        <Andel_av_fondförmögenhet_instrument>4.4300000000</Andel_av_fondförmögenhet_instrument>
        <Bransch>
          <Branschkod_instrument>0</Branschkod_instrument>
          <Bransch_namn_instrument>Övrigt</Bransch_namn_instrument>
        </Bransch>
      </FinansielltInstrument>
      <FinansielltInstrument>
        <Tillgångsslag_enligt_LVF_5_kap>Fondandel</Tillgångsslag_enligt_LVF_5_kap>
        <Instrumentnamn>Handelsbanken USA Index Criteria</Instrumentnamn>
        <ISIN-kod_instrument>SE0004139780</ISIN-kod_instrument>
        <Landkod_Emittent>SE</Landkod_Emittent>
        <Valuta>SEK</Valuta>
        <Antal>2332359.3035000000</Antal>
        <Nominellt_belopp />
        <Kurs_som_använts_vid_värdering_av_instrumentet>611.8812312750</Kurs_som_använts_vid_värdering_av_instrumentet>
        <Valutakurs_instrument>1.00000000000000000000</Valutakurs_instrument>
        <Marknadsvärde_instrument>1427126882.40</Marknadsvärde_instrument>
        <Andel_av_fondförmögenhet_instrument>5.0000000000</Andel_av_fondförmögenhet_instrument>
        <Bransch>
          <Branschkod_instrument>0</Branschkod_instrument>
          <Bransch_namn_instrument>Övrigt</Bransch_namn_instrument>
        </Bransch>
      </FinansielltInstrument>
      <FinansielltInstrument>
        <Tillgångsslag_enligt_LVF_5_kap>Fondandel</Tillgångsslag_enligt_LVF_5_kap>
        <Instrumentnamn>Handelsbanken Hållbar Energi</Instrumentnamn>
        <ISIN-kod_instrument>SE0005965662</ISIN-kod_instrument>
        <Landkod_Emittent>SE</Landkod_Emittent>
        <Valuta>SEK</Valuta>
        <Antal>503591.3741000000</Antal>
        <Nominellt_belopp />
        <Kurs_som_använts_vid_värdering_av_instrumentet>388.2311041680</Kurs_som_använts_vid_värdering_av_instrumentet>
        <Valutakurs_instrument>1.00000000000000000000</Valutakurs_instrument>
        <Marknadsvärde_instrument>195509835.22</Marknadsvärde_instrument>
        <Andel_av_fondförmögenhet_instrument>0.6800000000</Andel_av_fondförmögenhet_instrument>
        <Bransch>
          <Branschkod_instrument>0</Branschkod_instrument>
          <Bransch_namn_instrument>Övrigt</Bransch_namn_instrument>
        </Bransch>
      </FinansielltInstrument>
      <FinansielltInstrument>
        <Tillgångsslag_enligt_LVF_5_kap>Fondandel</Tillgångsslag_enligt_LVF_5_kap>
        <Instrumentnamn>Handelsbanken Ränteavkastning (A1 SEK)</Instrumentnamn>
        <ISIN-kod_instrument>SE0005991429</ISIN-kod_instrument>
        <Landkod_Emittent>SE</Landkod_Emittent>
        <Valuta>SEK</Valuta>
        <Antal>353103.5434000000</Antal>
        <Nominellt_belopp />
        <Kurs_som_använts_vid_värdering_av_instrumentet>1779.2572553200</Kurs_som_använts_vid_värdering_av_instrumentet>
        <Valutakurs_instrument>1.00000000000000000000</Valutakurs_instrument>
        <Marknadsvärde_instrument>628262041.47</Marknadsvärde_instrument>
        <Andel_av_fondförmögenhet_instrument>2.2000000000</Andel_av_fondförmögenhet_instrument>
        <Bransch>
          <Branschkod_instrument>0</Branschkod_instrument>
          <Bransch_namn_instrument>Övrigt</Bransch_namn_instrument>
        </Bransch>
      </FinansielltInstrument>
      <FinansielltInstrument>
        <Tillgångsslag_enligt_LVF_5_kap>Fondandel</Tillgångsslag_enligt_LVF_5_kap>
        <Instrumentnamn>Handelsbanken Norden Selektiv</Instrumentnamn>
        <ISIN-kod_instrument>SE0005991700</ISIN-kod_instrument>
        <Landkod_Emittent>SE</Landkod_Emittent>
        <Valuta>SEK</Valuta>
        <Antal>1977778.6361000000</Antal>
        <Nominellt_belopp />
        <Kurs_som_använts_vid_värdering_av_instrumentet>571.8798313830</Kurs_som_använts_vid_värdering_av_instrumentet>
        <Valutakurs_instrument>1.00000000000000000000</Valutakurs_instrument>
        <Marknadsvärde_instrument>1131051712.93</Marknadsvärde_instrument>
        <Andel_av_fondförmögenhet_instrument>3.9600000000</Andel_av_fondförmögenhet_instrument>
        <Bransch>
          <Branschkod_instrument>0</Branschkod_instrument>
          <Bransch_namn_instrument>Övrigt</Bransch_namn_instrument>
        </Bransch>
      </FinansielltInstrument>
      <FinansielltInstrument>
        <Tillgångsslag_enligt_LVF_5_kap>Fondandel</Tillgångsslag_enligt_LVF_5_kap>
        <Instrumentnamn>Handelsbanken Företagsobligation (A1 SEK)</Instrumentnamn>
        <ISIN-kod_instrument>SE0005993128</ISIN-kod_instrument>
        <Landkod_Emittent>SE</Landkod_Emittent>
        <Valuta>SEK</Valuta>
        <Antal>10297818.0576000000</Antal>
        <Nominellt_belopp />
        <Kurs_som_använts_vid_värdering_av_instrumentet>124.2562602550</Kurs_som_använts_vid_värdering_av_instrumentet>
        <Valutakurs_instrument>1.00000000000000000000</Valutakurs_instrument>
        <Marknadsvärde_instrument>1279568360.62</Marknadsvärde_instrument>
        <Andel_av_fondförmögenhet_instrument>4.4800000000</Andel_av_fondförmögenhet_instrument>
        <Bransch>
          <Branschkod_instrument>0</Branschkod_instrument>
          <Bransch_namn_instrument>Övrigt</Bransch_namn_instrument>
        </Bransch>
      </FinansielltInstrument>
      <FinansielltInstrument>
        <Tillgångsslag_enligt_LVF_5_kap>Fondandel</Tillgångsslag_enligt_LVF_5_kap>
        <Instrumentnamn>Handelsbanken Företagsobligation Investment Grade</Instrumentnamn>
        <ISIN-kod_instrument>SE0007820584</ISIN-kod_instrument>
        <Landkod_Emittent>SE</Landkod_Emittent>
        <Valuta>SEK</Valuta>
        <Antal>22366077.1040000000</Antal>
        <Nominellt_belopp />
        <Kurs_som_använts_vid_värdering_av_instrumentet>99.0400800090</Kurs_som_använts_vid_värdering_av_instrumentet>
        <Valutakurs_instrument>1.00000000000000000000</Valutakurs_instrument>
        <Marknadsvärde_instrument>2215138065.87</Marknadsvärde_instrument>
        <Andel_av_fondförmögenhet_instrument>7.7500000000</Andel_av_fondförmögenhet_instrument>
        <Bransch>
          <Branschkod_instrument>0</Branschkod_instrument>
          <Bransch_namn_instrument>Övrigt</Bransch_namn_instrument>
        </Bransch>
      </FinansielltInstrument>
      <FinansielltInstrument>
        <Tillgångsslag_enligt_LVF_5_kap>Fondandel</Tillgångsslag_enligt_LVF_5_kap>
        <Instrumentnamn>Handelsbanken Inst Kortränta</Instrumentnamn>
        <ISIN-kod_instrument>SE0008613863</ISIN-kod_instrument>
        <Landkod_Emittent>SE</Landkod_Emittent>
        <Valuta>SEK</Valuta>
        <Antal>924433.3961000000</Antal>
        <Nominellt_belopp />
        <Kurs_som_använts_vid_värdering_av_instrumentet>100.6464254050</Kurs_som_använts_vid_värdering_av_instrumentet>
        <Valutakurs_instrument>1.00000000000000000000</Valutakurs_instrument>
        <Marknadsvärde_instrument>93040916.84</Marknadsvärde_instrument>
        <Andel_av_fondförmögenhet_instrument>0.3300000000</Andel_av_fondförmögenhet_instrument>
        <Bransch>
          <Branschkod_instrument>0</Branschkod_instrument>
          <Bransch_namn_instrument>Övrigt</Bransch_namn_instrument>
        </Bransch>
      </FinansielltInstrument>
      <FinansielltInstrument>
        <Tillgångsslag_enligt_LVF_5_kap>Fondandel</Tillgångsslag_enligt_LVF_5_kap>
        <Instrumentnamn>XACT Högutdelande (UCITS ETF)</Instrumentnamn>
        <ISIN-kod_instrument>SE0009778954</ISIN-kod_instrument>
        <Landkod_Emittent>SE</Landkod_Emittent>
        <Valuta>SEK</Valuta>
        <Antal>8588831.0000000000</Antal>
        <Nominellt_belopp />
        <Kurs_som_använts_vid_värdering_av_instrumentet>125.8871609580</Kurs_som_använts_vid_värdering_av_instrumentet>
        <Valutakurs_instrument>1.00000000000000000000</Valutakurs_instrument>
        <Marknadsvärde_instrument>1081223550.54</Marknadsvärde_instrument>
        <Andel_av_fondförmögenhet_instrument>3.7900000000</Andel_av_fondförmögenhet_instrument>
        <Bransch>
          <Branschkod_instrument>0</Branschkod_instrument>
          <Bransch_namn_instrument>Övrigt</Bransch_namn_instrument>
        </Bransch>
      </FinansielltInstrument>
      <FinansielltInstrument>
        <Tillgångsslag_enligt_LVF_5_kap>Fondandel</Tillgångsslag_enligt_LVF_5_kap>
        <Instrumentnamn>Handelsbanken Norden Index Criteria</Instrumentnamn>
        <ISIN-kod_instrument>SE0010127894</ISIN-kod_instrument>
        <Landkod_Emittent>SE</Landkod_Emittent>
        <Valuta>SEK</Valuta>
        <Antal>12316468.6089000000</Antal>
        <Nominellt_belopp />
        <Kurs_som_använts_vid_värdering_av_instrumentet>161.6606746790</Kurs_som_använts_vid_värdering_av_instrumentet>
        <Valutakurs_instrument>1.00000000000000000000</Valutakurs_instrument>
        <Marknadsvärde_instrument>1991088624.98</Marknadsvärde_instrument>
        <Andel_av_fondförmögenhet_instrument>6.9700000000</Andel_av_fondförmögenhet_instrument>
        <Bransch>
          <Branschkod_instrument>0</Branschkod_instrument>
          <Bransch_namn_instrument>Övrigt</Bransch_namn_instrument>
        </Bransch>
      </FinansielltInstrument>
      <FinansielltInstrument>
        <Tillgångsslag_enligt_LVF_5_kap>Fondandel</Tillgångsslag_enligt_LVF_5_kap>
        <Instrumentnamn>Handelsbanken Amerika Sm T(A1 SEK)</Instrumentnamn>
        <ISIN-kod_instrument>SE0011336908</ISIN-kod_instrument>
        <Landkod_Emittent>SE</Landkod_Emittent>
        <Valuta>SEK</Valuta>
        <Antal>506269.8648000000</Antal>
        <Nominellt_belopp />
        <Kurs_som_använts_vid_värdering_av_instrumentet>1221.1246315420</Kurs_som_använts_vid_värdering_av_instrumentet>
        <Valutakurs_instrument>1.00000000000000000000</Valutakurs_instrument>
        <Marknadsvärde_instrument>618218602.11</Marknadsvärde_instrument>
        <Andel_av_fondförmögenhet_instrument>2.1600000000</Andel_av_fondförmögenhet_instrument>
        <Bransch>
          <Branschkod_instrument>0</Branschkod_instrument>
          <Bransch_namn_instrument>Övrigt</Bransch_namn_instrument>
        </Bransch>
      </FinansielltInstrument>
      <FinansielltInstrument>
        <Tillgångsslag_enligt_LVF_5_kap>Fondandel</Tillgångsslag_enligt_LVF_5_kap>
        <Instrumentnamn>Handelsbanken Em Mark Ind (A9 SEK)</Instrumentnamn>
        <ISIN-kod_instrument>SE0011338466</ISIN-kod_instrument>
        <Landkod_Emittent>SE</Landkod_Emittent>
        <Valuta>SEK</Valuta>
        <Antal>535500.1579000000</Antal>
        <Nominellt_belopp />
        <Kurs_som_använts_vid_värdering_av_instrumentet>176.1472517250</Kurs_som_använts_vid_värdering_av_instrumentet>
        <Valutakurs_instrument>1.00000000000000000000</Valutakurs_instrument>
        <Marknadsvärde_instrument>94326881.11</Marknadsvärde_instrument>
        <Andel_av_fondförmögenhet_instrument>0.3300000000</Andel_av_fondförmögenhet_instrument>
        <Bransch>
          <Branschkod_instrument>0</Branschkod_instrument>
          <Bransch_namn_instrument>Övrigt</Bransch_namn_instrument>
        </Bransch>
      </FinansielltInstrument>
      <FinansielltInstrument>
        <Tillgångsslag_enligt_LVF_5_kap>Fondandel</Tillgångsslag_enligt_LVF_5_kap>
        <Instrumentnamn>Handelsbanken Hållbar Global Obligation</Instrumentnamn>
        <ISIN-kod_instrument>SE0011751155</ISIN-kod_instrument>
        <Landkod_Emittent>SE</Landkod_Emittent>
        <Valuta>SEK</Valuta>
        <Antal>4676582.7143000000</Antal>
        <Nominellt_belopp />
        <Kurs_som_använts_vid_värdering_av_instrumentet>91.1699733130</Kurs_som_använts_vid_värdering_av_instrumentet>
        <Valutakurs_instrument>1.00000000000000000000</Valutakurs_instrument>
        <Marknadsvärde_instrument>426363921.26</Marknadsvärde_instrument>
        <Andel_av_fondförmögenhet_instrument>1.4900000000</Andel_av_fondförmögenhet_instrument>
        <Bransch>
          <Branschkod_instrument>0</Branschkod_instrument>
          <Bransch_namn_instrument>Övrigt</Bransch_namn_instrument>
        </Bransch>
      </FinansielltInstrument>
      <FinansielltInstrument>
        <Tillgångsslag_enligt_LVF_5_kap>Fondandel</Tillgångsslag_enligt_LVF_5_kap>
        <Instrumentnamn>Handelsbanken Kreditt A1NOK</Instrumentnamn>
        <ISIN-kod_instrument>SE0012728715</ISIN-kod_instrument>
        <Landkod_Emittent>SE</Landkod_Emittent>
        <Valuta>NOK</Valuta>
        <Antal>4356726.5777000000</Antal>
        <Nominellt_belopp />
        <Kurs_som_använts_vid_värdering_av_instrumentet>97.0561889580</Kurs_som_använts_vid_värdering_av_instrumentet>
        <Valutakurs_instrument>1.05770987700000000000</Valutakurs_instrument>
        <Marknadsvärde_instrument>447249742.36</Marknadsvärde_instrument>
        <Andel_av_fondförmögenhet_instrument>1.5700000000</Andel_av_fondförmögenhet_instrument>
        <Bransch>
          <Branschkod_instrument>0</Branschkod_instrument>
          <Bransch_namn_instrument>Övrigt</Bransch_namn_instrument>
        </Bransch>
      </FinansielltInstrument>
      <FinansielltInstrument>
        <Tillgångsslag_enligt_LVF_5_kap>Fondandel</Tillgångsslag_enligt_LVF_5_kap>
        <Instrumentnamn>Handelsbanken Global Högutdelande</Instrumentnamn>
        <ISIN-kod_instrument>SE0013460920</ISIN-kod_instrument>
        <Landkod_Emittent>SE</Landkod_Emittent>
        <Valuta>SEK</Valuta>
        <Antal>2304356.7132000000</Antal>
        <Nominellt_belopp />
        <Kurs_som_använts_vid_värdering_av_instrumentet>130.6586869650</Kurs_som_använts_vid_värdering_av_instrumentet>
        <Valutakurs_instrument>1.00000000000000000000</Valutakurs_instrument>
        <Marknadsvärde_instrument>301084222.45</Marknadsvärde_instrument>
        <Andel_av_fondförmögenhet_instrument>1.0500000000</Andel_av_fondförmögenhet_instrument>
        <Bransch>
          <Branschkod_instrument>0</Branschkod_instrument>
          <Bransch_namn_instrument>Övrigt</Bransch_namn_instrument>
        </Bransch>
      </FinansielltInstrument>
      <FinansielltInstrument>
        <Tillgångsslag_enligt_LVF_5_kap>Fondandel</Tillgångsslag_enligt_LVF_5_kap>
        <Instrumentnamn>Handelsbanken Global Momentum (A1 SEK)</Instrumentnamn>
        <ISIN-kod_instrument>SE0015382114</ISIN-kod_instrument>
        <Landkod_Emittent>SE</Landkod_Emittent>
        <Valuta>SEK</Valuta>
        <Antal>651612.1504000000</Antal>
        <Nominellt_belopp />
        <Kurs_som_använts_vid_värdering_av_instrumentet>100.1365038160</Kurs_som_använts_vid_värdering_av_instrumentet>
        <Valutakurs_instrument>1.00000000000000000000</Valutakurs_instrument>
        <Marknadsvärde_instrument>65250162.59</Marknadsvärde_instrument>
        <Andel_av_fondförmögenhet_instrument>0.2300000000</Andel_av_fondförmögenhet_instrument>
        <Bransch>
          <Branschkod_instrument>0</Branschkod_instrument>
          <Bransch_namn_instrument>Övrigt</Bransch_namn_instrument>
        </Bransch>
      </FinansielltInstrument>
      <FinansielltInstrument>
        <Tillgångsslag_enligt_LVF_5_kap>Fondandel</Tillgångsslag_enligt_LVF_5_kap>
        <Instrumentnamn>Handelsbanken Global Momentum (B1 SEK)</Instrumentnamn>
        <ISIN-kod_instrument>SE0015382130</ISIN-kod_instrument>
        <Landkod_Emittent>SE</Landkod_Emittent>
        <Valuta>SEK</Valuta>
        <Antal>1036.9023000000</Antal>
        <Nominellt_belopp />
        <Kurs_som_använts_vid_värdering_av_instrumentet>96.5386421130</Kurs_som_använts_vid_värdering_av_instrumentet>
        <Valutakurs_instrument>1.00000000000000000000</Valutakurs_instrument>
        <Marknadsvärde_instrument>100101.14</Marknadsvärde_instrument>
        <Andel_av_fondförmögenhet_instrument>0.0000000000</Andel_av_fondförmögenhet_instrument>
        <Bransch>
          <Branschkod_instrument>0</Branschkod_instrument>
          <Bransch_namn_instrument>Övrigt</Bransch_namn_instrument>
        </Bransch>
      </FinansielltInstrument>
      <FinansielltInstrument>
        <Tillgångsslag_enligt_LVF_5_kap>Fondandel</Tillgångsslag_enligt_LVF_5_kap>
        <Instrumentnamn>Handelsbanken Hållbar Global High Yield (A1 SEK)</Instrumentnamn>
        <ISIN-kod_instrument>SE0017831423</ISIN-kod_instrument>
        <Landkod_Emittent>SE</Landkod_Emittent>
        <Valuta>SEK</Valuta>
        <Antal>2679453.9052000000</Antal>
        <Nominellt_belopp />
        <Kurs_som_använts_vid_värdering_av_instrumentet>95.7624010410</Kurs_som_använts_vid_värdering_av_instrumentet>
        <Valutakurs_instrument>1.00000000000000000000</Valutakurs_instrument>
        <Marknadsvärde_instrument>256590939.44</Marknadsvärde_instrument>
        <Andel_av_fondförmögenhet_instrument>0.9000000000</Andel_av_fondförmögenhet_instrument>
        <Bransch>
          <Branschkod_instrument>0</Branschkod_instrument>
          <Bransch_namn_instrument>Övrigt</Bransch_namn_instrument>
        </Bransch>
      </FinansielltInstrument>
      <FinansielltInstrument>
        <Tillgångsslag_enligt_LVF_5_kap>Fondandel</Tillgångsslag_enligt_LVF_5_kap>
        <Instrumentnamn>Handelsbanken Räntestrategi</Instrumentnamn>
        <ISIN-kod_instrument>SE0001163171</ISIN-kod_instrument>
        <Landkod_Emittent>SE</Landkod_Emittent>
        <Valuta>SEK</Valuta>
        <Antal>14906269.1267000000</Antal>
        <Nominellt_belopp />
        <Kurs_som_använts_vid_värdering_av_instrumentet>102.7716379320</Kurs_som_använts_vid_värdering_av_instrumentet>
        <Valutakurs_instrument>1.00000000000000000000</Valutakurs_instrument>
        <Marknadsvärde_instrument>1531941693.61</Marknadsvärde_instrument>
        <Andel_av_fondförmögenhet_instrument>5.3600000000</Andel_av_fondförmögenhet_instrument>
        <Bransch>
          <Branschkod_instrument>0</Branschkod_instrument>
          <Bransch_namn_instrument>Övrigt</Bransch_namn_instrument>
        </Bransch>
      </FinansielltInstrument>
      <FinansielltInstrument>
        <Tillgångsslag_enligt_LVF_5_kap>Fondandel</Tillgångsslag_enligt_LVF_5_kap>
        <Instrumentnamn>Handelsbanken Räntestrategi Plus (A7 SEK)</Instrumentnamn>
        <ISIN-kod_instrument>SE0007157888</ISIN-kod_instrument>
        <Landkod_Emittent>SE</Landkod_Emittent>
        <Valuta>SEK</Valuta>
        <Antal>6571891.9419000000</Antal>
        <Nominellt_belopp />
        <Kurs_som_använts_vid_värdering_av_instrumentet>103.1691269830</Kurs_som_använts_vid_värdering_av_instrumentet>
        <Valutakurs_instrument>1.00000000000000000000</Valutakurs_instrument>
        <Marknadsvärde_instrument>678016354.27</Marknadsvärde_instrument>
        <Andel_av_fondförmögenhet_instrument>2.3700000000</Andel_av_fondförmögenhet_instrument>
        <Bransch>
          <Branschkod_instrument>0</Branschkod_instrument>
          <Bransch_namn_instrument>Övrigt</Bransch_namn_instrument>
        </Bransch>
      </FinansielltInstrument>
      <FinansielltInstrument>
        <Tillgångsslag_enligt_LVF_5_kap>DerivatinstrumentSamtTeknikerOchInstrument</Tillgångsslag_enligt_LVF_5_kap>
        <Instrumentnamn>STOXX EURO ESG-X  Mar23</Instrumentnamn>
        <ISIN-kod_instrument>DE000C6ZNSR9</ISIN-kod_instrument>
        <Landkod_Emittent>DE</Landkod_Emittent>
        <Valuta>EUR</Valuta>
        <Antal>-506400.0000000000</Antal>
        <Nominellt_belopp />
        <Kurs_som_använts_vid_värdering_av_instrumentet>0.0000000000</Kurs_som_använts_vid_värdering_av_instrumentet>
        <Valutakurs_instrument>11.12021137500000000000</Valutakurs_instrument>
        <Marknadsvärde_instrument>0.00</Marknadsvärde_instrument>
        <Andel_av_fondförmögenhet_instrument>0.0000000000</Andel_av_fondförmögenhet_instrument>
      </FinansielltInstrument>
      <FinansielltInstrument>
        <Tillgångsslag_enligt_LVF_5_kap>DerivatinstrumentSamtTeknikerOchInstrument</Tillgångsslag_enligt_LVF_5_kap>
        <Instrumentnamn>OMXESG3A</Instrumentnamn>
        <ISIN-kod_instrument>SE0018783508</ISIN-kod_instrument>
        <Landkod_Emittent>SE</Landkod_Emittent>
        <Valuta>SEK</Valuta>
        <Antal>-461500.0000000000</Antal>
        <Nominellt_belopp />
        <Kurs_som_använts_vid_värdering_av_instrumentet>0.0000000000</Kurs_som_använts_vid_värdering_av_instrumentet>
        <Valutakurs_instrument>1.00000000000000000000</Valutakurs_instrument>
        <Marknadsvärde_instrument>0.00</Marknadsvärde_instrument>
        <Andel_av_fondförmögenhet_instrument>0.0000000000</Andel_av_fondförmögenhet_instrument>
      </FinansielltInstrument>
    </FinansiellaInstrument>
  </Fondinformation>
  <Fondinformation />
</VärdepappersfondInnehav>