﻿<?xml version="1.0" encoding="utf-8"?>
<VärdepappersfondInnehav xmlns="http://schemas.fi.se/publika/vardepappersfonder/20200331">
  <Rapportinformation>
    <Kvartalsslut>2022-12-31</Kvartalsslut>
  </Rapportinformation>
  <Bolagsinformation>
    <Fondbolag_namn>Handelsbanken Fonder AB</Fondbolag_namn>
    <Fondbolag_institutnummer>58037</Fondbolag_institutnummer>
    <Fondbolag_LEI-kod>549300RJTULO02U5ZG71</Fondbolag_LEI-kod>
  </Bolagsinformation>
  <Fondinformation>
    <Fond_institutnummer>51196</Fond_institutnummer>
    <Fond_ISIN-kod>SE0000355828</Fond_ISIN-kod>
    <Fond_namn>Handelsbanken Amerika Tema</Fond_namn>
    <Förvaltningsavgift>
      <MedAndelsklasser>
        <Förvaltningsavgift>
          <Andelsklass_namn>Handelsbanken Amerika Tema A9 SEK</Andelsklass_namn>
          <Förvaltningsavgift_Typ>
            <Förvaltningsavgift_fast>0.80</Förvaltningsavgift_fast>
          </Förvaltningsavgift_Typ>
        </Förvaltningsavgift>
        <Förvaltningsavgift>
          <Andelsklass_namn>Handelsbanken Amerika Tema A9 EUR</Andelsklass_namn>
          <Förvaltningsavgift_Typ>
            <Förvaltningsavgift_fast>0.80</Förvaltningsavgift_fast>
          </Förvaltningsavgift_Typ>
        </Förvaltningsavgift>
        <Förvaltningsavgift>
          <Andelsklass_namn>Handelsbanken Amerika Tema A10 SEK</Andelsklass_namn>
          <Förvaltningsavgift_Typ>
            <Förvaltningsavgift_fast>0.60</Förvaltningsavgift_fast>
          </Förvaltningsavgift_Typ>
        </Förvaltningsavgift>
        <Förvaltningsavgift>
          <Andelsklass_namn>Handelsbanken Amerika Tema A10 EUR</Andelsklass_namn>
          <Förvaltningsavgift_Typ>
            <Förvaltningsavgift_fast>0.60</Förvaltningsavgift_fast>
          </Förvaltningsavgift_Typ>
        </Förvaltningsavgift>
        <Förvaltningsavgift>
          <Andelsklass_namn>Handelsbanken Amerika Tema A10 NOK</Andelsklass_namn>
          <Förvaltningsavgift_Typ>
            <Förvaltningsavgift_fast>0.60</Förvaltningsavgift_fast>
          </Förvaltningsavgift_Typ>
        </Förvaltningsavgift>
        <Förvaltningsavgift>
          <Andelsklass_namn>Handelsbanken Amerika Tema A1 SEK</Andelsklass_namn>
          <Förvaltningsavgift_Typ>
            <Förvaltningsavgift_fast>1.60</Förvaltningsavgift_fast>
          </Förvaltningsavgift_Typ>
        </Förvaltningsavgift>
        <Förvaltningsavgift>
          <Andelsklass_namn>Handelsbanken Amerika Tema B1 SEK</Andelsklass_namn>
          <Förvaltningsavgift_Typ>
            <Förvaltningsavgift_fast>1.60</Förvaltningsavgift_fast>
          </Förvaltningsavgift_Typ>
        </Förvaltningsavgift>
        <Förvaltningsavgift>
          <Andelsklass_namn>Handelsbanken Amerika Tema A1 NOK</Andelsklass_namn>
          <Förvaltningsavgift_Typ>
            <Förvaltningsavgift_fast>1.60</Förvaltningsavgift_fast>
          </Förvaltningsavgift_Typ>
        </Förvaltningsavgift>
        <Förvaltningsavgift>
          <Andelsklass_namn>Handelsbanken Amerika Tema A1 EUR</Andelsklass_namn>
          <Förvaltningsavgift_Typ>
            <Förvaltningsavgift_fast>1.60</Förvaltningsavgift_fast>
          </Förvaltningsavgift_Typ>
        </Förvaltningsavgift>
      </MedAndelsklasser>
    </Förvaltningsavgift>
    <Fondförmögenhet>12738508646</Fondförmögenhet>
    <Likvida_medel>426207575</Likvida_medel>
    <Övriga_tillgångar_och_skulder>-144003674</Övriga_tillgångar_och_skulder>
    <Aktiv_risk>4.45</Aktiv_risk>
    <Standardavvikelse_24_månader>16.0700000000</Standardavvikelse_24_månader>
    <Jämförelseindex>
      <Jämförelseindex>Solactive ISS ESG Screened USA Index NTR</Jämförelseindex>
    </Jämförelseindex>
    <FinansiellaInstrument>
      <FinansielltInstrument>
        <Tillgångsslag_enligt_LVF_5_kap>ÖverlåtbartVärdepapper</Tillgångsslag_enligt_LVF_5_kap>
        <Instrumentnamn>Bank of Montreal Com</Instrumentnamn>
        <ISIN-kod_instrument>CA0636711016</ISIN-kod_instrument>
        <Landkod_Emittent>CA</Landkod_Emittent>
        <Valuta>CAD</Valuta>
        <Antal>189300.0000000000</Antal>
        <Nominellt_belopp />
        <Kurs_som_använts_vid_värdering_av_instrumentet>122.6600000000</Kurs_som_använts_vid_värdering_av_instrumentet>
        <Valutakurs_instrument>7.68995165900000000000</Valutakurs_instrument>
        <Marknadsvärde_instrument>178557124.76</Marknadsvärde_instrument>
        <Andel_av_fondförmögenhet_instrument>1.4000000000</Andel_av_fondförmögenhet_instrument>
        <Bransch>
          <Branschkod_instrument>40</Branschkod_instrument>
          <Bransch_namn_instrument>Financials</Bransch_namn_instrument>
        </Bransch>
      </FinansielltInstrument>
      <FinansielltInstrument>
        <Tillgångsslag_enligt_LVF_5_kap>ÖverlåtbartVärdepapper</Tillgångsslag_enligt_LVF_5_kap>
        <Instrumentnamn>Descartes Systems Group Ord Shs</Instrumentnamn>
        <ISIN-kod_instrument>CA2499061083</ISIN-kod_instrument>
        <Landkod_Emittent>CA</Landkod_Emittent>
        <Valuta>CAD</Valuta>
        <Antal>145950.0000000000</Antal>
        <Nominellt_belopp />
        <Kurs_som_använts_vid_värdering_av_instrumentet>94.3900000000</Kurs_som_använts_vid_värdering_av_instrumentet>
        <Valutakurs_instrument>7.68995165900000000000</Valutakurs_instrument>
        <Marknadsvärde_instrument>105938469.69</Marknadsvärde_instrument>
        <Andel_av_fondförmögenhet_instrument>0.8300000000</Andel_av_fondförmögenhet_instrument>
        <Bransch>
          <Branschkod_instrument>45</Branschkod_instrument>
          <Bransch_namn_instrument>Information Technology</Bransch_namn_instrument>
        </Bransch>
      </FinansielltInstrument>
      <FinansielltInstrument>
        <Tillgångsslag_enligt_LVF_5_kap>ÖverlåtbartVärdepapper</Tillgångsslag_enligt_LVF_5_kap>
        <Instrumentnamn>Allegion Ord Shs</Instrumentnamn>
        <ISIN-kod_instrument>IE00BFRT3W74</ISIN-kod_instrument>
        <Landkod_Emittent>IE</Landkod_Emittent>
        <Valuta>USD</Valuta>
        <Antal>96700.0000000000</Antal>
        <Nominellt_belopp />
        <Kurs_som_använts_vid_värdering_av_instrumentet>105.2600000000</Kurs_som_använts_vid_värdering_av_instrumentet>
        <Valutakurs_instrument>10.41950000000000000000</Valutakurs_instrument>
        <Marknadsvärde_instrument>106056360.32</Marknadsvärde_instrument>
        <Andel_av_fondförmögenhet_instrument>0.8300000000</Andel_av_fondförmögenhet_instrument>
        <Bransch>
          <Branschkod_instrument>20</Branschkod_instrument>
          <Bransch_namn_instrument>Industrials</Bransch_namn_instrument>
        </Bransch>
      </FinansielltInstrument>
      <FinansielltInstrument>
        <Tillgångsslag_enligt_LVF_5_kap>ÖverlåtbartVärdepapper</Tillgångsslag_enligt_LVF_5_kap>
        <Instrumentnamn>Abbott Laboratories</Instrumentnamn>
        <ISIN-kod_instrument>US0028241000</ISIN-kod_instrument>
        <Landkod_Emittent>US</Landkod_Emittent>
        <Valuta>USD</Valuta>
        <Antal>170900.0000000000</Antal>
        <Nominellt_belopp />
        <Kurs_som_använts_vid_värdering_av_instrumentet>109.7900000000</Kurs_som_använts_vid_värdering_av_instrumentet>
        <Valutakurs_instrument>10.41950000000000000000</Valutakurs_instrument>
        <Marknadsvärde_instrument>195502235.06</Marknadsvärde_instrument>
        <Andel_av_fondförmögenhet_instrument>1.5300000000</Andel_av_fondförmögenhet_instrument>
        <Bransch>
          <Branschkod_instrument>35</Branschkod_instrument>
          <Bransch_namn_instrument>Health Care</Bransch_namn_instrument>
        </Bransch>
      </FinansielltInstrument>
      <FinansielltInstrument>
        <Tillgångsslag_enligt_LVF_5_kap>ÖverlåtbartVärdepapper</Tillgångsslag_enligt_LVF_5_kap>
        <Instrumentnamn>AbbVie Ord Shs</Instrumentnamn>
        <ISIN-kod_instrument>US00287Y1091</ISIN-kod_instrument>
        <Landkod_Emittent>US</Landkod_Emittent>
        <Valuta>USD</Valuta>
        <Antal>254800.0000000000</Antal>
        <Nominellt_belopp />
        <Kurs_som_använts_vid_värdering_av_instrumentet>161.6100000000</Kurs_som_använts_vid_värdering_av_instrumentet>
        <Valutakurs_instrument>10.41950000000000000000</Valutakurs_instrument>
        <Marknadsvärde_instrument>429056546.65</Marknadsvärde_instrument>
        <Andel_av_fondförmögenhet_instrument>3.3700000000</Andel_av_fondförmögenhet_instrument>
        <Bransch>
          <Branschkod_instrument>35</Branschkod_instrument>
          <Bransch_namn_instrument>Health Care</Bransch_namn_instrument>
        </Bransch>
      </FinansielltInstrument>
      <FinansielltInstrument>
        <Tillgångsslag_enligt_LVF_5_kap>ÖverlåtbartVärdepapper</Tillgångsslag_enligt_LVF_5_kap>
        <Instrumentnamn>Activision Blizzard</Instrumentnamn>
        <ISIN-kod_instrument>US00507V1098</ISIN-kod_instrument>
        <Landkod_Emittent>US</Landkod_Emittent>
        <Valuta>USD</Valuta>
        <Antal>187500.0000000000</Antal>
        <Nominellt_belopp />
        <Kurs_som_använts_vid_värdering_av_instrumentet>76.5500000000</Kurs_som_använts_vid_värdering_av_instrumentet>
        <Valutakurs_instrument>10.41950000000000000000</Valutakurs_instrument>
        <Marknadsvärde_instrument>149552385.94</Marknadsvärde_instrument>
        <Andel_av_fondförmögenhet_instrument>1.1700000000</Andel_av_fondförmögenhet_instrument>
        <Bransch>
          <Branschkod_instrument>50</Branschkod_instrument>
          <Bransch_namn_instrument>Communication Services</Bransch_namn_instrument>
        </Bransch>
      </FinansielltInstrument>
      <FinansielltInstrument>
        <Tillgångsslag_enligt_LVF_5_kap>ÖverlåtbartVärdepapper</Tillgångsslag_enligt_LVF_5_kap>
        <Instrumentnamn>Adobe Inc</Instrumentnamn>
        <ISIN-kod_instrument>US00724F1012</ISIN-kod_instrument>
        <Landkod_Emittent>US</Landkod_Emittent>
        <Valuta>USD</Valuta>
        <Antal>57600.0000000000</Antal>
        <Nominellt_belopp />
        <Kurs_som_använts_vid_värdering_av_instrumentet>336.5300000000</Kurs_som_använts_vid_värdering_av_instrumentet>
        <Valutakurs_instrument>10.41950000000000000000</Valutakurs_instrument>
        <Marknadsvärde_instrument>201972921.70</Marknadsvärde_instrument>
        <Andel_av_fondförmögenhet_instrument>1.5900000000</Andel_av_fondförmögenhet_instrument>
        <Bransch>
          <Branschkod_instrument>45</Branschkod_instrument>
          <Bransch_namn_instrument>Information Technology</Bransch_namn_instrument>
        </Bransch>
      </FinansielltInstrument>
      <FinansielltInstrument>
        <Tillgångsslag_enligt_LVF_5_kap>ÖverlåtbartVärdepapper</Tillgångsslag_enligt_LVF_5_kap>
        <Instrumentnamn>Advanced Drainage Systems Ord Shs</Instrumentnamn>
        <ISIN-kod_instrument>US00790R1041</ISIN-kod_instrument>
        <Landkod_Emittent>US</Landkod_Emittent>
        <Valuta>USD</Valuta>
        <Antal>84550.0000000000</Antal>
        <Nominellt_belopp />
        <Kurs_som_använts_vid_värdering_av_instrumentet>81.9700000000</Kurs_som_använts_vid_värdering_av_instrumentet>
        <Valutakurs_instrument>10.41950000000000000000</Valutakurs_instrument>
        <Marknadsvärde_instrument>72213006.39</Marknadsvärde_instrument>
        <Andel_av_fondförmögenhet_instrument>0.5700000000</Andel_av_fondförmögenhet_instrument>
        <Bransch>
          <Branschkod_instrument>20</Branschkod_instrument>
          <Bransch_namn_instrument>Industrials</Bransch_namn_instrument>
        </Bransch>
      </FinansielltInstrument>
      <FinansielltInstrument>
        <Tillgångsslag_enligt_LVF_5_kap>ÖverlåtbartVärdepapper</Tillgångsslag_enligt_LVF_5_kap>
        <Instrumentnamn>Alphabet Ord Shs Class A</Instrumentnamn>
        <ISIN-kod_instrument>US02079K3059</ISIN-kod_instrument>
        <Landkod_Emittent>US</Landkod_Emittent>
        <Valuta>USD</Valuta>
        <Antal>789000.0000000000</Antal>
        <Nominellt_belopp />
        <Kurs_som_använts_vid_värdering_av_instrumentet>88.2300000000</Kurs_som_använts_vid_värdering_av_instrumentet>
        <Valutakurs_instrument>10.41950000000000000000</Valutakurs_instrument>
        <Marknadsvärde_instrument>725337550.67</Marknadsvärde_instrument>
        <Andel_av_fondförmögenhet_instrument>5.6900000000</Andel_av_fondförmögenhet_instrument>
        <Bransch>
          <Branschkod_instrument>50</Branschkod_instrument>
          <Bransch_namn_instrument>Communication Services</Bransch_namn_instrument>
        </Bransch>
      </FinansielltInstrument>
      <FinansielltInstrument>
        <Tillgångsslag_enligt_LVF_5_kap>ÖverlåtbartVärdepapper</Tillgångsslag_enligt_LVF_5_kap>
        <Instrumentnamn>Amazon.com</Instrumentnamn>
        <ISIN-kod_instrument>US0231351067</ISIN-kod_instrument>
        <Landkod_Emittent>US</Landkod_Emittent>
        <Valuta>USD</Valuta>
        <Antal>235600.0000000000</Antal>
        <Nominellt_belopp />
        <Kurs_som_använts_vid_värdering_av_instrumentet>84.0000000000</Kurs_som_använts_vid_värdering_av_instrumentet>
        <Valutakurs_instrument>10.41950000000000000000</Valutakurs_instrument>
        <Marknadsvärde_instrument>206206072.80</Marknadsvärde_instrument>
        <Andel_av_fondförmögenhet_instrument>1.6200000000</Andel_av_fondförmögenhet_instrument>
        <Bransch>
          <Branschkod_instrument>25</Branschkod_instrument>
          <Bransch_namn_instrument>Consumer Discretionary</Bransch_namn_instrument>
        </Bransch>
      </FinansielltInstrument>
      <FinansielltInstrument>
        <Tillgångsslag_enligt_LVF_5_kap>ÖverlåtbartVärdepapper</Tillgångsslag_enligt_LVF_5_kap>
        <Instrumentnamn>Ameresco Ord Shs Class A</Instrumentnamn>
        <ISIN-kod_instrument>US02361E1082</ISIN-kod_instrument>
        <Landkod_Emittent>US</Landkod_Emittent>
        <Valuta>USD</Valuta>
        <Antal>156000.0000000000</Antal>
        <Nominellt_belopp />
        <Kurs_som_använts_vid_värdering_av_instrumentet>57.1400000000</Kurs_som_använts_vid_värdering_av_instrumentet>
        <Valutakurs_instrument>10.41950000000000000000</Valutakurs_instrument>
        <Marknadsvärde_instrument>92877755.88</Marknadsvärde_instrument>
        <Andel_av_fondförmögenhet_instrument>0.7300000000</Andel_av_fondförmögenhet_instrument>
        <Bransch>
          <Branschkod_instrument>20</Branschkod_instrument>
          <Bransch_namn_instrument>Industrials</Bransch_namn_instrument>
        </Bransch>
      </FinansielltInstrument>
      <FinansielltInstrument>
        <Tillgångsslag_enligt_LVF_5_kap>ÖverlåtbartVärdepapper</Tillgångsslag_enligt_LVF_5_kap>
        <Instrumentnamn>Apple Inc Ord Sh</Instrumentnamn>
        <ISIN-kod_instrument>US0378331005</ISIN-kod_instrument>
        <Landkod_Emittent>US</Landkod_Emittent>
        <Valuta>USD</Valuta>
        <Antal>580336.0000000000</Antal>
        <Nominellt_belopp />
        <Kurs_som_använts_vid_värdering_av_instrumentet>129.9300000000</Kurs_som_använts_vid_värdering_av_instrumentet>
        <Valutakurs_instrument>10.41950000000000000000</Valutakurs_instrument>
        <Marknadsvärde_instrument>785662146.99</Marknadsvärde_instrument>
        <Andel_av_fondförmögenhet_instrument>6.1700000000</Andel_av_fondförmögenhet_instrument>
        <Bransch>
          <Branschkod_instrument>45</Branschkod_instrument>
          <Bransch_namn_instrument>Information Technology</Bransch_namn_instrument>
        </Bransch>
      </FinansielltInstrument>
      <FinansielltInstrument>
        <Tillgångsslag_enligt_LVF_5_kap>ÖverlåtbartVärdepapper</Tillgångsslag_enligt_LVF_5_kap>
        <Instrumentnamn>Autodesk</Instrumentnamn>
        <ISIN-kod_instrument>US0527691069</ISIN-kod_instrument>
        <Landkod_Emittent>US</Landkod_Emittent>
        <Valuta>USD</Valuta>
        <Antal>67350.0000000000</Antal>
        <Nominellt_belopp />
        <Kurs_som_använts_vid_värdering_av_instrumentet>186.8700000000</Kurs_som_använts_vid_värdering_av_instrumentet>
        <Valutakurs_instrument>10.41950000000000000000</Valutakurs_instrument>
        <Marknadsvärde_instrument>131136643.84</Marknadsvärde_instrument>
        <Andel_av_fondförmögenhet_instrument>1.0300000000</Andel_av_fondförmögenhet_instrument>
        <Bransch>
          <Branschkod_instrument>45</Branschkod_instrument>
          <Bransch_namn_instrument>Information Technology</Bransch_namn_instrument>
        </Bransch>
      </FinansielltInstrument>
      <FinansielltInstrument>
        <Tillgångsslag_enligt_LVF_5_kap>ÖverlåtbartVärdepapper</Tillgångsslag_enligt_LVF_5_kap>
        <Instrumentnamn>Broadcom Inc Ord shs</Instrumentnamn>
        <ISIN-kod_instrument>US11135F1012</ISIN-kod_instrument>
        <Landkod_Emittent>US</Landkod_Emittent>
        <Valuta>USD</Valuta>
        <Antal>70450.0000000000</Antal>
        <Nominellt_belopp />
        <Kurs_som_använts_vid_värdering_av_instrumentet>559.1300000000</Kurs_som_använts_vid_värdering_av_instrumentet>
        <Valutakurs_instrument>10.41950000000000000000</Valutakurs_instrument>
        <Marknadsvärde_instrument>410431487.22</Marknadsvärde_instrument>
        <Andel_av_fondförmögenhet_instrument>3.2200000000</Andel_av_fondförmögenhet_instrument>
        <Bransch>
          <Branschkod_instrument>45</Branschkod_instrument>
          <Bransch_namn_instrument>Information Technology</Bransch_namn_instrument>
        </Bransch>
      </FinansielltInstrument>
      <FinansielltInstrument>
        <Tillgångsslag_enligt_LVF_5_kap>ÖverlåtbartVärdepapper</Tillgångsslag_enligt_LVF_5_kap>
        <Instrumentnamn>Clean Harbors Ord Shs</Instrumentnamn>
        <ISIN-kod_instrument>US1844961078</ISIN-kod_instrument>
        <Landkod_Emittent>US</Landkod_Emittent>
        <Valuta>USD</Valuta>
        <Antal>80300.0000000000</Antal>
        <Nominellt_belopp />
        <Kurs_som_använts_vid_värdering_av_instrumentet>114.1200000000</Kurs_som_använts_vid_värdering_av_instrumentet>
        <Valutakurs_instrument>10.41950000000000000000</Valutakurs_instrument>
        <Marknadsvärde_instrument>95482589.20</Marknadsvärde_instrument>
        <Andel_av_fondförmögenhet_instrument>0.7500000000</Andel_av_fondförmögenhet_instrument>
        <Bransch>
          <Branschkod_instrument>20</Branschkod_instrument>
          <Bransch_namn_instrument>Industrials</Bransch_namn_instrument>
        </Bransch>
      </FinansielltInstrument>
      <FinansielltInstrument>
        <Tillgångsslag_enligt_LVF_5_kap>ÖverlåtbartVärdepapper</Tillgångsslag_enligt_LVF_5_kap>
        <Instrumentnamn>Comcast A</Instrumentnamn>
        <ISIN-kod_instrument>US20030N1019</ISIN-kod_instrument>
        <Landkod_Emittent>US</Landkod_Emittent>
        <Valuta>USD</Valuta>
        <Antal>389700.0000000000</Antal>
        <Nominellt_belopp />
        <Kurs_som_använts_vid_värdering_av_instrumentet>34.9700000000</Kurs_som_använts_vid_värdering_av_instrumentet>
        <Valutakurs_instrument>10.41950000000000000000</Valutakurs_instrument>
        <Marknadsvärde_instrument>141994955.88</Marknadsvärde_instrument>
        <Andel_av_fondförmögenhet_instrument>1.1100000000</Andel_av_fondförmögenhet_instrument>
        <Bransch>
          <Branschkod_instrument>50</Branschkod_instrument>
          <Bransch_namn_instrument>Communication Services</Bransch_namn_instrument>
        </Bransch>
      </FinansielltInstrument>
      <FinansielltInstrument>
        <Tillgångsslag_enligt_LVF_5_kap>ÖverlåtbartVärdepapper</Tillgångsslag_enligt_LVF_5_kap>
        <Instrumentnamn>Cooper Ord Shs</Instrumentnamn>
        <ISIN-kod_instrument>US2166484020</ISIN-kod_instrument>
        <Landkod_Emittent>US</Landkod_Emittent>
        <Valuta>USD</Valuta>
        <Antal>24150.0000000000</Antal>
        <Nominellt_belopp />
        <Kurs_som_använts_vid_värdering_av_instrumentet>330.6700000000</Kurs_som_använts_vid_värdering_av_instrumentet>
        <Valutakurs_instrument>10.41950000000000000000</Valutakurs_instrument>
        <Marknadsvärde_instrument>83206797.97</Marknadsvärde_instrument>
        <Andel_av_fondförmögenhet_instrument>0.6500000000</Andel_av_fondförmögenhet_instrument>
        <Bransch>
          <Branschkod_instrument>35</Branschkod_instrument>
          <Bransch_namn_instrument>Health Care</Bransch_namn_instrument>
        </Bransch>
      </FinansielltInstrument>
      <FinansielltInstrument>
        <Tillgångsslag_enligt_LVF_5_kap>ÖverlåtbartVärdepapper</Tillgångsslag_enligt_LVF_5_kap>
        <Instrumentnamn>Darling Ingredients Ord Shs</Instrumentnamn>
        <ISIN-kod_instrument>US2372661015</ISIN-kod_instrument>
        <Landkod_Emittent>US</Landkod_Emittent>
        <Valuta>USD</Valuta>
        <Antal>447700.0000000000</Antal>
        <Nominellt_belopp />
        <Kurs_som_använts_vid_värdering_av_instrumentet>62.5900000000</Kurs_som_använts_vid_värdering_av_instrumentet>
        <Valutakurs_instrument>10.41950000000000000000</Valutakurs_instrument>
        <Marknadsvärde_instrument>291970467.29</Marknadsvärde_instrument>
        <Andel_av_fondförmögenhet_instrument>2.2900000000</Andel_av_fondförmögenhet_instrument>
        <Bransch>
          <Branschkod_instrument>30</Branschkod_instrument>
          <Bransch_namn_instrument>Consumer Staples</Bransch_namn_instrument>
        </Bransch>
      </FinansielltInstrument>
      <FinansielltInstrument>
        <Tillgångsslag_enligt_LVF_5_kap>ÖverlåtbartVärdepapper</Tillgångsslag_enligt_LVF_5_kap>
        <Instrumentnamn>DigitalBridge Group Ord Shs Class A</Instrumentnamn>
        <ISIN-kod_instrument>US25401T6038</ISIN-kod_instrument>
        <Landkod_Emittent>US</Landkod_Emittent>
        <Valuta>USD</Valuta>
        <Antal>500000.0000000000</Antal>
        <Nominellt_belopp />
        <Kurs_som_använts_vid_värdering_av_instrumentet>10.9400000000</Kurs_som_använts_vid_värdering_av_instrumentet>
        <Valutakurs_instrument>10.41950000000000000000</Valutakurs_instrument>
        <Marknadsvärde_instrument>56994665.00</Marknadsvärde_instrument>
        <Andel_av_fondförmögenhet_instrument>0.4500000000</Andel_av_fondförmögenhet_instrument>
        <Bransch>
          <Branschkod_instrument>60</Branschkod_instrument>
          <Bransch_namn_instrument>Real Estate</Bransch_namn_instrument>
        </Bransch>
      </FinansielltInstrument>
      <FinansielltInstrument>
        <Tillgångsslag_enligt_LVF_5_kap>ÖverlåtbartVärdepapper</Tillgångsslag_enligt_LVF_5_kap>
        <Instrumentnamn>Dynatrace Rg</Instrumentnamn>
        <ISIN-kod_instrument>US2681501092</ISIN-kod_instrument>
        <Landkod_Emittent>US</Landkod_Emittent>
        <Valuta>USD</Valuta>
        <Antal>166700.0000000000</Antal>
        <Nominellt_belopp />
        <Kurs_som_använts_vid_värdering_av_instrumentet>38.3000000000</Kurs_som_använts_vid_värdering_av_instrumentet>
        <Valutakurs_instrument>10.41950000000000000000</Valutakurs_instrument>
        <Marknadsvärde_instrument>66524443.90</Marknadsvärde_instrument>
        <Andel_av_fondförmögenhet_instrument>0.5200000000</Andel_av_fondförmögenhet_instrument>
        <Bransch>
          <Branschkod_instrument>45</Branschkod_instrument>
          <Bransch_namn_instrument>Information Technology</Bransch_namn_instrument>
        </Bransch>
      </FinansielltInstrument>
      <FinansielltInstrument>
        <Tillgångsslag_enligt_LVF_5_kap>ÖverlåtbartVärdepapper</Tillgångsslag_enligt_LVF_5_kap>
        <Instrumentnamn>East West Bancorp Ord Shs</Instrumentnamn>
        <ISIN-kod_instrument>US27579R1041</ISIN-kod_instrument>
        <Landkod_Emittent>US</Landkod_Emittent>
        <Valuta>USD</Valuta>
        <Antal>397500.0000000000</Antal>
        <Nominellt_belopp />
        <Kurs_som_använts_vid_värdering_av_instrumentet>65.9000000000</Kurs_som_använts_vid_värdering_av_instrumentet>
        <Valutakurs_instrument>10.41950000000000000000</Valutakurs_instrument>
        <Marknadsvärde_instrument>272941407.38</Marknadsvärde_instrument>
        <Andel_av_fondförmögenhet_instrument>2.1400000000</Andel_av_fondförmögenhet_instrument>
        <Bransch>
          <Branschkod_instrument>40</Branschkod_instrument>
          <Bransch_namn_instrument>Financials</Bransch_namn_instrument>
        </Bransch>
      </FinansielltInstrument>
      <FinansielltInstrument>
        <Tillgångsslag_enligt_LVF_5_kap>ÖverlåtbartVärdepapper</Tillgångsslag_enligt_LVF_5_kap>
        <Instrumentnamn>Edwards LifeSciences</Instrumentnamn>
        <ISIN-kod_instrument>US28176E1082</ISIN-kod_instrument>
        <Landkod_Emittent>US</Landkod_Emittent>
        <Valuta>USD</Valuta>
        <Antal>79200.0000000000</Antal>
        <Nominellt_belopp />
        <Kurs_som_använts_vid_värdering_av_instrumentet>74.6100000000</Kurs_som_använts_vid_värdering_av_instrumentet>
        <Valutakurs_instrument>10.41950000000000000000</Valutakurs_instrument>
        <Marknadsvärde_instrument>61569992.48</Marknadsvärde_instrument>
        <Andel_av_fondförmögenhet_instrument>0.4800000000</Andel_av_fondförmögenhet_instrument>
        <Bransch>
          <Branschkod_instrument>35</Branschkod_instrument>
          <Bransch_namn_instrument>Health Care</Bransch_namn_instrument>
        </Bransch>
      </FinansielltInstrument>
      <FinansielltInstrument>
        <Tillgångsslag_enligt_LVF_5_kap>ÖverlåtbartVärdepapper</Tillgångsslag_enligt_LVF_5_kap>
        <Instrumentnamn>Fair Isaac Ord Shs</Instrumentnamn>
        <ISIN-kod_instrument>US3032501047</ISIN-kod_instrument>
        <Landkod_Emittent>US</Landkod_Emittent>
        <Valuta>USD</Valuta>
        <Antal>15300.0000000000</Antal>
        <Nominellt_belopp />
        <Kurs_som_använts_vid_värdering_av_instrumentet>598.5800000000</Kurs_som_använts_vid_värdering_av_instrumentet>
        <Valutakurs_instrument>10.41950000000000000000</Valutakurs_instrument>
        <Marknadsvärde_instrument>95424635.94</Marknadsvärde_instrument>
        <Andel_av_fondförmögenhet_instrument>0.7500000000</Andel_av_fondförmögenhet_instrument>
        <Bransch>
          <Branschkod_instrument>45</Branschkod_instrument>
          <Bransch_namn_instrument>Information Technology</Bransch_namn_instrument>
        </Bransch>
      </FinansielltInstrument>
      <FinansielltInstrument>
        <Tillgångsslag_enligt_LVF_5_kap>ÖverlåtbartVärdepapper</Tillgångsslag_enligt_LVF_5_kap>
        <Instrumentnamn>First Republic Bank</Instrumentnamn>
        <ISIN-kod_instrument>US33616C1009</ISIN-kod_instrument>
        <Landkod_Emittent>US</Landkod_Emittent>
        <Valuta>USD</Valuta>
        <Antal>157100.0000000000</Antal>
        <Nominellt_belopp />
        <Kurs_som_använts_vid_värdering_av_instrumentet>121.8900000000</Kurs_som_använts_vid_värdering_av_instrumentet>
        <Valutakurs_instrument>10.41950000000000000000</Valutakurs_instrument>
        <Marknadsvärde_instrument>199522161.52</Marknadsvärde_instrument>
        <Andel_av_fondförmögenhet_instrument>1.5700000000</Andel_av_fondförmögenhet_instrument>
        <Bransch>
          <Branschkod_instrument>40</Branschkod_instrument>
          <Bransch_namn_instrument>Financials</Bransch_namn_instrument>
        </Bransch>
      </FinansielltInstrument>
      <FinansielltInstrument>
        <Tillgångsslag_enligt_LVF_5_kap>ÖverlåtbartVärdepapper</Tillgångsslag_enligt_LVF_5_kap>
        <Instrumentnamn>Graphic Packaging Holding Ord Shs</Instrumentnamn>
        <ISIN-kod_instrument>US3886891015</ISIN-kod_instrument>
        <Landkod_Emittent>US</Landkod_Emittent>
        <Valuta>USD</Valuta>
        <Antal>675400.0000000000</Antal>
        <Nominellt_belopp />
        <Kurs_som_använts_vid_värdering_av_instrumentet>22.2500000000</Kurs_som_använts_vid_värdering_av_instrumentet>
        <Valutakurs_instrument>10.41950000000000000000</Valutakurs_instrument>
        <Marknadsvärde_instrument>156580599.18</Marknadsvärde_instrument>
        <Andel_av_fondförmögenhet_instrument>1.2300000000</Andel_av_fondförmögenhet_instrument>
        <Bransch>
          <Branschkod_instrument>15</Branschkod_instrument>
          <Bransch_namn_instrument>Materials</Bransch_namn_instrument>
        </Bransch>
      </FinansielltInstrument>
      <FinansielltInstrument>
        <Tillgångsslag_enligt_LVF_5_kap>ÖverlåtbartVärdepapper</Tillgångsslag_enligt_LVF_5_kap>
        <Instrumentnamn>Home Depot</Instrumentnamn>
        <ISIN-kod_instrument>US4370761029</ISIN-kod_instrument>
        <Landkod_Emittent>US</Landkod_Emittent>
        <Valuta>USD</Valuta>
        <Antal>75700.0000000000</Antal>
        <Nominellt_belopp />
        <Kurs_som_använts_vid_värdering_av_instrumentet>315.8600000000</Kurs_som_använts_vid_värdering_av_instrumentet>
        <Valutakurs_instrument>10.41950000000000000000</Valutakurs_instrument>
        <Marknadsvärde_instrument>249136517.54</Marknadsvärde_instrument>
        <Andel_av_fondförmögenhet_instrument>1.9600000000</Andel_av_fondförmögenhet_instrument>
        <Bransch>
          <Branschkod_instrument>25</Branschkod_instrument>
          <Bransch_namn_instrument>Consumer Discretionary</Bransch_namn_instrument>
        </Bransch>
      </FinansielltInstrument>
      <FinansielltInstrument>
        <Tillgångsslag_enligt_LVF_5_kap>ÖverlåtbartVärdepapper</Tillgångsslag_enligt_LVF_5_kap>
        <Instrumentnamn>Intuit</Instrumentnamn>
        <ISIN-kod_instrument>US4612021034</ISIN-kod_instrument>
        <Landkod_Emittent>US</Landkod_Emittent>
        <Valuta>USD</Valuta>
        <Antal>48800.0000000000</Antal>
        <Nominellt_belopp />
        <Kurs_som_använts_vid_värdering_av_instrumentet>389.2200000000</Kurs_som_använts_vid_värdering_av_instrumentet>
        <Valutakurs_instrument>10.41950000000000000000</Valutakurs_instrument>
        <Marknadsvärde_instrument>197907316.15</Marknadsvärde_instrument>
        <Andel_av_fondförmögenhet_instrument>1.5500000000</Andel_av_fondförmögenhet_instrument>
        <Bransch>
          <Branschkod_instrument>45</Branschkod_instrument>
          <Bransch_namn_instrument>Information Technology</Bransch_namn_instrument>
        </Bransch>
      </FinansielltInstrument>
      <FinansielltInstrument>
        <Tillgångsslag_enligt_LVF_5_kap>ÖverlåtbartVärdepapper</Tillgångsslag_enligt_LVF_5_kap>
        <Instrumentnamn>IQVIA Holdings</Instrumentnamn>
        <ISIN-kod_instrument>US46266C1053</ISIN-kod_instrument>
        <Landkod_Emittent>US</Landkod_Emittent>
        <Valuta>USD</Valuta>
        <Antal>63500.0000000000</Antal>
        <Nominellt_belopp />
        <Kurs_som_använts_vid_värdering_av_instrumentet>204.8900000000</Kurs_som_använts_vid_värdering_av_instrumentet>
        <Valutakurs_instrument>10.41950000000000000000</Valutakurs_instrument>
        <Marknadsvärde_instrument>135563061.04</Marknadsvärde_instrument>
        <Andel_av_fondförmögenhet_instrument>1.0600000000</Andel_av_fondförmögenhet_instrument>
        <Bransch>
          <Branschkod_instrument>35</Branschkod_instrument>
          <Bransch_namn_instrument>Health Care</Bransch_namn_instrument>
        </Bransch>
      </FinansielltInstrument>
      <FinansielltInstrument>
        <Tillgångsslag_enligt_LVF_5_kap>ÖverlåtbartVärdepapper</Tillgångsslag_enligt_LVF_5_kap>
        <Instrumentnamn>JPMorgan Chase &amp; Co</Instrumentnamn>
        <ISIN-kod_instrument>US46625H1005</ISIN-kod_instrument>
        <Landkod_Emittent>US</Landkod_Emittent>
        <Valuta>USD</Valuta>
        <Antal>91600.0000000000</Antal>
        <Nominellt_belopp />
        <Kurs_som_använts_vid_värdering_av_instrumentet>134.1000000000</Kurs_som_använts_vid_värdering_av_instrumentet>
        <Valutakurs_instrument>10.41950000000000000000</Valutakurs_instrument>
        <Marknadsvärde_instrument>127988553.42</Marknadsvärde_instrument>
        <Andel_av_fondförmögenhet_instrument>1.0000000000</Andel_av_fondförmögenhet_instrument>
        <Bransch>
          <Branschkod_instrument>40</Branschkod_instrument>
          <Bransch_namn_instrument>Financials</Bransch_namn_instrument>
        </Bransch>
      </FinansielltInstrument>
      <FinansielltInstrument>
        <Tillgångsslag_enligt_LVF_5_kap>ÖverlåtbartVärdepapper</Tillgångsslag_enligt_LVF_5_kap>
        <Instrumentnamn>Kadant Ord Shs</Instrumentnamn>
        <ISIN-kod_instrument>US48282T1043</ISIN-kod_instrument>
        <Landkod_Emittent>US</Landkod_Emittent>
        <Valuta>USD</Valuta>
        <Antal>45900.0000000000</Antal>
        <Nominellt_belopp />
        <Kurs_som_använts_vid_värdering_av_instrumentet>177.6300000000</Kurs_som_använts_vid_värdering_av_instrumentet>
        <Valutakurs_instrument>10.41950000000000000000</Valutakurs_instrument>
        <Marknadsvärde_instrument>84952444.53</Marknadsvärde_instrument>
        <Andel_av_fondförmögenhet_instrument>0.6700000000</Andel_av_fondförmögenhet_instrument>
        <Bransch>
          <Branschkod_instrument>20</Branschkod_instrument>
          <Bransch_namn_instrument>Industrials</Bransch_namn_instrument>
        </Bransch>
      </FinansielltInstrument>
      <FinansielltInstrument>
        <Tillgångsslag_enligt_LVF_5_kap>ÖverlåtbartVärdepapper</Tillgångsslag_enligt_LVF_5_kap>
        <Instrumentnamn>KB Home Ord Shs</Instrumentnamn>
        <ISIN-kod_instrument>US48666K1097</ISIN-kod_instrument>
        <Landkod_Emittent>US</Landkod_Emittent>
        <Valuta>USD</Valuta>
        <Antal>130800.0000000000</Antal>
        <Nominellt_belopp />
        <Kurs_som_använts_vid_värdering_av_instrumentet>31.8500000000</Kurs_som_använts_vid_värdering_av_instrumentet>
        <Valutakurs_instrument>10.41950000000000000000</Valutakurs_instrument>
        <Marknadsvärde_instrument>43407428.61</Marknadsvärde_instrument>
        <Andel_av_fondförmögenhet_instrument>0.3400000000</Andel_av_fondförmögenhet_instrument>
        <Bransch>
          <Branschkod_instrument>25</Branschkod_instrument>
          <Bransch_namn_instrument>Consumer Discretionary</Bransch_namn_instrument>
        </Bransch>
      </FinansielltInstrument>
      <FinansielltInstrument>
        <Tillgångsslag_enligt_LVF_5_kap>ÖverlåtbartVärdepapper</Tillgångsslag_enligt_LVF_5_kap>
        <Instrumentnamn>Keysight Technologies Ord Shs</Instrumentnamn>
        <ISIN-kod_instrument>US49338L1035</ISIN-kod_instrument>
        <Landkod_Emittent>US</Landkod_Emittent>
        <Valuta>USD</Valuta>
        <Antal>99850.0000000000</Antal>
        <Nominellt_belopp />
        <Kurs_som_använts_vid_värdering_av_instrumentet>171.0700000000</Kurs_som_använts_vid_värdering_av_instrumentet>
        <Valutakurs_instrument>10.41950000000000000000</Valutakurs_instrument>
        <Marknadsvärde_instrument>177979016.92</Marknadsvärde_instrument>
        <Andel_av_fondförmögenhet_instrument>1.4000000000</Andel_av_fondförmögenhet_instrument>
        <Bransch>
          <Branschkod_instrument>45</Branschkod_instrument>
          <Bransch_namn_instrument>Information Technology</Bransch_namn_instrument>
        </Bransch>
      </FinansielltInstrument>
      <FinansielltInstrument>
        <Tillgångsslag_enligt_LVF_5_kap>ÖverlåtbartVärdepapper</Tillgångsslag_enligt_LVF_5_kap>
        <Instrumentnamn>Kimberly-Clark</Instrumentnamn>
        <ISIN-kod_instrument>US4943681035</ISIN-kod_instrument>
        <Landkod_Emittent>US</Landkod_Emittent>
        <Valuta>USD</Valuta>
        <Antal>163700.0000000000</Antal>
        <Nominellt_belopp />
        <Kurs_som_använts_vid_värdering_av_instrumentet>135.7500000000</Kurs_som_använts_vid_värdering_av_instrumentet>
        <Valutakurs_instrument>10.41950000000000000000</Valutakurs_instrument>
        <Marknadsvärde_instrument>231544994.36</Marknadsvärde_instrument>
        <Andel_av_fondförmögenhet_instrument>1.8200000000</Andel_av_fondförmögenhet_instrument>
        <Bransch>
          <Branschkod_instrument>30</Branschkod_instrument>
          <Bransch_namn_instrument>Consumer Staples</Bransch_namn_instrument>
        </Bransch>
      </FinansielltInstrument>
      <FinansielltInstrument>
        <Tillgångsslag_enligt_LVF_5_kap>ÖverlåtbartVärdepapper</Tillgångsslag_enligt_LVF_5_kap>
        <Instrumentnamn>Estee Lauder Cos Inc CL A</Instrumentnamn>
        <ISIN-kod_instrument>US5184391044</ISIN-kod_instrument>
        <Landkod_Emittent>US</Landkod_Emittent>
        <Valuta>USD</Valuta>
        <Antal>81950.0000000000</Antal>
        <Nominellt_belopp />
        <Kurs_som_använts_vid_värdering_av_instrumentet>248.1100000000</Kurs_som_använts_vid_värdering_av_instrumentet>
        <Valutakurs_instrument>10.41950000000000000000</Valutakurs_instrument>
        <Marknadsvärde_instrument>211855676.78</Marknadsvärde_instrument>
        <Andel_av_fondförmögenhet_instrument>1.6600000000</Andel_av_fondförmögenhet_instrument>
        <Bransch>
          <Branschkod_instrument>30</Branschkod_instrument>
          <Bransch_namn_instrument>Consumer Staples</Bransch_namn_instrument>
        </Bransch>
      </FinansielltInstrument>
      <FinansielltInstrument>
        <Tillgångsslag_enligt_LVF_5_kap>ÖverlåtbartVärdepapper</Tillgångsslag_enligt_LVF_5_kap>
        <Instrumentnamn>Eli Lilly</Instrumentnamn>
        <ISIN-kod_instrument>US5324571083</ISIN-kod_instrument>
        <Landkod_Emittent>US</Landkod_Emittent>
        <Valuta>USD</Valuta>
        <Antal>125200.0000000000</Antal>
        <Nominellt_belopp />
        <Kurs_som_använts_vid_värdering_av_instrumentet>365.8400000000</Kurs_som_använts_vid_värdering_av_instrumentet>
        <Valutakurs_instrument>10.41950000000000000000</Valutakurs_instrument>
        <Marknadsvärde_instrument>477246108.98</Marknadsvärde_instrument>
        <Andel_av_fondförmögenhet_instrument>3.7500000000</Andel_av_fondförmögenhet_instrument>
        <Bransch>
          <Branschkod_instrument>35</Branschkod_instrument>
          <Bransch_namn_instrument>Health Care</Bransch_namn_instrument>
        </Bransch>
      </FinansielltInstrument>
      <FinansielltInstrument>
        <Tillgångsslag_enligt_LVF_5_kap>ÖverlåtbartVärdepapper</Tillgångsslag_enligt_LVF_5_kap>
        <Instrumentnamn>Loop Industries Ord Shs</Instrumentnamn>
        <ISIN-kod_instrument>US5435181046</ISIN-kod_instrument>
        <Landkod_Emittent>CA</Landkod_Emittent>
        <Valuta>USD</Valuta>
        <Antal>446600.0000000000</Antal>
        <Nominellt_belopp />
        <Kurs_som_använts_vid_värdering_av_instrumentet>2.3900000000</Kurs_som_använts_vid_värdering_av_instrumentet>
        <Valutakurs_instrument>10.41950000000000000000</Valutakurs_instrument>
        <Marknadsvärde_instrument>11121503.39</Marknadsvärde_instrument>
        <Andel_av_fondförmögenhet_instrument>0.0900000000</Andel_av_fondförmögenhet_instrument>
        <Bransch>
          <Branschkod_instrument>15</Branschkod_instrument>
          <Bransch_namn_instrument>Materials</Bransch_namn_instrument>
        </Bransch>
      </FinansielltInstrument>
      <FinansielltInstrument>
        <Tillgångsslag_enligt_LVF_5_kap>ÖverlåtbartVärdepapper</Tillgångsslag_enligt_LVF_5_kap>
        <Instrumentnamn>Mastec Ord Shs</Instrumentnamn>
        <ISIN-kod_instrument>US5763231090</ISIN-kod_instrument>
        <Landkod_Emittent>US</Landkod_Emittent>
        <Valuta>USD</Valuta>
        <Antal>168600.0000000000</Antal>
        <Nominellt_belopp />
        <Kurs_som_använts_vid_värdering_av_instrumentet>85.3300000000</Kurs_som_använts_vid_värdering_av_instrumentet>
        <Valutakurs_instrument>10.41950000000000000000</Valutakurs_instrument>
        <Marknadsvärde_instrument>149901574.64</Marknadsvärde_instrument>
        <Andel_av_fondförmögenhet_instrument>1.1800000000</Andel_av_fondförmögenhet_instrument>
        <Bransch>
          <Branschkod_instrument>20</Branschkod_instrument>
          <Bransch_namn_instrument>Industrials</Bransch_namn_instrument>
        </Bransch>
      </FinansielltInstrument>
      <FinansielltInstrument>
        <Tillgångsslag_enligt_LVF_5_kap>ÖverlåtbartVärdepapper</Tillgångsslag_enligt_LVF_5_kap>
        <Instrumentnamn>Mastercard A Ord Sh</Instrumentnamn>
        <ISIN-kod_instrument>US57636Q1040</ISIN-kod_instrument>
        <Landkod_Emittent>US</Landkod_Emittent>
        <Valuta>USD</Valuta>
        <Antal>128740.0000000000</Antal>
        <Nominellt_belopp />
        <Kurs_som_använts_vid_värdering_av_instrumentet>347.7300000000</Kurs_som_använts_vid_värdering_av_instrumentet>
        <Valutakurs_instrument>10.41950000000000000000</Valutakurs_instrument>
        <Marknadsvärde_instrument>466447257.90</Marknadsvärde_instrument>
        <Andel_av_fondförmögenhet_instrument>3.6600000000</Andel_av_fondförmögenhet_instrument>
        <Bransch>
          <Branschkod_instrument>45</Branschkod_instrument>
          <Bransch_namn_instrument>Information Technology</Bransch_namn_instrument>
        </Bransch>
      </FinansielltInstrument>
      <FinansielltInstrument>
        <Tillgångsslag_enligt_LVF_5_kap>ÖverlåtbartVärdepapper</Tillgångsslag_enligt_LVF_5_kap>
        <Instrumentnamn>Microsoft</Instrumentnamn>
        <ISIN-kod_instrument>US5949181045</ISIN-kod_instrument>
        <Landkod_Emittent>US</Landkod_Emittent>
        <Valuta>USD</Valuta>
        <Antal>399900.0000000000</Antal>
        <Nominellt_belopp />
        <Kurs_som_använts_vid_värdering_av_instrumentet>239.8200000000</Kurs_som_använts_vid_värdering_av_instrumentet>
        <Valutakurs_instrument>10.41950000000000000000</Valutakurs_instrument>
        <Marknadsvärde_instrument>999271915.55</Marknadsvärde_instrument>
        <Andel_av_fondförmögenhet_instrument>7.8400000000</Andel_av_fondförmögenhet_instrument>
        <Bransch>
          <Branschkod_instrument>45</Branschkod_instrument>
          <Bransch_namn_instrument>Information Technology</Bransch_namn_instrument>
        </Bransch>
      </FinansielltInstrument>
      <FinansielltInstrument>
        <Tillgångsslag_enligt_LVF_5_kap>ÖverlåtbartVärdepapper</Tillgångsslag_enligt_LVF_5_kap>
        <Instrumentnamn>Nasdaq Inc</Instrumentnamn>
        <ISIN-kod_instrument>US6311031081</ISIN-kod_instrument>
        <Landkod_Emittent>US</Landkod_Emittent>
        <Valuta>USD</Valuta>
        <Antal>334750.0000000000</Antal>
        <Nominellt_belopp />
        <Kurs_som_använts_vid_värdering_av_instrumentet>61.3500000000</Kurs_som_använts_vid_värdering_av_instrumentet>
        <Valutakurs_instrument>10.41950000000000000000</Valutakurs_instrument>
        <Marknadsvärde_instrument>213984359.79</Marknadsvärde_instrument>
        <Andel_av_fondförmögenhet_instrument>1.6800000000</Andel_av_fondförmögenhet_instrument>
        <Bransch>
          <Branschkod_instrument>40</Branschkod_instrument>
          <Bransch_namn_instrument>Financials</Bransch_namn_instrument>
        </Bransch>
      </FinansielltInstrument>
      <FinansielltInstrument>
        <Tillgångsslag_enligt_LVF_5_kap>ÖverlåtbartVärdepapper</Tillgångsslag_enligt_LVF_5_kap>
        <Instrumentnamn>NextEra Energy</Instrumentnamn>
        <ISIN-kod_instrument>US65339F1012</ISIN-kod_instrument>
        <Landkod_Emittent>US</Landkod_Emittent>
        <Valuta>USD</Valuta>
        <Antal>296200.0000000000</Antal>
        <Nominellt_belopp />
        <Kurs_som_använts_vid_värdering_av_instrumentet>83.6000000000</Kurs_som_använts_vid_värdering_av_instrumentet>
        <Valutakurs_instrument>10.41950000000000000000</Valutakurs_instrument>
        <Marknadsvärde_instrument>258010993.24</Marknadsvärde_instrument>
        <Andel_av_fondförmögenhet_instrument>2.0300000000</Andel_av_fondförmögenhet_instrument>
        <Bransch>
          <Branschkod_instrument>55</Branschkod_instrument>
          <Bransch_namn_instrument>Utilities</Bransch_namn_instrument>
        </Bransch>
      </FinansielltInstrument>
      <FinansielltInstrument>
        <Tillgångsslag_enligt_LVF_5_kap>ÖverlåtbartVärdepapper</Tillgångsslag_enligt_LVF_5_kap>
        <Instrumentnamn>Nike B</Instrumentnamn>
        <ISIN-kod_instrument>US6541061031</ISIN-kod_instrument>
        <Landkod_Emittent>US</Landkod_Emittent>
        <Valuta>USD</Valuta>
        <Antal>169450.0000000000</Antal>
        <Nominellt_belopp />
        <Kurs_som_använts_vid_värdering_av_instrumentet>117.0100000000</Kurs_som_använts_vid_värdering_av_instrumentet>
        <Valutakurs_instrument>10.41950000000000000000</Valutakurs_instrument>
        <Marknadsvärde_instrument>206591016.02</Marknadsvärde_instrument>
        <Andel_av_fondförmögenhet_instrument>1.6200000000</Andel_av_fondförmögenhet_instrument>
        <Bransch>
          <Branschkod_instrument>25</Branschkod_instrument>
          <Bransch_namn_instrument>Consumer Discretionary</Bransch_namn_instrument>
        </Bransch>
      </FinansielltInstrument>
      <FinansielltInstrument>
        <Tillgångsslag_enligt_LVF_5_kap>ÖverlåtbartVärdepapper</Tillgångsslag_enligt_LVF_5_kap>
        <Instrumentnamn>NVIDIA</Instrumentnamn>
        <ISIN-kod_instrument>US67066G1040</ISIN-kod_instrument>
        <Landkod_Emittent>US</Landkod_Emittent>
        <Valuta>USD</Valuta>
        <Antal>234500.0000000000</Antal>
        <Nominellt_belopp />
        <Kurs_som_använts_vid_värdering_av_instrumentet>146.1400000000</Kurs_som_använts_vid_värdering_av_instrumentet>
        <Valutakurs_instrument>10.41950000000000000000</Valutakurs_instrument>
        <Marknadsvärde_instrument>357074493.69</Marknadsvärde_instrument>
        <Andel_av_fondförmögenhet_instrument>2.8000000000</Andel_av_fondförmögenhet_instrument>
        <Bransch>
          <Branschkod_instrument>45</Branschkod_instrument>
          <Bransch_namn_instrument>Information Technology</Bransch_namn_instrument>
        </Bransch>
      </FinansielltInstrument>
      <FinansielltInstrument>
        <Tillgångsslag_enligt_LVF_5_kap>ÖverlåtbartVärdepapper</Tillgångsslag_enligt_LVF_5_kap>
        <Instrumentnamn>PayPal Holdings Ord Shs</Instrumentnamn>
        <ISIN-kod_instrument>US70450Y1038</ISIN-kod_instrument>
        <Landkod_Emittent>US</Landkod_Emittent>
        <Valuta>USD</Valuta>
        <Antal>84900.0000000000</Antal>
        <Nominellt_belopp />
        <Kurs_som_använts_vid_värdering_av_instrumentet>71.2200000000</Kurs_som_använts_vid_värdering_av_instrumentet>
        <Valutakurs_instrument>10.41950000000000000000</Valutakurs_instrument>
        <Marknadsvärde_instrument>63002319.47</Marknadsvärde_instrument>
        <Andel_av_fondförmögenhet_instrument>0.4900000000</Andel_av_fondförmögenhet_instrument>
        <Bransch>
          <Branschkod_instrument>45</Branschkod_instrument>
          <Bransch_namn_instrument>Information Technology</Bransch_namn_instrument>
        </Bransch>
      </FinansielltInstrument>
      <FinansielltInstrument>
        <Tillgångsslag_enligt_LVF_5_kap>ÖverlåtbartVärdepapper</Tillgångsslag_enligt_LVF_5_kap>
        <Instrumentnamn>Pool Ord Shs</Instrumentnamn>
        <ISIN-kod_instrument>US73278L1052</ISIN-kod_instrument>
        <Landkod_Emittent>US</Landkod_Emittent>
        <Valuta>USD</Valuta>
        <Antal>78500.0000000000</Antal>
        <Nominellt_belopp />
        <Kurs_som_använts_vid_värdering_av_instrumentet>302.3300000000</Kurs_som_använts_vid_värdering_av_instrumentet>
        <Valutakurs_instrument>10.41950000000000000000</Valutakurs_instrument>
        <Marknadsvärde_instrument>247285003.65</Marknadsvärde_instrument>
        <Andel_av_fondförmögenhet_instrument>1.9400000000</Andel_av_fondförmögenhet_instrument>
        <Bransch>
          <Branschkod_instrument>25</Branschkod_instrument>
          <Bransch_namn_instrument>Consumer Discretionary</Bransch_namn_instrument>
        </Bransch>
      </FinansielltInstrument>
      <FinansielltInstrument>
        <Tillgångsslag_enligt_LVF_5_kap>ÖverlåtbartVärdepapper</Tillgångsslag_enligt_LVF_5_kap>
        <Instrumentnamn>Regeneron Pharmaceuticals Ord Shs</Instrumentnamn>
        <ISIN-kod_instrument>US75886F1075</ISIN-kod_instrument>
        <Landkod_Emittent>US</Landkod_Emittent>
        <Valuta>USD</Valuta>
        <Antal>27500.0000000000</Antal>
        <Nominellt_belopp />
        <Kurs_som_använts_vid_värdering_av_instrumentet>721.4900000000</Kurs_som_använts_vid_värdering_av_instrumentet>
        <Valutakurs_instrument>10.41950000000000000000</Valutakurs_instrument>
        <Marknadsvärde_instrument>206733039.01</Marknadsvärde_instrument>
        <Andel_av_fondförmögenhet_instrument>1.6200000000</Andel_av_fondförmögenhet_instrument>
        <Bransch>
          <Branschkod_instrument>35</Branschkod_instrument>
          <Bransch_namn_instrument>Health Care</Bransch_namn_instrument>
        </Bransch>
      </FinansielltInstrument>
      <FinansielltInstrument>
        <Tillgångsslag_enligt_LVF_5_kap>ÖverlåtbartVärdepapper</Tillgångsslag_enligt_LVF_5_kap>
        <Instrumentnamn>Reinsurnce Gr Amer</Instrumentnamn>
        <ISIN-kod_instrument>US7593516047</ISIN-kod_instrument>
        <Landkod_Emittent>US</Landkod_Emittent>
        <Valuta>USD</Valuta>
        <Antal>69400.0000000000</Antal>
        <Nominellt_belopp />
        <Kurs_som_använts_vid_värdering_av_instrumentet>142.0900000000</Kurs_som_använts_vid_värdering_av_instrumentet>
        <Valutakurs_instrument>10.41950000000000000000</Valutakurs_instrument>
        <Marknadsvärde_instrument>102747168.80</Marknadsvärde_instrument>
        <Andel_av_fondförmögenhet_instrument>0.8100000000</Andel_av_fondförmögenhet_instrument>
        <Bransch>
          <Branschkod_instrument>40</Branschkod_instrument>
          <Bransch_namn_instrument>Financials</Bransch_namn_instrument>
        </Bransch>
      </FinansielltInstrument>
      <FinansielltInstrument>
        <Tillgångsslag_enligt_LVF_5_kap>ÖverlåtbartVärdepapper</Tillgångsslag_enligt_LVF_5_kap>
        <Instrumentnamn>Rockwell International</Instrumentnamn>
        <ISIN-kod_instrument>US7739031091</ISIN-kod_instrument>
        <Landkod_Emittent>US</Landkod_Emittent>
        <Valuta>USD</Valuta>
        <Antal>43250.0000000000</Antal>
        <Nominellt_belopp />
        <Kurs_som_använts_vid_värdering_av_instrumentet>257.5700000000</Kurs_som_använts_vid_värdering_av_instrumentet>
        <Valutakurs_instrument>10.41950000000000000000</Valutakurs_instrument>
        <Marknadsvärde_instrument>116072214.10</Marknadsvärde_instrument>
        <Andel_av_fondförmögenhet_instrument>0.9100000000</Andel_av_fondförmögenhet_instrument>
        <Bransch>
          <Branschkod_instrument>20</Branschkod_instrument>
          <Bransch_namn_instrument>Industrials</Bransch_namn_instrument>
        </Bransch>
      </FinansielltInstrument>
      <FinansielltInstrument>
        <Tillgångsslag_enligt_LVF_5_kap>ÖverlåtbartVärdepapper</Tillgångsslag_enligt_LVF_5_kap>
        <Instrumentnamn>SPGI US</Instrumentnamn>
        <ISIN-kod_instrument>US78409V1044</ISIN-kod_instrument>
        <Landkod_Emittent>US</Landkod_Emittent>
        <Valuta>USD</Valuta>
        <Antal>39050.0000000000</Antal>
        <Nominellt_belopp />
        <Kurs_som_använts_vid_värdering_av_instrumentet>334.9400000000</Kurs_som_använts_vid_värdering_av_instrumentet>
        <Valutakurs_instrument>10.41950000000000000000</Valutakurs_instrument>
        <Marknadsvärde_instrument>136280881.24</Marknadsvärde_instrument>
        <Andel_av_fondförmögenhet_instrument>1.0700000000</Andel_av_fondförmögenhet_instrument>
        <Bransch>
          <Branschkod_instrument>40</Branschkod_instrument>
          <Bransch_namn_instrument>Financials</Bransch_namn_instrument>
        </Bransch>
      </FinansielltInstrument>
      <FinansielltInstrument>
        <Tillgångsslag_enligt_LVF_5_kap>ÖverlåtbartVärdepapper</Tillgångsslag_enligt_LVF_5_kap>
        <Instrumentnamn>SVB Financial Group</Instrumentnamn>
        <ISIN-kod_instrument>US78486Q1013</ISIN-kod_instrument>
        <Landkod_Emittent>US</Landkod_Emittent>
        <Valuta>USD</Valuta>
        <Antal>32400.0000000000</Antal>
        <Nominellt_belopp />
        <Kurs_som_använts_vid_värdering_av_instrumentet>230.1400000000</Kurs_som_använts_vid_värdering_av_instrumentet>
        <Valutakurs_instrument>10.41950000000000000000</Valutakurs_instrument>
        <Marknadsvärde_instrument>77693376.85</Marknadsvärde_instrument>
        <Andel_av_fondförmögenhet_instrument>0.6100000000</Andel_av_fondförmögenhet_instrument>
        <Bransch>
          <Branschkod_instrument>40</Branschkod_instrument>
          <Bransch_namn_instrument>Financials</Bransch_namn_instrument>
        </Bransch>
      </FinansielltInstrument>
      <FinansielltInstrument>
        <Tillgångsslag_enligt_LVF_5_kap>ÖverlåtbartVärdepapper</Tillgångsslag_enligt_LVF_5_kap>
        <Instrumentnamn>Salesforce Inc</Instrumentnamn>
        <ISIN-kod_instrument>US79466L3024</ISIN-kod_instrument>
        <Landkod_Emittent>US</Landkod_Emittent>
        <Valuta>USD</Valuta>
        <Antal>90900.0000000000</Antal>
        <Nominellt_belopp />
        <Kurs_som_använts_vid_värdering_av_instrumentet>132.5900000000</Kurs_som_använts_vid_värdering_av_instrumentet>
        <Valutakurs_instrument>10.41950000000000000000</Valutakurs_instrument>
        <Marknadsvärde_instrument>125580304.80</Marknadsvärde_instrument>
        <Andel_av_fondförmögenhet_instrument>0.9900000000</Andel_av_fondförmögenhet_instrument>
        <Bransch>
          <Branschkod_instrument>45</Branschkod_instrument>
          <Bransch_namn_instrument>Information Technology</Bransch_namn_instrument>
        </Bransch>
      </FinansielltInstrument>
      <FinansielltInstrument>
        <Tillgångsslag_enligt_LVF_5_kap>ÖverlåtbartVärdepapper</Tillgångsslag_enligt_LVF_5_kap>
        <Instrumentnamn>Service Ord Shs</Instrumentnamn>
        <ISIN-kod_instrument>US8175651046</ISIN-kod_instrument>
        <Landkod_Emittent>US</Landkod_Emittent>
        <Valuta>USD</Valuta>
        <Antal>315400.0000000000</Antal>
        <Nominellt_belopp />
        <Kurs_som_använts_vid_värdering_av_instrumentet>69.1400000000</Kurs_som_använts_vid_värdering_av_instrumentet>
        <Valutakurs_instrument>10.41950000000000000000</Valutakurs_instrument>
        <Marknadsvärde_instrument>227215494.14</Marknadsvärde_instrument>
        <Andel_av_fondförmögenhet_instrument>1.7800000000</Andel_av_fondförmögenhet_instrument>
        <Bransch>
          <Branschkod_instrument>25</Branschkod_instrument>
          <Bransch_namn_instrument>Consumer Discretionary</Bransch_namn_instrument>
        </Bransch>
      </FinansielltInstrument>
      <FinansielltInstrument>
        <Tillgångsslag_enligt_LVF_5_kap>ÖverlåtbartVärdepapper</Tillgångsslag_enligt_LVF_5_kap>
        <Instrumentnamn>Starbucks</Instrumentnamn>
        <ISIN-kod_instrument>US8552441094</ISIN-kod_instrument>
        <Landkod_Emittent>US</Landkod_Emittent>
        <Valuta>USD</Valuta>
        <Antal>116550.0000000000</Antal>
        <Nominellt_belopp />
        <Kurs_som_använts_vid_värdering_av_instrumentet>99.2000000000</Kurs_som_använts_vid_värdering_av_instrumentet>
        <Valutakurs_instrument>10.41950000000000000000</Valutakurs_instrument>
        <Marknadsvärde_instrument>120467758.32</Marknadsvärde_instrument>
        <Andel_av_fondförmögenhet_instrument>0.9500000000</Andel_av_fondförmögenhet_instrument>
        <Bransch>
          <Branschkod_instrument>25</Branschkod_instrument>
          <Bransch_namn_instrument>Consumer Discretionary</Bransch_namn_instrument>
        </Bransch>
      </FinansielltInstrument>
      <FinansielltInstrument>
        <Tillgångsslag_enligt_LVF_5_kap>ÖverlåtbartVärdepapper</Tillgångsslag_enligt_LVF_5_kap>
        <Instrumentnamn>Thermo Fisher Scientific</Instrumentnamn>
        <ISIN-kod_instrument>US8835561023</ISIN-kod_instrument>
        <Landkod_Emittent>US</Landkod_Emittent>
        <Valuta>USD</Valuta>
        <Antal>64100.0000000000</Antal>
        <Nominellt_belopp />
        <Kurs_som_använts_vid_värdering_av_instrumentet>550.6900000000</Kurs_som_använts_vid_värdering_av_instrumentet>
        <Valutakurs_instrument>10.41950000000000000000</Valutakurs_instrument>
        <Marknadsvärde_instrument>367800316.57</Marknadsvärde_instrument>
        <Andel_av_fondförmögenhet_instrument>2.8900000000</Andel_av_fondförmögenhet_instrument>
        <Bransch>
          <Branschkod_instrument>35</Branschkod_instrument>
          <Bransch_namn_instrument>Health Care</Bransch_namn_instrument>
        </Bransch>
      </FinansielltInstrument>
      <FinansielltInstrument>
        <Tillgångsslag_enligt_LVF_5_kap>ÖverlåtbartVärdepapper</Tillgångsslag_enligt_LVF_5_kap>
        <Instrumentnamn>Tyler Technologies Ord Shs</Instrumentnamn>
        <ISIN-kod_instrument>US9022521051</ISIN-kod_instrument>
        <Landkod_Emittent>US</Landkod_Emittent>
        <Valuta>USD</Valuta>
        <Antal>50450.0000000000</Antal>
        <Nominellt_belopp />
        <Kurs_som_använts_vid_värdering_av_instrumentet>322.4100000000</Kurs_som_använts_vid_värdering_av_instrumentet>
        <Valutakurs_instrument>10.41950000000000000000</Valutakurs_instrument>
        <Marknadsvärde_instrument>169479257.70</Marknadsvärde_instrument>
        <Andel_av_fondförmögenhet_instrument>1.3300000000</Andel_av_fondförmögenhet_instrument>
        <Bransch>
          <Branschkod_instrument>45</Branschkod_instrument>
          <Bransch_namn_instrument>Information Technology</Bransch_namn_instrument>
        </Bransch>
      </FinansielltInstrument>
      <FinansielltInstrument>
        <Tillgångsslag_enligt_LVF_5_kap>ÖverlåtbartVärdepapper</Tillgångsslag_enligt_LVF_5_kap>
        <Instrumentnamn>UnitedHealth Group</Instrumentnamn>
        <ISIN-kod_instrument>US91324P1021</ISIN-kod_instrument>
        <Landkod_Emittent>US</Landkod_Emittent>
        <Valuta>USD</Valuta>
        <Antal>86800.0000000000</Antal>
        <Nominellt_belopp />
        <Kurs_som_använts_vid_värdering_av_instrumentet>530.1800000000</Kurs_som_använts_vid_värdering_av_instrumentet>
        <Valutakurs_instrument>10.41950000000000000000</Valutakurs_instrument>
        <Marknadsvärde_instrument>479501472.27</Marknadsvärde_instrument>
        <Andel_av_fondförmögenhet_instrument>3.7600000000</Andel_av_fondförmögenhet_instrument>
        <Bransch>
          <Branschkod_instrument>35</Branschkod_instrument>
          <Bransch_namn_instrument>Health Care</Bransch_namn_instrument>
        </Bransch>
      </FinansielltInstrument>
      <FinansielltInstrument>
        <Tillgångsslag_enligt_LVF_5_kap>ÖverlåtbartVärdepapper</Tillgångsslag_enligt_LVF_5_kap>
        <Instrumentnamn>Veeva Systems A</Instrumentnamn>
        <ISIN-kod_instrument>US9224751084</ISIN-kod_instrument>
        <Landkod_Emittent>US</Landkod_Emittent>
        <Valuta>USD</Valuta>
        <Antal>61700.0000000000</Antal>
        <Nominellt_belopp />
        <Kurs_som_använts_vid_värdering_av_instrumentet>161.3800000000</Kurs_som_använts_vid_värdering_av_instrumentet>
        <Valutakurs_instrument>10.41950000000000000000</Valutakurs_instrument>
        <Marknadsvärde_instrument>103748482.75</Marknadsvärde_instrument>
        <Andel_av_fondförmögenhet_instrument>0.8100000000</Andel_av_fondförmögenhet_instrument>
        <Bransch>
          <Branschkod_instrument>35</Branschkod_instrument>
          <Bransch_namn_instrument>Health Care</Bransch_namn_instrument>
        </Bransch>
      </FinansielltInstrument>
    </FinansiellaInstrument>
  </Fondinformation>
  <Fondinformation />
</VärdepappersfondInnehav>