﻿<?xml version="1.0" encoding="utf-8"?>
<VärdepappersfondInnehav xmlns="http://schemas.fi.se/publika/vardepappersfonder/20200331">
  <Rapportinformation>
    <Kvartalsslut>2022-12-31</Kvartalsslut>
  </Rapportinformation>
  <Bolagsinformation>
    <Fondbolag_namn>Handelsbanken Fonder AB</Fondbolag_namn>
    <Fondbolag_institutnummer>58037</Fondbolag_institutnummer>
    <Fondbolag_LEI-kod>549300RJTULO02U5ZG71</Fondbolag_LEI-kod>
  </Bolagsinformation>
  <Fondinformation>
    <Fond_institutnummer>60947</Fond_institutnummer>
    <Fond_ISIN-kod>SE0009778954</Fond_ISIN-kod>
    <Fond_namn>XACT Nordic High Dividend Low Volatility (UCITS ETF)</Fond_namn>
    <Förvaltningsavgift>
      <UtanAndelsklasser>
        <Förvaltningsavgift_fast>0.30</Förvaltningsavgift_fast>
      </UtanAndelsklasser>
    </Förvaltningsavgift>
    <Fondförmögenhet>15572241810</Fondförmögenhet>
    <Likvida_medel>29049034</Likvida_medel>
    <Övriga_tillgångar_och_skulder>44117405</Övriga_tillgångar_och_skulder>
    <Aktiv_risk>0.08</Aktiv_risk>
    <Standardavvikelse_24_månader>14.6000000000</Standardavvikelse_24_månader>
    <Jämförelseindex>
      <Jämförelseindex>SHB Nordic High Div Low Vol</Jämförelseindex>
    </Jämförelseindex>
    <FinansiellaInstrument>
      <FinansielltInstrument>
        <Tillgångsslag_enligt_LVF_5_kap>ÖverlåtbartVärdepapper</Tillgångsslag_enligt_LVF_5_kap>
        <Instrumentnamn>ABB Ltd</Instrumentnamn>
        <ISIN-kod_instrument>CH0012221716</ISIN-kod_instrument>
        <Landkod_Emittent>CH</Landkod_Emittent>
        <Valuta>SEK</Valuta>
        <Antal>1147936.0000000000</Antal>
        <Nominellt_belopp />
        <Kurs_som_använts_vid_värdering_av_instrumentet>316.2000000000</Kurs_som_använts_vid_värdering_av_instrumentet>
        <Valutakurs_instrument>1.00000000000000000000</Valutakurs_instrument>
        <Marknadsvärde_instrument>362977363.20</Marknadsvärde_instrument>
        <Andel_av_fondförmögenhet_instrument>2.3300000000</Andel_av_fondförmögenhet_instrument>
        <Bransch>
          <Branschkod_instrument>20</Branschkod_instrument>
          <Bransch_namn_instrument>Industrials</Bransch_namn_instrument>
        </Bransch>
      </FinansielltInstrument>
      <FinansielltInstrument>
        <Tillgångsslag_enligt_LVF_5_kap>ÖverlåtbartVärdepapper</Tillgångsslag_enligt_LVF_5_kap>
        <Instrumentnamn>Tryg A/S</Instrumentnamn>
        <ISIN-kod_instrument>DK0060636678</ISIN-kod_instrument>
        <Landkod_Emittent>DK</Landkod_Emittent>
        <Valuta>DKK</Valuta>
        <Antal>1620470.0000000000</Antal>
        <Nominellt_belopp />
        <Kurs_som_använts_vid_värdering_av_instrumentet>165.3500000000</Kurs_som_använts_vid_värdering_av_instrumentet>
        <Valutakurs_instrument>1.49536801200000000000</Valutakurs_instrument>
        <Marknadsvärde_instrument>400675955.05</Marknadsvärde_instrument>
        <Andel_av_fondförmögenhet_instrument>2.5700000000</Andel_av_fondförmögenhet_instrument>
        <Bransch>
          <Branschkod_instrument>40</Branschkod_instrument>
          <Bransch_namn_instrument>Financials</Bransch_namn_instrument>
        </Bransch>
      </FinansielltInstrument>
      <FinansielltInstrument>
        <Tillgångsslag_enligt_LVF_5_kap>ÖverlåtbartVärdepapper</Tillgångsslag_enligt_LVF_5_kap>
        <Instrumentnamn>Kesko Oyj B</Instrumentnamn>
        <ISIN-kod_instrument>FI0009000202</ISIN-kod_instrument>
        <Landkod_Emittent>FI</Landkod_Emittent>
        <Valuta>EUR</Valuta>
        <Antal>1499244.0000000000</Antal>
        <Nominellt_belopp />
        <Kurs_som_använts_vid_värdering_av_instrumentet>20.6200000000</Kurs_som_använts_vid_värdering_av_instrumentet>
        <Valutakurs_instrument>11.12021137500000000000</Valutakurs_instrument>
        <Marknadsvärde_instrument>343774787.97</Marknadsvärde_instrument>
        <Andel_av_fondförmögenhet_instrument>2.2100000000</Andel_av_fondförmögenhet_instrument>
        <Bransch>
          <Branschkod_instrument>30</Branschkod_instrument>
          <Bransch_namn_instrument>Consumer Staples</Bransch_namn_instrument>
        </Bransch>
      </FinansielltInstrument>
      <FinansielltInstrument>
        <Tillgångsslag_enligt_LVF_5_kap>ÖverlåtbartVärdepapper</Tillgångsslag_enligt_LVF_5_kap>
        <Instrumentnamn>TietoEVRY</Instrumentnamn>
        <ISIN-kod_instrument>FI0009000277</ISIN-kod_instrument>
        <Landkod_Emittent>FI</Landkod_Emittent>
        <Valuta>EUR</Valuta>
        <Antal>1261740.0000000000</Antal>
        <Nominellt_belopp />
        <Kurs_som_använts_vid_värdering_av_instrumentet>26.5200000000</Kurs_som_använts_vid_värdering_av_instrumentet>
        <Valutakurs_instrument>11.12021137500000000000</Valutakurs_instrument>
        <Marknadsvärde_instrument>372097227.07</Marknadsvärde_instrument>
        <Andel_av_fondförmögenhet_instrument>2.3900000000</Andel_av_fondförmögenhet_instrument>
        <Bransch>
          <Branschkod_instrument>45</Branschkod_instrument>
          <Bransch_namn_instrument>Information Technology</Bransch_namn_instrument>
        </Bransch>
      </FinansielltInstrument>
      <FinansielltInstrument>
        <Tillgångsslag_enligt_LVF_5_kap>ÖverlåtbartVärdepapper</Tillgångsslag_enligt_LVF_5_kap>
        <Instrumentnamn>Huhtamäki Oyj</Instrumentnamn>
        <ISIN-kod_instrument>FI0009000459</ISIN-kod_instrument>
        <Landkod_Emittent>FI</Landkod_Emittent>
        <Valuta>EUR</Valuta>
        <Antal>818894.0000000000</Antal>
        <Nominellt_belopp />
        <Kurs_som_använts_vid_värdering_av_instrumentet>32.0000000000</Kurs_som_använts_vid_värdering_av_instrumentet>
        <Valutakurs_instrument>11.12021137500000000000</Valutakurs_instrument>
        <Marknadsvärde_instrument>291400779.96</Marknadsvärde_instrument>
        <Andel_av_fondförmögenhet_instrument>1.8700000000</Andel_av_fondförmögenhet_instrument>
        <Bransch>
          <Branschkod_instrument>15</Branschkod_instrument>
          <Bransch_namn_instrument>Materials</Bransch_namn_instrument>
        </Bransch>
      </FinansielltInstrument>
      <FinansielltInstrument>
        <Tillgångsslag_enligt_LVF_5_kap>ÖverlåtbartVärdepapper</Tillgångsslag_enligt_LVF_5_kap>
        <Instrumentnamn>Sampo Plc A</Instrumentnamn>
        <ISIN-kod_instrument>FI0009003305</ISIN-kod_instrument>
        <Landkod_Emittent>FI</Landkod_Emittent>
        <Valuta>EUR</Valuta>
        <Antal>808998.0000000000</Antal>
        <Nominellt_belopp />
        <Kurs_som_använts_vid_värdering_av_instrumentet>48.8200000000</Kurs_som_använts_vid_värdering_av_instrumentet>
        <Valutakurs_instrument>11.12021137500000000000</Valutakurs_instrument>
        <Marknadsvärde_instrument>439195888.16</Marknadsvärde_instrument>
        <Andel_av_fondförmögenhet_instrument>2.8200000000</Andel_av_fondförmögenhet_instrument>
        <Bransch>
          <Branschkod_instrument>40</Branschkod_instrument>
          <Bransch_namn_instrument>Financials</Bransch_namn_instrument>
        </Bransch>
      </FinansielltInstrument>
      <FinansielltInstrument>
        <Tillgångsslag_enligt_LVF_5_kap>ÖverlåtbartVärdepapper</Tillgångsslag_enligt_LVF_5_kap>
        <Instrumentnamn>Stora Enso Oyj R</Instrumentnamn>
        <ISIN-kod_instrument>FI0009005961</ISIN-kod_instrument>
        <Landkod_Emittent>FI</Landkod_Emittent>
        <Valuta>EUR</Valuta>
        <Antal>1947038.0000000000</Antal>
        <Nominellt_belopp />
        <Kurs_som_använts_vid_värdering_av_instrumentet>13.1500000000</Kurs_som_använts_vid_värdering_av_instrumentet>
        <Valutakurs_instrument>11.12021137500000000000</Valutakurs_instrument>
        <Marknadsvärde_instrument>284716884.61</Marknadsvärde_instrument>
        <Andel_av_fondförmögenhet_instrument>1.8300000000</Andel_av_fondförmögenhet_instrument>
        <Bransch>
          <Branschkod_instrument>15</Branschkod_instrument>
          <Bransch_namn_instrument>Materials</Bransch_namn_instrument>
        </Bransch>
      </FinansielltInstrument>
      <FinansielltInstrument>
        <Tillgångsslag_enligt_LVF_5_kap>ÖverlåtbartVärdepapper</Tillgångsslag_enligt_LVF_5_kap>
        <Instrumentnamn>UPM-Kymmene Corporation</Instrumentnamn>
        <ISIN-kod_instrument>FI0009005987</ISIN-kod_instrument>
        <Landkod_Emittent>FI</Landkod_Emittent>
        <Valuta>EUR</Valuta>
        <Antal>900536.0000000000</Antal>
        <Nominellt_belopp />
        <Kurs_som_använts_vid_värdering_av_instrumentet>34.9300000000</Kurs_som_använts_vid_värdering_av_instrumentet>
        <Valutakurs_instrument>11.12021137500000000000</Valutakurs_instrument>
        <Marknadsvärde_instrument>349794282.93</Marknadsvärde_instrument>
        <Andel_av_fondförmögenhet_instrument>2.2500000000</Andel_av_fondförmögenhet_instrument>
        <Bransch>
          <Branschkod_instrument>15</Branschkod_instrument>
          <Bransch_namn_instrument>Materials</Bransch_namn_instrument>
        </Bransch>
      </FinansielltInstrument>
      <FinansielltInstrument>
        <Tillgångsslag_enligt_LVF_5_kap>ÖverlåtbartVärdepapper</Tillgångsslag_enligt_LVF_5_kap>
        <Instrumentnamn>Elisa Oyj</Instrumentnamn>
        <ISIN-kod_instrument>FI0009007884</ISIN-kod_instrument>
        <Landkod_Emittent>FI</Landkod_Emittent>
        <Valuta>EUR</Valuta>
        <Antal>749622.0000000000</Antal>
        <Nominellt_belopp />
        <Kurs_som_använts_vid_värdering_av_instrumentet>49.4600000000</Kurs_som_använts_vid_värdering_av_instrumentet>
        <Valutakurs_instrument>11.12021137500000000000</Valutakurs_instrument>
        <Marknadsvärde_instrument>412296338.82</Marknadsvärde_instrument>
        <Andel_av_fondförmögenhet_instrument>2.6500000000</Andel_av_fondförmögenhet_instrument>
        <Bransch>
          <Branschkod_instrument>50</Branschkod_instrument>
          <Bransch_namn_instrument>Communication Services</Bransch_namn_instrument>
        </Bransch>
      </FinansielltInstrument>
      <FinansielltInstrument>
        <Tillgångsslag_enligt_LVF_5_kap>ÖverlåtbartVärdepapper</Tillgångsslag_enligt_LVF_5_kap>
        <Instrumentnamn>KONE Corporation</Instrumentnamn>
        <ISIN-kod_instrument>FI0009013403</ISIN-kod_instrument>
        <Landkod_Emittent>FI</Landkod_Emittent>
        <Valuta>EUR</Valuta>
        <Antal>539332.0000000000</Antal>
        <Nominellt_belopp />
        <Kurs_som_använts_vid_värdering_av_instrumentet>48.3000000000</Kurs_som_använts_vid_värdering_av_instrumentet>
        <Valutakurs_instrument>11.12021137500000000000</Valutakurs_instrument>
        <Marknadsvärde_instrument>289678566.13</Marknadsvärde_instrument>
        <Andel_av_fondförmögenhet_instrument>1.8600000000</Andel_av_fondförmögenhet_instrument>
        <Bransch>
          <Branschkod_instrument>20</Branschkod_instrument>
          <Bransch_namn_instrument>Industrials</Bransch_namn_instrument>
        </Bransch>
      </FinansielltInstrument>
      <FinansielltInstrument>
        <Tillgångsslag_enligt_LVF_5_kap>ÖverlåtbartVärdepapper</Tillgångsslag_enligt_LVF_5_kap>
        <Instrumentnamn>Orion Corporation B</Instrumentnamn>
        <ISIN-kod_instrument>FI0009014377</ISIN-kod_instrument>
        <Landkod_Emittent>FI</Landkod_Emittent>
        <Valuta>EUR</Valuta>
        <Antal>576442.0000000000</Antal>
        <Nominellt_belopp />
        <Kurs_som_använts_vid_värdering_av_instrumentet>51.2400000000</Kurs_som_använts_vid_värdering_av_instrumentet>
        <Valutakurs_instrument>11.12021137500000000000</Valutakurs_instrument>
        <Marknadsvärde_instrument>328456438.81</Marknadsvärde_instrument>
        <Andel_av_fondförmögenhet_instrument>2.1100000000</Andel_av_fondförmögenhet_instrument>
        <Bransch>
          <Branschkod_instrument>35</Branschkod_instrument>
          <Bransch_namn_instrument>Health Care</Bransch_namn_instrument>
        </Bransch>
      </FinansielltInstrument>
      <FinansielltInstrument>
        <Tillgångsslag_enligt_LVF_5_kap>ÖverlåtbartVärdepapper</Tillgångsslag_enligt_LVF_5_kap>
        <Instrumentnamn>VALMET CORP</Instrumentnamn>
        <ISIN-kod_instrument>FI4000074984</ISIN-kod_instrument>
        <Landkod_Emittent>FI</Landkod_Emittent>
        <Valuta>EUR</Valuta>
        <Antal>1123196.0000000000</Antal>
        <Nominellt_belopp />
        <Kurs_som_använts_vid_värdering_av_instrumentet>25.1600000000</Kurs_som_använts_vid_värdering_av_instrumentet>
        <Valutakurs_instrument>11.12021137500000000000</Valutakurs_instrument>
        <Marknadsvärde_instrument>314252851.70</Marknadsvärde_instrument>
        <Andel_av_fondförmögenhet_instrument>2.0200000000</Andel_av_fondförmögenhet_instrument>
        <Bransch>
          <Branschkod_instrument>20</Branschkod_instrument>
          <Bransch_namn_instrument>Industrials</Bransch_namn_instrument>
        </Bransch>
      </FinansielltInstrument>
      <FinansielltInstrument>
        <Tillgångsslag_enligt_LVF_5_kap>ÖverlåtbartVärdepapper</Tillgångsslag_enligt_LVF_5_kap>
        <Instrumentnamn>Nordea Bank Abp</Instrumentnamn>
        <ISIN-kod_instrument>FI4000297767</ISIN-kod_instrument>
        <Landkod_Emittent>FI</Landkod_Emittent>
        <Valuta>EUR</Valuta>
        <Antal>3926238.0000000000</Antal>
        <Nominellt_belopp />
        <Kurs_som_använts_vid_värdering_av_instrumentet>10.0300000000</Kurs_som_använts_vid_värdering_av_instrumentet>
        <Valutakurs_instrument>11.12021137500000000000</Valutakurs_instrument>
        <Marknadsvärde_instrument>437915782.58</Marknadsvärde_instrument>
        <Andel_av_fondförmögenhet_instrument>2.8100000000</Andel_av_fondförmögenhet_instrument>
        <Bransch>
          <Branschkod_instrument>40</Branschkod_instrument>
          <Bransch_namn_instrument>Financials</Bransch_namn_instrument>
        </Bransch>
      </FinansielltInstrument>
      <FinansielltInstrument>
        <Tillgångsslag_enligt_LVF_5_kap>ÖverlåtbartVärdepapper</Tillgångsslag_enligt_LVF_5_kap>
        <Instrumentnamn>AstraZeneca PLC</Instrumentnamn>
        <ISIN-kod_instrument>GB0009895292</ISIN-kod_instrument>
        <Landkod_Emittent>GB</Landkod_Emittent>
        <Valuta>SEK</Valuta>
        <Antal>227608.0000000000</Antal>
        <Nominellt_belopp />
        <Kurs_som_använts_vid_värdering_av_instrumentet>1403.5000000000</Kurs_som_använts_vid_värdering_av_instrumentet>
        <Valutakurs_instrument>1.00000000000000000000</Valutakurs_instrument>
        <Marknadsvärde_instrument>319447828.00</Marknadsvärde_instrument>
        <Andel_av_fondförmögenhet_instrument>2.0500000000</Andel_av_fondförmögenhet_instrument>
        <Bransch>
          <Branschkod_instrument>35</Branschkod_instrument>
          <Bransch_namn_instrument>Health Care</Bransch_namn_instrument>
        </Bransch>
      </FinansielltInstrument>
      <FinansielltInstrument>
        <Tillgångsslag_enligt_LVF_5_kap>ÖverlåtbartVärdepapper</Tillgångsslag_enligt_LVF_5_kap>
        <Instrumentnamn>STOREBRAND</Instrumentnamn>
        <ISIN-kod_instrument>NO0003053605</ISIN-kod_instrument>
        <Landkod_Emittent>NO</Landkod_Emittent>
        <Valuta>NOK</Valuta>
        <Antal>4017776.0000000000</Antal>
        <Nominellt_belopp />
        <Kurs_som_använts_vid_värdering_av_instrumentet>85.4000000000</Kurs_som_använts_vid_värdering_av_instrumentet>
        <Valutakurs_instrument>1.05770987700000000000</Valutakurs_instrument>
        <Marknadsvärde_instrument>362919372.04</Marknadsvärde_instrument>
        <Andel_av_fondförmögenhet_instrument>2.3300000000</Andel_av_fondförmögenhet_instrument>
        <Bransch>
          <Branschkod_instrument>40</Branschkod_instrument>
          <Bransch_namn_instrument>Financials</Bransch_namn_instrument>
        </Bransch>
      </FinansielltInstrument>
      <FinansielltInstrument>
        <Tillgångsslag_enligt_LVF_5_kap>ÖverlåtbartVärdepapper</Tillgångsslag_enligt_LVF_5_kap>
        <Instrumentnamn>Orkla</Instrumentnamn>
        <ISIN-kod_instrument>NO0003733800</ISIN-kod_instrument>
        <Landkod_Emittent>NO</Landkod_Emittent>
        <Valuta>NOK</Valuta>
        <Antal>5541760.0000000000</Antal>
        <Nominellt_belopp />
        <Kurs_som_använts_vid_värdering_av_instrumentet>70.9400000000</Kurs_som_använts_vid_värdering_av_instrumentet>
        <Valutakurs_instrument>1.05770987700000000000</Valutakurs_instrument>
        <Marknadsvärde_instrument>415820079.99</Marknadsvärde_instrument>
        <Andel_av_fondförmögenhet_instrument>2.6700000000</Andel_av_fondförmögenhet_instrument>
        <Bransch>
          <Branschkod_instrument>30</Branschkod_instrument>
          <Bransch_namn_instrument>Consumer Staples</Bransch_namn_instrument>
        </Bransch>
      </FinansielltInstrument>
      <FinansielltInstrument>
        <Tillgångsslag_enligt_LVF_5_kap>ÖverlåtbartVärdepapper</Tillgångsslag_enligt_LVF_5_kap>
        <Instrumentnamn>NORSK HYDRO</Instrumentnamn>
        <ISIN-kod_instrument>NO0005052605</ISIN-kod_instrument>
        <Landkod_Emittent>NO</Landkod_Emittent>
        <Valuta>NOK</Valuta>
        <Antal>3678838.0000000000</Antal>
        <Nominellt_belopp />
        <Kurs_som_använts_vid_värdering_av_instrumentet>73.3200000000</Kurs_som_använts_vid_värdering_av_instrumentet>
        <Valutakurs_instrument>1.05770987700000000000</Valutakurs_instrument>
        <Marknadsvärde_instrument>285298625.91</Marknadsvärde_instrument>
        <Andel_av_fondförmögenhet_instrument>1.8300000000</Andel_av_fondförmögenhet_instrument>
        <Bransch>
          <Branschkod_instrument>15</Branschkod_instrument>
          <Bransch_namn_instrument>Materials</Bransch_namn_instrument>
        </Bransch>
      </FinansielltInstrument>
      <FinansielltInstrument>
        <Tillgångsslag_enligt_LVF_5_kap>ÖverlåtbartVärdepapper</Tillgångsslag_enligt_LVF_5_kap>
        <Instrumentnamn>TELENOR</Instrumentnamn>
        <ISIN-kod_instrument>NO0010063308</ISIN-kod_instrument>
        <Landkod_Emittent>NO</Landkod_Emittent>
        <Valuta>NOK</Valuta>
        <Antal>4648646.0000000000</Antal>
        <Nominellt_belopp />
        <Kurs_som_använts_vid_värdering_av_instrumentet>91.6000000000</Kurs_som_använts_vid_värdering_av_instrumentet>
        <Valutakurs_instrument>1.05770987700000000000</Valutakurs_instrument>
        <Marknadsvärde_instrument>450389761.06</Marknadsvärde_instrument>
        <Andel_av_fondförmögenhet_instrument>2.8900000000</Andel_av_fondförmögenhet_instrument>
        <Bransch>
          <Branschkod_instrument>50</Branschkod_instrument>
          <Bransch_namn_instrument>Communication Services</Bransch_namn_instrument>
        </Bransch>
      </FinansielltInstrument>
      <FinansielltInstrument>
        <Tillgångsslag_enligt_LVF_5_kap>ÖverlåtbartVärdepapper</Tillgångsslag_enligt_LVF_5_kap>
        <Instrumentnamn>DNB Bank ASA</Instrumentnamn>
        <ISIN-kod_instrument>NO0010161896</ISIN-kod_instrument>
        <Landkod_Emittent>NO</Landkod_Emittent>
        <Valuta>NOK</Valuta>
        <Antal>2080634.0000000000</Antal>
        <Nominellt_belopp />
        <Kurs_som_använts_vid_värdering_av_instrumentet>194.4500000000</Kurs_som_använts_vid_värdering_av_instrumentet>
        <Valutakurs_instrument>1.05770987700000000000</Valutakurs_instrument>
        <Marknadsvärde_instrument>427927501.86</Marknadsvärde_instrument>
        <Andel_av_fondförmögenhet_instrument>2.7500000000</Andel_av_fondförmögenhet_instrument>
        <Bransch>
          <Branschkod_instrument>40</Branschkod_instrument>
          <Bransch_namn_instrument>Financials</Bransch_namn_instrument>
        </Bransch>
      </FinansielltInstrument>
      <FinansielltInstrument>
        <Tillgångsslag_enligt_LVF_5_kap>ÖverlåtbartVärdepapper</Tillgångsslag_enligt_LVF_5_kap>
        <Instrumentnamn>YARA INTERNATIONAL</Instrumentnamn>
        <ISIN-kod_instrument>NO0010208051</ISIN-kod_instrument>
        <Landkod_Emittent>NO</Landkod_Emittent>
        <Valuta>NOK</Valuta>
        <Antal>799102.0000000000</Antal>
        <Nominellt_belopp />
        <Kurs_som_använts_vid_värdering_av_instrumentet>430.6000000000</Kurs_som_använts_vid_värdering_av_instrumentet>
        <Valutakurs_instrument>1.05770987700000000000</Valutakurs_instrument>
        <Marknadsvärde_instrument>363950904.44</Marknadsvärde_instrument>
        <Andel_av_fondförmögenhet_instrument>2.3400000000</Andel_av_fondförmögenhet_instrument>
        <Bransch>
          <Branschkod_instrument>15</Branschkod_instrument>
          <Bransch_namn_instrument>Materials</Bransch_namn_instrument>
        </Bransch>
      </FinansielltInstrument>
      <FinansielltInstrument>
        <Tillgångsslag_enligt_LVF_5_kap>ÖverlåtbartVärdepapper</Tillgångsslag_enligt_LVF_5_kap>
        <Instrumentnamn>Gjensidige Forsikring ASA</Instrumentnamn>
        <ISIN-kod_instrument>NO0010582521</ISIN-kod_instrument>
        <Landkod_Emittent>NO</Landkod_Emittent>
        <Valuta>NOK</Valuta>
        <Antal>2036102.0000000000</Antal>
        <Nominellt_belopp />
        <Kurs_som_använts_vid_värdering_av_instrumentet>192.2000000000</Kurs_som_använts_vid_värdering_av_instrumentet>
        <Valutakurs_instrument>1.05770987700000000000</Valutakurs_instrument>
        <Marknadsvärde_instrument>413922918.67</Marknadsvärde_instrument>
        <Andel_av_fondförmögenhet_instrument>2.6600000000</Andel_av_fondförmögenhet_instrument>
        <Bransch>
          <Branschkod_instrument>40</Branschkod_instrument>
          <Bransch_namn_instrument>Financials</Bransch_namn_instrument>
        </Bransch>
      </FinansielltInstrument>
      <FinansielltInstrument>
        <Tillgångsslag_enligt_LVF_5_kap>ÖverlåtbartVärdepapper</Tillgångsslag_enligt_LVF_5_kap>
        <Instrumentnamn>MPC Container Ships Ord Shs</Instrumentnamn>
        <ISIN-kod_instrument>NO0010791353</ISIN-kod_instrument>
        <Landkod_Emittent>NO</Landkod_Emittent>
        <Valuta>NOK</Valuta>
        <Antal>15828652.0000000000</Antal>
        <Nominellt_belopp />
        <Kurs_som_använts_vid_värdering_av_instrumentet>16.2500000000</Kurs_som_använts_vid_värdering_av_instrumentet>
        <Valutakurs_instrument>1.05770987700000000000</Valutakurs_instrument>
        <Marknadsvärde_instrument>272059475.35</Marknadsvärde_instrument>
        <Andel_av_fondförmögenhet_instrument>1.7500000000</Andel_av_fondförmögenhet_instrument>
        <Bransch>
          <Branschkod_instrument>20</Branschkod_instrument>
          <Bransch_namn_instrument>Industrials</Bransch_namn_instrument>
        </Bransch>
      </FinansielltInstrument>
      <FinansielltInstrument>
        <Tillgångsslag_enligt_LVF_5_kap>ÖverlåtbartVärdepapper</Tillgångsslag_enligt_LVF_5_kap>
        <Instrumentnamn>Industrivärden, AB ser. C</Instrumentnamn>
        <ISIN-kod_instrument>SE0000107203</ISIN-kod_instrument>
        <Landkod_Emittent>SE</Landkod_Emittent>
        <Valuta>SEK</Valuta>
        <Antal>1274110.0000000000</Antal>
        <Nominellt_belopp />
        <Kurs_som_använts_vid_värdering_av_instrumentet>253.0000000000</Kurs_som_använts_vid_värdering_av_instrumentet>
        <Valutakurs_instrument>1.00000000000000000000</Valutakurs_instrument>
        <Marknadsvärde_instrument>322349830.00</Marknadsvärde_instrument>
        <Andel_av_fondförmögenhet_instrument>2.0700000000</Andel_av_fondförmögenhet_instrument>
        <Bransch>
          <Branschkod_instrument>40</Branschkod_instrument>
          <Bransch_namn_instrument>Financials</Bransch_namn_instrument>
        </Bransch>
      </FinansielltInstrument>
      <FinansielltInstrument>
        <Tillgångsslag_enligt_LVF_5_kap>ÖverlåtbartVärdepapper</Tillgångsslag_enligt_LVF_5_kap>
        <Instrumentnamn>SKF, AB ser. B</Instrumentnamn>
        <ISIN-kod_instrument>SE0000108227</ISIN-kod_instrument>
        <Landkod_Emittent>SE</Landkod_Emittent>
        <Valuta>SEK</Valuta>
        <Antal>1862922.0000000000</Antal>
        <Nominellt_belopp />
        <Kurs_som_använts_vid_värdering_av_instrumentet>159.1500000000</Kurs_som_använts_vid_värdering_av_instrumentet>
        <Valutakurs_instrument>1.00000000000000000000</Valutakurs_instrument>
        <Marknadsvärde_instrument>296484036.30</Marknadsvärde_instrument>
        <Andel_av_fondförmögenhet_instrument>1.9000000000</Andel_av_fondförmögenhet_instrument>
        <Bransch>
          <Branschkod_instrument>20</Branschkod_instrument>
          <Bransch_namn_instrument>Industrials</Bransch_namn_instrument>
        </Bransch>
      </FinansielltInstrument>
      <FinansielltInstrument>
        <Tillgångsslag_enligt_LVF_5_kap>ÖverlåtbartVärdepapper</Tillgångsslag_enligt_LVF_5_kap>
        <Instrumentnamn>Ericsson, Telefonaktiebolaget LM B</Instrumentnamn>
        <ISIN-kod_instrument>SE0000108656</ISIN-kod_instrument>
        <Landkod_Emittent>SE</Landkod_Emittent>
        <Valuta>SEK</Valuta>
        <Antal>4168690.0000000000</Antal>
        <Nominellt_belopp />
        <Kurs_som_använts_vid_värdering_av_instrumentet>60.9000000000</Kurs_som_använts_vid_värdering_av_instrumentet>
        <Valutakurs_instrument>1.00000000000000000000</Valutakurs_instrument>
        <Marknadsvärde_instrument>253873221.00</Marknadsvärde_instrument>
        <Andel_av_fondförmögenhet_instrument>1.6300000000</Andel_av_fondförmögenhet_instrument>
        <Bransch>
          <Branschkod_instrument>45</Branschkod_instrument>
          <Bransch_namn_instrument>Information Technology</Bransch_namn_instrument>
        </Bransch>
      </FinansielltInstrument>
      <FinansielltInstrument>
        <Tillgångsslag_enligt_LVF_5_kap>ÖverlåtbartVärdepapper</Tillgångsslag_enligt_LVF_5_kap>
        <Instrumentnamn>Svenska Cellulosa AB SCA ser. B</Instrumentnamn>
        <ISIN-kod_instrument>SE0000112724</ISIN-kod_instrument>
        <Landkod_Emittent>SE</Landkod_Emittent>
        <Valuta>SEK</Valuta>
        <Antal>2177120.0000000000</Antal>
        <Nominellt_belopp />
        <Kurs_som_använts_vid_värdering_av_instrumentet>131.9500000000</Kurs_som_använts_vid_värdering_av_instrumentet>
        <Valutakurs_instrument>1.00000000000000000000</Valutakurs_instrument>
        <Marknadsvärde_instrument>287270984.00</Marknadsvärde_instrument>
        <Andel_av_fondförmögenhet_instrument>1.8400000000</Andel_av_fondförmögenhet_instrument>
        <Bransch>
          <Branschkod_instrument>15</Branschkod_instrument>
          <Bransch_namn_instrument>Materials</Bransch_namn_instrument>
        </Bransch>
      </FinansielltInstrument>
      <FinansielltInstrument>
        <Tillgångsslag_enligt_LVF_5_kap>ÖverlåtbartVärdepapper</Tillgångsslag_enligt_LVF_5_kap>
        <Instrumentnamn>Skanska AB ser. B</Instrumentnamn>
        <ISIN-kod_instrument>SE0000113250</ISIN-kod_instrument>
        <Landkod_Emittent>SE</Landkod_Emittent>
        <Valuta>SEK</Valuta>
        <Antal>1833234.0000000000</Antal>
        <Nominellt_belopp />
        <Kurs_som_använts_vid_värdering_av_instrumentet>165.0000000000</Kurs_som_använts_vid_värdering_av_instrumentet>
        <Valutakurs_instrument>1.00000000000000000000</Valutakurs_instrument>
        <Marknadsvärde_instrument>302483610.00</Marknadsvärde_instrument>
        <Andel_av_fondförmögenhet_instrument>1.9400000000</Andel_av_fondförmögenhet_instrument>
        <Bransch>
          <Branschkod_instrument>20</Branschkod_instrument>
          <Bransch_namn_instrument>Industrials</Bransch_namn_instrument>
        </Bransch>
      </FinansielltInstrument>
      <FinansielltInstrument>
        <Tillgångsslag_enligt_LVF_5_kap>ÖverlåtbartVärdepapper</Tillgångsslag_enligt_LVF_5_kap>
        <Instrumentnamn>Trelleborg AB ser. B</Instrumentnamn>
        <ISIN-kod_instrument>SE0000114837</ISIN-kod_instrument>
        <Landkod_Emittent>SE</Landkod_Emittent>
        <Valuta>SEK</Valuta>
        <Antal>1152884.0000000000</Antal>
        <Nominellt_belopp />
        <Kurs_som_använts_vid_värdering_av_instrumentet>240.8000000000</Kurs_som_använts_vid_värdering_av_instrumentet>
        <Valutakurs_instrument>1.00000000000000000000</Valutakurs_instrument>
        <Marknadsvärde_instrument>277614467.20</Marknadsvärde_instrument>
        <Andel_av_fondförmögenhet_instrument>1.7800000000</Andel_av_fondförmögenhet_instrument>
        <Bransch>
          <Branschkod_instrument>20</Branschkod_instrument>
          <Bransch_namn_instrument>Industrials</Bransch_namn_instrument>
        </Bransch>
      </FinansielltInstrument>
      <FinansielltInstrument>
        <Tillgångsslag_enligt_LVF_5_kap>ÖverlåtbartVärdepapper</Tillgångsslag_enligt_LVF_5_kap>
        <Instrumentnamn>Volvo, AB ser. B</Instrumentnamn>
        <ISIN-kod_instrument>SE0000115446</ISIN-kod_instrument>
        <Landkod_Emittent>SE</Landkod_Emittent>
        <Valuta>SEK</Valuta>
        <Antal>2174646.0000000000</Antal>
        <Nominellt_belopp />
        <Kurs_som_använts_vid_värdering_av_instrumentet>188.4800000000</Kurs_som_använts_vid_värdering_av_instrumentet>
        <Valutakurs_instrument>1.00000000000000000000</Valutakurs_instrument>
        <Marknadsvärde_instrument>409877278.08</Marknadsvärde_instrument>
        <Andel_av_fondförmögenhet_instrument>2.6300000000</Andel_av_fondförmögenhet_instrument>
        <Bransch>
          <Branschkod_instrument>20</Branschkod_instrument>
          <Bransch_namn_instrument>Industrials</Bransch_namn_instrument>
        </Bransch>
      </FinansielltInstrument>
      <FinansielltInstrument>
        <Tillgångsslag_enligt_LVF_5_kap>ÖverlåtbartVärdepapper</Tillgångsslag_enligt_LVF_5_kap>
        <Instrumentnamn>SSAB AB ser. B</Instrumentnamn>
        <ISIN-kod_instrument>SE0000120669</ISIN-kod_instrument>
        <Landkod_Emittent>SE</Landkod_Emittent>
        <Valuta>SEK</Valuta>
        <Antal>5393320.0000000000</Antal>
        <Nominellt_belopp />
        <Kurs_som_använts_vid_värdering_av_instrumentet>54.2000000000</Kurs_som_använts_vid_värdering_av_instrumentet>
        <Valutakurs_instrument>1.00000000000000000000</Valutakurs_instrument>
        <Marknadsvärde_instrument>292317944.00</Marknadsvärde_instrument>
        <Andel_av_fondförmögenhet_instrument>1.8800000000</Andel_av_fondförmögenhet_instrument>
        <Bransch>
          <Branschkod_instrument>15</Branschkod_instrument>
          <Bransch_namn_instrument>Materials</Bransch_namn_instrument>
        </Bransch>
      </FinansielltInstrument>
      <FinansielltInstrument>
        <Tillgångsslag_enligt_LVF_5_kap>ÖverlåtbartVärdepapper</Tillgångsslag_enligt_LVF_5_kap>
        <Instrumentnamn>Skandinaviska Enskilda Banken ser. A</Instrumentnamn>
        <ISIN-kod_instrument>SE0000148884</ISIN-kod_instrument>
        <Landkod_Emittent>SE</Landkod_Emittent>
        <Valuta>SEK</Valuta>
        <Antal>3287946.0000000000</Antal>
        <Nominellt_belopp />
        <Kurs_som_använts_vid_värdering_av_instrumentet>119.9500000000</Kurs_som_använts_vid_värdering_av_instrumentet>
        <Valutakurs_instrument>1.00000000000000000000</Valutakurs_instrument>
        <Marknadsvärde_instrument>394389122.70</Marknadsvärde_instrument>
        <Andel_av_fondförmögenhet_instrument>2.5300000000</Andel_av_fondförmögenhet_instrument>
        <Bransch>
          <Branschkod_instrument>40</Branschkod_instrument>
          <Bransch_namn_instrument>Financials</Bransch_namn_instrument>
        </Bransch>
      </FinansielltInstrument>
      <FinansielltInstrument>
        <Tillgångsslag_enligt_LVF_5_kap>ÖverlåtbartVärdepapper</Tillgångsslag_enligt_LVF_5_kap>
        <Instrumentnamn>Securitas AB</Instrumentnamn>
        <ISIN-kod_instrument>SE0000163594</ISIN-kod_instrument>
        <Landkod_Emittent>SE</Landkod_Emittent>
        <Valuta>SEK</Valuta>
        <Antal>3349796.0000000000</Antal>
        <Nominellt_belopp />
        <Kurs_som_använts_vid_värdering_av_instrumentet>86.9600000000</Kurs_som_använts_vid_värdering_av_instrumentet>
        <Valutakurs_instrument>1.00000000000000000000</Valutakurs_instrument>
        <Marknadsvärde_instrument>291298260.16</Marknadsvärde_instrument>
        <Andel_av_fondförmögenhet_instrument>1.8700000000</Andel_av_fondförmögenhet_instrument>
        <Bransch>
          <Branschkod_instrument>20</Branschkod_instrument>
          <Bransch_namn_instrument>Industrials</Bransch_namn_instrument>
        </Bransch>
      </FinansielltInstrument>
      <FinansielltInstrument>
        <Tillgångsslag_enligt_LVF_5_kap>ÖverlåtbartVärdepapper</Tillgångsslag_enligt_LVF_5_kap>
        <Instrumentnamn>Swedbank AB A</Instrumentnamn>
        <ISIN-kod_instrument>SE0000242455</ISIN-kod_instrument>
        <Landkod_Emittent>SE</Landkod_Emittent>
        <Valuta>SEK</Valuta>
        <Antal>2360196.0000000000</Antal>
        <Nominellt_belopp />
        <Kurs_som_använts_vid_värdering_av_instrumentet>177.3000000000</Kurs_som_använts_vid_värdering_av_instrumentet>
        <Valutakurs_instrument>1.00000000000000000000</Valutakurs_instrument>
        <Marknadsvärde_instrument>418462750.80</Marknadsvärde_instrument>
        <Andel_av_fondförmögenhet_instrument>2.6900000000</Andel_av_fondförmögenhet_instrument>
        <Bransch>
          <Branschkod_instrument>40</Branschkod_instrument>
          <Bransch_namn_instrument>Financials</Bransch_namn_instrument>
        </Bransch>
      </FinansielltInstrument>
      <FinansielltInstrument>
        <Tillgångsslag_enligt_LVF_5_kap>ÖverlåtbartVärdepapper</Tillgångsslag_enligt_LVF_5_kap>
        <Instrumentnamn>Sandvik AB</Instrumentnamn>
        <ISIN-kod_instrument>SE0000667891</ISIN-kod_instrument>
        <Landkod_Emittent>SE</Landkod_Emittent>
        <Valuta>SEK</Valuta>
        <Antal>1486874.0000000000</Antal>
        <Nominellt_belopp />
        <Kurs_som_använts_vid_värdering_av_instrumentet>188.4000000000</Kurs_som_använts_vid_värdering_av_instrumentet>
        <Valutakurs_instrument>1.00000000000000000000</Valutakurs_instrument>
        <Marknadsvärde_instrument>280127061.60</Marknadsvärde_instrument>
        <Andel_av_fondförmögenhet_instrument>1.8000000000</Andel_av_fondförmögenhet_instrument>
        <Bransch>
          <Branschkod_instrument>20</Branschkod_instrument>
          <Bransch_namn_instrument>Industrials</Bransch_namn_instrument>
        </Bransch>
      </FinansielltInstrument>
      <FinansielltInstrument>
        <Tillgångsslag_enligt_LVF_5_kap>ÖverlåtbartVärdepapper</Tillgångsslag_enligt_LVF_5_kap>
        <Instrumentnamn>Telia Company</Instrumentnamn>
        <ISIN-kod_instrument>SE0000667925</ISIN-kod_instrument>
        <Landkod_Emittent>SE</Landkod_Emittent>
        <Valuta>SEK</Valuta>
        <Antal>14396206.0000000000</Antal>
        <Nominellt_belopp />
        <Kurs_som_använts_vid_värdering_av_instrumentet>26.6600000000</Kurs_som_använts_vid_värdering_av_instrumentet>
        <Valutakurs_instrument>1.00000000000000000000</Valutakurs_instrument>
        <Marknadsvärde_instrument>383802851.96</Marknadsvärde_instrument>
        <Andel_av_fondförmögenhet_instrument>2.4600000000</Andel_av_fondförmögenhet_instrument>
        <Bransch>
          <Branschkod_instrument>50</Branschkod_instrument>
          <Bransch_namn_instrument>Communication Services</Bransch_namn_instrument>
        </Bransch>
      </FinansielltInstrument>
      <FinansielltInstrument>
        <Tillgångsslag_enligt_LVF_5_kap>ÖverlåtbartVärdepapper</Tillgångsslag_enligt_LVF_5_kap>
        <Instrumentnamn>JM AB</Instrumentnamn>
        <ISIN-kod_instrument>SE0000806994</ISIN-kod_instrument>
        <Landkod_Emittent>SE</Landkod_Emittent>
        <Valuta>SEK</Valuta>
        <Antal>1759014.0000000000</Antal>
        <Nominellt_belopp />
        <Kurs_som_använts_vid_värdering_av_instrumentet>172.1000000000</Kurs_som_använts_vid_värdering_av_instrumentet>
        <Valutakurs_instrument>1.00000000000000000000</Valutakurs_instrument>
        <Marknadsvärde_instrument>302726309.40</Marknadsvärde_instrument>
        <Andel_av_fondförmögenhet_instrument>1.9400000000</Andel_av_fondförmögenhet_instrument>
        <Bransch>
          <Branschkod_instrument>25</Branschkod_instrument>
          <Bransch_namn_instrument>Consumer Discretionary</Bransch_namn_instrument>
        </Bransch>
      </FinansielltInstrument>
      <FinansielltInstrument>
        <Tillgångsslag_enligt_LVF_5_kap>ÖverlåtbartVärdepapper</Tillgångsslag_enligt_LVF_5_kap>
        <Instrumentnamn>Billerud AB</Instrumentnamn>
        <ISIN-kod_instrument>SE0000862997</ISIN-kod_instrument>
        <Landkod_Emittent>SE</Landkod_Emittent>
        <Valuta>SEK</Valuta>
        <Antal>2253814.0000000000</Antal>
        <Nominellt_belopp />
        <Kurs_som_använts_vid_värdering_av_instrumentet>127.1000000000</Kurs_som_använts_vid_värdering_av_instrumentet>
        <Valutakurs_instrument>1.00000000000000000000</Valutakurs_instrument>
        <Marknadsvärde_instrument>286459759.40</Marknadsvärde_instrument>
        <Andel_av_fondförmögenhet_instrument>1.8400000000</Andel_av_fondförmögenhet_instrument>
        <Bransch>
          <Branschkod_instrument>15</Branschkod_instrument>
          <Bransch_namn_instrument>Materials</Bransch_namn_instrument>
        </Bransch>
      </FinansielltInstrument>
      <FinansielltInstrument>
        <Tillgångsslag_enligt_LVF_5_kap>ÖverlåtbartVärdepapper</Tillgångsslag_enligt_LVF_5_kap>
        <Instrumentnamn>Tele2 B</Instrumentnamn>
        <ISIN-kod_instrument>SE0005190238</ISIN-kod_instrument>
        <Landkod_Emittent>SE</Landkod_Emittent>
        <Valuta>SEK</Valuta>
        <Antal>5190452.0000000000</Antal>
        <Nominellt_belopp />
        <Kurs_som_använts_vid_värdering_av_instrumentet>85.1000000000</Kurs_som_använts_vid_värdering_av_instrumentet>
        <Valutakurs_instrument>1.00000000000000000000</Valutakurs_instrument>
        <Marknadsvärde_instrument>441707465.20</Marknadsvärde_instrument>
        <Andel_av_fondförmögenhet_instrument>2.8400000000</Andel_av_fondförmögenhet_instrument>
        <Bransch>
          <Branschkod_instrument>50</Branschkod_instrument>
          <Bransch_namn_instrument>Communication Services</Bransch_namn_instrument>
        </Bransch>
      </FinansielltInstrument>
      <FinansielltInstrument>
        <Tillgångsslag_enligt_LVF_5_kap>ÖverlåtbartVärdepapper</Tillgångsslag_enligt_LVF_5_kap>
        <Instrumentnamn>Axfood</Instrumentnamn>
        <ISIN-kod_instrument>SE0006993770</ISIN-kod_instrument>
        <Landkod_Emittent>SE</Landkod_Emittent>
        <Valuta>SEK</Valuta>
        <Antal>1152884.0000000000</Antal>
        <Nominellt_belopp />
        <Kurs_som_använts_vid_värdering_av_instrumentet>285.9000000000</Kurs_som_använts_vid_värdering_av_instrumentet>
        <Valutakurs_instrument>1.00000000000000000000</Valutakurs_instrument>
        <Marknadsvärde_instrument>329609535.60</Marknadsvärde_instrument>
        <Andel_av_fondförmögenhet_instrument>2.1200000000</Andel_av_fondförmögenhet_instrument>
        <Bransch>
          <Branschkod_instrument>30</Branschkod_instrument>
          <Bransch_namn_instrument>Consumer Staples</Bransch_namn_instrument>
        </Bransch>
      </FinansielltInstrument>
      <FinansielltInstrument>
        <Tillgångsslag_enligt_LVF_5_kap>ÖverlåtbartVärdepapper</Tillgångsslag_enligt_LVF_5_kap>
        <Instrumentnamn>Assa Abloy B</Instrumentnamn>
        <ISIN-kod_instrument>SE0007100581</ISIN-kod_instrument>
        <Landkod_Emittent>SE</Landkod_Emittent>
        <Valuta>SEK</Valuta>
        <Antal>1217208.0000000000</Antal>
        <Nominellt_belopp />
        <Kurs_som_använts_vid_värdering_av_instrumentet>223.7000000000</Kurs_som_använts_vid_värdering_av_instrumentet>
        <Valutakurs_instrument>1.00000000000000000000</Valutakurs_instrument>
        <Marknadsvärde_instrument>272289429.60</Marknadsvärde_instrument>
        <Andel_av_fondförmögenhet_instrument>1.7500000000</Andel_av_fondförmögenhet_instrument>
        <Bransch>
          <Branschkod_instrument>20</Branschkod_instrument>
          <Bransch_namn_instrument>Industrials</Bransch_namn_instrument>
        </Bransch>
      </FinansielltInstrument>
      <FinansielltInstrument>
        <Tillgångsslag_enligt_LVF_5_kap>ÖverlåtbartVärdepapper</Tillgångsslag_enligt_LVF_5_kap>
        <Instrumentnamn>Svenska Handelsbanken A</Instrumentnamn>
        <ISIN-kod_instrument>SE0007100599</ISIN-kod_instrument>
        <Landkod_Emittent>SE</Landkod_Emittent>
        <Valuta>SEK</Valuta>
        <Antal>3758006.0000000000</Antal>
        <Nominellt_belopp />
        <Kurs_som_använts_vid_värdering_av_instrumentet>105.1000000000</Kurs_som_använts_vid_värdering_av_instrumentet>
        <Valutakurs_instrument>1.00000000000000000000</Valutakurs_instrument>
        <Marknadsvärde_instrument>394966430.60</Marknadsvärde_instrument>
        <Andel_av_fondförmögenhet_instrument>2.5400000000</Andel_av_fondförmögenhet_instrument>
        <Bransch>
          <Branschkod_instrument>40</Branschkod_instrument>
          <Bransch_namn_instrument>Financials</Bransch_namn_instrument>
        </Bransch>
      </FinansielltInstrument>
      <FinansielltInstrument>
        <Tillgångsslag_enligt_LVF_5_kap>ÖverlåtbartVärdepapper</Tillgångsslag_enligt_LVF_5_kap>
        <Instrumentnamn>Essity AB B</Instrumentnamn>
        <ISIN-kod_instrument>SE0009922164</ISIN-kod_instrument>
        <Landkod_Emittent>SE</Landkod_Emittent>
        <Valuta>SEK</Valuta>
        <Antal>1286480.0000000000</Antal>
        <Nominellt_belopp />
        <Kurs_som_använts_vid_värdering_av_instrumentet>273.3000000000</Kurs_som_använts_vid_värdering_av_instrumentet>
        <Valutakurs_instrument>1.00000000000000000000</Valutakurs_instrument>
        <Marknadsvärde_instrument>351594984.00</Marknadsvärde_instrument>
        <Andel_av_fondförmögenhet_instrument>2.2600000000</Andel_av_fondförmögenhet_instrument>
        <Bransch>
          <Branschkod_instrument>30</Branschkod_instrument>
          <Bransch_namn_instrument>Consumer Staples</Bransch_namn_instrument>
        </Bransch>
      </FinansielltInstrument>
      <FinansielltInstrument>
        <Tillgångsslag_enligt_LVF_5_kap>ÖverlåtbartVärdepapper</Tillgångsslag_enligt_LVF_5_kap>
        <Instrumentnamn>HOLMEN B</Instrumentnamn>
        <ISIN-kod_instrument>SE0011090018</ISIN-kod_instrument>
        <Landkod_Emittent>SE</Landkod_Emittent>
        <Valuta>SEK</Valuta>
        <Antal>752096.0000000000</Antal>
        <Nominellt_belopp />
        <Kurs_som_använts_vid_värdering_av_instrumentet>413.9000000000</Kurs_som_använts_vid_värdering_av_instrumentet>
        <Valutakurs_instrument>1.00000000000000000000</Valutakurs_instrument>
        <Marknadsvärde_instrument>311292534.40</Marknadsvärde_instrument>
        <Andel_av_fondförmögenhet_instrument>2.0000000000</Andel_av_fondförmögenhet_instrument>
        <Bransch>
          <Branschkod_instrument>15</Branschkod_instrument>
          <Bransch_namn_instrument>Materials</Bransch_namn_instrument>
        </Bransch>
      </FinansielltInstrument>
      <FinansielltInstrument>
        <Tillgångsslag_enligt_LVF_5_kap>ÖverlåtbartVärdepapper</Tillgångsslag_enligt_LVF_5_kap>
        <Instrumentnamn>Investor B</Instrumentnamn>
        <ISIN-kod_instrument>SE0015811963</ISIN-kod_instrument>
        <Landkod_Emittent>SE</Landkod_Emittent>
        <Valuta>SEK</Valuta>
        <Antal>1665002.0000000000</Antal>
        <Nominellt_belopp />
        <Kurs_som_använts_vid_värdering_av_instrumentet>188.5600000000</Kurs_som_använts_vid_värdering_av_instrumentet>
        <Valutakurs_instrument>1.00000000000000000000</Valutakurs_instrument>
        <Marknadsvärde_instrument>313952777.12</Marknadsvärde_instrument>
        <Andel_av_fondförmögenhet_instrument>2.0200000000</Andel_av_fondförmögenhet_instrument>
        <Bransch>
          <Branschkod_instrument>40</Branschkod_instrument>
          <Bransch_namn_instrument>Financials</Bransch_namn_instrument>
        </Bransch>
      </FinansielltInstrument>
      <FinansielltInstrument>
        <Tillgångsslag_enligt_LVF_5_kap>ÖverlåtbartVärdepapper</Tillgångsslag_enligt_LVF_5_kap>
        <Instrumentnamn>Electrolux AB B</Instrumentnamn>
        <ISIN-kod_instrument>SE0016589188</ISIN-kod_instrument>
        <Landkod_Emittent>SE</Landkod_Emittent>
        <Valuta>SEK</Valuta>
        <Antal>2451734.0000000000</Antal>
        <Nominellt_belopp />
        <Kurs_som_använts_vid_värdering_av_instrumentet>140.7800000000</Kurs_som_använts_vid_värdering_av_instrumentet>
        <Valutakurs_instrument>1.00000000000000000000</Valutakurs_instrument>
        <Marknadsvärde_instrument>345155112.52</Marknadsvärde_instrument>
        <Andel_av_fondförmögenhet_instrument>2.2200000000</Andel_av_fondförmögenhet_instrument>
        <Bransch>
          <Branschkod_instrument>25</Branschkod_instrument>
          <Bransch_namn_instrument>Consumer Discretionary</Bransch_namn_instrument>
        </Bransch>
      </FinansielltInstrument>
    </FinansiellaInstrument>
  </Fondinformation>
  <Fondinformation />
</VärdepappersfondInnehav>