﻿<?xml version="1.0" encoding="utf-8"?>
<VärdepappersfondInnehav xmlns="http://schemas.fi.se/publika/vardepappersfonder/20200331">
  <Rapportinformation>
    <Kvartalsslut>2022-12-31</Kvartalsslut>
  </Rapportinformation>
  <Bolagsinformation>
    <Fondbolag_namn>Cliens Kapitalförvaltning AB</Fondbolag_namn>
    <Fondbolag_institutnummer>58193</Fondbolag_institutnummer>
    <Fondbolag_LEI-kod>5493001XOIKH56D1VB49</Fondbolag_LEI-kod>
  </Bolagsinformation>
  <Fondinformation>
    <Fond_institutnummer>69403</Fond_institutnummer>
    <Fond_ISIN-kod>SE0019176587</Fond_ISIN-kod>
    <Fond_namn>Cliens Global Climate</Fond_namn>
    <Fond_status>Ej aktiv fond</Fond_status>
  </Fondinformation>
  <Fondinformation />
</VärdepappersfondInnehav>