﻿<?xml version="1.0" encoding="utf-8"?>
<VärdepappersfondInnehav xmlns="http://schemas.fi.se/publika/vardepappersfonder/20200331">
  <Rapportinformation>
    <Kvartalsslut>2022-12-31</Kvartalsslut>
  </Rapportinformation>
  <Bolagsinformation>
    <Fondbolag_namn>Cliens Kapitalförvaltning AB</Fondbolag_namn>
    <Fondbolag_institutnummer>58193</Fondbolag_institutnummer>
    <Fondbolag_LEI-kod>5493001XOIKH56D1VB49</Fondbolag_LEI-kod>
  </Bolagsinformation>
  <Fondinformation>
    <Fond_institutnummer>60490</Fond_institutnummer>
    <Fond_ISIN-kod>SE0003910298</Fond_ISIN-kod>
    <Fond_namn>Cliens Räntefond Kort</Fond_namn>
    <Förvaltningsavgift>
      <UtanAndelsklasser>
        <Förvaltningsavgift_fast>0.2</Förvaltningsavgift_fast>
      </UtanAndelsklasser>
    </Förvaltningsavgift>
    <Fondförmögenhet>218373895</Fondförmögenhet>
    <Likvida_medel>17802748</Likvida_medel>
    <Övriga_tillgångar_och_skulder>-39141</Övriga_tillgångar_och_skulder>
    <Aktiv_risk>0.85</Aktiv_risk>
    <Standardavvikelse_24_månader>0.89</Standardavvikelse_24_månader>
    <Jämförelseindex>
      <Jämförelseindex>OMRX T BILL</Jämförelseindex>
    </Jämförelseindex>
    <FinansiellaInstrument>
      <FinansielltInstrument>
        <Tillgångsslag_enligt_LVF_5_kap>ÖverlåtbartVärdepapper</Tillgångsslag_enligt_LVF_5_kap>
        <Instrumentnamn>SBAB FRN 250902</Instrumentnamn>
        <ISIN-kod_instrument>XS2527964873</ISIN-kod_instrument>
        <Landkod_Emittent>SE</Landkod_Emittent>
        <Valuta>SEK</Valuta>
        <Antal />
        <Nominellt_belopp>2000000</Nominellt_belopp>
        <Kurs_som_använts_vid_värdering_av_instrumentet>99.6653722222222</Kurs_som_använts_vid_värdering_av_instrumentet>
        <Valutakurs_instrument>1</Valutakurs_instrument>
        <Marknadsvärde_instrument>1993307.44</Marknadsvärde_instrument>
        <Andel_av_fondförmögenhet_instrument>0.91</Andel_av_fondförmögenhet_instrument>
        <Bransch>
          <Branschkod_instrument>40</Branschkod_instrument>
          <Bransch_namn_instrument>Finans</Bransch_namn_instrument>
        </Bransch>
      </FinansielltInstrument>
      <FinansielltInstrument>
        <Tillgångsslag_enligt_LVF_5_kap>ÖverlåtbartVärdepapper</Tillgångsslag_enligt_LVF_5_kap>
        <Instrumentnamn>SBAB 240620</Instrumentnamn>
        <ISIN-kod_instrument>XS2015229862</ISIN-kod_instrument>
        <Landkod_Emittent>SE</Landkod_Emittent>
        <Valuta>SEK</Valuta>
        <Antal />
        <Nominellt_belopp>2000000</Nominellt_belopp>
        <Kurs_som_använts_vid_värdering_av_instrumentet>95.3617777777778</Kurs_som_använts_vid_värdering_av_instrumentet>
        <Valutakurs_instrument>1</Valutakurs_instrument>
        <Marknadsvärde_instrument>1907235.56</Marknadsvärde_instrument>
        <Andel_av_fondförmögenhet_instrument>0.87</Andel_av_fondförmögenhet_instrument>
        <Bransch>
          <Branschkod_instrument>40</Branschkod_instrument>
          <Bransch_namn_instrument>Finans</Bransch_namn_instrument>
        </Bransch>
      </FinansielltInstrument>
      <FinansielltInstrument>
        <Tillgångsslag_enligt_LVF_5_kap>ÖverlåtbartVärdepapper</Tillgångsslag_enligt_LVF_5_kap>
        <Instrumentnamn>SAND FRN 250218</Instrumentnamn>
        <ISIN-kod_instrument>XS2446268588</ISIN-kod_instrument>
        <Landkod_Emittent>SE</Landkod_Emittent>
        <Valuta>SEK</Valuta>
        <Antal />
        <Nominellt_belopp>3000000</Nominellt_belopp>
        <Kurs_som_använts_vid_värdering_av_instrumentet>99.1901833333333</Kurs_som_använts_vid_värdering_av_instrumentet>
        <Valutakurs_instrument>1</Valutakurs_instrument>
        <Marknadsvärde_instrument>2975705.5</Marknadsvärde_instrument>
        <Andel_av_fondförmögenhet_instrument>1.36</Andel_av_fondförmögenhet_instrument>
        <Bransch>
          <Branschkod_instrument>20</Branschkod_instrument>
          <Bransch_namn_instrument>Industrivaror och tjänster</Bransch_namn_instrument>
        </Bransch>
      </FinansielltInstrument>
      <FinansielltInstrument>
        <Tillgångsslag_enligt_LVF_5_kap>ÖverlåtbartVärdepapper</Tillgångsslag_enligt_LVF_5_kap>
        <Instrumentnamn>SCANIA FRN 250120</Instrumentnamn>
        <ISIN-kod_instrument>XS2289264934</ISIN-kod_instrument>
        <Landkod_Emittent>SE</Landkod_Emittent>
        <Valuta>SEK</Valuta>
        <Antal />
        <Nominellt_belopp>2000000</Nominellt_belopp>
        <Kurs_som_använts_vid_värdering_av_instrumentet>99.3744</Kurs_som_använts_vid_värdering_av_instrumentet>
        <Valutakurs_instrument>1</Valutakurs_instrument>
        <Marknadsvärde_instrument>1987488</Marknadsvärde_instrument>
        <Andel_av_fondförmögenhet_instrument>0.91</Andel_av_fondförmögenhet_instrument>
        <Bransch>
          <Branschkod_instrument>15</Branschkod_instrument>
          <Bransch_namn_instrument>Material</Bransch_namn_instrument>
        </Bransch>
      </FinansielltInstrument>
      <FinansielltInstrument>
        <Tillgångsslag_enligt_LVF_5_kap>ÖverlåtbartVärdepapper</Tillgångsslag_enligt_LVF_5_kap>
        <Instrumentnamn>SCANIA FRN 241125</Instrumentnamn>
        <ISIN-kod_instrument>XS2559923177</ISIN-kod_instrument>
        <Landkod_Emittent>SE</Landkod_Emittent>
        <Valuta>SEK</Valuta>
        <Antal />
        <Nominellt_belopp>2000000</Nominellt_belopp>
        <Kurs_som_använts_vid_värdering_av_instrumentet>100.2993</Kurs_som_använts_vid_värdering_av_instrumentet>
        <Valutakurs_instrument>1</Valutakurs_instrument>
        <Marknadsvärde_instrument>2005986</Marknadsvärde_instrument>
        <Andel_av_fondförmögenhet_instrument>0.92</Andel_av_fondförmögenhet_instrument>
        <Bransch>
          <Branschkod_instrument>15</Branschkod_instrument>
          <Bransch_namn_instrument>Material</Bransch_namn_instrument>
        </Bransch>
      </FinansielltInstrument>
      <FinansielltInstrument>
        <Tillgångsslag_enligt_LVF_5_kap>ÖverlåtbartVärdepapper</Tillgångsslag_enligt_LVF_5_kap>
        <Instrumentnamn>SCA FRN 250923</Instrumentnamn>
        <ISIN-kod_instrument>SE0013882578</ISIN-kod_instrument>
        <Landkod_Emittent>SE</Landkod_Emittent>
        <Valuta>SEK</Valuta>
        <Antal />
        <Nominellt_belopp>6000000</Nominellt_belopp>
        <Kurs_som_använts_vid_värdering_av_instrumentet>99.2562888888889</Kurs_som_använts_vid_värdering_av_instrumentet>
        <Valutakurs_instrument>1</Valutakurs_instrument>
        <Marknadsvärde_instrument>5955377.33</Marknadsvärde_instrument>
        <Andel_av_fondförmögenhet_instrument>2.73</Andel_av_fondförmögenhet_instrument>
        <Bransch>
          <Branschkod_instrument>15</Branschkod_instrument>
          <Bransch_namn_instrument>Material</Bransch_namn_instrument>
        </Bransch>
      </FinansielltInstrument>
      <FinansielltInstrument>
        <Tillgångsslag_enligt_LVF_5_kap>ÖverlåtbartVärdepapper</Tillgångsslag_enligt_LVF_5_kap>
        <Instrumentnamn>RESURS BK FRN 240614</Instrumentnamn>
        <ISIN-kod_instrument>SE0013104619</ISIN-kod_instrument>
        <Landkod_Emittent>SE</Landkod_Emittent>
        <Valuta>SEK</Valuta>
        <Antal />
        <Nominellt_belopp>2000000</Nominellt_belopp>
        <Kurs_som_använts_vid_värdering_av_instrumentet>97.3148333333333</Kurs_som_använts_vid_värdering_av_instrumentet>
        <Valutakurs_instrument>1</Valutakurs_instrument>
        <Marknadsvärde_instrument>1946296.67</Marknadsvärde_instrument>
        <Andel_av_fondförmögenhet_instrument>0.89</Andel_av_fondförmögenhet_instrument>
        <Bransch>
          <Branschkod_instrument>40</Branschkod_instrument>
          <Bransch_namn_instrument>Finans</Bransch_namn_instrument>
        </Bransch>
      </FinansielltInstrument>
      <FinansielltInstrument>
        <Tillgångsslag_enligt_LVF_5_kap>ÖverlåtbartVärdepapper</Tillgångsslag_enligt_LVF_5_kap>
        <Instrumentnamn>LKAB FRN 250310</Instrumentnamn>
        <ISIN-kod_instrument>SE0012675957</ISIN-kod_instrument>
        <Landkod_Emittent>SE</Landkod_Emittent>
        <Valuta>SEK</Valuta>
        <Antal />
        <Nominellt_belopp>2000000</Nominellt_belopp>
        <Kurs_som_använts_vid_värdering_av_instrumentet>99.8668805555556</Kurs_som_använts_vid_värdering_av_instrumentet>
        <Valutakurs_instrument>1</Valutakurs_instrument>
        <Marknadsvärde_instrument>1997337.61</Marknadsvärde_instrument>
        <Andel_av_fondförmögenhet_instrument>0.91</Andel_av_fondförmögenhet_instrument>
        <Bransch>
          <Branschkod_instrument>15</Branschkod_instrument>
          <Bransch_namn_instrument>Material</Bransch_namn_instrument>
        </Bransch>
      </FinansielltInstrument>
      <FinansielltInstrument>
        <Tillgångsslag_enligt_LVF_5_kap>ÖverlåtbartVärdepapper</Tillgångsslag_enligt_LVF_5_kap>
        <Instrumentnamn>LATOUR FRN 250327</Instrumentnamn>
        <ISIN-kod_instrument>SE0012676658</ISIN-kod_instrument>
        <Landkod_Emittent>SE</Landkod_Emittent>
        <Valuta>SEK</Valuta>
        <Antal />
        <Nominellt_belopp>4000000</Nominellt_belopp>
        <Kurs_som_använts_vid_värdering_av_instrumentet>99.8679888888889</Kurs_som_använts_vid_värdering_av_instrumentet>
        <Valutakurs_instrument>1</Valutakurs_instrument>
        <Marknadsvärde_instrument>3994719.56</Marknadsvärde_instrument>
        <Andel_av_fondförmögenhet_instrument>1.83</Andel_av_fondförmögenhet_instrument>
        <Bransch>
          <Branschkod_instrument>20</Branschkod_instrument>
          <Bransch_namn_instrument>Industrivaror och tjänster</Bransch_namn_instrument>
        </Bransch>
      </FinansielltInstrument>
      <FinansielltInstrument>
        <Tillgångsslag_enligt_LVF_5_kap>ÖverlåtbartVärdepapper</Tillgångsslag_enligt_LVF_5_kap>
        <Instrumentnamn>LANDSHYP FRN 250919</Instrumentnamn>
        <ISIN-kod_instrument>SE0017780216</ISIN-kod_instrument>
        <Landkod_Emittent>SE</Landkod_Emittent>
        <Valuta>SEK</Valuta>
        <Antal />
        <Nominellt_belopp>4000000</Nominellt_belopp>
        <Kurs_som_använts_vid_värdering_av_instrumentet>99.6558666666667</Kurs_som_använts_vid_värdering_av_instrumentet>
        <Valutakurs_instrument>1</Valutakurs_instrument>
        <Marknadsvärde_instrument>3986234.67</Marknadsvärde_instrument>
        <Andel_av_fondförmögenhet_instrument>1.83</Andel_av_fondförmögenhet_instrument>
        <Bransch>
          <Branschkod_instrument>40</Branschkod_instrument>
          <Bransch_namn_instrument>Finans</Bransch_namn_instrument>
        </Bransch>
      </FinansielltInstrument>
      <FinansielltInstrument>
        <Tillgångsslag_enligt_LVF_5_kap>ÖverlåtbartVärdepapper</Tillgångsslag_enligt_LVF_5_kap>
        <Instrumentnamn>POSTNORD FRN 240528</Instrumentnamn>
        <ISIN-kod_instrument>SE0011643352</ISIN-kod_instrument>
        <Landkod_Emittent>SE</Landkod_Emittent>
        <Valuta>SEK</Valuta>
        <Antal />
        <Nominellt_belopp>4000000</Nominellt_belopp>
        <Kurs_som_använts_vid_värdering_av_instrumentet>100.381933333333</Kurs_som_använts_vid_värdering_av_instrumentet>
        <Valutakurs_instrument>1</Valutakurs_instrument>
        <Marknadsvärde_instrument>4015277.33</Marknadsvärde_instrument>
        <Andel_av_fondförmögenhet_instrument>1.84</Andel_av_fondförmögenhet_instrument>
        <Bransch>
          <Branschkod_instrument>20</Branschkod_instrument>
          <Bransch_namn_instrument>Industrivaror och tjänster</Bransch_namn_instrument>
        </Bransch>
      </FinansielltInstrument>
      <FinansielltInstrument>
        <Tillgångsslag_enligt_LVF_5_kap>ÖverlåtbartVärdepapper</Tillgångsslag_enligt_LVF_5_kap>
        <Instrumentnamn>NORDAX FRN 250207</Instrumentnamn>
        <ISIN-kod_instrument>SE0016274310</ISIN-kod_instrument>
        <Landkod_Emittent>SE</Landkod_Emittent>
        <Valuta>SEK</Valuta>
        <Antal />
        <Nominellt_belopp>2000000</Nominellt_belopp>
        <Kurs_som_använts_vid_värdering_av_instrumentet>97.72005</Kurs_som_använts_vid_värdering_av_instrumentet>
        <Valutakurs_instrument>1</Valutakurs_instrument>
        <Marknadsvärde_instrument>1954401</Marknadsvärde_instrument>
        <Andel_av_fondförmögenhet_instrument>0.89</Andel_av_fondförmögenhet_instrument>
        <Bransch>
          <Branschkod_instrument>40</Branschkod_instrument>
          <Bransch_namn_instrument>Finans</Bransch_namn_instrument>
        </Bransch>
      </FinansielltInstrument>
      <FinansielltInstrument>
        <Tillgångsslag_enligt_LVF_5_kap>ÖverlåtbartVärdepapper</Tillgångsslag_enligt_LVF_5_kap>
        <Instrumentnamn>LÄNSFÖRS. FRN 251118</Instrumentnamn>
        <ISIN-kod_instrument>XS2555711253</ISIN-kod_instrument>
        <Landkod_Emittent>SE</Landkod_Emittent>
        <Valuta>SEK</Valuta>
        <Antal />
        <Nominellt_belopp>4000000</Nominellt_belopp>
        <Kurs_som_använts_vid_värdering_av_instrumentet>100.626363888889</Kurs_som_använts_vid_värdering_av_instrumentet>
        <Valutakurs_instrument>1</Valutakurs_instrument>
        <Marknadsvärde_instrument>4025054.56</Marknadsvärde_instrument>
        <Andel_av_fondförmögenhet_instrument>1.84</Andel_av_fondförmögenhet_instrument>
        <Bransch>
          <Branschkod_instrument>0</Branschkod_instrument>
          <Bransch_namn_instrument>Övrigt</Bransch_namn_instrument>
        </Bransch>
      </FinansielltInstrument>
      <FinansielltInstrument>
        <Tillgångsslag_enligt_LVF_5_kap>ÖverlåtbartVärdepapper</Tillgångsslag_enligt_LVF_5_kap>
        <Instrumentnamn>SCANIA FRN 250417</Instrumentnamn>
        <ISIN-kod_instrument>XS2156494747</ISIN-kod_instrument>
        <Landkod_Emittent>SE</Landkod_Emittent>
        <Valuta>SEK</Valuta>
        <Antal />
        <Nominellt_belopp>2000000</Nominellt_belopp>
        <Kurs_som_använts_vid_värdering_av_instrumentet>104.528291666667</Kurs_som_använts_vid_värdering_av_instrumentet>
        <Valutakurs_instrument>1</Valutakurs_instrument>
        <Marknadsvärde_instrument>2090565.83</Marknadsvärde_instrument>
        <Andel_av_fondförmögenhet_instrument>0.96</Andel_av_fondförmögenhet_instrument>
        <Bransch>
          <Branschkod_instrument>25</Branschkod_instrument>
          <Bransch_namn_instrument>Sällanköpvaror och tjänster</Bransch_namn_instrument>
        </Bransch>
      </FinansielltInstrument>
      <FinansielltInstrument>
        <Tillgångsslag_enligt_LVF_5_kap>ÖverlåtbartVärdepapper</Tillgångsslag_enligt_LVF_5_kap>
        <Instrumentnamn>TRELLE FRN 241017</Instrumentnamn>
        <ISIN-kod_instrument>SE0013282837</ISIN-kod_instrument>
        <Landkod_Emittent>SE</Landkod_Emittent>
        <Valuta>SEK</Valuta>
        <Antal />
        <Nominellt_belopp>4000000</Nominellt_belopp>
        <Kurs_som_använts_vid_värdering_av_instrumentet>100.107041666667</Kurs_som_använts_vid_värdering_av_instrumentet>
        <Valutakurs_instrument>1</Valutakurs_instrument>
        <Marknadsvärde_instrument>4004281.67</Marknadsvärde_instrument>
        <Andel_av_fondförmögenhet_instrument>1.83</Andel_av_fondförmögenhet_instrument>
        <Bransch>
          <Branschkod_instrument>20</Branschkod_instrument>
          <Bransch_namn_instrument>Industrivaror och tjänster</Bransch_namn_instrument>
        </Bransch>
      </FinansielltInstrument>
      <FinansielltInstrument>
        <Tillgångsslag_enligt_LVF_5_kap>ÖverlåtbartVärdepapper</Tillgångsslag_enligt_LVF_5_kap>
        <Instrumentnamn>TELENOR FRN 240319</Instrumentnamn>
        <ISIN-kod_instrument>XS1964622283</ISIN-kod_instrument>
        <Landkod_Emittent>NO</Landkod_Emittent>
        <Valuta>SEK</Valuta>
        <Antal />
        <Nominellt_belopp>3000000</Nominellt_belopp>
        <Kurs_som_använts_vid_värdering_av_instrumentet>100.032866666667</Kurs_som_använts_vid_värdering_av_instrumentet>
        <Valutakurs_instrument>1</Valutakurs_instrument>
        <Marknadsvärde_instrument>3000986</Marknadsvärde_instrument>
        <Andel_av_fondförmögenhet_instrument>1.37</Andel_av_fondförmögenhet_instrument>
        <Bransch>
          <Branschkod_instrument>50</Branschkod_instrument>
          <Bransch_namn_instrument>Telekomoperatörer</Bransch_namn_instrument>
        </Bransch>
      </FinansielltInstrument>
      <FinansielltInstrument>
        <Tillgångsslag_enligt_LVF_5_kap>ÖverlåtbartVärdepapper</Tillgångsslag_enligt_LVF_5_kap>
        <Instrumentnamn>TELE2 FRN 250610</Instrumentnamn>
        <ISIN-kod_instrument>XS2187707976</ISIN-kod_instrument>
        <Landkod_Emittent>SE</Landkod_Emittent>
        <Valuta>SEK</Valuta>
        <Antal />
        <Nominellt_belopp>4000000</Nominellt_belopp>
        <Kurs_som_använts_vid_värdering_av_instrumentet>100.478908333333</Kurs_som_använts_vid_värdering_av_instrumentet>
        <Valutakurs_instrument>1</Valutakurs_instrument>
        <Marknadsvärde_instrument>4019156.33</Marknadsvärde_instrument>
        <Andel_av_fondförmögenhet_instrument>1.84</Andel_av_fondförmögenhet_instrument>
        <Bransch>
          <Branschkod_instrument>50</Branschkod_instrument>
          <Bransch_namn_instrument>Telekomoperatörer</Bransch_namn_instrument>
        </Bransch>
      </FinansielltInstrument>
      <FinansielltInstrument>
        <Tillgångsslag_enligt_LVF_5_kap>ÖverlåtbartVärdepapper</Tillgångsslag_enligt_LVF_5_kap>
        <Instrumentnamn>VOLVO TR FRN 250217</Instrumentnamn>
        <ISIN-kod_instrument>XS2409259822</ISIN-kod_instrument>
        <Landkod_Emittent>SE</Landkod_Emittent>
        <Valuta>SEK</Valuta>
        <Antal />
        <Nominellt_belopp>2000000</Nominellt_belopp>
        <Kurs_som_använts_vid_värdering_av_instrumentet>99.6419222222222</Kurs_som_använts_vid_värdering_av_instrumentet>
        <Valutakurs_instrument>1</Valutakurs_instrument>
        <Marknadsvärde_instrument>1992838.44</Marknadsvärde_instrument>
        <Andel_av_fondförmögenhet_instrument>0.91</Andel_av_fondförmögenhet_instrument>
        <Bransch>
          <Branschkod_instrument>20</Branschkod_instrument>
          <Bransch_namn_instrument>Industrivaror och tjänster</Bransch_namn_instrument>
        </Bransch>
      </FinansielltInstrument>
      <FinansielltInstrument>
        <Tillgångsslag_enligt_LVF_5_kap>ÖverlåtbartVärdepapper</Tillgångsslag_enligt_LVF_5_kap>
        <Instrumentnamn>VOLVO TR FRN 240226</Instrumentnamn>
        <ISIN-kod_instrument>XS2345824614</ISIN-kod_instrument>
        <Landkod_Emittent>SE</Landkod_Emittent>
        <Valuta>SEK</Valuta>
        <Antal />
        <Nominellt_belopp>2000000</Nominellt_belopp>
        <Kurs_som_använts_vid_värdering_av_instrumentet>100.090183333333</Kurs_som_använts_vid_värdering_av_instrumentet>
        <Valutakurs_instrument>1</Valutakurs_instrument>
        <Marknadsvärde_instrument>2001803.67</Marknadsvärde_instrument>
        <Andel_av_fondförmögenhet_instrument>0.92</Andel_av_fondförmögenhet_instrument>
        <Bransch>
          <Branschkod_instrument>20</Branschkod_instrument>
          <Bransch_namn_instrument>Industrivaror och tjänster</Bransch_namn_instrument>
        </Bransch>
      </FinansielltInstrument>
      <FinansielltInstrument>
        <Tillgångsslag_enligt_LVF_5_kap>ÖverlåtbartVärdepapper</Tillgångsslag_enligt_LVF_5_kap>
        <Instrumentnamn>VASAKRON FRN 250603</Instrumentnamn>
        <ISIN-kod_instrument>XS2182825559</ISIN-kod_instrument>
        <Landkod_Emittent>SE</Landkod_Emittent>
        <Valuta>SEK</Valuta>
        <Antal />
        <Nominellt_belopp>2000000</Nominellt_belopp>
        <Kurs_som_använts_vid_värdering_av_instrumentet>100.202416666667</Kurs_som_använts_vid_värdering_av_instrumentet>
        <Valutakurs_instrument>1</Valutakurs_instrument>
        <Marknadsvärde_instrument>2004048.33</Marknadsvärde_instrument>
        <Andel_av_fondförmögenhet_instrument>0.92</Andel_av_fondförmögenhet_instrument>
        <Bransch>
          <Branschkod_instrument>60</Branschkod_instrument>
          <Bransch_namn_instrument>Fastigheter</Bransch_namn_instrument>
        </Bransch>
      </FinansielltInstrument>
      <FinansielltInstrument>
        <Tillgångsslag_enligt_LVF_5_kap>ÖverlåtbartVärdepapper</Tillgångsslag_enligt_LVF_5_kap>
        <Instrumentnamn>STORA ENSO 240220</Instrumentnamn>
        <ISIN-kod_instrument>XS1953911812</ISIN-kod_instrument>
        <Landkod_Emittent>FI</Landkod_Emittent>
        <Valuta>SEK</Valuta>
        <Antal />
        <Nominellt_belopp>2000000</Nominellt_belopp>
        <Kurs_som_använts_vid_värdering_av_instrumentet>98.7045833333333</Kurs_som_använts_vid_värdering_av_instrumentet>
        <Valutakurs_instrument>1</Valutakurs_instrument>
        <Marknadsvärde_instrument>1974091.67</Marknadsvärde_instrument>
        <Andel_av_fondförmögenhet_instrument>0.9</Andel_av_fondförmögenhet_instrument>
        <Bransch>
          <Branschkod_instrument>15</Branschkod_instrument>
          <Bransch_namn_instrument>Material</Bransch_namn_instrument>
        </Bransch>
      </FinansielltInstrument>
      <FinansielltInstrument>
        <Tillgångsslag_enligt_LVF_5_kap>ÖverlåtbartVärdepapper</Tillgångsslag_enligt_LVF_5_kap>
        <Instrumentnamn>SKF FRN 240610</Instrumentnamn>
        <ISIN-kod_instrument>SE0014449641</ISIN-kod_instrument>
        <Landkod_Emittent>SE</Landkod_Emittent>
        <Valuta>SEK</Valuta>
        <Antal />
        <Nominellt_belopp>4000000</Nominellt_belopp>
        <Kurs_som_använts_vid_värdering_av_instrumentet>100.523352777778</Kurs_som_använts_vid_värdering_av_instrumentet>
        <Valutakurs_instrument>1</Valutakurs_instrument>
        <Marknadsvärde_instrument>4020934.11</Marknadsvärde_instrument>
        <Andel_av_fondförmögenhet_instrument>1.84</Andel_av_fondförmögenhet_instrument>
        <Bransch>
          <Branschkod_instrument>20</Branschkod_instrument>
          <Bransch_namn_instrument>Industrivaror och tjänster</Bransch_namn_instrument>
        </Bransch>
      </FinansielltInstrument>
      <FinansielltInstrument>
        <Tillgångsslag_enligt_LVF_5_kap>ÖverlåtbartVärdepapper</Tillgångsslag_enligt_LVF_5_kap>
        <Instrumentnamn>SKF 240610</Instrumentnamn>
        <ISIN-kod_instrument>SE0014449658</ISIN-kod_instrument>
        <Landkod_Emittent>SE</Landkod_Emittent>
        <Valuta>SEK</Valuta>
        <Antal />
        <Nominellt_belopp>2000000</Nominellt_belopp>
        <Kurs_som_använts_vid_värdering_av_instrumentet>96.325</Kurs_som_använts_vid_värdering_av_instrumentet>
        <Valutakurs_instrument>1</Valutakurs_instrument>
        <Marknadsvärde_instrument>1926500</Marknadsvärde_instrument>
        <Andel_av_fondförmögenhet_instrument>0.88</Andel_av_fondförmögenhet_instrument>
        <Bransch>
          <Branschkod_instrument>20</Branschkod_instrument>
          <Bransch_namn_instrument>Industrivaror och tjänster</Bransch_namn_instrument>
        </Bransch>
      </FinansielltInstrument>
      <FinansielltInstrument>
        <Tillgångsslag_enligt_LVF_5_kap>ÖverlåtbartVärdepapper</Tillgångsslag_enligt_LVF_5_kap>
        <Instrumentnamn>SEB FRN 260901</Instrumentnamn>
        <ISIN-kod_instrument>XS2527848530</ISIN-kod_instrument>
        <Landkod_Emittent>SE</Landkod_Emittent>
        <Valuta>SEK</Valuta>
        <Antal />
        <Nominellt_belopp>5000000</Nominellt_belopp>
        <Kurs_som_använts_vid_värdering_av_instrumentet>99.1324166666667</Kurs_som_använts_vid_värdering_av_instrumentet>
        <Valutakurs_instrument>1</Valutakurs_instrument>
        <Marknadsvärde_instrument>4956620.83</Marknadsvärde_instrument>
        <Andel_av_fondförmögenhet_instrument>2.27</Andel_av_fondförmögenhet_instrument>
        <Bransch>
          <Branschkod_instrument>40</Branschkod_instrument>
          <Bransch_namn_instrument>Finans</Bransch_namn_instrument>
        </Bransch>
      </FinansielltInstrument>
      <FinansielltInstrument>
        <Tillgångsslag_enligt_LVF_5_kap>ÖverlåtbartVärdepapper</Tillgångsslag_enligt_LVF_5_kap>
        <Instrumentnamn>SSAB FRN 260616</Instrumentnamn>
        <ISIN-kod_instrument>XS2353270239</ISIN-kod_instrument>
        <Landkod_Emittent>SE</Landkod_Emittent>
        <Valuta>SEK</Valuta>
        <Antal />
        <Nominellt_belopp>2000000</Nominellt_belopp>
        <Kurs_som_använts_vid_värdering_av_instrumentet>100.974666666667</Kurs_som_använts_vid_värdering_av_instrumentet>
        <Valutakurs_instrument>1</Valutakurs_instrument>
        <Marknadsvärde_instrument>2019493.33</Marknadsvärde_instrument>
        <Andel_av_fondförmögenhet_instrument>0.92</Andel_av_fondförmögenhet_instrument>
        <Bransch>
          <Branschkod_instrument>15</Branschkod_instrument>
          <Bransch_namn_instrument>Material</Bransch_namn_instrument>
        </Bransch>
      </FinansielltInstrument>
      <FinansielltInstrument>
        <Tillgångsslag_enligt_LVF_5_kap>ÖverlåtbartVärdepapper</Tillgångsslag_enligt_LVF_5_kap>
        <Instrumentnamn>SSAB FRN 240626</Instrumentnamn>
        <ISIN-kod_instrument>XS2017330221</ISIN-kod_instrument>
        <Landkod_Emittent>SE</Landkod_Emittent>
        <Valuta>SEK</Valuta>
        <Antal />
        <Nominellt_belopp>2000000</Nominellt_belopp>
        <Kurs_som_använts_vid_värdering_av_instrumentet>102.130877777778</Kurs_som_använts_vid_värdering_av_instrumentet>
        <Valutakurs_instrument>1</Valutakurs_instrument>
        <Marknadsvärde_instrument>2042617.56</Marknadsvärde_instrument>
        <Andel_av_fondförmögenhet_instrument>0.94</Andel_av_fondförmögenhet_instrument>
        <Bransch>
          <Branschkod_instrument>15</Branschkod_instrument>
          <Bransch_namn_instrument>Material</Bransch_namn_instrument>
        </Bransch>
      </FinansielltInstrument>
      <FinansielltInstrument>
        <Tillgångsslag_enligt_LVF_5_kap>ÖverlåtbartVärdepapper</Tillgångsslag_enligt_LVF_5_kap>
        <Instrumentnamn>SPB VN FRN 240809</Instrumentnamn>
        <ISIN-kod_instrument>SE0013104916</ISIN-kod_instrument>
        <Landkod_Emittent>SE</Landkod_Emittent>
        <Valuta>SEK</Valuta>
        <Antal />
        <Nominellt_belopp>2000000</Nominellt_belopp>
        <Kurs_som_använts_vid_värdering_av_instrumentet>98.8427777777778</Kurs_som_använts_vid_värdering_av_instrumentet>
        <Valutakurs_instrument>1</Valutakurs_instrument>
        <Marknadsvärde_instrument>1976855.56</Marknadsvärde_instrument>
        <Andel_av_fondförmögenhet_instrument>0.91</Andel_av_fondförmögenhet_instrument>
        <Bransch>
          <Branschkod_instrument>40</Branschkod_instrument>
          <Bransch_namn_instrument>Finans</Bransch_namn_instrument>
        </Bransch>
      </FinansielltInstrument>
      <FinansielltInstrument>
        <Tillgångsslag_enligt_LVF_5_kap>ÖverlåtbartVärdepapper</Tillgångsslag_enligt_LVF_5_kap>
        <Instrumentnamn>HEIBOS FRN 250225</Instrumentnamn>
        <ISIN-kod_instrument>XS2259800121</ISIN-kod_instrument>
        <Landkod_Emittent>SE</Landkod_Emittent>
        <Valuta>SEK</Valuta>
        <Antal />
        <Nominellt_belopp>2000000</Nominellt_belopp>
        <Kurs_som_använts_vid_värdering_av_instrumentet>96.8283</Kurs_som_använts_vid_värdering_av_instrumentet>
        <Valutakurs_instrument>1</Valutakurs_instrument>
        <Marknadsvärde_instrument>1936566</Marknadsvärde_instrument>
        <Andel_av_fondförmögenhet_instrument>0.89</Andel_av_fondförmögenhet_instrument>
        <Bransch>
          <Branschkod_instrument>60</Branschkod_instrument>
          <Bransch_namn_instrument>Fastigheter</Bransch_namn_instrument>
        </Bransch>
      </FinansielltInstrument>
      <FinansielltInstrument>
        <Tillgångsslag_enligt_LVF_5_kap>ÖverlåtbartVärdepapper</Tillgångsslag_enligt_LVF_5_kap>
        <Instrumentnamn>GETINGE FRN 240610</Instrumentnamn>
        <ISIN-kod_instrument>SE0013883063</ISIN-kod_instrument>
        <Landkod_Emittent>SE</Landkod_Emittent>
        <Valuta>SEK</Valuta>
        <Antal />
        <Nominellt_belopp>4000000</Nominellt_belopp>
        <Kurs_som_använts_vid_värdering_av_instrumentet>98.6915194444444</Kurs_som_använts_vid_värdering_av_instrumentet>
        <Valutakurs_instrument>1</Valutakurs_instrument>
        <Marknadsvärde_instrument>3947660.78</Marknadsvärde_instrument>
        <Andel_av_fondförmögenhet_instrument>1.81</Andel_av_fondförmögenhet_instrument>
        <Bransch>
          <Branschkod_instrument>35</Branschkod_instrument>
          <Bransch_namn_instrument>Hälsovård</Bransch_namn_instrument>
        </Bransch>
      </FinansielltInstrument>
      <FinansielltInstrument>
        <Tillgångsslag_enligt_LVF_5_kap>ÖverlåtbartVärdepapper</Tillgångsslag_enligt_LVF_5_kap>
        <Instrumentnamn>HEXAGON FRN 241126</Instrumentnamn>
        <ISIN-kod_instrument>SE0012675908</ISIN-kod_instrument>
        <Landkod_Emittent>SE</Landkod_Emittent>
        <Valuta>SEK</Valuta>
        <Antal />
        <Nominellt_belopp>4000000</Nominellt_belopp>
        <Kurs_som_använts_vid_värdering_av_instrumentet>99.2786</Kurs_som_använts_vid_värdering_av_instrumentet>
        <Valutakurs_instrument>1</Valutakurs_instrument>
        <Marknadsvärde_instrument>3971144</Marknadsvärde_instrument>
        <Andel_av_fondförmögenhet_instrument>1.82</Andel_av_fondförmögenhet_instrument>
        <Bransch>
          <Branschkod_instrument>45</Branschkod_instrument>
          <Bransch_namn_instrument>Informationsteknologi</Bransch_namn_instrument>
        </Bransch>
      </FinansielltInstrument>
      <FinansielltInstrument>
        <Tillgångsslag_enligt_LVF_5_kap>ÖverlåtbartVärdepapper</Tillgångsslag_enligt_LVF_5_kap>
        <Instrumentnamn>HUMLEGÅRD 241007</Instrumentnamn>
        <ISIN-kod_instrument>SE0012676542</ISIN-kod_instrument>
        <Landkod_Emittent>SE</Landkod_Emittent>
        <Valuta>SEK</Valuta>
        <Antal />
        <Nominellt_belopp>2000000</Nominellt_belopp>
        <Kurs_som_använts_vid_värdering_av_instrumentet>91.9615555555555</Kurs_som_använts_vid_värdering_av_instrumentet>
        <Valutakurs_instrument>1</Valutakurs_instrument>
        <Marknadsvärde_instrument>1839231.11</Marknadsvärde_instrument>
        <Andel_av_fondförmögenhet_instrument>0.84</Andel_av_fondförmögenhet_instrument>
        <Bransch>
          <Branschkod_instrument>60</Branschkod_instrument>
          <Bransch_namn_instrument>Fastigheter</Bransch_namn_instrument>
        </Bransch>
      </FinansielltInstrument>
      <FinansielltInstrument>
        <Tillgångsslag_enligt_LVF_5_kap>ÖverlåtbartVärdepapper</Tillgångsslag_enligt_LVF_5_kap>
        <Instrumentnamn>BOLIDEN FRN 250922</Instrumentnamn>
        <ISIN-kod_instrument>SE0013407905</ISIN-kod_instrument>
        <Landkod_Emittent>SE</Landkod_Emittent>
        <Valuta>SEK</Valuta>
        <Antal />
        <Nominellt_belopp>4000000</Nominellt_belopp>
        <Kurs_som_använts_vid_värdering_av_instrumentet>100.6825</Kurs_som_använts_vid_värdering_av_instrumentet>
        <Valutakurs_instrument>1</Valutakurs_instrument>
        <Marknadsvärde_instrument>4027300</Marknadsvärde_instrument>
        <Andel_av_fondförmögenhet_instrument>1.84</Andel_av_fondförmögenhet_instrument>
        <Bransch>
          <Branschkod_instrument>15</Branschkod_instrument>
          <Bransch_namn_instrument>Material</Bransch_namn_instrument>
        </Bransch>
      </FinansielltInstrument>
      <FinansielltInstrument>
        <Tillgångsslag_enligt_LVF_5_kap>ÖverlåtbartVärdepapper</Tillgångsslag_enligt_LVF_5_kap>
        <Instrumentnamn>FABEGE FRN 250228</Instrumentnamn>
        <ISIN-kod_instrument>SE0013883451</ISIN-kod_instrument>
        <Landkod_Emittent>SE</Landkod_Emittent>
        <Valuta>SEK</Valuta>
        <Antal />
        <Nominellt_belopp>2000000</Nominellt_belopp>
        <Kurs_som_använts_vid_värdering_av_instrumentet>95.6530166666667</Kurs_som_använts_vid_värdering_av_instrumentet>
        <Valutakurs_instrument>1</Valutakurs_instrument>
        <Marknadsvärde_instrument>1913060.33</Marknadsvärde_instrument>
        <Andel_av_fondförmögenhet_instrument>0.88</Andel_av_fondförmögenhet_instrument>
        <Bransch>
          <Branschkod_instrument>60</Branschkod_instrument>
          <Bransch_namn_instrument>Fastigheter</Bransch_namn_instrument>
        </Bransch>
      </FinansielltInstrument>
      <FinansielltInstrument>
        <Tillgångsslag_enligt_LVF_5_kap>ÖverlåtbartVärdepapper</Tillgångsslag_enligt_LVF_5_kap>
        <Instrumentnamn>ELUX 241118</Instrumentnamn>
        <ISIN-kod_instrument>XS2557262263</ISIN-kod_instrument>
        <Landkod_Emittent>SE</Landkod_Emittent>
        <Valuta>SEK</Valuta>
        <Antal />
        <Nominellt_belopp>3000000</Nominellt_belopp>
        <Kurs_som_använts_vid_värdering_av_instrumentet>100.129016666667</Kurs_som_använts_vid_värdering_av_instrumentet>
        <Valutakurs_instrument>1</Valutakurs_instrument>
        <Marknadsvärde_instrument>3003870.5</Marknadsvärde_instrument>
        <Andel_av_fondförmögenhet_instrument>1.38</Andel_av_fondförmögenhet_instrument>
        <Bransch>
          <Branschkod_instrument>25</Branschkod_instrument>
          <Bransch_namn_instrument>Sällanköpvaror och tjänster</Bransch_namn_instrument>
        </Bransch>
      </FinansielltInstrument>
      <FinansielltInstrument>
        <Tillgångsslag_enligt_LVF_5_kap>ÖverlåtbartVärdepapper</Tillgångsslag_enligt_LVF_5_kap>
        <Instrumentnamn>ELEKTA FRN 250313</Instrumentnamn>
        <ISIN-kod_instrument>SE0012194082</ISIN-kod_instrument>
        <Landkod_Emittent>SE</Landkod_Emittent>
        <Valuta>SEK</Valuta>
        <Antal />
        <Nominellt_belopp>4000000</Nominellt_belopp>
        <Kurs_som_använts_vid_värdering_av_instrumentet>99.8897</Kurs_som_använts_vid_värdering_av_instrumentet>
        <Valutakurs_instrument>1</Valutakurs_instrument>
        <Marknadsvärde_instrument>3995588</Marknadsvärde_instrument>
        <Andel_av_fondförmögenhet_instrument>1.83</Andel_av_fondförmögenhet_instrument>
        <Bransch>
          <Branschkod_instrument>35</Branschkod_instrument>
          <Bransch_namn_instrument>Hälsovård</Bransch_namn_instrument>
        </Bransch>
      </FinansielltInstrument>
      <FinansielltInstrument>
        <Tillgångsslag_enligt_LVF_5_kap>ÖverlåtbartVärdepapper</Tillgångsslag_enligt_LVF_5_kap>
        <Instrumentnamn>ELUX FRN 241118</Instrumentnamn>
        <ISIN-kod_instrument>XS2557266413</ISIN-kod_instrument>
        <Landkod_Emittent>SE</Landkod_Emittent>
        <Valuta>SEK</Valuta>
        <Antal />
        <Nominellt_belopp>4000000</Nominellt_belopp>
        <Kurs_som_använts_vid_värdering_av_instrumentet>100.520433333333</Kurs_som_använts_vid_värdering_av_instrumentet>
        <Valutakurs_instrument>1</Valutakurs_instrument>
        <Marknadsvärde_instrument>4020817.33</Marknadsvärde_instrument>
        <Andel_av_fondförmögenhet_instrument>1.84</Andel_av_fondförmögenhet_instrument>
        <Bransch>
          <Branschkod_instrument>25</Branschkod_instrument>
          <Bransch_namn_instrument>Sällanköpvaror och tjänster</Bransch_namn_instrument>
        </Bransch>
      </FinansielltInstrument>
      <FinansielltInstrument>
        <Tillgångsslag_enligt_LVF_5_kap>ÖverlåtbartVärdepapper</Tillgångsslag_enligt_LVF_5_kap>
        <Instrumentnamn>COREM FRN 241021</Instrumentnamn>
        <ISIN-kod_instrument>SE0017132681</ISIN-kod_instrument>
        <Landkod_Emittent>SE</Landkod_Emittent>
        <Valuta>SEK</Valuta>
        <Antal />
        <Nominellt_belopp>3750000</Nominellt_belopp>
        <Kurs_som_använts_vid_värdering_av_instrumentet>90.0863666666667</Kurs_som_använts_vid_värdering_av_instrumentet>
        <Valutakurs_instrument>1</Valutakurs_instrument>
        <Marknadsvärde_instrument>3378238.75</Marknadsvärde_instrument>
        <Andel_av_fondförmögenhet_instrument>1.55</Andel_av_fondförmögenhet_instrument>
        <Bransch>
          <Branschkod_instrument>60</Branschkod_instrument>
          <Bransch_namn_instrument>Fastigheter</Bransch_namn_instrument>
        </Bransch>
      </FinansielltInstrument>
      <FinansielltInstrument>
        <Tillgångsslag_enligt_LVF_5_kap>ÖverlåtbartVärdepapper</Tillgångsslag_enligt_LVF_5_kap>
        <Instrumentnamn>FABEGE FRN 240910</Instrumentnamn>
        <ISIN-kod_instrument>SE0012676484</ISIN-kod_instrument>
        <Landkod_Emittent>SE</Landkod_Emittent>
        <Valuta>SEK</Valuta>
        <Antal />
        <Nominellt_belopp>2000000</Nominellt_belopp>
        <Kurs_som_använts_vid_värdering_av_instrumentet>96.833325</Kurs_som_använts_vid_värdering_av_instrumentet>
        <Valutakurs_instrument>1</Valutakurs_instrument>
        <Marknadsvärde_instrument>1936666.5</Marknadsvärde_instrument>
        <Andel_av_fondförmögenhet_instrument>0.89</Andel_av_fondförmögenhet_instrument>
        <Bransch>
          <Branschkod_instrument>60</Branschkod_instrument>
          <Bransch_namn_instrument>Fastigheter</Bransch_namn_instrument>
        </Bransch>
      </FinansielltInstrument>
      <FinansielltInstrument>
        <Tillgångsslag_enligt_LVF_5_kap>ÖverlåtbartVärdepapper</Tillgångsslag_enligt_LVF_5_kap>
        <Instrumentnamn>INDUSTRIV FRN 250826</Instrumentnamn>
        <ISIN-kod_instrument>SE0013883709</ISIN-kod_instrument>
        <Landkod_Emittent>SE</Landkod_Emittent>
        <Valuta>SEK</Valuta>
        <Antal />
        <Nominellt_belopp>2000000</Nominellt_belopp>
        <Kurs_som_använts_vid_värdering_av_instrumentet>99.50335</Kurs_som_använts_vid_värdering_av_instrumentet>
        <Valutakurs_instrument>1</Valutakurs_instrument>
        <Marknadsvärde_instrument>1990067</Marknadsvärde_instrument>
        <Andel_av_fondförmögenhet_instrument>0.91</Andel_av_fondförmögenhet_instrument>
        <Bransch>
          <Branschkod_instrument>40</Branschkod_instrument>
          <Bransch_namn_instrument>Finans</Bransch_namn_instrument>
        </Bransch>
      </FinansielltInstrument>
      <FinansielltInstrument>
        <Tillgångsslag_enligt_LVF_5_kap>ÖverlåtbartVärdepapper</Tillgångsslag_enligt_LVF_5_kap>
        <Instrumentnamn>INDUSTRIV FRN 240823</Instrumentnamn>
        <ISIN-kod_instrument>SE0013883436</ISIN-kod_instrument>
        <Landkod_Emittent>SE</Landkod_Emittent>
        <Valuta>SEK</Valuta>
        <Antal />
        <Nominellt_belopp>2000000</Nominellt_belopp>
        <Kurs_som_använts_vid_värdering_av_instrumentet>99.4310722222222</Kurs_som_använts_vid_värdering_av_instrumentet>
        <Valutakurs_instrument>1</Valutakurs_instrument>
        <Marknadsvärde_instrument>1988621.44</Marknadsvärde_instrument>
        <Andel_av_fondförmögenhet_instrument>0.91</Andel_av_fondförmögenhet_instrument>
        <Bransch>
          <Branschkod_instrument>40</Branschkod_instrument>
          <Bransch_namn_instrument>Finans</Bransch_namn_instrument>
        </Bransch>
      </FinansielltInstrument>
      <FinansielltInstrument>
        <Tillgångsslag_enligt_LVF_5_kap>ÖverlåtbartVärdepapper</Tillgångsslag_enligt_LVF_5_kap>
        <Instrumentnamn>INDUTRADE FRN 240926</Instrumentnamn>
        <ISIN-kod_instrument>SE0012676419</ISIN-kod_instrument>
        <Landkod_Emittent>SE</Landkod_Emittent>
        <Valuta>SEK</Valuta>
        <Antal />
        <Nominellt_belopp>8000000</Nominellt_belopp>
        <Kurs_som_använts_vid_värdering_av_instrumentet>99.9188777777778</Kurs_som_använts_vid_värdering_av_instrumentet>
        <Valutakurs_instrument>1</Valutakurs_instrument>
        <Marknadsvärde_instrument>7993510.22</Marknadsvärde_instrument>
        <Andel_av_fondförmögenhet_instrument>3.66</Andel_av_fondförmögenhet_instrument>
        <Bransch>
          <Branschkod_instrument>20</Branschkod_instrument>
          <Bransch_namn_instrument>Industrivaror och tjänster</Bransch_namn_instrument>
        </Bransch>
      </FinansielltInstrument>
      <FinansielltInstrument>
        <Tillgångsslag_enligt_LVF_5_kap>ÖverlåtbartVärdepapper</Tillgångsslag_enligt_LVF_5_kap>
        <Instrumentnamn>AFRY FRN 240627</Instrumentnamn>
        <ISIN-kod_instrument>SE0012676401</ISIN-kod_instrument>
        <Landkod_Emittent>SE</Landkod_Emittent>
        <Valuta>SEK</Valuta>
        <Antal />
        <Nominellt_belopp>2000000</Nominellt_belopp>
        <Kurs_som_använts_vid_värdering_av_instrumentet>99.7915444444445</Kurs_som_använts_vid_värdering_av_instrumentet>
        <Valutakurs_instrument>1</Valutakurs_instrument>
        <Marknadsvärde_instrument>1995830.89</Marknadsvärde_instrument>
        <Andel_av_fondförmögenhet_instrument>0.91</Andel_av_fondförmögenhet_instrument>
        <Bransch>
          <Branschkod_instrument>20</Branschkod_instrument>
          <Bransch_namn_instrument>Industrivaror och tjänster</Bransch_namn_instrument>
        </Bransch>
      </FinansielltInstrument>
      <FinansielltInstrument>
        <Tillgångsslag_enligt_LVF_5_kap>ÖverlåtbartVärdepapper</Tillgångsslag_enligt_LVF_5_kap>
        <Instrumentnamn>ATRIUM FRN 250428</Instrumentnamn>
        <ISIN-kod_instrument>SE0013883535</ISIN-kod_instrument>
        <Landkod_Emittent>SE</Landkod_Emittent>
        <Valuta>SEK</Valuta>
        <Antal />
        <Nominellt_belopp>2000000</Nominellt_belopp>
        <Kurs_som_använts_vid_värdering_av_instrumentet>96.2397555555556</Kurs_som_använts_vid_värdering_av_instrumentet>
        <Valutakurs_instrument>1</Valutakurs_instrument>
        <Marknadsvärde_instrument>1924795.11</Marknadsvärde_instrument>
        <Andel_av_fondförmögenhet_instrument>0.88</Andel_av_fondförmögenhet_instrument>
        <Bransch>
          <Branschkod_instrument>60</Branschkod_instrument>
          <Bransch_namn_instrument>Fastigheter</Bransch_namn_instrument>
        </Bransch>
      </FinansielltInstrument>
      <FinansielltInstrument>
        <Tillgångsslag_enligt_LVF_5_kap>ÖverlåtbartVärdepapper</Tillgångsslag_enligt_LVF_5_kap>
        <Instrumentnamn>BALDER FRN 240605</Instrumentnamn>
        <ISIN-kod_instrument>SE0011869825</ISIN-kod_instrument>
        <Landkod_Emittent>SE</Landkod_Emittent>
        <Valuta>SEK</Valuta>
        <Antal />
        <Nominellt_belopp>2000000</Nominellt_belopp>
        <Kurs_som_använts_vid_värdering_av_instrumentet>96.5483055555556</Kurs_som_använts_vid_värdering_av_instrumentet>
        <Valutakurs_instrument>1</Valutakurs_instrument>
        <Marknadsvärde_instrument>1930966.11</Marknadsvärde_instrument>
        <Andel_av_fondförmögenhet_instrument>0.88</Andel_av_fondförmögenhet_instrument>
        <Bransch>
          <Branschkod_instrument>60</Branschkod_instrument>
          <Bransch_namn_instrument>Fastigheter</Bransch_namn_instrument>
        </Bransch>
      </FinansielltInstrument>
      <FinansielltInstrument>
        <Tillgångsslag_enligt_LVF_5_kap>ÖverlåtbartVärdepapper</Tillgångsslag_enligt_LVF_5_kap>
        <Instrumentnamn>ICA FRN 240325</Instrumentnamn>
        <ISIN-kod_instrument>SE0013882909</ISIN-kod_instrument>
        <Landkod_Emittent>SE</Landkod_Emittent>
        <Valuta>SEK</Valuta>
        <Antal />
        <Nominellt_belopp>2000000</Nominellt_belopp>
        <Kurs_som_använts_vid_värdering_av_instrumentet>99.4384333333333</Kurs_som_använts_vid_värdering_av_instrumentet>
        <Valutakurs_instrument>1</Valutakurs_instrument>
        <Marknadsvärde_instrument>1988768.67</Marknadsvärde_instrument>
        <Andel_av_fondförmögenhet_instrument>0.91</Andel_av_fondförmögenhet_instrument>
        <Bransch>
          <Branschkod_instrument>30</Branschkod_instrument>
          <Bransch_namn_instrument>Dagligvaror</Bransch_namn_instrument>
        </Bransch>
      </FinansielltInstrument>
      <FinansielltInstrument>
        <Tillgångsslag_enligt_LVF_5_kap>ÖverlåtbartVärdepapper</Tillgångsslag_enligt_LVF_5_kap>
        <Instrumentnamn>HUMLEGÅRD FRN 240409</Instrumentnamn>
        <ISIN-kod_instrument>SE0014783049</ISIN-kod_instrument>
        <Landkod_Emittent>SE</Landkod_Emittent>
        <Valuta>SEK</Valuta>
        <Antal />
        <Nominellt_belopp>4000000</Nominellt_belopp>
        <Kurs_som_använts_vid_värdering_av_instrumentet>98.3819888888889</Kurs_som_använts_vid_värdering_av_instrumentet>
        <Valutakurs_instrument>1</Valutakurs_instrument>
        <Marknadsvärde_instrument>3935279.56</Marknadsvärde_instrument>
        <Andel_av_fondförmögenhet_instrument>1.8</Andel_av_fondförmögenhet_instrument>
        <Bransch>
          <Branschkod_instrument>60</Branschkod_instrument>
          <Bransch_namn_instrument>Fastigheter</Bransch_namn_instrument>
        </Bransch>
      </FinansielltInstrument>
      <FinansielltInstrument>
        <Tillgångsslag_enligt_LVF_5_kap>ÖverlåtbartVärdepapper</Tillgångsslag_enligt_LVF_5_kap>
        <Instrumentnamn>BLUESTEP FRN 240408</Instrumentnamn>
        <ISIN-kod_instrument>SE0013102092</ISIN-kod_instrument>
        <Landkod_Emittent>SE</Landkod_Emittent>
        <Valuta>SEK</Valuta>
        <Antal />
        <Nominellt_belopp>2000000</Nominellt_belopp>
        <Kurs_som_använts_vid_värdering_av_instrumentet>99.4305333333333</Kurs_som_använts_vid_värdering_av_instrumentet>
        <Valutakurs_instrument>1</Valutakurs_instrument>
        <Marknadsvärde_instrument>1988610.67</Marknadsvärde_instrument>
        <Andel_av_fondförmögenhet_instrument>0.91</Andel_av_fondförmögenhet_instrument>
        <Bransch>
          <Branschkod_instrument>40</Branschkod_instrument>
          <Bransch_namn_instrument>Finans</Bransch_namn_instrument>
        </Bransch>
      </FinansielltInstrument>
      <FinansielltInstrument>
        <Tillgångsslag_enligt_LVF_5_kap>Penningmarknadsinstrument</Tillgångsslag_enligt_LVF_5_kap>
        <Instrumentnamn>TELIA 231108 3,6%</Instrumentnamn>
        <ISIN-kod_instrument>XS0989164743</ISIN-kod_instrument>
        <Landkod_Emittent>SE</Landkod_Emittent>
        <Valuta>SEK</Valuta>
        <Antal />
        <Nominellt_belopp>3000000</Nominellt_belopp>
        <Kurs_som_använts_vid_värdering_av_instrumentet>100.163611111111</Kurs_som_använts_vid_värdering_av_instrumentet>
        <Valutakurs_instrument>1</Valutakurs_instrument>
        <Marknadsvärde_instrument>3004908.33</Marknadsvärde_instrument>
        <Andel_av_fondförmögenhet_instrument>1.38</Andel_av_fondförmögenhet_instrument>
        <Bransch>
          <Branschkod_instrument>50</Branschkod_instrument>
          <Bransch_namn_instrument>Telekomoperatörer</Bransch_namn_instrument>
        </Bransch>
      </FinansielltInstrument>
      <FinansielltInstrument>
        <Tillgångsslag_enligt_LVF_5_kap>Penningmarknadsinstrument</Tillgångsslag_enligt_LVF_5_kap>
        <Instrumentnamn>STENA M FRN 230601</Instrumentnamn>
        <ISIN-kod_instrument>NO0010823362</ISIN-kod_instrument>
        <Landkod_Emittent>SE</Landkod_Emittent>
        <Valuta>SEK</Valuta>
        <Antal />
        <Nominellt_belopp>2000000</Nominellt_belopp>
        <Kurs_som_använts_vid_värdering_av_instrumentet>100.33275</Kurs_som_använts_vid_värdering_av_instrumentet>
        <Valutakurs_instrument>1</Valutakurs_instrument>
        <Marknadsvärde_instrument>2006655</Marknadsvärde_instrument>
        <Andel_av_fondförmögenhet_instrument>0.92</Andel_av_fondförmögenhet_instrument>
        <Bransch>
          <Branschkod_instrument>20</Branschkod_instrument>
          <Bransch_namn_instrument>Industrivaror och tjänster</Bransch_namn_instrument>
        </Bransch>
      </FinansielltInstrument>
      <FinansielltInstrument>
        <Tillgångsslag_enligt_LVF_5_kap>Penningmarknadsinstrument</Tillgångsslag_enligt_LVF_5_kap>
        <Instrumentnamn>STATNETT SF 230630</Instrumentnamn>
        <ISIN-kod_instrument>XS2197989382</ISIN-kod_instrument>
        <Landkod_Emittent>NO</Landkod_Emittent>
        <Valuta>SEK</Valuta>
        <Antal />
        <Nominellt_belopp>2000000</Nominellt_belopp>
        <Kurs_som_använts_vid_värdering_av_instrumentet>98.768</Kurs_som_använts_vid_värdering_av_instrumentet>
        <Valutakurs_instrument>1</Valutakurs_instrument>
        <Marknadsvärde_instrument>1975360</Marknadsvärde_instrument>
        <Andel_av_fondförmögenhet_instrument>0.9</Andel_av_fondförmögenhet_instrument>
        <Bransch>
          <Branschkod_instrument>20</Branschkod_instrument>
          <Bransch_namn_instrument>Industrivaror och tjänster</Bransch_namn_instrument>
        </Bransch>
      </FinansielltInstrument>
      <FinansielltInstrument>
        <Tillgångsslag_enligt_LVF_5_kap>Penningmarknadsinstrument</Tillgångsslag_enligt_LVF_5_kap>
        <Instrumentnamn>TELE2 FRN 230224</Instrumentnamn>
        <ISIN-kod_instrument>XS1604464559</ISIN-kod_instrument>
        <Landkod_Emittent>SE</Landkod_Emittent>
        <Valuta>SEK</Valuta>
        <Antal />
        <Nominellt_belopp>3000000</Nominellt_belopp>
        <Kurs_som_använts_vid_värdering_av_instrumentet>100.466097222222</Kurs_som_använts_vid_värdering_av_instrumentet>
        <Valutakurs_instrument>1</Valutakurs_instrument>
        <Marknadsvärde_instrument>3013982.92</Marknadsvärde_instrument>
        <Andel_av_fondförmögenhet_instrument>1.38</Andel_av_fondförmögenhet_instrument>
        <Bransch>
          <Branschkod_instrument>50</Branschkod_instrument>
          <Bransch_namn_instrument>Telekomoperatörer</Bransch_namn_instrument>
        </Bransch>
      </FinansielltInstrument>
      <FinansielltInstrument>
        <Tillgångsslag_enligt_LVF_5_kap>Penningmarknadsinstrument</Tillgångsslag_enligt_LVF_5_kap>
        <Instrumentnamn>VOLVO FIN FRN 231120</Instrumentnamn>
        <ISIN-kod_instrument>SE0013359957</ISIN-kod_instrument>
        <Landkod_Emittent>SE</Landkod_Emittent>
        <Valuta>SEK</Valuta>
        <Antal />
        <Nominellt_belopp>2000000</Nominellt_belopp>
        <Kurs_som_använts_vid_värdering_av_instrumentet>100.221666666667</Kurs_som_använts_vid_värdering_av_instrumentet>
        <Valutakurs_instrument>1</Valutakurs_instrument>
        <Marknadsvärde_instrument>2004433.33</Marknadsvärde_instrument>
        <Andel_av_fondförmögenhet_instrument>0.92</Andel_av_fondförmögenhet_instrument>
        <Bransch>
          <Branschkod_instrument>20</Branschkod_instrument>
          <Bransch_namn_instrument>Industrivaror och tjänster</Bransch_namn_instrument>
        </Bransch>
      </FinansielltInstrument>
      <FinansielltInstrument>
        <Tillgångsslag_enligt_LVF_5_kap>Penningmarknadsinstrument</Tillgångsslag_enligt_LVF_5_kap>
        <Instrumentnamn>CASTELLUM FRN 230828</Instrumentnamn>
        <ISIN-kod_instrument>SE0010599308</ISIN-kod_instrument>
        <Landkod_Emittent>SE</Landkod_Emittent>
        <Valuta>SEK</Valuta>
        <Antal />
        <Nominellt_belopp>4000000</Nominellt_belopp>
        <Kurs_som_använts_vid_värdering_av_instrumentet>98.9059333333333</Kurs_som_använts_vid_värdering_av_instrumentet>
        <Valutakurs_instrument>1</Valutakurs_instrument>
        <Marknadsvärde_instrument>3956237.33</Marknadsvärde_instrument>
        <Andel_av_fondförmögenhet_instrument>1.81</Andel_av_fondförmögenhet_instrument>
        <Bransch>
          <Branschkod_instrument>60</Branschkod_instrument>
          <Bransch_namn_instrument>Fastigheter</Bransch_namn_instrument>
        </Bransch>
      </FinansielltInstrument>
      <FinansielltInstrument>
        <Tillgångsslag_enligt_LVF_5_kap>Penningmarknadsinstrument</Tillgångsslag_enligt_LVF_5_kap>
        <Instrumentnamn>STENVALVET FRN231101</Instrumentnamn>
        <ISIN-kod_instrument>SE0013102035</ISIN-kod_instrument>
        <Landkod_Emittent>SE</Landkod_Emittent>
        <Valuta>SEK</Valuta>
        <Antal />
        <Nominellt_belopp>2000000</Nominellt_belopp>
        <Kurs_som_använts_vid_värdering_av_instrumentet>98.607</Kurs_som_använts_vid_värdering_av_instrumentet>
        <Valutakurs_instrument>1</Valutakurs_instrument>
        <Marknadsvärde_instrument>1972140</Marknadsvärde_instrument>
        <Andel_av_fondförmögenhet_instrument>0.9</Andel_av_fondförmögenhet_instrument>
        <Bransch>
          <Branschkod_instrument>60</Branschkod_instrument>
          <Bransch_namn_instrument>Fastigheter</Bransch_namn_instrument>
        </Bransch>
      </FinansielltInstrument>
      <FinansielltInstrument>
        <Tillgångsslag_enligt_LVF_5_kap>Penningmarknadsinstrument</Tillgångsslag_enligt_LVF_5_kap>
        <Instrumentnamn>IKANO FRN 231102</Instrumentnamn>
        <ISIN-kod_instrument>SE0013882693</ISIN-kod_instrument>
        <Landkod_Emittent>SE</Landkod_Emittent>
        <Valuta>SEK</Valuta>
        <Antal />
        <Nominellt_belopp>4000000</Nominellt_belopp>
        <Kurs_som_använts_vid_värdering_av_instrumentet>99.9211694444444</Kurs_som_använts_vid_värdering_av_instrumentet>
        <Valutakurs_instrument>1</Valutakurs_instrument>
        <Marknadsvärde_instrument>3996846.78</Marknadsvärde_instrument>
        <Andel_av_fondförmögenhet_instrument>1.83</Andel_av_fondförmögenhet_instrument>
        <Bransch>
          <Branschkod_instrument>40</Branschkod_instrument>
          <Bransch_namn_instrument>Finans</Bransch_namn_instrument>
        </Bransch>
      </FinansielltInstrument>
      <FinansielltInstrument>
        <Tillgångsslag_enligt_LVF_5_kap>Penningmarknadsinstrument</Tillgångsslag_enligt_LVF_5_kap>
        <Instrumentnamn>NORDEA FRN 230519</Instrumentnamn>
        <ISIN-kod_instrument>XS2176885668</ISIN-kod_instrument>
        <Landkod_Emittent>SE</Landkod_Emittent>
        <Valuta>SEK</Valuta>
        <Antal />
        <Nominellt_belopp>2000000</Nominellt_belopp>
        <Kurs_som_använts_vid_värdering_av_instrumentet>100.631444444444</Kurs_som_använts_vid_värdering_av_instrumentet>
        <Valutakurs_instrument>1</Valutakurs_instrument>
        <Marknadsvärde_instrument>2012628.89</Marknadsvärde_instrument>
        <Andel_av_fondförmögenhet_instrument>0.92</Andel_av_fondförmögenhet_instrument>
        <Bransch>
          <Branschkod_instrument>40</Branschkod_instrument>
          <Bransch_namn_instrument>Finans</Bransch_namn_instrument>
        </Bransch>
      </FinansielltInstrument>
      <FinansielltInstrument>
        <Tillgångsslag_enligt_LVF_5_kap>Penningmarknadsinstrument</Tillgångsslag_enligt_LVF_5_kap>
        <Instrumentnamn>SAGAX FRN 230616</Instrumentnamn>
        <ISIN-kod_instrument>XS2093119175</ISIN-kod_instrument>
        <Landkod_Emittent>SE</Landkod_Emittent>
        <Valuta>SEK</Valuta>
        <Antal />
        <Nominellt_belopp>6000000</Nominellt_belopp>
        <Kurs_som_använts_vid_värdering_av_instrumentet>99.1100833333333</Kurs_som_använts_vid_värdering_av_instrumentet>
        <Valutakurs_instrument>1</Valutakurs_instrument>
        <Marknadsvärde_instrument>5946605</Marknadsvärde_instrument>
        <Andel_av_fondförmögenhet_instrument>2.72</Andel_av_fondförmögenhet_instrument>
        <Bransch>
          <Branschkod_instrument>60</Branschkod_instrument>
          <Bransch_namn_instrument>Fastigheter</Bransch_namn_instrument>
        </Bransch>
      </FinansielltInstrument>
      <FinansielltInstrument>
        <Tillgångsslag_enligt_LVF_5_kap>Penningmarknadsinstrument</Tillgångsslag_enligt_LVF_5_kap>
        <Instrumentnamn>KUNGSL. FRN 230613</Instrumentnamn>
        <ISIN-kod_instrument>SE0010832873</ISIN-kod_instrument>
        <Landkod_Emittent>SE</Landkod_Emittent>
        <Valuta>SEK</Valuta>
        <Antal />
        <Nominellt_belopp>4000000</Nominellt_belopp>
        <Kurs_som_använts_vid_värdering_av_instrumentet>99.6012</Kurs_som_använts_vid_värdering_av_instrumentet>
        <Valutakurs_instrument>1</Valutakurs_instrument>
        <Marknadsvärde_instrument>3984048</Marknadsvärde_instrument>
        <Andel_av_fondförmögenhet_instrument>1.82</Andel_av_fondförmögenhet_instrument>
        <Bransch>
          <Branschkod_instrument>60</Branschkod_instrument>
          <Bransch_namn_instrument>Fastigheter</Bransch_namn_instrument>
        </Bransch>
      </FinansielltInstrument>
      <FinansielltInstrument>
        <Tillgångsslag_enligt_LVF_5_kap>Penningmarknadsinstrument</Tillgångsslag_enligt_LVF_5_kap>
        <Instrumentnamn>LATOUR FRN 230327</Instrumentnamn>
        <ISIN-kod_instrument>SE0012676641</ISIN-kod_instrument>
        <Landkod_Emittent>SE</Landkod_Emittent>
        <Valuta>SEK</Valuta>
        <Antal />
        <Nominellt_belopp>4000000</Nominellt_belopp>
        <Kurs_som_använts_vid_värdering_av_instrumentet>99.9906555555555</Kurs_som_använts_vid_värdering_av_instrumentet>
        <Valutakurs_instrument>1</Valutakurs_instrument>
        <Marknadsvärde_instrument>3999626.22</Marknadsvärde_instrument>
        <Andel_av_fondförmögenhet_instrument>1.83</Andel_av_fondförmögenhet_instrument>
        <Bransch>
          <Branschkod_instrument>20</Branschkod_instrument>
          <Bransch_namn_instrument>Industrivaror och tjänster</Bransch_namn_instrument>
        </Bransch>
      </FinansielltInstrument>
      <FinansielltInstrument>
        <Tillgångsslag_enligt_LVF_5_kap>Penningmarknadsinstrument</Tillgångsslag_enligt_LVF_5_kap>
        <Instrumentnamn>LIFCO FRN 230906</Instrumentnamn>
        <ISIN-kod_instrument>SE0016274021</ISIN-kod_instrument>
        <Landkod_Emittent>SE</Landkod_Emittent>
        <Valuta>SEK</Valuta>
        <Antal />
        <Nominellt_belopp>4000000</Nominellt_belopp>
        <Kurs_som_använts_vid_värdering_av_instrumentet>99.8780555555555</Kurs_som_använts_vid_värdering_av_instrumentet>
        <Valutakurs_instrument>1</Valutakurs_instrument>
        <Marknadsvärde_instrument>3995122.22</Marknadsvärde_instrument>
        <Andel_av_fondförmögenhet_instrument>1.83</Andel_av_fondförmögenhet_instrument>
        <Bransch>
          <Branschkod_instrument>20</Branschkod_instrument>
          <Bransch_namn_instrument>Industrivaror och tjänster</Bransch_namn_instrument>
        </Bransch>
      </FinansielltInstrument>
      <FinansielltInstrument>
        <Tillgångsslag_enligt_LVF_5_kap>Penningmarknadsinstrument</Tillgångsslag_enligt_LVF_5_kap>
        <Instrumentnamn>HOLMEN FRN 231124</Instrumentnamn>
        <ISIN-kod_instrument>SE0011426238</ISIN-kod_instrument>
        <Landkod_Emittent>SE</Landkod_Emittent>
        <Valuta>SEK</Valuta>
        <Antal />
        <Nominellt_belopp>4000000</Nominellt_belopp>
        <Kurs_som_använts_vid_värdering_av_instrumentet>100.12735</Kurs_som_använts_vid_värdering_av_instrumentet>
        <Valutakurs_instrument>1</Valutakurs_instrument>
        <Marknadsvärde_instrument>4005094</Marknadsvärde_instrument>
        <Andel_av_fondförmögenhet_instrument>1.83</Andel_av_fondförmögenhet_instrument>
        <Bransch>
          <Branschkod_instrument>15</Branschkod_instrument>
          <Bransch_namn_instrument>Material</Bransch_namn_instrument>
        </Bransch>
      </FinansielltInstrument>
      <FinansielltInstrument>
        <Tillgångsslag_enligt_LVF_5_kap>Penningmarknadsinstrument</Tillgångsslag_enligt_LVF_5_kap>
        <Instrumentnamn>SPB REKAR FRN 231013</Instrumentnamn>
        <ISIN-kod_instrument>SE0013104197</ISIN-kod_instrument>
        <Landkod_Emittent>SE</Landkod_Emittent>
        <Valuta>SEK</Valuta>
        <Antal />
        <Nominellt_belopp>4000000</Nominellt_belopp>
        <Kurs_som_använts_vid_värdering_av_instrumentet>100.214691666667</Kurs_som_använts_vid_värdering_av_instrumentet>
        <Valutakurs_instrument>1</Valutakurs_instrument>
        <Marknadsvärde_instrument>4008587.67</Marknadsvärde_instrument>
        <Andel_av_fondförmögenhet_instrument>1.84</Andel_av_fondförmögenhet_instrument>
        <Bransch>
          <Branschkod_instrument>40</Branschkod_instrument>
          <Bransch_namn_instrument>Finans</Bransch_namn_instrument>
        </Bransch>
      </FinansielltInstrument>
      <FinansielltInstrument>
        <Tillgångsslag_enligt_LVF_5_kap>Penningmarknadsinstrument</Tillgångsslag_enligt_LVF_5_kap>
        <Instrumentnamn>ELEKTA FRN 230313</Instrumentnamn>
        <ISIN-kod_instrument>SE0012194074</ISIN-kod_instrument>
        <Landkod_Emittent>SE</Landkod_Emittent>
        <Valuta>SEK</Valuta>
        <Antal />
        <Nominellt_belopp>2000000</Nominellt_belopp>
        <Kurs_som_använts_vid_värdering_av_instrumentet>100.0872</Kurs_som_använts_vid_värdering_av_instrumentet>
        <Valutakurs_instrument>1</Valutakurs_instrument>
        <Marknadsvärde_instrument>2001744</Marknadsvärde_instrument>
        <Andel_av_fondförmögenhet_instrument>0.92</Andel_av_fondförmögenhet_instrument>
        <Bransch>
          <Branschkod_instrument>35</Branschkod_instrument>
          <Bransch_namn_instrument>Hälsovård</Bransch_namn_instrument>
        </Bransch>
      </FinansielltInstrument>
      <FinansielltInstrument>
        <Tillgångsslag_enligt_LVF_5_kap>Penningmarknadsinstrument</Tillgångsslag_enligt_LVF_5_kap>
        <Instrumentnamn>STADSHYP 1587 230601</Instrumentnamn>
        <ISIN-kod_instrument>SE0010441303</ISIN-kod_instrument>
        <Landkod_Emittent>SE</Landkod_Emittent>
        <Valuta>SEK</Valuta>
        <Antal />
        <Nominellt_belopp>4000000</Nominellt_belopp>
        <Kurs_som_använts_vid_värdering_av_instrumentet>100.365833333333</Kurs_som_använts_vid_värdering_av_instrumentet>
        <Valutakurs_instrument>1</Valutakurs_instrument>
        <Marknadsvärde_instrument>4014633.33</Marknadsvärde_instrument>
        <Andel_av_fondförmögenhet_instrument>1.84</Andel_av_fondförmögenhet_instrument>
        <Bransch>
          <Branschkod_instrument>40</Branschkod_instrument>
          <Bransch_namn_instrument>Finans</Bransch_namn_instrument>
        </Bransch>
      </FinansielltInstrument>
      <FinansielltInstrument>
        <Tillgångsslag_enligt_LVF_5_kap>Penningmarknadsinstrument</Tillgångsslag_enligt_LVF_5_kap>
        <Instrumentnamn>HEIBOS 231123</Instrumentnamn>
        <ISIN-kod_instrument>XS2412106002</ISIN-kod_instrument>
        <Landkod_Emittent>SE</Landkod_Emittent>
        <Valuta>SEK</Valuta>
        <Antal />
        <Nominellt_belopp>2000000</Nominellt_belopp>
        <Kurs_som_använts_vid_värdering_av_instrumentet>95.6278916666667</Kurs_som_använts_vid_värdering_av_instrumentet>
        <Valutakurs_instrument>1</Valutakurs_instrument>
        <Marknadsvärde_instrument>1912557.83</Marknadsvärde_instrument>
        <Andel_av_fondförmögenhet_instrument>0.88</Andel_av_fondförmögenhet_instrument>
        <Bransch>
          <Branschkod_instrument>60</Branschkod_instrument>
          <Bransch_namn_instrument>Fastigheter</Bransch_namn_instrument>
        </Bransch>
      </FinansielltInstrument>
      <FinansielltInstrument>
        <Tillgångsslag_enligt_LVF_5_kap>Penningmarknadsinstrument</Tillgångsslag_enligt_LVF_5_kap>
        <Instrumentnamn>FASTPART FRN 230524</Instrumentnamn>
        <ISIN-kod_instrument>SE0012621746</ISIN-kod_instrument>
        <Landkod_Emittent>SE</Landkod_Emittent>
        <Valuta>SEK</Valuta>
        <Antal />
        <Nominellt_belopp>3300000</Nominellt_belopp>
        <Kurs_som_använts_vid_värdering_av_instrumentet>100.286622222222</Kurs_som_använts_vid_värdering_av_instrumentet>
        <Valutakurs_instrument>1</Valutakurs_instrument>
        <Marknadsvärde_instrument>3309458.53</Marknadsvärde_instrument>
        <Andel_av_fondförmögenhet_instrument>1.52</Andel_av_fondförmögenhet_instrument>
        <Bransch>
          <Branschkod_instrument>60</Branschkod_instrument>
          <Bransch_namn_instrument>Fastigheter</Bransch_namn_instrument>
        </Bransch>
      </FinansielltInstrument>
      <FinansielltInstrument>
        <Tillgångsslag_enligt_LVF_5_kap>Penningmarknadsinstrument</Tillgångsslag_enligt_LVF_5_kap>
        <Instrumentnamn>SKANSKA FRN 230524</Instrumentnamn>
        <ISIN-kod_instrument>SE0011088822</ISIN-kod_instrument>
        <Landkod_Emittent>SE</Landkod_Emittent>
        <Valuta>SEK</Valuta>
        <Antal />
        <Nominellt_belopp>3000000</Nominellt_belopp>
        <Kurs_som_använts_vid_värdering_av_instrumentet>100.260347222222</Kurs_som_använts_vid_värdering_av_instrumentet>
        <Valutakurs_instrument>1</Valutakurs_instrument>
        <Marknadsvärde_instrument>3007810.42</Marknadsvärde_instrument>
        <Andel_av_fondförmögenhet_instrument>1.38</Andel_av_fondförmögenhet_instrument>
        <Bransch>
          <Branschkod_instrument>20</Branschkod_instrument>
          <Bransch_namn_instrument>Industrivaror och tjänster</Bransch_namn_instrument>
        </Bransch>
      </FinansielltInstrument>
    </FinansiellaInstrument>
  </Fondinformation>
  <Fondinformation />
</VärdepappersfondInnehav>