﻿<?xml version="1.0" encoding="utf-8"?>
<VärdepappersfondInnehav xmlns="http://schemas.fi.se/publika/vardepappersfonder/20200331">
  <Rapportinformation>
    <Kvartalsslut>2022-12-31</Kvartalsslut>
  </Rapportinformation>
  <Bolagsinformation>
    <Fondbolag_namn>ODIN Forvaltning AS</Fondbolag_namn>
    <Fondbolag_institutnummer>16</Fondbolag_institutnummer>
    <Fondbolag_LEI-kod>213800MUX4RIR4HITS15</Fondbolag_LEI-kod>
  </Bolagsinformation>
  <Fondinformation>
    <Fond_institutnummer>64434</Fond_institutnummer>
    <Fond_ISIN-kod>SE0017084858</Fond_ISIN-kod>
    <Fond_namn>ODIN Sustainable Corporate Bond</Fond_namn>
    <Förvaltningsavgift>
      <MedAndelsklasser>
        <Förvaltningsavgift>
          <Andelsklass_namn>ODIN Sustainable Corp Bond A SEK</Andelsklass_namn>
          <Förvaltningsavgift_Typ>
            <Förvaltningsavgift_fast>0.2</Förvaltningsavgift_fast>
          </Förvaltningsavgift_Typ>
        </Förvaltningsavgift>
        <Förvaltningsavgift>
          <Andelsklass_namn>ODIN Sustainable Corp Bond B SEK</Andelsklass_namn>
          <Förvaltningsavgift_Typ>
            <Förvaltningsavgift_fast>0.3</Förvaltningsavgift_fast>
          </Förvaltningsavgift_Typ>
        </Förvaltningsavgift>
        <Förvaltningsavgift>
          <Andelsklass_namn>ODIN Sustainable Corp Bond C SEK</Andelsklass_namn>
          <Förvaltningsavgift_Typ>
            <Förvaltningsavgift_fast>0.4</Förvaltningsavgift_fast>
          </Förvaltningsavgift_Typ>
        </Förvaltningsavgift>
        <Förvaltningsavgift>
          <Andelsklass_namn>ODIN Sustainable Corp Bond D SEK</Andelsklass_namn>
          <Förvaltningsavgift_Typ>
            <Förvaltningsavgift_fast>0.2</Förvaltningsavgift_fast>
          </Förvaltningsavgift_Typ>
        </Förvaltningsavgift>
        <Förvaltningsavgift>
          <Andelsklass_namn>ODIN Sustainable Corp Bond E SEK</Andelsklass_namn>
          <Förvaltningsavgift_Typ>
            <Förvaltningsavgift_fast>0.15</Förvaltningsavgift_fast>
          </Förvaltningsavgift_Typ>
        </Förvaltningsavgift>
      </MedAndelsklasser>
    </Förvaltningsavgift>
    <Fondförmögenhet>829149435</Fondförmögenhet>
    <Likvida_medel>52333371</Likvida_medel>
    <Övriga_tillgångar_och_skulder>-227577810</Övriga_tillgångar_och_skulder>
    <Standardavvikelse_24_månader>0.00</Standardavvikelse_24_månader>
    <Jämförelseindex>
      <Jämförelseindex>Morningstar Eurozone 1-5 Yr Corporate Bond</Jämförelseindex>
    </Jämförelseindex>
    <FinansiellaInstrument>
      <FinansielltInstrument>
        <Tillgångsslag_enligt_LVF_5_kap>ÖverlåtbartVärdepapper</Tillgångsslag_enligt_LVF_5_kap>
        <Instrumentnamn>IBERDROLA FIN SA IBESM 0 7/8 06/16/25</Instrumentnamn>
        <ISIN-kod_instrument>XS2153405118</ISIN-kod_instrument>
        <Landkod_Emittent>ES</Landkod_Emittent>
        <Valuta>EUR</Valuta>
        <Antal>2000000</Antal>
        <Nominellt_belopp />
        <Kurs_som_använts_vid_värdering_av_instrumentet>0.95</Kurs_som_använts_vid_värdering_av_instrumentet>
        <Valutakurs_instrument>11.11</Valutakurs_instrument>
        <Marknadsvärde_instrument>21083301</Marknadsvärde_instrument>
        <Andel_av_fondförmögenhet_instrument>2.54</Andel_av_fondförmögenhet_instrument>
        <Bransch>
          <Branschkod_instrument>40</Branschkod_instrument>
          <Bransch_namn_instrument>FINANCIALS</Bransch_namn_instrument>
        </Bransch>
      </FinansielltInstrument>
      <FinansielltInstrument>
        <Tillgångsslag_enligt_LVF_5_kap>ÖverlåtbartVärdepapper</Tillgångsslag_enligt_LVF_5_kap>
        <Instrumentnamn>TELEFONICA EMIS TELEFO 1.201 08/21/27</Instrumentnamn>
        <ISIN-kod_instrument>XS2177441990</ISIN-kod_instrument>
        <Landkod_Emittent>ES</Landkod_Emittent>
        <Valuta>EUR</Valuta>
        <Antal>2000000</Antal>
        <Nominellt_belopp />
        <Kurs_som_använts_vid_värdering_av_instrumentet>0.9</Kurs_som_använts_vid_värdering_av_instrumentet>
        <Valutakurs_instrument>11.11</Valutakurs_instrument>
        <Marknadsvärde_instrument>19908355</Marknadsvärde_instrument>
        <Andel_av_fondförmögenhet_instrument>2.4</Andel_av_fondförmögenhet_instrument>
        <Bransch>
          <Branschkod_instrument>40</Branschkod_instrument>
          <Bransch_namn_instrument>FINANCIALS</Bransch_namn_instrument>
        </Bransch>
      </FinansielltInstrument>
      <FinansielltInstrument>
        <Tillgångsslag_enligt_LVF_5_kap>ÖverlåtbartVärdepapper</Tillgångsslag_enligt_LVF_5_kap>
        <Instrumentnamn>TELE2 AB TELBSS Float 06/10/25</Instrumentnamn>
        <ISIN-kod_instrument>XS2187707976</ISIN-kod_instrument>
        <Landkod_Emittent>SE</Landkod_Emittent>
        <Valuta>SEK</Valuta>
        <Antal>11000000</Antal>
        <Nominellt_belopp />
        <Kurs_som_använts_vid_värdering_av_instrumentet>1.01</Kurs_som_använts_vid_värdering_av_instrumentet>
        <Valutakurs_instrument>1.</Valutakurs_instrument>
        <Marknadsvärde_instrument>11058887</Marknadsvärde_instrument>
        <Andel_av_fondförmögenhet_instrument>1.33</Andel_av_fondförmögenhet_instrument>
        <Bransch>
          <Branschkod_instrument>40</Branschkod_instrument>
          <Bransch_namn_instrument>FINANCIALS</Bransch_namn_instrument>
        </Bransch>
      </FinansielltInstrument>
      <FinansielltInstrument>
        <Tillgångsslag_enligt_LVF_5_kap>ÖverlåtbartVärdepapper</Tillgångsslag_enligt_LVF_5_kap>
        <Instrumentnamn>ELLEVIO AB ELLEVI Float 06/11/27</Instrumentnamn>
        <ISIN-kod_instrument>XS2187707893</ISIN-kod_instrument>
        <Landkod_Emittent>SE</Landkod_Emittent>
        <Valuta>SEK</Valuta>
        <Antal>6000000</Antal>
        <Nominellt_belopp />
        <Kurs_som_använts_vid_värdering_av_instrumentet>1.</Kurs_som_använts_vid_värdering_av_instrumentet>
        <Valutakurs_instrument>1.</Valutakurs_instrument>
        <Marknadsvärde_instrument>5995544</Marknadsvärde_instrument>
        <Andel_av_fondförmögenhet_instrument>0.72</Andel_av_fondförmögenhet_instrument>
        <Bransch>
          <Branschkod_instrument>40</Branschkod_instrument>
          <Bransch_namn_instrument>FINANCIALS</Bransch_namn_instrument>
        </Bransch>
      </FinansielltInstrument>
      <FinansielltInstrument>
        <Tillgångsslag_enligt_LVF_5_kap>ÖverlåtbartVärdepapper</Tillgångsslag_enligt_LVF_5_kap>
        <Instrumentnamn>STADSHYPOTEK AB SHBASS Float 06/24/25</Instrumentnamn>
        <ISIN-kod_instrument>NO0010886054</ISIN-kod_instrument>
        <Landkod_Emittent>NO</Landkod_Emittent>
        <Valuta>NOK</Valuta>
        <Antal>34000000</Antal>
        <Nominellt_belopp />
        <Kurs_som_använts_vid_värdering_av_instrumentet>1.</Kurs_som_använts_vid_värdering_av_instrumentet>
        <Valutakurs_instrument>1.06</Valutakurs_instrument>
        <Marknadsvärde_instrument>36006079</Marknadsvärde_instrument>
        <Andel_av_fondförmögenhet_instrument>4.34</Andel_av_fondförmögenhet_instrument>
        <Bransch>
          <Branschkod_instrument>40</Branschkod_instrument>
          <Bransch_namn_instrument>FINANCIALS</Bransch_namn_instrument>
        </Bransch>
      </FinansielltInstrument>
      <FinansielltInstrument>
        <Tillgångsslag_enligt_LVF_5_kap>ÖverlåtbartVärdepapper</Tillgångsslag_enligt_LVF_5_kap>
        <Instrumentnamn>CAIXABANK CABKSM 0 3/8 11/18/26</Instrumentnamn>
        <ISIN-kod_instrument>XS2258971071</ISIN-kod_instrument>
        <Landkod_Emittent>ES</Landkod_Emittent>
        <Valuta>EUR</Valuta>
        <Antal>3000000</Antal>
        <Nominellt_belopp />
        <Kurs_som_använts_vid_värdering_av_instrumentet>0.89</Kurs_som_använts_vid_värdering_av_instrumentet>
        <Valutakurs_instrument>11.11</Valutakurs_instrument>
        <Marknadsvärde_instrument>29580851</Marknadsvärde_instrument>
        <Andel_av_fondförmögenhet_instrument>3.57</Andel_av_fondförmögenhet_instrument>
        <Bransch>
          <Branschkod_instrument>40</Branschkod_instrument>
          <Bransch_namn_instrument>FINANCIALS</Bransch_namn_instrument>
        </Bransch>
      </FinansielltInstrument>
      <FinansielltInstrument>
        <Tillgångsslag_enligt_LVF_5_kap>ÖverlåtbartVärdepapper</Tillgångsslag_enligt_LVF_5_kap>
        <Instrumentnamn>TELIA CO AB TELIAS 0 1/8 11/27/30</Instrumentnamn>
        <ISIN-kod_instrument>XS2264161964</ISIN-kod_instrument>
        <Landkod_Emittent>SE</Landkod_Emittent>
        <Valuta>EUR</Valuta>
        <Antal>2000000</Antal>
        <Nominellt_belopp />
        <Kurs_som_använts_vid_värdering_av_instrumentet>0.75</Kurs_som_använts_vid_värdering_av_instrumentet>
        <Valutakurs_instrument>11.11</Valutakurs_instrument>
        <Marknadsvärde_instrument>16689418</Marknadsvärde_instrument>
        <Andel_av_fondförmögenhet_instrument>2.01</Andel_av_fondförmögenhet_instrument>
        <Bransch>
          <Branschkod_instrument>40</Branschkod_instrument>
          <Bransch_namn_instrument>FINANCIALS</Bransch_namn_instrument>
        </Bransch>
      </FinansielltInstrument>
      <FinansielltInstrument>
        <Tillgångsslag_enligt_LVF_5_kap>ÖverlåtbartVärdepapper</Tillgångsslag_enligt_LVF_5_kap>
        <Instrumentnamn>SANTANDER CONSUM SCBNOR Float 01/19/26</Instrumentnamn>
        <ISIN-kod_instrument>XS2287887322</ISIN-kod_instrument>
        <Landkod_Emittent>NO</Landkod_Emittent>
        <Valuta>SEK</Valuta>
        <Antal>21000000</Antal>
        <Nominellt_belopp />
        <Kurs_som_använts_vid_värdering_av_instrumentet>0.98</Kurs_som_använts_vid_värdering_av_instrumentet>
        <Valutakurs_instrument>1.</Valutakurs_instrument>
        <Marknadsvärde_instrument>20569244</Marknadsvärde_instrument>
        <Andel_av_fondförmögenhet_instrument>2.48</Andel_av_fondförmögenhet_instrument>
        <Bransch>
          <Branschkod_instrument>40</Branschkod_instrument>
          <Bransch_namn_instrument>FINANCIALS</Bransch_namn_instrument>
        </Bransch>
      </FinansielltInstrument>
      <FinansielltInstrument>
        <Tillgångsslag_enligt_LVF_5_kap>ÖverlåtbartVärdepapper</Tillgångsslag_enligt_LVF_5_kap>
        <Instrumentnamn>STOREBRAND BANK STBNO Float 02/15/24</Instrumentnamn>
        <ISIN-kod_instrument>NO0010931819</ISIN-kod_instrument>
        <Landkod_Emittent>NO</Landkod_Emittent>
        <Valuta>NOK</Valuta>
        <Antal>40000000</Antal>
        <Nominellt_belopp />
        <Kurs_som_använts_vid_värdering_av_instrumentet>1.</Kurs_som_använts_vid_värdering_av_instrumentet>
        <Valutakurs_instrument>1.06</Valutakurs_instrument>
        <Marknadsvärde_instrument>42333319</Marknadsvärde_instrument>
        <Andel_av_fondförmögenhet_instrument>5.11</Andel_av_fondförmögenhet_instrument>
        <Bransch>
          <Branschkod_instrument>40</Branschkod_instrument>
          <Bransch_namn_instrument>FINANCIALS</Bransch_namn_instrument>
        </Bransch>
      </FinansielltInstrument>
      <FinansielltInstrument>
        <Tillgångsslag_enligt_LVF_5_kap>ÖverlåtbartVärdepapper</Tillgångsslag_enligt_LVF_5_kap>
        <Instrumentnamn>LEASEPLAN CORP LPTY 0 1/4 02/23/26</Instrumentnamn>
        <ISIN-kod_instrument>XS2305244241</ISIN-kod_instrument>
        <Landkod_Emittent>NL</Landkod_Emittent>
        <Valuta>EUR</Valuta>
        <Antal>1963000</Antal>
        <Nominellt_belopp />
        <Kurs_som_använts_vid_värdering_av_instrumentet>0.87</Kurs_som_använts_vid_värdering_av_instrumentet>
        <Valutakurs_instrument>11.11</Valutakurs_instrument>
        <Marknadsvärde_instrument>18988135</Marknadsvärde_instrument>
        <Andel_av_fondförmögenhet_instrument>2.29</Andel_av_fondförmögenhet_instrument>
        <Bransch>
          <Branschkod_instrument>40</Branschkod_instrument>
          <Bransch_namn_instrument>FINANCIALS</Bransch_namn_instrument>
        </Bransch>
      </FinansielltInstrument>
      <FinansielltInstrument>
        <Tillgångsslag_enligt_LVF_5_kap>ÖverlåtbartVärdepapper</Tillgångsslag_enligt_LVF_5_kap>
        <Instrumentnamn>NYKREDIT NYKRE Float 10/01/24</Instrumentnamn>
        <ISIN-kod_instrument>DK0009531998</ISIN-kod_instrument>
        <Landkod_Emittent>DK</Landkod_Emittent>
        <Valuta>SEK</Valuta>
        <Antal>30000000</Antal>
        <Nominellt_belopp />
        <Kurs_som_använts_vid_värdering_av_instrumentet>1.01</Kurs_som_använts_vid_värdering_av_instrumentet>
        <Valutakurs_instrument>1.</Valutakurs_instrument>
        <Marknadsvärde_instrument>30283203</Marknadsvärde_instrument>
        <Andel_av_fondförmögenhet_instrument>3.65</Andel_av_fondförmögenhet_instrument>
        <Bransch>
          <Branschkod_instrument>40</Branschkod_instrument>
          <Bransch_namn_instrument>FINANCIALS</Bransch_namn_instrument>
        </Bransch>
      </FinansielltInstrument>
      <FinansielltInstrument>
        <Tillgångsslag_enligt_LVF_5_kap>ÖverlåtbartVärdepapper</Tillgångsslag_enligt_LVF_5_kap>
        <Instrumentnamn>BANK OF IRELAND BKIR 1 3/8 08/11/31</Instrumentnamn>
        <ISIN-kod_instrument>XS2340236327</ISIN-kod_instrument>
        <Landkod_Emittent>IE</Landkod_Emittent>
        <Valuta>EUR</Valuta>
        <Antal>3000000</Antal>
        <Nominellt_belopp />
        <Kurs_som_använts_vid_värdering_av_instrumentet>0.85</Kurs_som_använts_vid_värdering_av_instrumentet>
        <Valutakurs_instrument>11.11</Valutakurs_instrument>
        <Marknadsvärde_instrument>28250688</Marknadsvärde_instrument>
        <Andel_av_fondförmögenhet_instrument>3.41</Andel_av_fondförmögenhet_instrument>
        <Bransch>
          <Branschkod_instrument>40</Branschkod_instrument>
          <Bransch_namn_instrument>FINANCIALS</Bransch_namn_instrument>
        </Bransch>
      </FinansielltInstrument>
      <FinansielltInstrument>
        <Tillgångsslag_enligt_LVF_5_kap>ÖverlåtbartVärdepapper</Tillgångsslag_enligt_LVF_5_kap>
        <Instrumentnamn>JYSKE BANK A/S JYBC 0.05 09/02/26</Instrumentnamn>
        <ISIN-kod_instrument>XS2382849888</ISIN-kod_instrument>
        <Landkod_Emittent>DK</Landkod_Emittent>
        <Valuta>EUR</Valuta>
        <Antal>2000000</Antal>
        <Nominellt_belopp />
        <Kurs_som_använts_vid_värdering_av_instrumentet>0.88</Kurs_som_använts_vid_värdering_av_instrumentet>
        <Valutakurs_instrument>11.11</Valutakurs_instrument>
        <Marknadsvärde_instrument>19516230</Marknadsvärde_instrument>
        <Andel_av_fondförmögenhet_instrument>2.35</Andel_av_fondförmögenhet_instrument>
        <Bransch>
          <Branschkod_instrument>40</Branschkod_instrument>
          <Bransch_namn_instrument>FINANCIALS</Bransch_namn_instrument>
        </Bransch>
      </FinansielltInstrument>
      <FinansielltInstrument>
        <Tillgångsslag_enligt_LVF_5_kap>ÖverlåtbartVärdepapper</Tillgångsslag_enligt_LVF_5_kap>
        <Instrumentnamn>NORSKE TOG AS NRSKTO Float 10/05/26</Instrumentnamn>
        <ISIN-kod_instrument>NO0011115495</ISIN-kod_instrument>
        <Landkod_Emittent>NO</Landkod_Emittent>
        <Valuta>NOK</Valuta>
        <Antal>26000000</Antal>
        <Nominellt_belopp />
        <Kurs_som_använts_vid_värdering_av_instrumentet>0.99</Kurs_som_använts_vid_värdering_av_instrumentet>
        <Valutakurs_instrument>1.06</Valutakurs_instrument>
        <Marknadsvärde_instrument>27225191</Marknadsvärde_instrument>
        <Andel_av_fondförmögenhet_instrument>3.28</Andel_av_fondförmögenhet_instrument>
        <Bransch>
          <Branschkod_instrument>40</Branschkod_instrument>
          <Bransch_namn_instrument>FINANCIALS</Bransch_namn_instrument>
        </Bransch>
      </FinansielltInstrument>
      <FinansielltInstrument>
        <Tillgångsslag_enligt_LVF_5_kap>ÖverlåtbartVärdepapper</Tillgångsslag_enligt_LVF_5_kap>
        <Instrumentnamn>EIENDOMSKREDITT EIEKRE Float 11/16/26</Instrumentnamn>
        <ISIN-kod_instrument>NO0011151094</ISIN-kod_instrument>
        <Landkod_Emittent>NO</Landkod_Emittent>
        <Valuta>NOK</Valuta>
        <Antal>30000000</Antal>
        <Nominellt_belopp />
        <Kurs_som_använts_vid_värdering_av_instrumentet>0.99</Kurs_som_använts_vid_värdering_av_instrumentet>
        <Valutakurs_instrument>1.06</Valutakurs_instrument>
        <Marknadsvärde_instrument>31466497</Marknadsvärde_instrument>
        <Andel_av_fondförmögenhet_instrument>3.8</Andel_av_fondförmögenhet_instrument>
        <Bransch>
          <Branschkod_instrument>40</Branschkod_instrument>
          <Bransch_namn_instrument>FINANCIALS</Bransch_namn_instrument>
        </Bransch>
      </FinansielltInstrument>
      <FinansielltInstrument>
        <Tillgångsslag_enligt_LVF_5_kap>ÖverlåtbartVärdepapper</Tillgångsslag_enligt_LVF_5_kap>
        <Instrumentnamn>OP CORPORATE BK OPBANK 0 5/8 07/27/27</Instrumentnamn>
        <ISIN-kod_instrument>XS2436853035</ISIN-kod_instrument>
        <Landkod_Emittent>FI</Landkod_Emittent>
        <Valuta>EUR</Valuta>
        <Antal>1500000</Antal>
        <Nominellt_belopp />
        <Kurs_som_använts_vid_värdering_av_instrumentet>0.85</Kurs_som_använts_vid_värdering_av_instrumentet>
        <Valutakurs_instrument>11.11</Valutakurs_instrument>
        <Marknadsvärde_instrument>14179973</Marknadsvärde_instrument>
        <Andel_av_fondförmögenhet_instrument>1.71</Andel_av_fondförmögenhet_instrument>
        <Bransch>
          <Branschkod_instrument>40</Branschkod_instrument>
          <Bransch_namn_instrument>FINANCIALS</Bransch_namn_instrument>
        </Bransch>
      </FinansielltInstrument>
      <FinansielltInstrument>
        <Tillgångsslag_enligt_LVF_5_kap>ÖverlåtbartVärdepapper</Tillgångsslag_enligt_LVF_5_kap>
        <Instrumentnamn>CASTELLUM HELSIN CASTSS 2 03/24/25</Instrumentnamn>
        <ISIN-kod_instrument>XS2461785185</ISIN-kod_instrument>
        <Landkod_Emittent>FI</Landkod_Emittent>
        <Valuta>EUR</Valuta>
        <Antal>2000000</Antal>
        <Nominellt_belopp />
        <Kurs_som_använts_vid_värdering_av_instrumentet>0.9</Kurs_som_använts_vid_värdering_av_instrumentet>
        <Valutakurs_instrument>11.11</Valutakurs_instrument>
        <Marknadsvärde_instrument>19932344</Marknadsvärde_instrument>
        <Andel_av_fondförmögenhet_instrument>2.4</Andel_av_fondförmögenhet_instrument>
        <Bransch>
          <Branschkod_instrument>40</Branschkod_instrument>
          <Bransch_namn_instrument>FINANCIALS</Bransch_namn_instrument>
        </Bransch>
      </FinansielltInstrument>
      <FinansielltInstrument>
        <Tillgångsslag_enligt_LVF_5_kap>ÖverlåtbartVärdepapper</Tillgångsslag_enligt_LVF_5_kap>
        <Instrumentnamn>INVESTMENT AB LATOAS 3.43 06/10/26 #DMTN</Instrumentnamn>
        <ISIN-kod_instrument>SE0013883667</ISIN-kod_instrument>
        <Landkod_Emittent>SE</Landkod_Emittent>
        <Valuta>SEK</Valuta>
        <Antal>6000000</Antal>
        <Nominellt_belopp />
        <Kurs_som_använts_vid_värdering_av_instrumentet>0.99</Kurs_som_använts_vid_värdering_av_instrumentet>
        <Valutakurs_instrument>1.</Valutakurs_instrument>
        <Marknadsvärde_instrument>5917868</Marknadsvärde_instrument>
        <Andel_av_fondförmögenhet_instrument>0.71</Andel_av_fondförmögenhet_instrument>
        <Bransch>
          <Branschkod_instrument>40</Branschkod_instrument>
          <Bransch_namn_instrument>FINANCIALS</Bransch_namn_instrument>
        </Bransch>
      </FinansielltInstrument>
      <FinansielltInstrument>
        <Tillgångsslag_enligt_LVF_5_kap>ÖverlåtbartVärdepapper</Tillgångsslag_enligt_LVF_5_kap>
        <Instrumentnamn>STATKRAFT AS STATK Float 06/14/27</Instrumentnamn>
        <ISIN-kod_instrument>NO0012541442</ISIN-kod_instrument>
        <Landkod_Emittent>NO</Landkod_Emittent>
        <Valuta>NOK</Valuta>
        <Antal>18000000</Antal>
        <Nominellt_belopp />
        <Kurs_som_använts_vid_värdering_av_instrumentet>0.99</Kurs_som_använts_vid_värdering_av_instrumentet>
        <Valutakurs_instrument>1.06</Valutakurs_instrument>
        <Marknadsvärde_instrument>18986176</Marknadsvärde_instrument>
        <Andel_av_fondförmögenhet_instrument>2.29</Andel_av_fondförmögenhet_instrument>
        <Bransch>
          <Branschkod_instrument>40</Branschkod_instrument>
          <Bransch_namn_instrument>FINANCIALS</Bransch_namn_instrument>
        </Bransch>
      </FinansielltInstrument>
      <FinansielltInstrument>
        <Tillgångsslag_enligt_LVF_5_kap>ÖverlåtbartVärdepapper</Tillgångsslag_enligt_LVF_5_kap>
        <Instrumentnamn>SBAB BANK AB SBAB 1 7/8 12/10/25</Instrumentnamn>
        <ISIN-kod_instrument>XS2489627047</ISIN-kod_instrument>
        <Landkod_Emittent>SE</Landkod_Emittent>
        <Valuta>EUR</Valuta>
        <Antal>2000000</Antal>
        <Nominellt_belopp />
        <Kurs_som_använts_vid_värdering_av_instrumentet>0.95</Kurs_som_använts_vid_värdering_av_instrumentet>
        <Valutakurs_instrument>11.11</Valutakurs_instrument>
        <Marknadsvärde_instrument>21217414</Marknadsvärde_instrument>
        <Andel_av_fondförmögenhet_instrument>2.56</Andel_av_fondförmögenhet_instrument>
        <Bransch>
          <Branschkod_instrument>40</Branschkod_instrument>
          <Bransch_namn_instrument>FINANCIALS</Bransch_namn_instrument>
        </Bransch>
      </FinansielltInstrument>
      <FinansielltInstrument>
        <Tillgångsslag_enligt_LVF_5_kap>ÖverlåtbartVärdepapper</Tillgångsslag_enligt_LVF_5_kap>
        <Instrumentnamn>ORSTED A/S ORSTED 2 1/4 06/14/28</Instrumentnamn>
        <ISIN-kod_instrument>XS2490471807</ISIN-kod_instrument>
        <Landkod_Emittent>DK</Landkod_Emittent>
        <Valuta>EUR</Valuta>
        <Antal>2200000</Antal>
        <Nominellt_belopp />
        <Kurs_som_använts_vid_värdering_av_instrumentet>0.94</Kurs_som_använts_vid_värdering_av_instrumentet>
        <Valutakurs_instrument>11.11</Valutakurs_instrument>
        <Marknadsvärde_instrument>22979556</Marknadsvärde_instrument>
        <Andel_av_fondförmögenhet_instrument>2.77</Andel_av_fondförmögenhet_instrument>
        <Bransch>
          <Branschkod_instrument>40</Branschkod_instrument>
          <Bransch_namn_instrument>FINANCIALS</Bransch_namn_instrument>
        </Bransch>
      </FinansielltInstrument>
      <FinansielltInstrument>
        <Tillgångsslag_enligt_LVF_5_kap>ÖverlåtbartVärdepapper</Tillgångsslag_enligt_LVF_5_kap>
        <Instrumentnamn>BANE NOR BANEDM Float 06/16/27</Instrumentnamn>
        <ISIN-kod_instrument>NO0012548850</ISIN-kod_instrument>
        <Landkod_Emittent>NO</Landkod_Emittent>
        <Valuta>NOK</Valuta>
        <Antal>18000000</Antal>
        <Nominellt_belopp />
        <Kurs_som_använts_vid_värdering_av_instrumentet>0.99</Kurs_som_använts_vid_värdering_av_instrumentet>
        <Valutakurs_instrument>1.06</Valutakurs_instrument>
        <Marknadsvärde_instrument>18884583</Marknadsvärde_instrument>
        <Andel_av_fondförmögenhet_instrument>2.28</Andel_av_fondförmögenhet_instrument>
        <Bransch>
          <Branschkod_instrument>40</Branschkod_instrument>
          <Bransch_namn_instrument>FINANCIALS</Bransch_namn_instrument>
        </Bransch>
      </FinansielltInstrument>
      <FinansielltInstrument>
        <Tillgångsslag_enligt_LVF_5_kap>ÖverlåtbartVärdepapper</Tillgångsslag_enligt_LVF_5_kap>
        <Instrumentnamn>A2A SPA AEMSPA 2 1/2 06/15/26</Instrumentnamn>
        <ISIN-kod_instrument>XS2491189408</ISIN-kod_instrument>
        <Landkod_Emittent>IT</Landkod_Emittent>
        <Valuta>EUR</Valuta>
        <Antal>2200000</Antal>
        <Nominellt_belopp />
        <Kurs_som_använts_vid_värdering_av_instrumentet>0.96</Kurs_som_använts_vid_värdering_av_instrumentet>
        <Valutakurs_instrument>11.11</Valutakurs_instrument>
        <Marknadsvärde_instrument>23583939</Marknadsvärde_instrument>
        <Andel_av_fondförmögenhet_instrument>2.84</Andel_av_fondförmögenhet_instrument>
        <Bransch>
          <Branschkod_instrument>40</Branschkod_instrument>
          <Bransch_namn_instrument>FINANCIALS</Bransch_namn_instrument>
        </Bransch>
      </FinansielltInstrument>
      <FinansielltInstrument>
        <Tillgångsslag_enligt_LVF_5_kap>ÖverlåtbartVärdepapper</Tillgångsslag_enligt_LVF_5_kap>
        <Instrumentnamn>BRAGE FINANS SA BRAGFI Float 06/16/27</Instrumentnamn>
        <ISIN-kod_instrument>NO0012549585</ISIN-kod_instrument>
        <Landkod_Emittent>NO</Landkod_Emittent>
        <Valuta>NOK</Valuta>
        <Antal>20000000</Antal>
        <Nominellt_belopp />
        <Kurs_som_använts_vid_värdering_av_instrumentet>0.97</Kurs_som_använts_vid_värdering_av_instrumentet>
        <Valutakurs_instrument>1.06</Valutakurs_instrument>
        <Marknadsvärde_instrument>20428011</Marknadsvärde_instrument>
        <Andel_av_fondförmögenhet_instrument>2.46</Andel_av_fondförmögenhet_instrument>
        <Bransch>
          <Branschkod_instrument>40</Branschkod_instrument>
          <Bransch_namn_instrument>FINANCIALS</Bransch_namn_instrument>
        </Bransch>
      </FinansielltInstrument>
      <FinansielltInstrument>
        <Tillgångsslag_enligt_LVF_5_kap>ÖverlåtbartVärdepapper</Tillgångsslag_enligt_LVF_5_kap>
        <Instrumentnamn>ALD SA ALDFP 4 07/05/27</Instrumentnamn>
        <ISIN-kod_instrument>XS2498554992</ISIN-kod_instrument>
        <Landkod_Emittent>FR</Landkod_Emittent>
        <Valuta>EUR</Valuta>
        <Antal>3000000</Antal>
        <Nominellt_belopp />
        <Kurs_som_använts_vid_värdering_av_instrumentet>1.02</Kurs_som_använts_vid_värdering_av_instrumentet>
        <Valutakurs_instrument>11.11</Valutakurs_instrument>
        <Marknadsvärde_instrument>33971780</Marknadsvärde_instrument>
        <Andel_av_fondförmögenhet_instrument>4.1</Andel_av_fondförmögenhet_instrument>
        <Bransch>
          <Branschkod_instrument>40</Branschkod_instrument>
          <Bransch_namn_instrument>FINANCIALS</Bransch_namn_instrument>
        </Bransch>
      </FinansielltInstrument>
      <FinansielltInstrument>
        <Tillgångsslag_enligt_LVF_5_kap>ÖverlåtbartVärdepapper</Tillgångsslag_enligt_LVF_5_kap>
        <Instrumentnamn>LANDBK HESSEN-TH HESLAN 2 5/8 08/24/27</Instrumentnamn>
        <ISIN-kod_instrument>XS2525157470</ISIN-kod_instrument>
        <Landkod_Emittent>DE</Landkod_Emittent>
        <Valuta>EUR</Valuta>
        <Antal>3000000</Antal>
        <Nominellt_belopp />
        <Kurs_som_använts_vid_värdering_av_instrumentet>0.94</Kurs_som_använts_vid_värdering_av_instrumentet>
        <Valutakurs_instrument>11.11</Valutakurs_instrument>
        <Marknadsvärde_instrument>31428084</Marknadsvärde_instrument>
        <Andel_av_fondförmögenhet_instrument>3.79</Andel_av_fondförmögenhet_instrument>
        <Bransch>
          <Branschkod_instrument>40</Branschkod_instrument>
          <Bransch_namn_instrument>FINANCIALS</Bransch_namn_instrument>
        </Bransch>
      </FinansielltInstrument>
      <FinansielltInstrument>
        <Tillgångsslag_enligt_LVF_5_kap>ÖverlåtbartVärdepapper</Tillgångsslag_enligt_LVF_5_kap>
        <Instrumentnamn>ING GROEP NV INTNED 4 1/8 08/24/33</Instrumentnamn>
        <ISIN-kod_instrument>XS2524746687</ISIN-kod_instrument>
        <Landkod_Emittent>NL</Landkod_Emittent>
        <Valuta>EUR</Valuta>
        <Antal>3500000</Antal>
        <Nominellt_belopp />
        <Kurs_som_använts_vid_värdering_av_instrumentet>0.96</Kurs_som_använts_vid_värdering_av_instrumentet>
        <Valutakurs_instrument>11.11</Valutakurs_instrument>
        <Marknadsvärde_instrument>37157113</Marknadsvärde_instrument>
        <Andel_av_fondförmögenhet_instrument>4.48</Andel_av_fondförmögenhet_instrument>
        <Bransch>
          <Branschkod_instrument>40</Branschkod_instrument>
          <Bransch_namn_instrument>FINANCIALS</Bransch_namn_instrument>
        </Bransch>
      </FinansielltInstrument>
      <FinansielltInstrument>
        <Tillgångsslag_enligt_LVF_5_kap>ÖverlåtbartVärdepapper</Tillgångsslag_enligt_LVF_5_kap>
        <Instrumentnamn>KBC GROUP NV KBCBB 3 08/25/30</Instrumentnamn>
        <ISIN-kod_instrument>BE0002875566</ISIN-kod_instrument>
        <Landkod_Emittent>LU</Landkod_Emittent>
        <Valuta>EUR</Valuta>
        <Antal>3000000</Antal>
        <Nominellt_belopp />
        <Kurs_som_använts_vid_värdering_av_instrumentet>0.93</Kurs_som_använts_vid_värdering_av_instrumentet>
        <Valutakurs_instrument>11.11</Valutakurs_instrument>
        <Marknadsvärde_instrument>30887820</Marknadsvärde_instrument>
        <Andel_av_fondförmögenhet_instrument>3.73</Andel_av_fondförmögenhet_instrument>
        <Bransch>
          <Branschkod_instrument>40</Branschkod_instrument>
          <Bransch_namn_instrument>FINANCIALS</Bransch_namn_instrument>
        </Bransch>
      </FinansielltInstrument>
      <FinansielltInstrument>
        <Tillgångsslag_enligt_LVF_5_kap>ÖverlåtbartVärdepapper</Tillgångsslag_enligt_LVF_5_kap>
        <Instrumentnamn>SYDBANK A/S SYDBDC 4 3/4 09/30/25</Instrumentnamn>
        <ISIN-kod_instrument>XS2538445581</ISIN-kod_instrument>
        <Landkod_Emittent>DK</Landkod_Emittent>
        <Valuta>EUR</Valuta>
        <Antal>3000000</Antal>
        <Nominellt_belopp />
        <Kurs_som_använts_vid_värdering_av_instrumentet>1.01</Kurs_som_använts_vid_värdering_av_instrumentet>
        <Valutakurs_instrument>11.11</Valutakurs_instrument>
        <Marknadsvärde_instrument>33596664</Marknadsvärde_instrument>
        <Andel_av_fondförmögenhet_instrument>4.05</Andel_av_fondförmögenhet_instrument>
        <Bransch>
          <Branschkod_instrument>40</Branschkod_instrument>
          <Bransch_namn_instrument>FINANCIALS</Bransch_namn_instrument>
        </Bransch>
      </FinansielltInstrument>
      <FinansielltInstrument>
        <Tillgångsslag_enligt_LVF_5_kap>ÖverlåtbartVärdepapper</Tillgångsslag_enligt_LVF_5_kap>
        <Instrumentnamn>SPAREBANK 1 OEST SPOLNO Float 09/17/26</Instrumentnamn>
        <ISIN-kod_instrument>NO0010893639</ISIN-kod_instrument>
        <Landkod_Emittent>NO</Landkod_Emittent>
        <Valuta>NOK</Valuta>
        <Antal>30000000</Antal>
        <Nominellt_belopp />
        <Kurs_som_använts_vid_värdering_av_instrumentet>0.98</Kurs_som_använts_vid_värdering_av_instrumentet>
        <Valutakurs_instrument>1.06</Valutakurs_instrument>
        <Marknadsvärde_instrument>31158546</Marknadsvärde_instrument>
        <Andel_av_fondförmögenhet_instrument>3.76</Andel_av_fondförmögenhet_instrument>
        <Bransch>
          <Branschkod_instrument>40</Branschkod_instrument>
          <Bransch_namn_instrument>FINANCIALS</Bransch_namn_instrument>
        </Bransch>
      </FinansielltInstrument>
      <FinansielltInstrument>
        <Tillgångsslag_enligt_LVF_5_kap>ÖverlåtbartVärdepapper</Tillgångsslag_enligt_LVF_5_kap>
        <Instrumentnamn>SCHNEIDER ELEC SUFP 3 1/4 11/09/27</Instrumentnamn>
        <ISIN-kod_instrument>FR001400DT99</ISIN-kod_instrument>
        <Landkod_Emittent>BE</Landkod_Emittent>
        <Valuta>EUR</Valuta>
        <Antal>300000</Antal>
        <Nominellt_belopp />
        <Kurs_som_använts_vid_värdering_av_instrumentet>0.99</Kurs_som_använts_vid_värdering_av_instrumentet>
        <Valutakurs_instrument>11.11</Valutakurs_instrument>
        <Marknadsvärde_instrument>3310141</Marknadsvärde_instrument>
        <Andel_av_fondförmögenhet_instrument>0.4</Andel_av_fondförmögenhet_instrument>
        <Bransch>
          <Branschkod_instrument>40</Branschkod_instrument>
          <Bransch_namn_instrument>FINANCIALS</Bransch_namn_instrument>
        </Bransch>
      </FinansielltInstrument>
      <FinansielltInstrument>
        <Tillgångsslag_enligt_LVF_5_kap>ÖverlåtbartVärdepapper</Tillgångsslag_enligt_LVF_5_kap>
        <Instrumentnamn>COVESTRO AG COVEGR 4 3/4 11/15/28</Instrumentnamn>
        <ISIN-kod_instrument>XS2554997937</ISIN-kod_instrument>
        <Landkod_Emittent>DE</Landkod_Emittent>
        <Valuta>EUR</Valuta>
        <Antal>3000000</Antal>
        <Nominellt_belopp />
        <Kurs_som_använts_vid_värdering_av_instrumentet>1.01</Kurs_som_använts_vid_värdering_av_instrumentet>
        <Valutakurs_instrument>11.11</Valutakurs_instrument>
        <Marknadsvärde_instrument>33576452</Marknadsvärde_instrument>
        <Andel_av_fondförmögenhet_instrument>4.05</Andel_av_fondförmögenhet_instrument>
        <Bransch>
          <Branschkod_instrument>40</Branschkod_instrument>
          <Bransch_namn_instrument>FINANCIALS</Bransch_namn_instrument>
        </Bransch>
      </FinansielltInstrument>
      <FinansielltInstrument>
        <Tillgångsslag_enligt_LVF_5_kap>ÖverlåtbartVärdepapper</Tillgångsslag_enligt_LVF_5_kap>
        <Instrumentnamn>ENBW ENBW 3 5/8 11/22/26</Instrumentnamn>
        <ISIN-kod_instrument>XS2558395351</ISIN-kod_instrument>
        <Landkod_Emittent>SE</Landkod_Emittent>
        <Valuta>EUR</Valuta>
        <Antal>600000</Antal>
        <Nominellt_belopp />
        <Kurs_som_använts_vid_värdering_av_instrumentet>1.</Kurs_som_använts_vid_värdering_av_instrumentet>
        <Valutakurs_instrument>11.11</Valutakurs_instrument>
        <Marknadsvärde_instrument>6689317</Marknadsvärde_instrument>
        <Andel_av_fondförmögenhet_instrument>0.81</Andel_av_fondförmögenhet_instrument>
        <Bransch>
          <Branschkod_instrument>40</Branschkod_instrument>
          <Bransch_namn_instrument>FINANCIALS</Bransch_namn_instrument>
        </Bransch>
      </FinansielltInstrument>
      <FinansielltInstrument>
        <Tillgångsslag_enligt_LVF_5_kap>ÖverlåtbartVärdepapper</Tillgångsslag_enligt_LVF_5_kap>
        <Instrumentnamn>SCANIA SCANIA Float 02/25/26</Instrumentnamn>
        <ISIN-kod_instrument>XS2559908459</ISIN-kod_instrument>
        <Landkod_Emittent>SE</Landkod_Emittent>
        <Valuta>SEK</Valuta>
        <Antal>24000000</Antal>
        <Nominellt_belopp />
        <Kurs_som_använts_vid_värdering_av_instrumentet>1.</Kurs_som_använts_vid_värdering_av_instrumentet>
        <Valutakurs_instrument>1.</Valutakurs_instrument>
        <Marknadsvärde_instrument>24082732</Marknadsvärde_instrument>
        <Andel_av_fondförmögenhet_instrument>2.9</Andel_av_fondförmögenhet_instrument>
        <Bransch>
          <Branschkod_instrument>40</Branschkod_instrument>
          <Bransch_namn_instrument>FINANCIALS</Bransch_namn_instrument>
        </Bransch>
      </FinansielltInstrument>
      <FinansielltInstrument>
        <Tillgångsslag_enligt_LVF_5_kap>ÖverlåtbartVärdepapper</Tillgångsslag_enligt_LVF_5_kap>
        <Instrumentnamn>COMMERZBANK AG CMZB 0 3/4 03/24/26</Instrumentnamn>
        <ISIN-kod_instrument>DE000CB0HRQ9</ISIN-kod_instrument>
        <Landkod_Emittent>DE</Landkod_Emittent>
        <Valuta>EUR</Valuta>
        <Antal>2000000</Antal>
        <Nominellt_belopp />
        <Kurs_som_använts_vid_värdering_av_instrumentet>0.92</Kurs_som_använts_vid_värdering_av_instrumentet>
        <Valutakurs_instrument>11.11</Valutakurs_instrument>
        <Marknadsvärde_instrument>20438730</Marknadsvärde_instrument>
        <Andel_av_fondförmögenhet_instrument>2.47</Andel_av_fondförmögenhet_instrument>
        <Bransch>
          <Branschkod_instrument>40</Branschkod_instrument>
          <Bransch_namn_instrument>FINANCIALS</Bransch_namn_instrument>
        </Bransch>
      </FinansielltInstrument>
      <FinansielltInstrument>
        <Tillgångsslag_enligt_LVF_5_kap>ÖverlåtbartVärdepapper</Tillgångsslag_enligt_LVF_5_kap>
        <Instrumentnamn>AIB GROUP PLC AIB 2 7/8 05/30/31</Instrumentnamn>
        <ISIN-kod_instrument>XS2230399441</ISIN-kod_instrument>
        <Landkod_Emittent>IE</Landkod_Emittent>
        <Valuta>EUR</Valuta>
        <Antal>4000000</Antal>
        <Nominellt_belopp />
        <Kurs_som_använts_vid_värdering_av_instrumentet>0.91</Kurs_som_använts_vid_värdering_av_instrumentet>
        <Valutakurs_instrument>11.11</Valutakurs_instrument>
        <Marknadsvärde_instrument>40619433</Marknadsvärde_instrument>
        <Andel_av_fondförmögenhet_instrument>4.9</Andel_av_fondförmögenhet_instrument>
        <Bransch>
          <Branschkod_instrument>40</Branschkod_instrument>
          <Bransch_namn_instrument>FINANCIALS</Bransch_namn_instrument>
        </Bransch>
      </FinansielltInstrument>
      <FinansielltInstrument>
        <Tillgångsslag_enligt_LVF_5_kap>ÖverlåtbartVärdepapper</Tillgångsslag_enligt_LVF_5_kap>
        <Instrumentnamn>E.ON SE EOANGR 0 3/8 09/29/27</Instrumentnamn>
        <ISIN-kod_instrument>XS2103014291</ISIN-kod_instrument>
        <Landkod_Emittent>DE</Landkod_Emittent>
        <Valuta>EUR</Valuta>
        <Antal>2000000</Antal>
        <Nominellt_belopp />
        <Kurs_som_använts_vid_värdering_av_instrumentet>0.87</Kurs_som_använts_vid_värdering_av_instrumentet>
        <Valutakurs_instrument>11.11</Valutakurs_instrument>
        <Marknadsvärde_instrument>19441506</Marknadsvärde_instrument>
        <Andel_av_fondförmögenhet_instrument>2.34</Andel_av_fondförmögenhet_instrument>
        <Bransch>
          <Branschkod_instrument>40</Branschkod_instrument>
          <Bransch_namn_instrument>FINANCIALS</Bransch_namn_instrument>
        </Bransch>
      </FinansielltInstrument>
      <FinansielltInstrument>
        <Tillgångsslag_enligt_LVF_5_kap>ÖverlåtbartVärdepapper</Tillgångsslag_enligt_LVF_5_kap>
        <Instrumentnamn>BPCE BPCEGP 0 1/8 12/04/24</Instrumentnamn>
        <ISIN-kod_instrument>FR0013464930</ISIN-kod_instrument>
        <Landkod_Emittent>FR</Landkod_Emittent>
        <Valuta>EUR</Valuta>
        <Antal>3000000</Antal>
        <Nominellt_belopp />
        <Kurs_som_använts_vid_värdering_av_instrumentet>0.94</Kurs_som_använts_vid_värdering_av_instrumentet>
        <Valutakurs_instrument>11.11</Valutakurs_instrument>
        <Marknadsvärde_instrument>31390732</Marknadsvärde_instrument>
        <Andel_av_fondförmögenhet_instrument>3.79</Andel_av_fondförmögenhet_instrument>
        <Bransch>
          <Branschkod_instrument>40</Branschkod_instrument>
          <Bransch_namn_instrument>FINANCIALS</Bransch_namn_instrument>
        </Bransch>
      </FinansielltInstrument>
      <FinansielltInstrument>
        <Tillgångsslag_enligt_LVF_5_kap>ÖverlåtbartVärdepapper</Tillgångsslag_enligt_LVF_5_kap>
        <Instrumentnamn>DEUTSCHE TEL FIN DT 1 3/8 01/30/27</Instrumentnamn>
        <ISIN-kod_instrument>XS1557095616</ISIN-kod_instrument>
        <Landkod_Emittent>DE</Landkod_Emittent>
        <Valuta>EUR</Valuta>
        <Antal>2000000</Antal>
        <Nominellt_belopp />
        <Kurs_som_använts_vid_värdering_av_instrumentet>0.94</Kurs_som_använts_vid_värdering_av_instrumentet>
        <Valutakurs_instrument>11.11</Valutakurs_instrument>
        <Marknadsvärde_instrument>20875596</Marknadsvärde_instrument>
        <Andel_av_fondförmögenhet_instrument>2.52</Andel_av_fondförmögenhet_instrument>
        <Bransch>
          <Branschkod_instrument>40</Branschkod_instrument>
          <Bransch_namn_instrument>FINANCIALS</Bransch_namn_instrument>
        </Bransch>
      </FinansielltInstrument>
      <FinansielltInstrument>
        <Tillgångsslag_enligt_LVF_5_kap>ÖverlåtbartVärdepapper</Tillgångsslag_enligt_LVF_5_kap>
        <Instrumentnamn>BRITISH TELECOMM BRITEL 0 7/8 09/26/23</Instrumentnamn>
        <ISIN-kod_instrument>XS1886402814</ISIN-kod_instrument>
        <Landkod_Emittent>GB</Landkod_Emittent>
        <Valuta>EUR</Valuta>
        <Antal>3577000</Antal>
        <Nominellt_belopp />
        <Kurs_som_använts_vid_värdering_av_instrumentet>0.99</Kurs_som_använts_vid_värdering_av_instrumentet>
        <Valutakurs_instrument>11.11</Valutakurs_instrument>
        <Marknadsvärde_instrument>39296841</Marknadsvärde_instrument>
        <Andel_av_fondförmögenhet_instrument>4.74</Andel_av_fondförmögenhet_instrument>
        <Bransch>
          <Branschkod_instrument>40</Branschkod_instrument>
          <Bransch_namn_instrument>FINANCIALS</Bransch_namn_instrument>
        </Bransch>
      </FinansielltInstrument>
      <FinansielltInstrument>
        <Tillgångsslag_enligt_LVF_5_kap>ÖverlåtbartVärdepapper</Tillgångsslag_enligt_LVF_5_kap>
        <Instrumentnamn>KUNGSLEDEN KLED Float 03/07/23</Instrumentnamn>
        <ISIN-kod_instrument>SE0011869692</ISIN-kod_instrument>
        <Landkod_Emittent>SE</Landkod_Emittent>
        <Valuta>SEK</Valuta>
        <Antal>22000000</Antal>
        <Nominellt_belopp />
        <Kurs_som_använts_vid_värdering_av_instrumentet>1.</Kurs_som_använts_vid_värdering_av_instrumentet>
        <Valutakurs_instrument>1.</Valutakurs_instrument>
        <Marknadsvärde_instrument>22016303</Marknadsvärde_instrument>
        <Andel_av_fondförmögenhet_instrument>2.66</Andel_av_fondförmögenhet_instrument>
        <Bransch>
          <Branschkod_instrument>40</Branschkod_instrument>
          <Bransch_namn_instrument>FINANCIALS</Bransch_namn_instrument>
        </Bransch>
      </FinansielltInstrument>
      <FinansielltInstrument>
        <Tillgångsslag_enligt_LVF_5_kap>ÖverlåtbartVärdepapper</Tillgångsslag_enligt_LVF_5_kap>
        <Instrumentnamn>ELECTROLUX AB ELTLX 1.103 03/27/24</Instrumentnamn>
        <ISIN-kod_instrument>XS1969611943</ISIN-kod_instrument>
        <Landkod_Emittent>SE</Landkod_Emittent>
        <Valuta>SEK</Valuta>
        <Antal>20000000</Antal>
        <Nominellt_belopp />
        <Kurs_som_använts_vid_värdering_av_instrumentet>0.97</Kurs_som_använts_vid_värdering_av_instrumentet>
        <Valutakurs_instrument>1.</Valutakurs_instrument>
        <Marknadsvärde_instrument>19391275</Marknadsvärde_instrument>
        <Andel_av_fondförmögenhet_instrument>2.34</Andel_av_fondförmögenhet_instrument>
        <Bransch>
          <Branschkod_instrument>40</Branschkod_instrument>
          <Bransch_namn_instrument>FINANCIALS</Bransch_namn_instrument>
        </Bransch>
      </FinansielltInstrument>
    </FinansiellaInstrument>
  </Fondinformation>
  <Fondinformation />
</VärdepappersfondInnehav>