﻿<?xml version="1.0" encoding="utf-8"?>
<VärdepappersfondInnehav xmlns="http://schemas.fi.se/publika/vardepappersfonder/20200331">
  <Rapportinformation>
    <Kvartalsslut>2022-12-31</Kvartalsslut>
  </Rapportinformation>
  <Bolagsinformation>
    <Fondbolag_namn>E. Öhman J:or Fonder AB</Fondbolag_namn>
    <Fondbolag_institutnummer>58092</Fondbolag_institutnummer>
    <Fondbolag_LEI-kod>549300VKZ5UYSWL0KI68</Fondbolag_LEI-kod>
  </Bolagsinformation>
  <Fondinformation>
    <Fond_institutnummer>51733</Fond_institutnummer>
    <Fond_ISIN-kod>SE0002176529</Fond_ISIN-kod>
    <Fond_namn>Öhman Global Aktiefond</Fond_namn>
    <Fond_status>Ej aktiv fond</Fond_status>
  </Fondinformation>
  <Fondinformation />
</VärdepappersfondInnehav>