﻿<?xml version="1.0" encoding="utf-8"?>
<VärdepappersfondInnehav xmlns="http://schemas.fi.se/publika/vardepappersfonder/20200331">
  <Rapportinformation>
    <Kvartalsslut>2022-12-31</Kvartalsslut>
  </Rapportinformation>
  <Bolagsinformation>
    <Fondbolag_namn>E. Öhman J:or Fonder AB</Fondbolag_namn>
    <Fondbolag_institutnummer>58092</Fondbolag_institutnummer>
    <Fondbolag_LEI-kod>549300VKZ5UYSWL0KI68</Fondbolag_LEI-kod>
  </Bolagsinformation>
  <Fondinformation>
    <Fond_institutnummer>51479</Fond_institutnummer>
    <Fond_ISIN-kod>SE0000533945</Fond_ISIN-kod>
    <Fond_namn>Öhman Global</Fond_namn>
    <Förvaltningsavgift>
      <MedAndelsklasser>
        <Förvaltningsavgift>
          <Andelsklass_namn>GLOBAL A</Andelsklass_namn>
          <Förvaltningsavgift_Typ>
            <Förvaltningsavgift_fast>1.25</Förvaltningsavgift_fast>
          </Förvaltningsavgift_Typ>
        </Förvaltningsavgift>
        <Förvaltningsavgift>
          <Andelsklass_namn>GLOBAL B</Andelsklass_namn>
          <Förvaltningsavgift_Typ>
            <Förvaltningsavgift_fast>1.25</Förvaltningsavgift_fast>
          </Förvaltningsavgift_Typ>
        </Förvaltningsavgift>
      </MedAndelsklasser>
    </Förvaltningsavgift>
    <Fondförmögenhet>17129618627</Fondförmögenhet>
    <Likvida_medel>321236069</Likvida_medel>
    <Övriga_tillgångar_och_skulder>-12704044</Övriga_tillgångar_och_skulder>
    <Aktiv_risk>2.87</Aktiv_risk>
    <Standardavvikelse_24_månader>12.81</Standardavvikelse_24_månader>
    <Jämförelseindex>
      <Jämförelseindex>MSCI AC WORLD NDR</Jämförelseindex>
    </Jämförelseindex>
    <FinansiellaInstrument>
      <FinansielltInstrument>
        <Tillgångsslag_enligt_LVF_5_kap>ÖverlåtbartVärdepapper</Tillgångsslag_enligt_LVF_5_kap>
        <Instrumentnamn>KLA CORPORATION</Instrumentnamn>
        <ISIN-kod_instrument>US4824801009</ISIN-kod_instrument>
        <Landkod_Emittent>US</Landkod_Emittent>
        <Valuta>USD</Valuta>
        <Antal>46227</Antal>
        <Nominellt_belopp />
        <Kurs_som_använts_vid_värdering_av_instrumentet>377.03</Kurs_som_använts_vid_värdering_av_instrumentet>
        <Valutakurs_instrument>10.4195</Valutakurs_instrument>
        <Marknadsvärde_instrument>181601109.26</Marknadsvärde_instrument>
        <Andel_av_fondförmögenhet_instrument>1.06</Andel_av_fondförmögenhet_instrument>
        <Bransch>
          <Branschkod_instrument>45</Branschkod_instrument>
          <Bransch_namn_instrument>Informationsteknologi</Bransch_namn_instrument>
        </Bransch>
      </FinansielltInstrument>
      <FinansielltInstrument>
        <Tillgångsslag_enligt_LVF_5_kap>ÖverlåtbartVärdepapper</Tillgångsslag_enligt_LVF_5_kap>
        <Instrumentnamn>ADV MICRO DEV</Instrumentnamn>
        <ISIN-kod_instrument>US0079031078</ISIN-kod_instrument>
        <Landkod_Emittent>US</Landkod_Emittent>
        <Valuta>USD</Valuta>
        <Antal>270645</Antal>
        <Nominellt_belopp />
        <Kurs_som_använts_vid_värdering_av_instrumentet>64.77</Kurs_som_använts_vid_värdering_av_instrumentet>
        <Valutakurs_instrument>10.4195</Valutakurs_instrument>
        <Marknadsvärde_instrument>182650465.85</Marknadsvärde_instrument>
        <Andel_av_fondförmögenhet_instrument>1.07</Andel_av_fondförmögenhet_instrument>
        <Bransch>
          <Branschkod_instrument>45</Branschkod_instrument>
          <Bransch_namn_instrument>Informationsteknologi</Bransch_namn_instrument>
        </Bransch>
      </FinansielltInstrument>
      <FinansielltInstrument>
        <Tillgångsslag_enligt_LVF_5_kap>ÖverlåtbartVärdepapper</Tillgångsslag_enligt_LVF_5_kap>
        <Instrumentnamn>INFINEON TECH</Instrumentnamn>
        <ISIN-kod_instrument>DE0006231004</ISIN-kod_instrument>
        <Landkod_Emittent>DE</Landkod_Emittent>
        <Valuta>EUR</Valuta>
        <Antal>336101</Antal>
        <Nominellt_belopp />
        <Kurs_som_använts_vid_värdering_av_instrumentet>28.43</Kurs_som_använts_vid_värdering_av_instrumentet>
        <Valutakurs_instrument>11.120211</Valutakurs_instrument>
        <Marknadsvärde_instrument>106257524.08</Marknadsvärde_instrument>
        <Andel_av_fondförmögenhet_instrument>0.62</Andel_av_fondförmögenhet_instrument>
        <Bransch>
          <Branschkod_instrument>45</Branschkod_instrument>
          <Bransch_namn_instrument>Informationsteknologi</Bransch_namn_instrument>
        </Bransch>
      </FinansielltInstrument>
      <FinansielltInstrument>
        <Tillgångsslag_enligt_LVF_5_kap>ÖverlåtbartVärdepapper</Tillgångsslag_enligt_LVF_5_kap>
        <Instrumentnamn>FISERV</Instrumentnamn>
        <ISIN-kod_instrument>US3377381088</ISIN-kod_instrument>
        <Landkod_Emittent>US</Landkod_Emittent>
        <Valuta>USD</Valuta>
        <Antal>160355</Antal>
        <Nominellt_belopp />
        <Kurs_som_använts_vid_värdering_av_instrumentet>101.07</Kurs_som_använts_vid_värdering_av_instrumentet>
        <Valutakurs_instrument>10.4195</Valutakurs_instrument>
        <Marknadsvärde_instrument>168869668.5</Marknadsvärde_instrument>
        <Andel_av_fondförmögenhet_instrument>0.99</Andel_av_fondförmögenhet_instrument>
        <Bransch>
          <Branschkod_instrument>45</Branschkod_instrument>
          <Bransch_namn_instrument>Informationsteknologi</Bransch_namn_instrument>
        </Bransch>
      </FinansielltInstrument>
      <FinansielltInstrument>
        <Tillgångsslag_enligt_LVF_5_kap>ÖverlåtbartVärdepapper</Tillgångsslag_enligt_LVF_5_kap>
        <Instrumentnamn>FORTINET INC</Instrumentnamn>
        <ISIN-kod_instrument>US34959E1091</ISIN-kod_instrument>
        <Landkod_Emittent>US</Landkod_Emittent>
        <Valuta>USD</Valuta>
        <Antal>158386</Antal>
        <Nominellt_belopp />
        <Kurs_som_använts_vid_värdering_av_instrumentet>48.89</Kurs_som_använts_vid_värdering_av_instrumentet>
        <Valutakurs_instrument>10.4195</Valutakurs_instrument>
        <Marknadsvärde_instrument>80683310.1</Marknadsvärde_instrument>
        <Andel_av_fondförmögenhet_instrument>0.47</Andel_av_fondförmögenhet_instrument>
        <Bransch>
          <Branschkod_instrument>45</Branschkod_instrument>
          <Bransch_namn_instrument>Informationsteknologi</Bransch_namn_instrument>
        </Bransch>
      </FinansielltInstrument>
      <FinansielltInstrument>
        <Tillgångsslag_enligt_LVF_5_kap>ÖverlåtbartVärdepapper</Tillgångsslag_enligt_LVF_5_kap>
        <Instrumentnamn>LONGI GREEN ENERGY</Instrumentnamn>
        <ISIN-kod_instrument>CNE100001FR6</ISIN-kod_instrument>
        <Landkod_Emittent>CN</Landkod_Emittent>
        <Valuta>CNY</Valuta>
        <Antal>1827803</Antal>
        <Nominellt_belopp />
        <Kurs_som_använts_vid_värdering_av_instrumentet>42.26</Kurs_som_använts_vid_värdering_av_instrumentet>
        <Valutakurs_instrument>1.498842</Valutakurs_instrument>
        <Marknadsvärde_instrument>115774984.83</Marknadsvärde_instrument>
        <Andel_av_fondförmögenhet_instrument>0.68</Andel_av_fondförmögenhet_instrument>
        <Bransch>
          <Branschkod_instrument>45</Branschkod_instrument>
          <Bransch_namn_instrument>Informationsteknologi</Bransch_namn_instrument>
        </Bransch>
      </FinansielltInstrument>
      <FinansielltInstrument>
        <Tillgångsslag_enligt_LVF_5_kap>ÖverlåtbartVärdepapper</Tillgångsslag_enligt_LVF_5_kap>
        <Instrumentnamn>IBERDROLA 1</Instrumentnamn>
        <ISIN-kod_instrument>ES0144580Y14</ISIN-kod_instrument>
        <Landkod_Emittent>ES</Landkod_Emittent>
        <Valuta>EUR</Valuta>
        <Antal>1607532</Antal>
        <Nominellt_belopp />
        <Kurs_som_använts_vid_värdering_av_instrumentet>10.93</Kurs_som_använts_vid_värdering_av_instrumentet>
        <Valutakurs_instrument>11.120211</Valutakurs_instrument>
        <Marknadsvärde_instrument>195385718.67</Marknadsvärde_instrument>
        <Andel_av_fondförmögenhet_instrument>1.14</Andel_av_fondförmögenhet_instrument>
        <Bransch>
          <Branschkod_instrument>55</Branschkod_instrument>
          <Bransch_namn_instrument>Kraftförsörjning</Bransch_namn_instrument>
        </Bransch>
      </FinansielltInstrument>
      <FinansielltInstrument>
        <Tillgångsslag_enligt_LVF_5_kap>ÖverlåtbartVärdepapper</Tillgångsslag_enligt_LVF_5_kap>
        <Instrumentnamn>AUTOSTORE HLDS</Instrumentnamn>
        <ISIN-kod_instrument>BMG0670A1099</ISIN-kod_instrument>
        <Landkod_Emittent>NO</Landkod_Emittent>
        <Valuta>NOK</Valuta>
        <Antal>5238965</Antal>
        <Nominellt_belopp />
        <Kurs_som_använts_vid_värdering_av_instrumentet>17.925</Kurs_som_använts_vid_värdering_av_instrumentet>
        <Valutakurs_instrument>1.05771</Valutakurs_instrument>
        <Marknadsvärde_instrument>99327904.14</Marknadsvärde_instrument>
        <Andel_av_fondförmögenhet_instrument>0.58</Andel_av_fondförmögenhet_instrument>
        <Bransch>
          <Branschkod_instrument>45</Branschkod_instrument>
          <Bransch_namn_instrument>Informationsteknologi</Bransch_namn_instrument>
        </Bransch>
      </FinansielltInstrument>
      <FinansielltInstrument>
        <Tillgångsslag_enligt_LVF_5_kap>ÖverlåtbartVärdepapper</Tillgångsslag_enligt_LVF_5_kap>
        <Instrumentnamn>MICROSOFT CORP</Instrumentnamn>
        <ISIN-kod_instrument>US5949181045</ISIN-kod_instrument>
        <Landkod_Emittent>US</Landkod_Emittent>
        <Valuta>USD</Valuta>
        <Antal>303039</Antal>
        <Nominellt_belopp />
        <Kurs_som_använts_vid_värdering_av_instrumentet>239.82</Kurs_som_använts_vid_värdering_av_instrumentet>
        <Valutakurs_instrument>10.4195</Valutakurs_instrument>
        <Marknadsvärde_instrument>757235213.85</Marknadsvärde_instrument>
        <Andel_av_fondförmögenhet_instrument>4.42</Andel_av_fondförmögenhet_instrument>
        <Bransch>
          <Branschkod_instrument>45</Branschkod_instrument>
          <Bransch_namn_instrument>Informationsteknologi</Bransch_namn_instrument>
        </Bransch>
      </FinansielltInstrument>
      <FinansielltInstrument>
        <Tillgångsslag_enligt_LVF_5_kap>ÖverlåtbartVärdepapper</Tillgångsslag_enligt_LVF_5_kap>
        <Instrumentnamn>DATADOG</Instrumentnamn>
        <ISIN-kod_instrument>US23804L1035</ISIN-kod_instrument>
        <Landkod_Emittent>US</Landkod_Emittent>
        <Valuta>USD</Valuta>
        <Antal>105700</Antal>
        <Nominellt_belopp />
        <Kurs_som_använts_vid_värdering_av_instrumentet>73.5</Kurs_som_använts_vid_värdering_av_instrumentet>
        <Valutakurs_instrument>10.4195</Valutakurs_instrument>
        <Marknadsvärde_instrument>80948574.53</Marknadsvärde_instrument>
        <Andel_av_fondförmögenhet_instrument>0.47</Andel_av_fondförmögenhet_instrument>
        <Bransch>
          <Branschkod_instrument>45</Branschkod_instrument>
          <Bransch_namn_instrument>Informationsteknologi</Bransch_namn_instrument>
        </Bransch>
      </FinansielltInstrument>
      <FinansielltInstrument>
        <Tillgångsslag_enligt_LVF_5_kap>ÖverlåtbartVärdepapper</Tillgångsslag_enligt_LVF_5_kap>
        <Instrumentnamn>COUPA SOFTWARE</Instrumentnamn>
        <ISIN-kod_instrument>US22266L1061</ISIN-kod_instrument>
        <Landkod_Emittent>US</Landkod_Emittent>
        <Valuta>USD</Valuta>
        <Antal>149880</Antal>
        <Nominellt_belopp />
        <Kurs_som_använts_vid_värdering_av_instrumentet>79.17</Kurs_som_använts_vid_värdering_av_instrumentet>
        <Valutakurs_instrument>10.4195</Valutakurs_instrument>
        <Marknadsvärde_instrument>123637782.83</Marknadsvärde_instrument>
        <Andel_av_fondförmögenhet_instrument>0.72</Andel_av_fondförmögenhet_instrument>
        <Bransch>
          <Branschkod_instrument>45</Branschkod_instrument>
          <Bransch_namn_instrument>Informationsteknologi</Bransch_namn_instrument>
        </Bransch>
      </FinansielltInstrument>
      <FinansielltInstrument>
        <Tillgångsslag_enligt_LVF_5_kap>ÖverlåtbartVärdepapper</Tillgångsslag_enligt_LVF_5_kap>
        <Instrumentnamn>VISA INC-CLASS A SH</Instrumentnamn>
        <ISIN-kod_instrument>US92826C8394</ISIN-kod_instrument>
        <Landkod_Emittent>US</Landkod_Emittent>
        <Valuta>USD</Valuta>
        <Antal>156717</Antal>
        <Nominellt_belopp />
        <Kurs_som_använts_vid_värdering_av_instrumentet>207.76</Kurs_som_använts_vid_värdering_av_instrumentet>
        <Valutakurs_instrument>10.4195</Valutakurs_instrument>
        <Marknadsvärde_instrument>339253959.48</Marknadsvärde_instrument>
        <Andel_av_fondförmögenhet_instrument>1.98</Andel_av_fondförmögenhet_instrument>
        <Bransch>
          <Branschkod_instrument>45</Branschkod_instrument>
          <Bransch_namn_instrument>Informationsteknologi</Bransch_namn_instrument>
        </Bransch>
      </FinansielltInstrument>
      <FinansielltInstrument>
        <Tillgångsslag_enligt_LVF_5_kap>ÖverlåtbartVärdepapper</Tillgångsslag_enligt_LVF_5_kap>
        <Instrumentnamn>SK HYNIX</Instrumentnamn>
        <ISIN-kod_instrument>KR7000660001</ISIN-kod_instrument>
        <Landkod_Emittent>KR</Landkod_Emittent>
        <Valuta>KRW</Valuta>
        <Antal>155255</Antal>
        <Nominellt_belopp />
        <Kurs_som_använts_vid_värdering_av_instrumentet>75000</Kurs_som_använts_vid_värdering_av_instrumentet>
        <Valutakurs_instrument>0.00824</Valutakurs_instrument>
        <Marknadsvärde_instrument>95947590</Marknadsvärde_instrument>
        <Andel_av_fondförmögenhet_instrument>0.56</Andel_av_fondförmögenhet_instrument>
        <Bransch>
          <Branschkod_instrument>45</Branschkod_instrument>
          <Bransch_namn_instrument>Informationsteknologi</Bransch_namn_instrument>
        </Bransch>
      </FinansielltInstrument>
      <FinansielltInstrument>
        <Tillgångsslag_enligt_LVF_5_kap>ÖverlåtbartVärdepapper</Tillgångsslag_enligt_LVF_5_kap>
        <Instrumentnamn>SPOTIFY TECHNOLOGY</Instrumentnamn>
        <ISIN-kod_instrument>LU1778762911</ISIN-kod_instrument>
        <Landkod_Emittent>LU</Landkod_Emittent>
        <Valuta>USD</Valuta>
        <Antal>126700</Antal>
        <Nominellt_belopp />
        <Kurs_som_använts_vid_värdering_av_instrumentet>78.95</Kurs_som_använts_vid_värdering_av_instrumentet>
        <Valutakurs_instrument>10.4195</Valutakurs_instrument>
        <Marknadsvärde_instrument>104225893.82</Marknadsvärde_instrument>
        <Andel_av_fondförmögenhet_instrument>0.61</Andel_av_fondförmögenhet_instrument>
        <Bransch>
          <Branschkod_instrument>45</Branschkod_instrument>
          <Bransch_namn_instrument>Informationsteknologi</Bransch_namn_instrument>
        </Bransch>
      </FinansielltInstrument>
      <FinansielltInstrument>
        <Tillgångsslag_enligt_LVF_5_kap>ÖverlåtbartVärdepapper</Tillgångsslag_enligt_LVF_5_kap>
        <Instrumentnamn>PAYPAL</Instrumentnamn>
        <ISIN-kod_instrument>US70450Y1038</ISIN-kod_instrument>
        <Landkod_Emittent>US</Landkod_Emittent>
        <Valuta>USD</Valuta>
        <Antal>214868</Antal>
        <Nominellt_belopp />
        <Kurs_som_använts_vid_värdering_av_instrumentet>71.22</Kurs_som_använts_vid_värdering_av_instrumentet>
        <Valutakurs_instrument>10.4195</Valutakurs_instrument>
        <Marknadsvärde_instrument>159448555.71</Marknadsvärde_instrument>
        <Andel_av_fondförmögenhet_instrument>0.93</Andel_av_fondförmögenhet_instrument>
        <Bransch>
          <Branschkod_instrument>45</Branschkod_instrument>
          <Bransch_namn_instrument>Informationsteknologi</Bransch_namn_instrument>
        </Bransch>
      </FinansielltInstrument>
      <FinansielltInstrument>
        <Tillgångsslag_enligt_LVF_5_kap>ÖverlåtbartVärdepapper</Tillgångsslag_enligt_LVF_5_kap>
        <Instrumentnamn>SOLAREDGE TECH</Instrumentnamn>
        <ISIN-kod_instrument>US83417M1045</ISIN-kod_instrument>
        <Landkod_Emittent>IL</Landkod_Emittent>
        <Valuta>USD</Valuta>
        <Antal>28134</Antal>
        <Nominellt_belopp />
        <Kurs_som_använts_vid_värdering_av_instrumentet>283.27</Kurs_som_använts_vid_värdering_av_instrumentet>
        <Valutakurs_instrument>10.4195</Valutakurs_instrument>
        <Marknadsvärde_instrument>83038394.68</Marknadsvärde_instrument>
        <Andel_av_fondförmögenhet_instrument>0.48</Andel_av_fondförmögenhet_instrument>
        <Bransch>
          <Branschkod_instrument>45</Branschkod_instrument>
          <Bransch_namn_instrument>Informationsteknologi</Bransch_namn_instrument>
        </Bransch>
      </FinansielltInstrument>
      <FinansielltInstrument>
        <Tillgångsslag_enligt_LVF_5_kap>ÖverlåtbartVärdepapper</Tillgångsslag_enligt_LVF_5_kap>
        <Instrumentnamn>APPLE</Instrumentnamn>
        <ISIN-kod_instrument>US0378331005</ISIN-kod_instrument>
        <Landkod_Emittent>US</Landkod_Emittent>
        <Valuta>USD</Valuta>
        <Antal>391613</Antal>
        <Nominellt_belopp />
        <Kurs_som_använts_vid_värdering_av_instrumentet>129.93</Kurs_som_använts_vid_värdering_av_instrumentet>
        <Valutakurs_instrument>10.4195</Valutakurs_instrument>
        <Marknadsvärde_instrument>530167886.14</Marknadsvärde_instrument>
        <Andel_av_fondförmögenhet_instrument>3.1</Andel_av_fondförmögenhet_instrument>
        <Bransch>
          <Branschkod_instrument>45</Branschkod_instrument>
          <Bransch_namn_instrument>Informationsteknologi</Bransch_namn_instrument>
        </Bransch>
      </FinansielltInstrument>
      <FinansielltInstrument>
        <Tillgångsslag_enligt_LVF_5_kap>ÖverlåtbartVärdepapper</Tillgångsslag_enligt_LVF_5_kap>
        <Instrumentnamn>KEYENCE</Instrumentnamn>
        <ISIN-kod_instrument>JP3236200006</ISIN-kod_instrument>
        <Landkod_Emittent>JP</Landkod_Emittent>
        <Valuta>JPY</Valuta>
        <Antal>34823</Antal>
        <Nominellt_belopp />
        <Kurs_som_använts_vid_värdering_av_instrumentet>51420</Kurs_som_använts_vid_värdering_av_instrumentet>
        <Valutakurs_instrument>0.078969</Valutakurs_instrument>
        <Marknadsvärde_instrument>141401785.58</Marknadsvärde_instrument>
        <Andel_av_fondförmögenhet_instrument>0.83</Andel_av_fondförmögenhet_instrument>
        <Bransch>
          <Branschkod_instrument>45</Branschkod_instrument>
          <Bransch_namn_instrument>Informationsteknologi</Bransch_namn_instrument>
        </Bransch>
      </FinansielltInstrument>
      <FinansielltInstrument>
        <Tillgångsslag_enligt_LVF_5_kap>ÖverlåtbartVärdepapper</Tillgångsslag_enligt_LVF_5_kap>
        <Instrumentnamn>SINBON ELECTRONICS</Instrumentnamn>
        <ISIN-kod_instrument>TW0003023008</ISIN-kod_instrument>
        <Landkod_Emittent>TW</Landkod_Emittent>
        <Valuta>TWD</Valuta>
        <Antal>1772000</Antal>
        <Nominellt_belopp />
        <Kurs_som_använts_vid_värdering_av_instrumentet>275</Kurs_som_använts_vid_värdering_av_instrumentet>
        <Valutakurs_instrument>0.339005</Valutakurs_instrument>
        <Marknadsvärde_instrument>165197136.5</Marknadsvärde_instrument>
        <Andel_av_fondförmögenhet_instrument>0.96</Andel_av_fondförmögenhet_instrument>
        <Bransch>
          <Branschkod_instrument>45</Branschkod_instrument>
          <Bransch_namn_instrument>Informationsteknologi</Bransch_namn_instrument>
        </Bransch>
      </FinansielltInstrument>
      <FinansielltInstrument>
        <Tillgångsslag_enligt_LVF_5_kap>ÖverlåtbartVärdepapper</Tillgångsslag_enligt_LVF_5_kap>
        <Instrumentnamn>SAMSUNG KRW</Instrumentnamn>
        <ISIN-kod_instrument>KR7005930003</ISIN-kod_instrument>
        <Landkod_Emittent>KR</Landkod_Emittent>
        <Valuta>KRW</Valuta>
        <Antal>326624</Antal>
        <Nominellt_belopp />
        <Kurs_som_använts_vid_värdering_av_instrumentet>55300</Kurs_som_använts_vid_värdering_av_instrumentet>
        <Valutakurs_instrument>0.00824</Valutakurs_instrument>
        <Marknadsvärde_instrument>148833411.33</Marknadsvärde_instrument>
        <Andel_av_fondförmögenhet_instrument>0.87</Andel_av_fondförmögenhet_instrument>
        <Bransch>
          <Branschkod_instrument>45</Branschkod_instrument>
          <Bransch_namn_instrument>Informationsteknologi</Bransch_namn_instrument>
        </Bransch>
      </FinansielltInstrument>
      <FinansielltInstrument>
        <Tillgångsslag_enligt_LVF_5_kap>ÖverlåtbartVärdepapper</Tillgångsslag_enligt_LVF_5_kap>
        <Instrumentnamn>SAMSUNG SDI</Instrumentnamn>
        <ISIN-kod_instrument>KR7006400006</ISIN-kod_instrument>
        <Landkod_Emittent>KR</Landkod_Emittent>
        <Valuta>KRW</Valuta>
        <Antal>35036</Antal>
        <Nominellt_belopp />
        <Kurs_som_använts_vid_värdering_av_instrumentet>591000</Kurs_som_använts_vid_värdering_av_instrumentet>
        <Valutakurs_instrument>0.00824</Valutakurs_instrument>
        <Marknadsvärde_instrument>170619714.24</Marknadsvärde_instrument>
        <Andel_av_fondförmögenhet_instrument>1</Andel_av_fondförmögenhet_instrument>
        <Bransch>
          <Branschkod_instrument>45</Branschkod_instrument>
          <Bransch_namn_instrument>Informationsteknologi</Bransch_namn_instrument>
        </Bransch>
      </FinansielltInstrument>
      <FinansielltInstrument>
        <Tillgångsslag_enligt_LVF_5_kap>ÖverlåtbartVärdepapper</Tillgångsslag_enligt_LVF_5_kap>
        <Instrumentnamn>CONSTELLATION ENERGY</Instrumentnamn>
        <ISIN-kod_instrument>US21037T1097</ISIN-kod_instrument>
        <Landkod_Emittent>US</Landkod_Emittent>
        <Valuta>USD</Valuta>
        <Antal>204800</Antal>
        <Nominellt_belopp />
        <Kurs_som_använts_vid_värdering_av_instrumentet>86.21</Kurs_som_använts_vid_värdering_av_instrumentet>
        <Valutakurs_instrument>10.4195</Valutakurs_instrument>
        <Marknadsvärde_instrument>183964691.46</Marknadsvärde_instrument>
        <Andel_av_fondförmögenhet_instrument>1.07</Andel_av_fondförmögenhet_instrument>
        <Bransch>
          <Branschkod_instrument>55</Branschkod_instrument>
          <Bransch_namn_instrument>Kraftförsörjning</Bransch_namn_instrument>
        </Bransch>
      </FinansielltInstrument>
      <FinansielltInstrument>
        <Tillgångsslag_enligt_LVF_5_kap>ÖverlåtbartVärdepapper</Tillgångsslag_enligt_LVF_5_kap>
        <Instrumentnamn>DECKERS OUTDOOR</Instrumentnamn>
        <ISIN-kod_instrument>US2435371073</ISIN-kod_instrument>
        <Landkod_Emittent>US</Landkod_Emittent>
        <Valuta>USD</Valuta>
        <Antal>32307</Antal>
        <Nominellt_belopp />
        <Kurs_som_använts_vid_värdering_av_instrumentet>399.16</Kurs_som_använts_vid_värdering_av_instrumentet>
        <Valutakurs_instrument>10.4195</Valutakurs_instrument>
        <Marknadsvärde_instrument>134366351.46</Marknadsvärde_instrument>
        <Andel_av_fondförmögenhet_instrument>0.78</Andel_av_fondförmögenhet_instrument>
        <Bransch>
          <Branschkod_instrument>25</Branschkod_instrument>
          <Bransch_namn_instrument>Sällanköpvaror och tjänster</Bransch_namn_instrument>
        </Bransch>
      </FinansielltInstrument>
      <FinansielltInstrument>
        <Tillgångsslag_enligt_LVF_5_kap>ÖverlåtbartVärdepapper</Tillgångsslag_enligt_LVF_5_kap>
        <Instrumentnamn>WARNER MUSIC</Instrumentnamn>
        <ISIN-kod_instrument>US9345502036</ISIN-kod_instrument>
        <Landkod_Emittent>US</Landkod_Emittent>
        <Valuta>USD</Valuta>
        <Antal>597800</Antal>
        <Nominellt_belopp />
        <Kurs_som_använts_vid_värdering_av_instrumentet>35.02</Kurs_som_använts_vid_värdering_av_instrumentet>
        <Valutakurs_instrument>10.4195</Valutakurs_instrument>
        <Marknadsvärde_instrument>218131774.04</Marknadsvärde_instrument>
        <Andel_av_fondförmögenhet_instrument>1.27</Andel_av_fondförmögenhet_instrument>
        <Bransch>
          <Branschkod_instrument>50</Branschkod_instrument>
          <Bransch_namn_instrument>Telekomoperatörer</Bransch_namn_instrument>
        </Bransch>
      </FinansielltInstrument>
      <FinansielltInstrument>
        <Tillgångsslag_enligt_LVF_5_kap>ÖverlåtbartVärdepapper</Tillgångsslag_enligt_LVF_5_kap>
        <Instrumentnamn>MITRA ADIPERKASA</Instrumentnamn>
        <ISIN-kod_instrument>ID1000099807</ISIN-kod_instrument>
        <Landkod_Emittent>ID</Landkod_Emittent>
        <Valuta>IDR</Valuta>
        <Antal>228955400</Antal>
        <Nominellt_belopp />
        <Kurs_som_använts_vid_värdering_av_instrumentet>1445</Kurs_som_använts_vid_värdering_av_instrumentet>
        <Valutakurs_instrument>0.000669</Valutakurs_instrument>
        <Marknadsvärde_instrument>221332329.96</Marknadsvärde_instrument>
        <Andel_av_fondförmögenhet_instrument>1.29</Andel_av_fondförmögenhet_instrument>
        <Bransch>
          <Branschkod_instrument>25</Branschkod_instrument>
          <Bransch_namn_instrument>Sällanköpvaror och tjänster</Bransch_namn_instrument>
        </Bransch>
      </FinansielltInstrument>
      <FinansielltInstrument>
        <Tillgångsslag_enligt_LVF_5_kap>ÖverlåtbartVärdepapper</Tillgångsslag_enligt_LVF_5_kap>
        <Instrumentnamn>PET CENTER COMERCIO</Instrumentnamn>
        <ISIN-kod_instrument>BRPETZACNOR2</ISIN-kod_instrument>
        <Landkod_Emittent>BR</Landkod_Emittent>
        <Valuta>BRL</Valuta>
        <Antal>4705400</Antal>
        <Nominellt_belopp />
        <Kurs_som_använts_vid_värdering_av_instrumentet>6.26</Kurs_som_använts_vid_värdering_av_instrumentet>
        <Valutakurs_instrument>1.973484</Valutakurs_instrument>
        <Marknadsvärde_instrument>58130557.9</Marknadsvärde_instrument>
        <Andel_av_fondförmögenhet_instrument>0.34</Andel_av_fondförmögenhet_instrument>
        <Bransch>
          <Branschkod_instrument>25</Branschkod_instrument>
          <Bransch_namn_instrument>Sällanköpvaror och tjänster</Bransch_namn_instrument>
        </Bransch>
      </FinansielltInstrument>
      <FinansielltInstrument>
        <Tillgångsslag_enligt_LVF_5_kap>ÖverlåtbartVärdepapper</Tillgångsslag_enligt_LVF_5_kap>
        <Instrumentnamn>SONY</Instrumentnamn>
        <ISIN-kod_instrument>JP3435000009</ISIN-kod_instrument>
        <Landkod_Emittent>JP</Landkod_Emittent>
        <Valuta>JPY</Valuta>
        <Antal>252854</Antal>
        <Nominellt_belopp />
        <Kurs_som_använts_vid_värdering_av_instrumentet>10035</Kurs_som_använts_vid_värdering_av_instrumentet>
        <Valutakurs_instrument>0.078969</Valutakurs_instrument>
        <Marknadsvärde_instrument>200375142.22</Marknadsvärde_instrument>
        <Andel_av_fondförmögenhet_instrument>1.17</Andel_av_fondförmögenhet_instrument>
        <Bransch>
          <Branschkod_instrument>25</Branschkod_instrument>
          <Bransch_namn_instrument>Sällanköpvaror och tjänster</Bransch_namn_instrument>
        </Bransch>
      </FinansielltInstrument>
      <FinansielltInstrument>
        <Tillgångsslag_enligt_LVF_5_kap>ÖverlåtbartVärdepapper</Tillgångsslag_enligt_LVF_5_kap>
        <Instrumentnamn>ALPHABET A</Instrumentnamn>
        <ISIN-kod_instrument>US02079K3059</ISIN-kod_instrument>
        <Landkod_Emittent>US</Landkod_Emittent>
        <Valuta>USD</Valuta>
        <Antal>626555</Antal>
        <Nominellt_belopp />
        <Kurs_som_använts_vid_värdering_av_instrumentet>88.23</Kurs_som_använts_vid_värdering_av_instrumentet>
        <Valutakurs_instrument>10.4195</Valutakurs_instrument>
        <Marknadsvärde_instrument>575999834.04</Marknadsvärde_instrument>
        <Andel_av_fondförmögenhet_instrument>3.36</Andel_av_fondförmögenhet_instrument>
        <Bransch>
          <Branschkod_instrument>50</Branschkod_instrument>
          <Bransch_namn_instrument>Telekomoperatörer</Bransch_namn_instrument>
        </Bransch>
      </FinansielltInstrument>
      <FinansielltInstrument>
        <Tillgångsslag_enligt_LVF_5_kap>ÖverlåtbartVärdepapper</Tillgångsslag_enligt_LVF_5_kap>
        <Instrumentnamn>VERIZON COMM</Instrumentnamn>
        <ISIN-kod_instrument>US92343V1044</ISIN-kod_instrument>
        <Landkod_Emittent>US</Landkod_Emittent>
        <Valuta>USD</Valuta>
        <Antal>523211</Antal>
        <Nominellt_belopp />
        <Kurs_som_använts_vid_värdering_av_instrumentet>39.4</Kurs_som_använts_vid_värdering_av_instrumentet>
        <Valutakurs_instrument>10.4195</Valutakurs_instrument>
        <Marknadsvärde_instrument>214792922.37</Marknadsvärde_instrument>
        <Andel_av_fondförmögenhet_instrument>1.25</Andel_av_fondförmögenhet_instrument>
        <Bransch>
          <Branschkod_instrument>50</Branschkod_instrument>
          <Bransch_namn_instrument>Telekomoperatörer</Bransch_namn_instrument>
        </Bransch>
      </FinansielltInstrument>
      <FinansielltInstrument>
        <Tillgångsslag_enligt_LVF_5_kap>ÖverlåtbartVärdepapper</Tillgångsslag_enligt_LVF_5_kap>
        <Instrumentnamn>S4 CAPITAL</Instrumentnamn>
        <ISIN-kod_instrument>GB00BFZZM640</ISIN-kod_instrument>
        <Landkod_Emittent>GB</Landkod_Emittent>
        <Valuta>GBP</Valuta>
        <Antal>3336818</Antal>
        <Nominellt_belopp />
        <Kurs_som_använts_vid_värdering_av_instrumentet>1.892</Kurs_som_använts_vid_värdering_av_instrumentet>
        <Valutakurs_instrument>12.533617</Valutakurs_instrument>
        <Marknadsvärde_instrument>79127978.55</Marknadsvärde_instrument>
        <Andel_av_fondförmögenhet_instrument>0.46</Andel_av_fondförmögenhet_instrument>
        <Bransch>
          <Branschkod_instrument>50</Branschkod_instrument>
          <Bransch_namn_instrument>Telekomoperatörer</Bransch_namn_instrument>
        </Bransch>
      </FinansielltInstrument>
      <FinansielltInstrument>
        <Tillgångsslag_enligt_LVF_5_kap>ÖverlåtbartVärdepapper</Tillgångsslag_enligt_LVF_5_kap>
        <Instrumentnamn>DEUTSCHE TELEKOM</Instrumentnamn>
        <ISIN-kod_instrument>DE0005557508</ISIN-kod_instrument>
        <Landkod_Emittent>DE</Landkod_Emittent>
        <Valuta>EUR</Valuta>
        <Antal>795004</Antal>
        <Nominellt_belopp />
        <Kurs_som_använts_vid_värdering_av_instrumentet>18.638</Kurs_som_använts_vid_värdering_av_instrumentet>
        <Valutakurs_instrument>11.120211</Valutakurs_instrument>
        <Marknadsvärde_instrument>164771330.67</Marknadsvärde_instrument>
        <Andel_av_fondförmögenhet_instrument>0.96</Andel_av_fondförmögenhet_instrument>
        <Bransch>
          <Branschkod_instrument>50</Branschkod_instrument>
          <Bransch_namn_instrument>Telekomoperatörer</Bransch_namn_instrument>
        </Bransch>
      </FinansielltInstrument>
      <FinansielltInstrument>
        <Tillgångsslag_enligt_LVF_5_kap>ÖverlåtbartVärdepapper</Tillgångsslag_enligt_LVF_5_kap>
        <Instrumentnamn>TELEKOM INDONESIA</Instrumentnamn>
        <ISIN-kod_instrument>ID1000129000</ISIN-kod_instrument>
        <Landkod_Emittent>ID</Landkod_Emittent>
        <Valuta>IDR</Valuta>
        <Antal>46145249</Antal>
        <Nominellt_belopp />
        <Kurs_som_använts_vid_värdering_av_instrumentet>3750</Kurs_som_använts_vid_värdering_av_instrumentet>
        <Valutakurs_instrument>0.000669</Valutakurs_instrument>
        <Marknadsvärde_instrument>115766893.43</Marknadsvärde_instrument>
        <Andel_av_fondförmögenhet_instrument>0.68</Andel_av_fondförmögenhet_instrument>
        <Bransch>
          <Branschkod_instrument>50</Branschkod_instrument>
          <Bransch_namn_instrument>Telekomoperatörer</Bransch_namn_instrument>
        </Bransch>
      </FinansielltInstrument>
      <FinansielltInstrument>
        <Tillgångsslag_enligt_LVF_5_kap>ÖverlåtbartVärdepapper</Tillgångsslag_enligt_LVF_5_kap>
        <Instrumentnamn>LOWES COS INC</Instrumentnamn>
        <ISIN-kod_instrument>US5486611073</ISIN-kod_instrument>
        <Landkod_Emittent>US</Landkod_Emittent>
        <Valuta>USD</Valuta>
        <Antal>104715</Antal>
        <Nominellt_belopp />
        <Kurs_som_använts_vid_värdering_av_instrumentet>199.24</Kurs_som_använts_vid_värdering_av_instrumentet>
        <Valutakurs_instrument>10.4195</Valutakurs_instrument>
        <Marknadsvärde_instrument>217386369.26</Marknadsvärde_instrument>
        <Andel_av_fondförmögenhet_instrument>1.27</Andel_av_fondförmögenhet_instrument>
        <Bransch>
          <Branschkod_instrument>25</Branschkod_instrument>
          <Bransch_namn_instrument>Sällanköpvaror och tjänster</Bransch_namn_instrument>
        </Bransch>
      </FinansielltInstrument>
      <FinansielltInstrument>
        <Tillgångsslag_enligt_LVF_5_kap>ÖverlåtbartVärdepapper</Tillgångsslag_enligt_LVF_5_kap>
        <Instrumentnamn>W-SCOPE</Instrumentnamn>
        <ISIN-kod_instrument>JP3505970008</ISIN-kod_instrument>
        <Landkod_Emittent>JP</Landkod_Emittent>
        <Valuta>JPY</Valuta>
        <Antal>589200</Antal>
        <Nominellt_belopp />
        <Kurs_som_använts_vid_värdering_av_instrumentet>1327</Kurs_som_använts_vid_värdering_av_instrumentet>
        <Valutakurs_instrument>0.078969</Valutakurs_instrument>
        <Marknadsvärde_instrument>61743365.68</Marknadsvärde_instrument>
        <Andel_av_fondförmögenhet_instrument>0.36</Andel_av_fondförmögenhet_instrument>
        <Bransch>
          <Branschkod_instrument>15</Branschkod_instrument>
          <Bransch_namn_instrument>Material</Bransch_namn_instrument>
        </Bransch>
      </FinansielltInstrument>
      <FinansielltInstrument>
        <Tillgångsslag_enligt_LVF_5_kap>ÖverlåtbartVärdepapper</Tillgångsslag_enligt_LVF_5_kap>
        <Instrumentnamn>STORA ENSO R EUR</Instrumentnamn>
        <ISIN-kod_instrument>FI0009005961</ISIN-kod_instrument>
        <Landkod_Emittent>FI</Landkod_Emittent>
        <Valuta>EUR</Valuta>
        <Antal>600902</Antal>
        <Nominellt_belopp />
        <Kurs_som_använts_vid_värdering_av_instrumentet>13.15</Kurs_som_använts_vid_värdering_av_instrumentet>
        <Valutakurs_instrument>11.120211</Valutakurs_instrument>
        <Marknadsvärde_instrument>87870364.95</Marknadsvärde_instrument>
        <Andel_av_fondförmögenhet_instrument>0.51</Andel_av_fondförmögenhet_instrument>
        <Bransch>
          <Branschkod_instrument>15</Branschkod_instrument>
          <Bransch_namn_instrument>Material</Bransch_namn_instrument>
        </Bransch>
      </FinansielltInstrument>
      <FinansielltInstrument>
        <Tillgångsslag_enligt_LVF_5_kap>ÖverlåtbartVärdepapper</Tillgångsslag_enligt_LVF_5_kap>
        <Instrumentnamn>LINDE PLC US</Instrumentnamn>
        <ISIN-kod_instrument>IE00BZ12WP82</ISIN-kod_instrument>
        <Landkod_Emittent>DE</Landkod_Emittent>
        <Valuta>USD</Valuta>
        <Antal>59183</Antal>
        <Nominellt_belopp />
        <Kurs_som_använts_vid_värdering_av_instrumentet>326.18</Kurs_som_använts_vid_värdering_av_instrumentet>
        <Valutakurs_instrument>10.4195</Valutakurs_instrument>
        <Marknadsvärde_instrument>201141267.84</Marknadsvärde_instrument>
        <Andel_av_fondförmögenhet_instrument>1.17</Andel_av_fondförmögenhet_instrument>
        <Bransch>
          <Branschkod_instrument>15</Branschkod_instrument>
          <Bransch_namn_instrument>Material</Bransch_namn_instrument>
        </Bransch>
      </FinansielltInstrument>
      <FinansielltInstrument>
        <Tillgångsslag_enligt_LVF_5_kap>ÖverlåtbartVärdepapper</Tillgångsslag_enligt_LVF_5_kap>
        <Instrumentnamn>ENEL</Instrumentnamn>
        <ISIN-kod_instrument>IT0003128367</ISIN-kod_instrument>
        <Landkod_Emittent>IT</Landkod_Emittent>
        <Valuta>EUR</Valuta>
        <Antal>2891672</Antal>
        <Nominellt_belopp />
        <Kurs_som_använts_vid_värdering_av_instrumentet>5.03</Kurs_som_använts_vid_värdering_av_instrumentet>
        <Valutakurs_instrument>11.120211</Valutakurs_instrument>
        <Marknadsvärde_instrument>161744694</Marknadsvärde_instrument>
        <Andel_av_fondförmögenhet_instrument>0.94</Andel_av_fondförmögenhet_instrument>
        <Bransch>
          <Branschkod_instrument>55</Branschkod_instrument>
          <Bransch_namn_instrument>Kraftförsörjning</Bransch_namn_instrument>
        </Bransch>
      </FinansielltInstrument>
      <FinansielltInstrument>
        <Tillgångsslag_enligt_LVF_5_kap>ÖverlåtbartVärdepapper</Tillgångsslag_enligt_LVF_5_kap>
        <Instrumentnamn>ANTOFAGASTA PLC</Instrumentnamn>
        <ISIN-kod_instrument>GB0000456144</ISIN-kod_instrument>
        <Landkod_Emittent>GB</Landkod_Emittent>
        <Valuta>GBP</Valuta>
        <Antal>1055619</Antal>
        <Nominellt_belopp />
        <Kurs_som_använts_vid_värdering_av_instrumentet>15.455</Kurs_som_använts_vid_värdering_av_instrumentet>
        <Valutakurs_instrument>12.533617</Valutakurs_instrument>
        <Marknadsvärde_instrument>204480843.19</Marknadsvärde_instrument>
        <Andel_av_fondförmögenhet_instrument>1.19</Andel_av_fondförmögenhet_instrument>
        <Bransch>
          <Branschkod_instrument>15</Branschkod_instrument>
          <Bransch_namn_instrument>Material</Bransch_namn_instrument>
        </Bransch>
      </FinansielltInstrument>
      <FinansielltInstrument>
        <Tillgångsslag_enligt_LVF_5_kap>ÖverlåtbartVärdepapper</Tillgångsslag_enligt_LVF_5_kap>
        <Instrumentnamn>AMAZON</Instrumentnamn>
        <ISIN-kod_instrument>US0231351067</ISIN-kod_instrument>
        <Landkod_Emittent>US</Landkod_Emittent>
        <Valuta>USD</Valuta>
        <Antal>233991</Antal>
        <Nominellt_belopp />
        <Kurs_som_använts_vid_värdering_av_instrumentet>84</Kurs_som_använts_vid_värdering_av_instrumentet>
        <Valutakurs_instrument>10.4195</Valutakurs_instrument>
        <Marknadsvärde_instrument>204797814.86</Marknadsvärde_instrument>
        <Andel_av_fondförmögenhet_instrument>1.2</Andel_av_fondförmögenhet_instrument>
        <Bransch>
          <Branschkod_instrument>25</Branschkod_instrument>
          <Bransch_namn_instrument>Sällanköpvaror och tjänster</Bransch_namn_instrument>
        </Bransch>
      </FinansielltInstrument>
      <FinansielltInstrument>
        <Tillgångsslag_enligt_LVF_5_kap>ÖverlåtbartVärdepapper</Tillgångsslag_enligt_LVF_5_kap>
        <Instrumentnamn>MERCEDES BENZ GRP</Instrumentnamn>
        <ISIN-kod_instrument>DE0007100000</ISIN-kod_instrument>
        <Landkod_Emittent>DE</Landkod_Emittent>
        <Valuta>EUR</Valuta>
        <Antal>429402</Antal>
        <Nominellt_belopp />
        <Kurs_som_använts_vid_värdering_av_instrumentet>61.4</Kurs_som_använts_vid_värdering_av_instrumentet>
        <Valutakurs_instrument>11.120211</Valutakurs_instrument>
        <Marknadsvärde_instrument>293187507.81</Marknadsvärde_instrument>
        <Andel_av_fondförmögenhet_instrument>1.71</Andel_av_fondförmögenhet_instrument>
        <Bransch>
          <Branschkod_instrument>25</Branschkod_instrument>
          <Bransch_namn_instrument>Sällanköpvaror och tjänster</Bransch_namn_instrument>
        </Bransch>
      </FinansielltInstrument>
      <FinansielltInstrument>
        <Tillgångsslag_enligt_LVF_5_kap>ÖverlåtbartVärdepapper</Tillgångsslag_enligt_LVF_5_kap>
        <Instrumentnamn>ALIBABA HK</Instrumentnamn>
        <ISIN-kod_instrument>KYG017191142</ISIN-kod_instrument>
        <Landkod_Emittent>KY</Landkod_Emittent>
        <Valuta>HKD</Valuta>
        <Antal>1520984</Antal>
        <Nominellt_belopp />
        <Kurs_som_använts_vid_värdering_av_instrumentet>86.25</Kurs_som_använts_vid_värdering_av_instrumentet>
        <Valutakurs_instrument>1.334986</Valutakurs_instrument>
        <Marknadsvärde_instrument>175129964.86</Marknadsvärde_instrument>
        <Andel_av_fondförmögenhet_instrument>1.02</Andel_av_fondförmögenhet_instrument>
        <Bransch>
          <Branschkod_instrument>25</Branschkod_instrument>
          <Bransch_namn_instrument>Sällanköpvaror och tjänster</Bransch_namn_instrument>
        </Bransch>
      </FinansielltInstrument>
      <FinansielltInstrument>
        <Tillgångsslag_enligt_LVF_5_kap>ÖverlåtbartVärdepapper</Tillgångsslag_enligt_LVF_5_kap>
        <Instrumentnamn>RIO TINTO (GBP)</Instrumentnamn>
        <ISIN-kod_instrument>GB0007188757</ISIN-kod_instrument>
        <Landkod_Emittent>GB</Landkod_Emittent>
        <Valuta>GBP</Valuta>
        <Antal>315817</Antal>
        <Nominellt_belopp />
        <Kurs_som_använts_vid_värdering_av_instrumentet>57.98</Kurs_som_använts_vid_värdering_av_instrumentet>
        <Valutakurs_instrument>12.533617</Valutakurs_instrument>
        <Marknadsvärde_instrument>229503933.98</Marknadsvärde_instrument>
        <Andel_av_fondförmögenhet_instrument>1.34</Andel_av_fondförmögenhet_instrument>
        <Bransch>
          <Branschkod_instrument>15</Branschkod_instrument>
          <Bransch_namn_instrument>Material</Bransch_namn_instrument>
        </Bransch>
      </FinansielltInstrument>
      <FinansielltInstrument>
        <Tillgångsslag_enligt_LVF_5_kap>ÖverlåtbartVärdepapper</Tillgångsslag_enligt_LVF_5_kap>
        <Instrumentnamn>AIRBNB</Instrumentnamn>
        <ISIN-kod_instrument>US0090661010</ISIN-kod_instrument>
        <Landkod_Emittent>US</Landkod_Emittent>
        <Valuta>USD</Valuta>
        <Antal>168300</Antal>
        <Nominellt_belopp />
        <Kurs_som_använts_vid_värdering_av_instrumentet>85.5</Kurs_som_använts_vid_värdering_av_instrumentet>
        <Valutakurs_instrument>10.4195</Valutakurs_instrument>
        <Marknadsvärde_instrument>149932958.18</Marknadsvärde_instrument>
        <Andel_av_fondförmögenhet_instrument>0.88</Andel_av_fondförmögenhet_instrument>
        <Bransch>
          <Branschkod_instrument>25</Branschkod_instrument>
          <Bransch_namn_instrument>Sällanköpvaror och tjänster</Bransch_namn_instrument>
        </Bransch>
      </FinansielltInstrument>
      <FinansielltInstrument>
        <Tillgångsslag_enligt_LVF_5_kap>ÖverlåtbartVärdepapper</Tillgångsslag_enligt_LVF_5_kap>
        <Instrumentnamn>TRANE TECHNOLOGIES</Instrumentnamn>
        <ISIN-kod_instrument>IE00BK9ZQ967</ISIN-kod_instrument>
        <Landkod_Emittent>US</Landkod_Emittent>
        <Valuta>USD</Valuta>
        <Antal>127665</Antal>
        <Nominellt_belopp />
        <Kurs_som_använts_vid_värdering_av_instrumentet>168.09</Kurs_som_använts_vid_värdering_av_instrumentet>
        <Valutakurs_instrument>10.4195</Valutakurs_instrument>
        <Marknadsvärde_instrument>223594237.03</Marknadsvärde_instrument>
        <Andel_av_fondförmögenhet_instrument>1.31</Andel_av_fondförmögenhet_instrument>
        <Bransch>
          <Branschkod_instrument>20</Branschkod_instrument>
          <Bransch_namn_instrument>Industrivaror och tjänster</Bransch_namn_instrument>
        </Bransch>
      </FinansielltInstrument>
      <FinansielltInstrument>
        <Tillgångsslag_enligt_LVF_5_kap>ÖverlåtbartVärdepapper</Tillgångsslag_enligt_LVF_5_kap>
        <Instrumentnamn>METLIFE</Instrumentnamn>
        <ISIN-kod_instrument>US59156R1086</ISIN-kod_instrument>
        <Landkod_Emittent>US</Landkod_Emittent>
        <Valuta>USD</Valuta>
        <Antal>307412</Antal>
        <Nominellt_belopp />
        <Kurs_som_använts_vid_värdering_av_instrumentet>72.37</Kurs_som_använts_vid_värdering_av_instrumentet>
        <Valutakurs_instrument>10.4195</Valutakurs_instrument>
        <Marknadsvärde_instrument>231806851.4</Marknadsvärde_instrument>
        <Andel_av_fondförmögenhet_instrument>1.35</Andel_av_fondförmögenhet_instrument>
        <Bransch>
          <Branschkod_instrument>40</Branschkod_instrument>
          <Bransch_namn_instrument>Finans</Bransch_namn_instrument>
        </Bransch>
      </FinansielltInstrument>
      <FinansielltInstrument>
        <Tillgångsslag_enligt_LVF_5_kap>ÖverlåtbartVärdepapper</Tillgångsslag_enligt_LVF_5_kap>
        <Instrumentnamn>SVB FINANCIAL</Instrumentnamn>
        <ISIN-kod_instrument>US78486Q1013</ISIN-kod_instrument>
        <Landkod_Emittent>US</Landkod_Emittent>
        <Valuta>USD</Valuta>
        <Antal>38627</Antal>
        <Nominellt_belopp />
        <Kurs_som_använts_vid_värdering_av_instrumentet>230.14</Kurs_som_använts_vid_värdering_av_instrumentet>
        <Valutakurs_instrument>10.4195</Valutakurs_instrument>
        <Marknadsvärde_instrument>92625372.46</Marknadsvärde_instrument>
        <Andel_av_fondförmögenhet_instrument>0.54</Andel_av_fondförmögenhet_instrument>
        <Bransch>
          <Branschkod_instrument>40</Branschkod_instrument>
          <Bransch_namn_instrument>Finans</Bransch_namn_instrument>
        </Bransch>
      </FinansielltInstrument>
      <FinansielltInstrument>
        <Tillgångsslag_enligt_LVF_5_kap>ÖverlåtbartVärdepapper</Tillgångsslag_enligt_LVF_5_kap>
        <Instrumentnamn>MORGAN STANLEY</Instrumentnamn>
        <ISIN-kod_instrument>US6174464486</ISIN-kod_instrument>
        <Landkod_Emittent>US</Landkod_Emittent>
        <Valuta>USD</Valuta>
        <Antal>118947</Antal>
        <Nominellt_belopp />
        <Kurs_som_använts_vid_värdering_av_instrumentet>85.02</Kurs_som_använts_vid_värdering_av_instrumentet>
        <Valutakurs_instrument>10.4195</Valutakurs_instrument>
        <Marknadsvärde_instrument>105371090.02</Marknadsvärde_instrument>
        <Andel_av_fondförmögenhet_instrument>0.62</Andel_av_fondförmögenhet_instrument>
        <Bransch>
          <Branschkod_instrument>40</Branschkod_instrument>
          <Bransch_namn_instrument>Finans</Bransch_namn_instrument>
        </Bransch>
      </FinansielltInstrument>
      <FinansielltInstrument>
        <Tillgångsslag_enligt_LVF_5_kap>ÖverlåtbartVärdepapper</Tillgångsslag_enligt_LVF_5_kap>
        <Instrumentnamn>MITSUI FUDOSAN</Instrumentnamn>
        <ISIN-kod_instrument>JP3893200000</ISIN-kod_instrument>
        <Landkod_Emittent>JP</Landkod_Emittent>
        <Valuta>JPY</Valuta>
        <Antal>372004</Antal>
        <Nominellt_belopp />
        <Kurs_som_använts_vid_värdering_av_instrumentet>2417</Kurs_som_använts_vid_värdering_av_instrumentet>
        <Valutakurs_instrument>0.078969</Valutakurs_instrument>
        <Marknadsvärde_instrument>71003686.63</Marknadsvärde_instrument>
        <Andel_av_fondförmögenhet_instrument>0.41</Andel_av_fondförmögenhet_instrument>
        <Bransch>
          <Branschkod_instrument>40</Branschkod_instrument>
          <Bransch_namn_instrument>Finans</Bransch_namn_instrument>
        </Bransch>
      </FinansielltInstrument>
      <FinansielltInstrument>
        <Tillgångsslag_enligt_LVF_5_kap>ÖverlåtbartVärdepapper</Tillgångsslag_enligt_LVF_5_kap>
        <Instrumentnamn>BANK OF MONTREAL(CAD</Instrumentnamn>
        <ISIN-kod_instrument>CA0636711016</ISIN-kod_instrument>
        <Landkod_Emittent>CA</Landkod_Emittent>
        <Valuta>CAD</Valuta>
        <Antal>206545</Antal>
        <Nominellt_belopp />
        <Kurs_som_använts_vid_värdering_av_instrumentet>122.66</Kurs_som_använts_vid_värdering_av_instrumentet>
        <Valutakurs_instrument>7.689952</Valutakurs_instrument>
        <Marknadsvärde_instrument>194823470.52</Marknadsvärde_instrument>
        <Andel_av_fondförmögenhet_instrument>1.14</Andel_av_fondförmögenhet_instrument>
        <Bransch>
          <Branschkod_instrument>40</Branschkod_instrument>
          <Bransch_namn_instrument>Finans</Bransch_namn_instrument>
        </Bransch>
      </FinansielltInstrument>
      <FinansielltInstrument>
        <Tillgångsslag_enligt_LVF_5_kap>ÖverlåtbartVärdepapper</Tillgångsslag_enligt_LVF_5_kap>
        <Instrumentnamn>ICICI BANK LTD ADR</Instrumentnamn>
        <ISIN-kod_instrument>US45104G1040</ISIN-kod_instrument>
        <Landkod_Emittent>IN</Landkod_Emittent>
        <Valuta>USD</Valuta>
        <Antal>742626</Antal>
        <Nominellt_belopp />
        <Kurs_som_använts_vid_värdering_av_instrumentet>21.89</Kurs_som_använts_vid_värdering_av_instrumentet>
        <Valutakurs_instrument>10.4195</Valutakurs_instrument>
        <Marknadsvärde_instrument>169380258.28</Marknadsvärde_instrument>
        <Andel_av_fondförmögenhet_instrument>0.99</Andel_av_fondförmögenhet_instrument>
        <Bransch>
          <Branschkod_instrument>40</Branschkod_instrument>
          <Bransch_namn_instrument>Finans</Bransch_namn_instrument>
        </Bransch>
      </FinansielltInstrument>
      <FinansielltInstrument>
        <Tillgångsslag_enligt_LVF_5_kap>ÖverlåtbartVärdepapper</Tillgångsslag_enligt_LVF_5_kap>
        <Instrumentnamn>KB FINANCIAL GR INC</Instrumentnamn>
        <ISIN-kod_instrument>KR7105560007</ISIN-kod_instrument>
        <Landkod_Emittent>KR</Landkod_Emittent>
        <Valuta>KRW</Valuta>
        <Antal>323334</Antal>
        <Nominellt_belopp />
        <Kurs_som_använts_vid_värdering_av_instrumentet>48500</Kurs_som_använts_vid_värdering_av_instrumentet>
        <Valutakurs_instrument>0.00824</Valutakurs_instrument>
        <Marknadsvärde_instrument>129217199.76</Marknadsvärde_instrument>
        <Andel_av_fondförmögenhet_instrument>0.75</Andel_av_fondförmögenhet_instrument>
        <Bransch>
          <Branschkod_instrument>40</Branschkod_instrument>
          <Bransch_namn_instrument>Finans</Bransch_namn_instrument>
        </Bransch>
      </FinansielltInstrument>
      <FinansielltInstrument>
        <Tillgångsslag_enligt_LVF_5_kap>ÖverlåtbartVärdepapper</Tillgångsslag_enligt_LVF_5_kap>
        <Instrumentnamn>ALLIANZ AG</Instrumentnamn>
        <ISIN-kod_instrument>DE0008404005</ISIN-kod_instrument>
        <Landkod_Emittent>DE</Landkod_Emittent>
        <Valuta>EUR</Valuta>
        <Antal>76926</Antal>
        <Nominellt_belopp />
        <Kurs_som_använts_vid_värdering_av_instrumentet>200.9</Kurs_som_använts_vid_värdering_av_instrumentet>
        <Valutakurs_instrument>11.120211</Valutakurs_instrument>
        <Marknadsvärde_instrument>171856560.29</Marknadsvärde_instrument>
        <Andel_av_fondförmögenhet_instrument>1</Andel_av_fondförmögenhet_instrument>
        <Bransch>
          <Branschkod_instrument>40</Branschkod_instrument>
          <Bransch_namn_instrument>Finans</Bransch_namn_instrument>
        </Bransch>
      </FinansielltInstrument>
      <FinansielltInstrument>
        <Tillgångsslag_enligt_LVF_5_kap>ÖverlåtbartVärdepapper</Tillgångsslag_enligt_LVF_5_kap>
        <Instrumentnamn>BLACKROCK INC</Instrumentnamn>
        <ISIN-kod_instrument>US09247X1019</ISIN-kod_instrument>
        <Landkod_Emittent>US</Landkod_Emittent>
        <Valuta>USD</Valuta>
        <Antal>21361</Antal>
        <Nominellt_belopp />
        <Kurs_som_använts_vid_värdering_av_instrumentet>708.63</Kurs_som_använts_vid_värdering_av_instrumentet>
        <Valutakurs_instrument>10.4195</Valutakurs_instrument>
        <Marknadsvärde_instrument>157720444.86</Marknadsvärde_instrument>
        <Andel_av_fondförmögenhet_instrument>0.92</Andel_av_fondförmögenhet_instrument>
        <Bransch>
          <Branschkod_instrument>40</Branschkod_instrument>
          <Bransch_namn_instrument>Finans</Bransch_namn_instrument>
        </Bransch>
      </FinansielltInstrument>
      <FinansielltInstrument>
        <Tillgångsslag_enligt_LVF_5_kap>ÖverlåtbartVärdepapper</Tillgångsslag_enligt_LVF_5_kap>
        <Instrumentnamn>BNP PARIBAS</Instrumentnamn>
        <ISIN-kod_instrument>FR0000131104</ISIN-kod_instrument>
        <Landkod_Emittent>FR</Landkod_Emittent>
        <Valuta>EUR</Valuta>
        <Antal>384510</Antal>
        <Nominellt_belopp />
        <Kurs_som_använts_vid_värdering_av_instrumentet>53.25</Kurs_som_använts_vid_värdering_av_instrumentet>
        <Valutakurs_instrument>11.120211</Valutakurs_instrument>
        <Marknadsvärde_instrument>227688071.66</Marknadsvärde_instrument>
        <Andel_av_fondförmögenhet_instrument>1.33</Andel_av_fondförmögenhet_instrument>
        <Bransch>
          <Branschkod_instrument>40</Branschkod_instrument>
          <Bransch_namn_instrument>Finans</Bransch_namn_instrument>
        </Bransch>
      </FinansielltInstrument>
      <FinansielltInstrument>
        <Tillgångsslag_enligt_LVF_5_kap>ÖverlåtbartVärdepapper</Tillgångsslag_enligt_LVF_5_kap>
        <Instrumentnamn>BERKSHIRE HAT INC B</Instrumentnamn>
        <ISIN-kod_instrument>US0846707026</ISIN-kod_instrument>
        <Landkod_Emittent>US</Landkod_Emittent>
        <Valuta>USD</Valuta>
        <Antal>98107</Antal>
        <Nominellt_belopp />
        <Kurs_som_använts_vid_värdering_av_instrumentet>308.9</Kurs_som_använts_vid_värdering_av_instrumentet>
        <Valutakurs_instrument>10.4195</Valutakurs_instrument>
        <Marknadsvärde_instrument>315765576.34</Marknadsvärde_instrument>
        <Andel_av_fondförmögenhet_instrument>1.84</Andel_av_fondförmögenhet_instrument>
        <Bransch>
          <Branschkod_instrument>40</Branschkod_instrument>
          <Bransch_namn_instrument>Finans</Bransch_namn_instrument>
        </Bransch>
      </FinansielltInstrument>
      <FinansielltInstrument>
        <Tillgångsslag_enligt_LVF_5_kap>ÖverlåtbartVärdepapper</Tillgångsslag_enligt_LVF_5_kap>
        <Instrumentnamn>COLGATE-PALMOLIV</Instrumentnamn>
        <ISIN-kod_instrument>US1941621039</ISIN-kod_instrument>
        <Landkod_Emittent>US</Landkod_Emittent>
        <Valuta>USD</Valuta>
        <Antal>250309</Antal>
        <Nominellt_belopp />
        <Kurs_som_använts_vid_värdering_av_instrumentet>78.79</Kurs_som_använts_vid_värdering_av_instrumentet>
        <Valutakurs_instrument>10.4195</Valutakurs_instrument>
        <Marknadsvärde_instrument>205491775.54</Marknadsvärde_instrument>
        <Andel_av_fondförmögenhet_instrument>1.2</Andel_av_fondförmögenhet_instrument>
        <Bransch>
          <Branschkod_instrument>30</Branschkod_instrument>
          <Bransch_namn_instrument>Dagligvaror</Bransch_namn_instrument>
        </Bransch>
      </FinansielltInstrument>
      <FinansielltInstrument>
        <Tillgångsslag_enligt_LVF_5_kap>ÖverlåtbartVärdepapper</Tillgångsslag_enligt_LVF_5_kap>
        <Instrumentnamn>MONDELEZ</Instrumentnamn>
        <ISIN-kod_instrument>US6092071058</ISIN-kod_instrument>
        <Landkod_Emittent>US</Landkod_Emittent>
        <Valuta>USD</Valuta>
        <Antal>417065</Antal>
        <Nominellt_belopp />
        <Kurs_som_använts_vid_värdering_av_instrumentet>66.65</Kurs_som_använts_vid_värdering_av_instrumentet>
        <Valutakurs_instrument>10.4195</Valutakurs_instrument>
        <Marknadsvärde_instrument>289634824.35</Marknadsvärde_instrument>
        <Andel_av_fondförmögenhet_instrument>1.69</Andel_av_fondförmögenhet_instrument>
        <Bransch>
          <Branschkod_instrument>30</Branschkod_instrument>
          <Bransch_namn_instrument>Dagligvaror</Bransch_namn_instrument>
        </Bransch>
      </FinansielltInstrument>
      <FinansielltInstrument>
        <Tillgångsslag_enligt_LVF_5_kap>ÖverlåtbartVärdepapper</Tillgångsslag_enligt_LVF_5_kap>
        <Instrumentnamn>UNICHARM</Instrumentnamn>
        <ISIN-kod_instrument>JP3951600000</ISIN-kod_instrument>
        <Landkod_Emittent>JP</Landkod_Emittent>
        <Valuta>JPY</Valuta>
        <Antal>420000</Antal>
        <Nominellt_belopp />
        <Kurs_som_använts_vid_värdering_av_instrumentet>5068</Kurs_som_använts_vid_värdering_av_instrumentet>
        <Valutakurs_instrument>0.078969</Valutakurs_instrument>
        <Marknadsvärde_instrument>168090254.64</Marknadsvärde_instrument>
        <Andel_av_fondförmögenhet_instrument>0.98</Andel_av_fondförmögenhet_instrument>
        <Bransch>
          <Branschkod_instrument>30</Branschkod_instrument>
          <Bransch_namn_instrument>Dagligvaror</Bransch_namn_instrument>
        </Bransch>
      </FinansielltInstrument>
      <FinansielltInstrument>
        <Tillgångsslag_enligt_LVF_5_kap>ÖverlåtbartVärdepapper</Tillgångsslag_enligt_LVF_5_kap>
        <Instrumentnamn>BEIERSDORF</Instrumentnamn>
        <ISIN-kod_instrument>DE0005200000</ISIN-kod_instrument>
        <Landkod_Emittent>DE</Landkod_Emittent>
        <Valuta>EUR</Valuta>
        <Antal>189792</Antal>
        <Nominellt_belopp />
        <Kurs_som_använts_vid_värdering_av_instrumentet>107.2</Kurs_som_använts_vid_värdering_av_instrumentet>
        <Valutakurs_instrument>11.120211</Valutakurs_instrument>
        <Marknadsvärde_instrument>226248503.63</Marknadsvärde_instrument>
        <Andel_av_fondförmögenhet_instrument>1.32</Andel_av_fondförmögenhet_instrument>
        <Bransch>
          <Branschkod_instrument>30</Branschkod_instrument>
          <Bransch_namn_instrument>Dagligvaror</Bransch_namn_instrument>
        </Bransch>
      </FinansielltInstrument>
      <FinansielltInstrument>
        <Tillgångsslag_enligt_LVF_5_kap>ÖverlåtbartVärdepapper</Tillgångsslag_enligt_LVF_5_kap>
        <Instrumentnamn>BAKKAFROST</Instrumentnamn>
        <ISIN-kod_instrument>FO0000000179</ISIN-kod_instrument>
        <Landkod_Emittent>FO</Landkod_Emittent>
        <Valuta>NOK</Valuta>
        <Antal>144422</Antal>
        <Nominellt_belopp />
        <Kurs_som_använts_vid_värdering_av_instrumentet>616</Kurs_som_använts_vid_värdering_av_instrumentet>
        <Valutakurs_instrument>1.05771</Valutakurs_instrument>
        <Marknadsvärde_instrument>94098061.67</Marknadsvärde_instrument>
        <Andel_av_fondförmögenhet_instrument>0.55</Andel_av_fondförmögenhet_instrument>
        <Bransch>
          <Branschkod_instrument>30</Branschkod_instrument>
          <Bransch_namn_instrument>Dagligvaror</Bransch_namn_instrument>
        </Bransch>
      </FinansielltInstrument>
      <FinansielltInstrument>
        <Tillgångsslag_enligt_LVF_5_kap>ÖverlåtbartVärdepapper</Tillgångsslag_enligt_LVF_5_kap>
        <Instrumentnamn>TRICON RESIDENTIAL</Instrumentnamn>
        <ISIN-kod_instrument>CA89612W1023</ISIN-kod_instrument>
        <Landkod_Emittent>CA</Landkod_Emittent>
        <Valuta>CAD</Valuta>
        <Antal>1364900</Antal>
        <Nominellt_belopp />
        <Kurs_som_använts_vid_värdering_av_instrumentet>10.44</Kurs_som_använts_vid_värdering_av_instrumentet>
        <Valutakurs_instrument>7.689952</Valutakurs_instrument>
        <Marknadsvärde_instrument>109578401.66</Marknadsvärde_instrument>
        <Andel_av_fondförmögenhet_instrument>0.64</Andel_av_fondförmögenhet_instrument>
        <Bransch>
          <Branschkod_instrument>60</Branschkod_instrument>
          <Bransch_namn_instrument>Fastigheter</Bransch_namn_instrument>
        </Bransch>
      </FinansielltInstrument>
      <FinansielltInstrument>
        <Tillgångsslag_enligt_LVF_5_kap>ÖverlåtbartVärdepapper</Tillgångsslag_enligt_LVF_5_kap>
        <Instrumentnamn>PROLOGIS INC</Instrumentnamn>
        <ISIN-kod_instrument>US74340W1036</ISIN-kod_instrument>
        <Landkod_Emittent>US</Landkod_Emittent>
        <Valuta>USD</Valuta>
        <Antal>155361</Antal>
        <Nominellt_belopp />
        <Kurs_som_använts_vid_värdering_av_instrumentet>112.73</Kurs_som_använts_vid_värdering_av_instrumentet>
        <Valutakurs_instrument>10.4195</Valutakurs_instrument>
        <Marknadsvärde_instrument>182485513.5</Marknadsvärde_instrument>
        <Andel_av_fondförmögenhet_instrument>1.07</Andel_av_fondförmögenhet_instrument>
        <Bransch>
          <Branschkod_instrument>60</Branschkod_instrument>
          <Bransch_namn_instrument>Fastigheter</Bransch_namn_instrument>
        </Bransch>
      </FinansielltInstrument>
      <FinansielltInstrument>
        <Tillgångsslag_enligt_LVF_5_kap>ÖverlåtbartVärdepapper</Tillgångsslag_enligt_LVF_5_kap>
        <Instrumentnamn>WOOLWORTHS GROUP</Instrumentnamn>
        <ISIN-kod_instrument>AU000000WOW2</ISIN-kod_instrument>
        <Landkod_Emittent>AU</Landkod_Emittent>
        <Valuta>AUD</Valuta>
        <Antal>899163</Antal>
        <Nominellt_belopp />
        <Kurs_som_använts_vid_värdering_av_instrumentet>33.56</Kurs_som_använts_vid_värdering_av_instrumentet>
        <Valutakurs_instrument>7.065984</Valutakurs_instrument>
        <Marknadsvärde_instrument>213222499.22</Marknadsvärde_instrument>
        <Andel_av_fondförmögenhet_instrument>1.24</Andel_av_fondförmögenhet_instrument>
        <Bransch>
          <Branschkod_instrument>30</Branschkod_instrument>
          <Bransch_namn_instrument>Dagligvaror</Bransch_namn_instrument>
        </Bransch>
      </FinansielltInstrument>
      <FinansielltInstrument>
        <Tillgångsslag_enligt_LVF_5_kap>ÖverlåtbartVärdepapper</Tillgångsslag_enligt_LVF_5_kap>
        <Instrumentnamn>NESTLE</Instrumentnamn>
        <ISIN-kod_instrument>CH0038863350</ISIN-kod_instrument>
        <Landkod_Emittent>CH</Landkod_Emittent>
        <Valuta>CHF</Valuta>
        <Antal>239114</Antal>
        <Nominellt_belopp />
        <Kurs_som_använts_vid_värdering_av_instrumentet>107.14</Kurs_som_använts_vid_värdering_av_instrumentet>
        <Valutakurs_instrument>11.261889</Valutakurs_instrument>
        <Marknadsvärde_instrument>288514662.46</Marknadsvärde_instrument>
        <Andel_av_fondförmögenhet_instrument>1.68</Andel_av_fondförmögenhet_instrument>
        <Bransch>
          <Branschkod_instrument>30</Branschkod_instrument>
          <Bransch_namn_instrument>Dagligvaror</Bransch_namn_instrument>
        </Bransch>
      </FinansielltInstrument>
      <FinansielltInstrument>
        <Tillgångsslag_enligt_LVF_5_kap>ÖverlåtbartVärdepapper</Tillgångsslag_enligt_LVF_5_kap>
        <Instrumentnamn>SALMONES CAMANCHACA</Instrumentnamn>
        <ISIN-kod_instrument>NO0012451915</ISIN-kod_instrument>
        <Landkod_Emittent>CL</Landkod_Emittent>
        <Valuta>NOK</Valuta>
        <Antal>1007865</Antal>
        <Nominellt_belopp />
        <Kurs_som_använts_vid_värdering_av_instrumentet>37</Kurs_som_använts_vid_värdering_av_instrumentet>
        <Valutakurs_instrument>1.05771</Valutakurs_instrument>
        <Marknadsvärde_instrument>39443068.9</Marknadsvärde_instrument>
        <Andel_av_fondförmögenhet_instrument>0.23</Andel_av_fondförmögenhet_instrument>
        <Bransch>
          <Branschkod_instrument>30</Branschkod_instrument>
          <Bransch_namn_instrument>Dagligvaror</Bransch_namn_instrument>
        </Bransch>
      </FinansielltInstrument>
      <FinansielltInstrument>
        <Tillgångsslag_enligt_LVF_5_kap>ÖverlåtbartVärdepapper</Tillgångsslag_enligt_LVF_5_kap>
        <Instrumentnamn>JP MORGAN CHASE</Instrumentnamn>
        <ISIN-kod_instrument>US46625H1005</ISIN-kod_instrument>
        <Landkod_Emittent>US</Landkod_Emittent>
        <Valuta>USD</Valuta>
        <Antal>251407</Antal>
        <Nominellt_belopp />
        <Kurs_som_använts_vid_värdering_av_instrumentet>134.1</Kurs_som_använts_vid_värdering_av_instrumentet>
        <Valutakurs_instrument>10.4195</Valutakurs_instrument>
        <Marknadsvärde_instrument>351279675.21</Marknadsvärde_instrument>
        <Andel_av_fondförmögenhet_instrument>2.05</Andel_av_fondförmögenhet_instrument>
        <Bransch>
          <Branschkod_instrument>40</Branschkod_instrument>
          <Bransch_namn_instrument>Finans</Bransch_namn_instrument>
        </Bransch>
      </FinansielltInstrument>
      <FinansielltInstrument>
        <Tillgångsslag_enligt_LVF_5_kap>ÖverlåtbartVärdepapper</Tillgångsslag_enligt_LVF_5_kap>
        <Instrumentnamn>ASHTEAD GROUP PLC</Instrumentnamn>
        <ISIN-kod_instrument>GB0000536739</ISIN-kod_instrument>
        <Landkod_Emittent>GB</Landkod_Emittent>
        <Valuta>GBP</Valuta>
        <Antal>335126</Antal>
        <Nominellt_belopp />
        <Kurs_som_använts_vid_värdering_av_instrumentet>47.2</Kurs_som_använts_vid_värdering_av_instrumentet>
        <Valutakurs_instrument>12.533617</Valutakurs_instrument>
        <Marknadsvärde_instrument>198256091.93</Marknadsvärde_instrument>
        <Andel_av_fondförmögenhet_instrument>1.16</Andel_av_fondförmögenhet_instrument>
        <Bransch>
          <Branschkod_instrument>20</Branschkod_instrument>
          <Bransch_namn_instrument>Industrivaror och tjänster</Bransch_namn_instrument>
        </Bransch>
      </FinansielltInstrument>
      <FinansielltInstrument>
        <Tillgångsslag_enligt_LVF_5_kap>ÖverlåtbartVärdepapper</Tillgångsslag_enligt_LVF_5_kap>
        <Instrumentnamn>ROLLINS</Instrumentnamn>
        <ISIN-kod_instrument>US7757111049</ISIN-kod_instrument>
        <Landkod_Emittent>US</Landkod_Emittent>
        <Valuta>USD</Valuta>
        <Antal>414379</Antal>
        <Nominellt_belopp />
        <Kurs_som_använts_vid_värdering_av_instrumentet>36.54</Kurs_som_använts_vid_värdering_av_instrumentet>
        <Valutakurs_instrument>10.4195</Valutakurs_instrument>
        <Marknadsvärde_instrument>157765907.53</Marknadsvärde_instrument>
        <Andel_av_fondförmögenhet_instrument>0.92</Andel_av_fondförmögenhet_instrument>
        <Bransch>
          <Branschkod_instrument>20</Branschkod_instrument>
          <Bransch_namn_instrument>Industrivaror och tjänster</Bransch_namn_instrument>
        </Bransch>
      </FinansielltInstrument>
      <FinansielltInstrument>
        <Tillgångsslag_enligt_LVF_5_kap>ÖverlåtbartVärdepapper</Tillgångsslag_enligt_LVF_5_kap>
        <Instrumentnamn>VINCI</Instrumentnamn>
        <ISIN-kod_instrument>FR0000125486</ISIN-kod_instrument>
        <Landkod_Emittent>FR</Landkod_Emittent>
        <Valuta>EUR</Valuta>
        <Antal>148797</Antal>
        <Nominellt_belopp />
        <Kurs_som_använts_vid_värdering_av_instrumentet>93.29</Kurs_som_använts_vid_värdering_av_instrumentet>
        <Valutakurs_instrument>11.120211</Valutakurs_instrument>
        <Marknadsvärde_instrument>154362675.03</Marknadsvärde_instrument>
        <Andel_av_fondförmögenhet_instrument>0.9</Andel_av_fondförmögenhet_instrument>
        <Bransch>
          <Branschkod_instrument>20</Branschkod_instrument>
          <Bransch_namn_instrument>Industrivaror och tjänster</Bransch_namn_instrument>
        </Bransch>
      </FinansielltInstrument>
      <FinansielltInstrument>
        <Tillgångsslag_enligt_LVF_5_kap>ÖverlåtbartVärdepapper</Tillgångsslag_enligt_LVF_5_kap>
        <Instrumentnamn>ALCON</Instrumentnamn>
        <ISIN-kod_instrument>CH0432492467</ISIN-kod_instrument>
        <Landkod_Emittent>CH</Landkod_Emittent>
        <Valuta>CHF</Valuta>
        <Antal>200000</Antal>
        <Nominellt_belopp />
        <Kurs_som_använts_vid_värdering_av_instrumentet>63.18</Kurs_som_använts_vid_värdering_av_instrumentet>
        <Valutakurs_instrument>11.261889</Valutakurs_instrument>
        <Marknadsvärde_instrument>142305229.4</Marknadsvärde_instrument>
        <Andel_av_fondförmögenhet_instrument>0.83</Andel_av_fondförmögenhet_instrument>
        <Bransch>
          <Branschkod_instrument>35</Branschkod_instrument>
          <Bransch_namn_instrument>Hälsovård</Bransch_namn_instrument>
        </Bransch>
      </FinansielltInstrument>
      <FinansielltInstrument>
        <Tillgångsslag_enligt_LVF_5_kap>ÖverlåtbartVärdepapper</Tillgångsslag_enligt_LVF_5_kap>
        <Instrumentnamn>THERMO FISCHER SCIEN</Instrumentnamn>
        <ISIN-kod_instrument>US8835561023</ISIN-kod_instrument>
        <Landkod_Emittent>US</Landkod_Emittent>
        <Valuta>USD</Valuta>
        <Antal>39503</Antal>
        <Nominellt_belopp />
        <Kurs_som_använts_vid_värdering_av_instrumentet>550.69</Kurs_som_använts_vid_värdering_av_instrumentet>
        <Valutakurs_instrument>10.4195</Valutakurs_instrument>
        <Marknadsvärde_instrument>226664834.72</Marknadsvärde_instrument>
        <Andel_av_fondförmögenhet_instrument>1.32</Andel_av_fondförmögenhet_instrument>
        <Bransch>
          <Branschkod_instrument>35</Branschkod_instrument>
          <Bransch_namn_instrument>Hälsovård</Bransch_namn_instrument>
        </Bransch>
      </FinansielltInstrument>
      <FinansielltInstrument>
        <Tillgångsslag_enligt_LVF_5_kap>ÖverlåtbartVärdepapper</Tillgångsslag_enligt_LVF_5_kap>
        <Instrumentnamn>ATKORE INTERNATIONAL</Instrumentnamn>
        <ISIN-kod_instrument>US0476491081</ISIN-kod_instrument>
        <Landkod_Emittent>US</Landkod_Emittent>
        <Valuta>USD</Valuta>
        <Antal>208466</Antal>
        <Nominellt_belopp />
        <Kurs_som_använts_vid_värdering_av_instrumentet>113.42</Kurs_som_använts_vid_värdering_av_instrumentet>
        <Valutakurs_instrument>10.4195</Valutakurs_instrument>
        <Marknadsvärde_instrument>246360884.86</Marknadsvärde_instrument>
        <Andel_av_fondförmögenhet_instrument>1.44</Andel_av_fondförmögenhet_instrument>
        <Bransch>
          <Branschkod_instrument>20</Branschkod_instrument>
          <Bransch_namn_instrument>Industrivaror och tjänster</Bransch_namn_instrument>
        </Bransch>
      </FinansielltInstrument>
      <FinansielltInstrument>
        <Tillgångsslag_enligt_LVF_5_kap>ÖverlåtbartVärdepapper</Tillgångsslag_enligt_LVF_5_kap>
        <Instrumentnamn>ATLAS COPCO A</Instrumentnamn>
        <ISIN-kod_instrument>SE0017486889</ISIN-kod_instrument>
        <Landkod_Emittent>SE</Landkod_Emittent>
        <Valuta>SEK</Valuta>
        <Antal>1196476</Antal>
        <Nominellt_belopp />
        <Kurs_som_använts_vid_värdering_av_instrumentet>123.1</Kurs_som_använts_vid_värdering_av_instrumentet>
        <Valutakurs_instrument>1</Valutakurs_instrument>
        <Marknadsvärde_instrument>147286195.6</Marknadsvärde_instrument>
        <Andel_av_fondförmögenhet_instrument>0.86</Andel_av_fondförmögenhet_instrument>
        <Bransch>
          <Branschkod_instrument>20</Branschkod_instrument>
          <Bransch_namn_instrument>Industrivaror och tjänster</Bransch_namn_instrument>
        </Bransch>
      </FinansielltInstrument>
      <FinansielltInstrument>
        <Tillgångsslag_enligt_LVF_5_kap>ÖverlåtbartVärdepapper</Tillgångsslag_enligt_LVF_5_kap>
        <Instrumentnamn>DEERE &amp; CO</Instrumentnamn>
        <ISIN-kod_instrument>US2441991054</ISIN-kod_instrument>
        <Landkod_Emittent>US</Landkod_Emittent>
        <Valuta>USD</Valuta>
        <Antal>52987</Antal>
        <Nominellt_belopp />
        <Kurs_som_använts_vid_värdering_av_instrumentet>428.76</Kurs_som_använts_vid_värdering_av_instrumentet>
        <Valutakurs_instrument>10.4195</Valutakurs_instrument>
        <Marknadsvärde_instrument>236717558.42</Marknadsvärde_instrument>
        <Andel_av_fondförmögenhet_instrument>1.38</Andel_av_fondförmögenhet_instrument>
        <Bransch>
          <Branschkod_instrument>20</Branschkod_instrument>
          <Bransch_namn_instrument>Industrivaror och tjänster</Bransch_namn_instrument>
        </Bransch>
      </FinansielltInstrument>
      <FinansielltInstrument>
        <Tillgångsslag_enligt_LVF_5_kap>ÖverlåtbartVärdepapper</Tillgångsslag_enligt_LVF_5_kap>
        <Instrumentnamn>ALFEN NA</Instrumentnamn>
        <ISIN-kod_instrument>NL0012817175</ISIN-kod_instrument>
        <Landkod_Emittent>NL</Landkod_Emittent>
        <Valuta>EUR</Valuta>
        <Antal>152644</Antal>
        <Nominellt_belopp />
        <Kurs_som_använts_vid_värdering_av_instrumentet>84.2</Kurs_som_använts_vid_värdering_av_instrumentet>
        <Valutakurs_instrument>11.120211</Valutakurs_instrument>
        <Marknadsvärde_instrument>142923899.68</Marknadsvärde_instrument>
        <Andel_av_fondförmögenhet_instrument>0.83</Andel_av_fondförmögenhet_instrument>
        <Bransch>
          <Branschkod_instrument>20</Branschkod_instrument>
          <Bransch_namn_instrument>Industrivaror och tjänster</Bransch_namn_instrument>
        </Bransch>
      </FinansielltInstrument>
      <FinansielltInstrument>
        <Tillgångsslag_enligt_LVF_5_kap>ÖverlåtbartVärdepapper</Tillgångsslag_enligt_LVF_5_kap>
        <Instrumentnamn>CENTRAL JAPAN RAILW</Instrumentnamn>
        <ISIN-kod_instrument>JP3566800003</ISIN-kod_instrument>
        <Landkod_Emittent>JP</Landkod_Emittent>
        <Valuta>JPY</Valuta>
        <Antal>135060</Antal>
        <Nominellt_belopp />
        <Kurs_som_använts_vid_värdering_av_instrumentet>16205</Kurs_som_använts_vid_värdering_av_instrumentet>
        <Valutakurs_instrument>0.078969</Valutakurs_instrument>
        <Marknadsvärde_instrument>172835288.63</Marknadsvärde_instrument>
        <Andel_av_fondförmögenhet_instrument>1.01</Andel_av_fondförmögenhet_instrument>
        <Bransch>
          <Branschkod_instrument>20</Branschkod_instrument>
          <Bransch_namn_instrument>Industrivaror och tjänster</Bransch_namn_instrument>
        </Bransch>
      </FinansielltInstrument>
      <FinansielltInstrument>
        <Tillgångsslag_enligt_LVF_5_kap>ÖverlåtbartVärdepapper</Tillgångsslag_enligt_LVF_5_kap>
        <Instrumentnamn>UNITEDHEALTHGRP</Instrumentnamn>
        <ISIN-kod_instrument>US91324P1021</ISIN-kod_instrument>
        <Landkod_Emittent>US</Landkod_Emittent>
        <Valuta>USD</Valuta>
        <Antal>46200</Antal>
        <Nominellt_belopp />
        <Kurs_som_använts_vid_värdering_av_instrumentet>530.18</Kurs_som_använts_vid_värdering_av_instrumentet>
        <Valutakurs_instrument>10.4195</Valutakurs_instrument>
        <Marknadsvärde_instrument>255218525.56</Marknadsvärde_instrument>
        <Andel_av_fondförmögenhet_instrument>1.49</Andel_av_fondförmögenhet_instrument>
        <Bransch>
          <Branschkod_instrument>35</Branschkod_instrument>
          <Bransch_namn_instrument>Hälsovård</Bransch_namn_instrument>
        </Bransch>
      </FinansielltInstrument>
      <FinansielltInstrument>
        <Tillgångsslag_enligt_LVF_5_kap>ÖverlåtbartVärdepapper</Tillgångsslag_enligt_LVF_5_kap>
        <Instrumentnamn>HORIZON THERAPEUTICS</Instrumentnamn>
        <ISIN-kod_instrument>IE00BQPVQZ61</ISIN-kod_instrument>
        <Landkod_Emittent>IE</Landkod_Emittent>
        <Valuta>USD</Valuta>
        <Antal>165000</Antal>
        <Nominellt_belopp />
        <Kurs_som_använts_vid_värdering_av_instrumentet>113.8</Kurs_som_använts_vid_värdering_av_instrumentet>
        <Valutakurs_instrument>10.4195</Valutakurs_instrument>
        <Marknadsvärde_instrument>195646951.5</Marknadsvärde_instrument>
        <Andel_av_fondförmögenhet_instrument>1.14</Andel_av_fondförmögenhet_instrument>
        <Bransch>
          <Branschkod_instrument>35</Branschkod_instrument>
          <Bransch_namn_instrument>Hälsovård</Bransch_namn_instrument>
        </Bransch>
      </FinansielltInstrument>
      <FinansielltInstrument>
        <Tillgångsslag_enligt_LVF_5_kap>ÖverlåtbartVärdepapper</Tillgångsslag_enligt_LVF_5_kap>
        <Instrumentnamn>HOLOGIC</Instrumentnamn>
        <ISIN-kod_instrument>US4364401012</ISIN-kod_instrument>
        <Landkod_Emittent>US</Landkod_Emittent>
        <Valuta>USD</Valuta>
        <Antal>264477</Antal>
        <Nominellt_belopp />
        <Kurs_som_använts_vid_värdering_av_instrumentet>74.81</Kurs_som_använts_vid_värdering_av_instrumentet>
        <Valutakurs_instrument>10.4195</Valutakurs_instrument>
        <Marknadsvärde_instrument>206155271.17</Marknadsvärde_instrument>
        <Andel_av_fondförmögenhet_instrument>1.2</Andel_av_fondförmögenhet_instrument>
        <Bransch>
          <Branschkod_instrument>35</Branschkod_instrument>
          <Bransch_namn_instrument>Hälsovård</Bransch_namn_instrument>
        </Bransch>
      </FinansielltInstrument>
      <FinansielltInstrument>
        <Tillgångsslag_enligt_LVF_5_kap>ÖverlåtbartVärdepapper</Tillgångsslag_enligt_LVF_5_kap>
        <Instrumentnamn>MERCK USD</Instrumentnamn>
        <ISIN-kod_instrument>US58933Y1055</ISIN-kod_instrument>
        <Landkod_Emittent>US</Landkod_Emittent>
        <Valuta>USD</Valuta>
        <Antal>334056</Antal>
        <Nominellt_belopp />
        <Kurs_som_använts_vid_värdering_av_instrumentet>110.95</Kurs_som_använts_vid_värdering_av_instrumentet>
        <Valutakurs_instrument>10.4195</Valutakurs_instrument>
        <Marknadsvärde_instrument>386183275.79</Marknadsvärde_instrument>
        <Andel_av_fondförmögenhet_instrument>2.25</Andel_av_fondförmögenhet_instrument>
        <Bransch>
          <Branschkod_instrument>35</Branschkod_instrument>
          <Bransch_namn_instrument>Hälsovård</Bransch_namn_instrument>
        </Bransch>
      </FinansielltInstrument>
      <FinansielltInstrument>
        <Tillgångsslag_enligt_LVF_5_kap>ÖverlåtbartVärdepapper</Tillgångsslag_enligt_LVF_5_kap>
        <Instrumentnamn>ZURICH FINANCIAL</Instrumentnamn>
        <ISIN-kod_instrument>CH0011075394</ISIN-kod_instrument>
        <Landkod_Emittent>CH</Landkod_Emittent>
        <Valuta>CHF</Valuta>
        <Antal>42300</Antal>
        <Nominellt_belopp />
        <Kurs_som_använts_vid_värdering_av_instrumentet>442.3</Kurs_som_använts_vid_värdering_av_instrumentet>
        <Valutakurs_instrument>11.261889</Valutakurs_instrument>
        <Marknadsvärde_instrument>210701947.25</Marknadsvärde_instrument>
        <Andel_av_fondförmögenhet_instrument>1.23</Andel_av_fondförmögenhet_instrument>
        <Bransch>
          <Branschkod_instrument>40</Branschkod_instrument>
          <Bransch_namn_instrument>Finans</Bransch_namn_instrument>
        </Bransch>
      </FinansielltInstrument>
      <FinansielltInstrument>
        <Tillgångsslag_enligt_LVF_5_kap>ÖverlåtbartVärdepapper</Tillgångsslag_enligt_LVF_5_kap>
        <Instrumentnamn>NATL AUSTRALIA B</Instrumentnamn>
        <ISIN-kod_instrument>AU000000NAB4</ISIN-kod_instrument>
        <Landkod_Emittent>AU</Landkod_Emittent>
        <Valuta>AUD</Valuta>
        <Antal>524317</Antal>
        <Nominellt_belopp />
        <Kurs_som_använts_vid_värdering_av_instrumentet>30.06</Kurs_som_använts_vid_värdering_av_instrumentet>
        <Valutakurs_instrument>7.065984</Valutakurs_instrument>
        <Marknadsvärde_instrument>111366754.92</Marknadsvärde_instrument>
        <Andel_av_fondförmögenhet_instrument>0.65</Andel_av_fondförmögenhet_instrument>
        <Bransch>
          <Branschkod_instrument>40</Branschkod_instrument>
          <Bransch_namn_instrument>Finans</Bransch_namn_instrument>
        </Bransch>
      </FinansielltInstrument>
      <FinansielltInstrument>
        <Tillgångsslag_enligt_LVF_5_kap>ÖverlåtbartVärdepapper</Tillgångsslag_enligt_LVF_5_kap>
        <Instrumentnamn>ARROWHEAD PHARMA</Instrumentnamn>
        <ISIN-kod_instrument>US04280A1007</ISIN-kod_instrument>
        <Landkod_Emittent>US</Landkod_Emittent>
        <Valuta>USD</Valuta>
        <Antal>280000</Antal>
        <Nominellt_belopp />
        <Kurs_som_använts_vid_värdering_av_instrumentet>40.56</Kurs_som_använts_vid_värdering_av_instrumentet>
        <Valutakurs_instrument>10.4195</Valutakurs_instrument>
        <Marknadsvärde_instrument>118332177.6</Marknadsvärde_instrument>
        <Andel_av_fondförmögenhet_instrument>0.69</Andel_av_fondförmögenhet_instrument>
        <Bransch>
          <Branschkod_instrument>35</Branschkod_instrument>
          <Bransch_namn_instrument>Hälsovård</Bransch_namn_instrument>
        </Bransch>
      </FinansielltInstrument>
      <FinansielltInstrument>
        <Tillgångsslag_enligt_LVF_5_kap>ÖverlåtbartVärdepapper</Tillgångsslag_enligt_LVF_5_kap>
        <Instrumentnamn>ASTRAZENECA</Instrumentnamn>
        <ISIN-kod_instrument>GB0009895292</ISIN-kod_instrument>
        <Landkod_Emittent>GB</Landkod_Emittent>
        <Valuta>SEK</Valuta>
        <Antal>233000</Antal>
        <Nominellt_belopp />
        <Kurs_som_använts_vid_värdering_av_instrumentet>1403.5</Kurs_som_använts_vid_värdering_av_instrumentet>
        <Valutakurs_instrument>1</Valutakurs_instrument>
        <Marknadsvärde_instrument>327015500</Marknadsvärde_instrument>
        <Andel_av_fondförmögenhet_instrument>1.91</Andel_av_fondförmögenhet_instrument>
        <Bransch>
          <Branschkod_instrument>35</Branschkod_instrument>
          <Bransch_namn_instrument>Hälsovård</Bransch_namn_instrument>
        </Bransch>
      </FinansielltInstrument>
      <FinansielltInstrument>
        <Tillgångsslag_enligt_LVF_5_kap>ÖverlåtbartVärdepapper</Tillgångsslag_enligt_LVF_5_kap>
        <Instrumentnamn>AMERISORCEBERGEN</Instrumentnamn>
        <ISIN-kod_instrument>US03073E1055</ISIN-kod_instrument>
        <Landkod_Emittent>US</Landkod_Emittent>
        <Valuta>USD</Valuta>
        <Antal>149181</Antal>
        <Nominellt_belopp />
        <Kurs_som_använts_vid_värdering_av_instrumentet>165.71</Kurs_som_använts_vid_värdering_av_instrumentet>
        <Valutakurs_instrument>10.4195</Valutakurs_instrument>
        <Marknadsvärde_instrument>257578203.78</Marknadsvärde_instrument>
        <Andel_av_fondförmögenhet_instrument>1.5</Andel_av_fondförmögenhet_instrument>
        <Bransch>
          <Branschkod_instrument>35</Branschkod_instrument>
          <Bransch_namn_instrument>Hälsovård</Bransch_namn_instrument>
        </Bransch>
      </FinansielltInstrument>
      <FinansielltInstrument>
        <Tillgångsslag_enligt_LVF_5_kap>ÖverlåtbartVärdepapper</Tillgångsslag_enligt_LVF_5_kap>
        <Instrumentnamn>ABBVIE</Instrumentnamn>
        <ISIN-kod_instrument>US00287Y1091</ISIN-kod_instrument>
        <Landkod_Emittent>US</Landkod_Emittent>
        <Valuta>USD</Valuta>
        <Antal>172000</Antal>
        <Nominellt_belopp />
        <Kurs_som_använts_vid_värdering_av_instrumentet>161.61</Kurs_som_använts_vid_värdering_av_instrumentet>
        <Valutakurs_instrument>10.4195</Valutakurs_instrument>
        <Marknadsvärde_instrument>289630007.94</Marknadsvärde_instrument>
        <Andel_av_fondförmögenhet_instrument>1.69</Andel_av_fondförmögenhet_instrument>
        <Bransch>
          <Branschkod_instrument>35</Branschkod_instrument>
          <Bransch_namn_instrument>Hälsovård</Bransch_namn_instrument>
        </Bransch>
      </FinansielltInstrument>
      <FinansielltInstrument>
        <Tillgångsslag_enligt_LVF_5_kap>ÖverlåtbartVärdepapper</Tillgångsslag_enligt_LVF_5_kap>
        <Instrumentnamn>DAIICHI SANKYO</Instrumentnamn>
        <ISIN-kod_instrument>JP3475350009</ISIN-kod_instrument>
        <Landkod_Emittent>JP</Landkod_Emittent>
        <Valuta>JPY</Valuta>
        <Antal>579986</Antal>
        <Nominellt_belopp />
        <Kurs_som_använts_vid_värdering_av_instrumentet>4250</Kurs_som_använts_vid_värdering_av_instrumentet>
        <Valutakurs_instrument>0.078969</Valutakurs_instrument>
        <Marknadsvärde_instrument>194653886.34</Marknadsvärde_instrument>
        <Andel_av_fondförmögenhet_instrument>1.14</Andel_av_fondförmögenhet_instrument>
        <Bransch>
          <Branschkod_instrument>35</Branschkod_instrument>
          <Bransch_namn_instrument>Hälsovård</Bransch_namn_instrument>
        </Bransch>
      </FinansielltInstrument>
    </FinansiellaInstrument>
  </Fondinformation>
  <Fondinformation />
</VärdepappersfondInnehav>