Fststn 0 06/16/23	SE0013101805	60
Stefbs Frn 250818	SE0017084676	60
Sirius Intl Grp 4.6% 01.11.26	USG8201FAA78	40
Ibinvs 0 12/15/24	SE0016101810	60
Kungsleden Frn 18.06.2025 Sek	SE0012676856	60
Loomis FRN 230918	SE0011869932	20
Balder Var 07.03.2078	XS1677911825	60
Fasemi 0 04/14/25	SE0017769060	60
Platzer Fast Frn 01.11.2024	SE0013883287	60
Sampfh Frn 510617	XS2077655624	40
Grngss 0 09/29/26	SE0013360476	15
Aakss 0 06/16/25	SE0013883675	30
Cafstg 0 07/01/24	SE0016127773	60
Shbass Var% Perpetual Usd	XS1952091202	40
M2 Ass Mgm 250115frn	SE0016802854	60
Trygfo 0 02/26/26 P	DK0030484621	40
Svensk Fastig 0.853% 09.03.23	SE0012676773	40
Tryg Forsikring FRN 510512	DK0030488101	40
Swedish Orphan Bio Cp 270223	SE0019019720	35
Bonava 0 03/11/24	SE0013887973	25
Fastighets Stenv Frn 01.11.23	SE0013102035	60
Klovss 0 04/16/24	SE0013104205	60
Boliden Ab 5.136% 01.03.27 Sek	SE0013105269	15
Boliden FRN 20250922	SE0013407905	15
Diös Fast 230621 Frn	SE0013883097	60
Scabss Frn 280621	SE0013102373	15
Platzer Fast Frn 15.09.2025	SE0013883188	60
Stefbs 0 04/28/24	SE0015503545	60
Castellum 3,125 Perp	XS2380124227	60
Knaand 0 06/01/24	SE0013360278	40
K2a Frn 250401	SE0013104791	40
Heimstaden Bostad AB FRN EMTN 21/08.04.24	XS2327839580	60
Dkt Finance 7.000% 17.06.2023	XS1841967356	50
Snolum Frn 240926	SE0012596179	35
Comfas Frn 240915	SE0016802912	60
Cibnre 0 12/29/24	SE0013360716	40
24storage Frn 05.10.2023 Sek	SE0014957551	20
Garfunkelux Hld 3 Frn 01.05.26	XS2250154494	40
Fastighetsbolag Frn 13.09.25	SE0018535932	40
Pandox Cp 23.03.2023 Sek	SE0019353830	25
Trophi Fast Cp 22.02.2023 Sek	SE0019173857	40
Intrum Cp 22.03.2023 Sek	SE0019353749	20
Viaplay Group Zcpn Cp 22.02.23	SE0019173881	25
Fngbb 240725	SE0012827996	25
Medgam Frn 260621	SE0018042277	50
Novedo 0 11/26/24	SE0017070980	40
Schletter 250912	NO0012530973	20
Autocirc 250617 Frn	SE0017885916	25
Grntvt Frn 240923	NO0011094658	30
Heimst Hyb Frn241011	SE0012455111	60
Qred 250422	SE0017562440	40
SGL TransGroup International 7.750% 250408	SE0015810759	20
Arise 260518 Frn	SE0017487416	55
Humble Frn 250721	SE0016273742	15
Hrgno 3 02/24/25	NO0010874548	25
Impala Group Frn 20.10.2024	NO0011117145	45
Sgl Transgroup Frn 04.11.2024	SE0013101219	20
Bayport Snr 250520	NO0012496688	40
Fmgno Float 102027	NO0010863350	40
Frtaco Float 072227	NO0012547274	20
Foy 10 1/4 Perp Corp	FI4000441860	20
Ddm 260419	SE0015797683	40
Ehabse 0 01/26/25	SE0017133564	40
Scbgas 0 06/08/26	SE0015812441	10
Vef Ab Frn 22.04.2025 Sek	SE0016609903	40
Viacon Frn 251104	SE0016844617	20
Vnv 5,0% 250131	SE0017483019	40
Humble Group 9.500% 05.01.2024	SE0015243472	15
Solisb 0 01/06/24	NO0010914914	55
Epneng 6,125% 300922	DK0030470919	55
Nyfss Frn 250113	SE0017562630	60
Castellum 240521 132	SE0010832782	60
Mekonomen Frn 260318	SE0015660022	25
Castellum 241002 150	SE0010440719	60
Castellum FRN250521	SE0011230853	60
Midst Frn 250208 425	SE0017133846	40
Tigo 0 05/15/24	SE0012454841	50
Tele2 FRN 270519	XS2482533127	50
Swav 3,49% 240819	SE0017071509	20
Tlsn 241107 3,995%	XS2553184461	50
Trelleborg Treasury FRN Float 10/17/24	SE0013282837	20
Aakss 0 03/22/24	SE0011643204	30
Scania 0 03/31/25	XS2463974225	20
Ssab Frn 240626	XS2017330221	15
Fabeg Frn 240221 130	SE0013359759	60
Fvhsam 250224 1,75%	SE0010599019	55
FastPartner AB FRN Sen Reg S 19/28.03.24	SE0012455400	60
Fabgss 0 10/15/26	SE0013883261	60
Corem Frn 240429	SE0015192521	60
Coorss 0 03/20/24	SE0012377299	20
Corem Frn 241021	SE0017132681	60
Elux 4,42% 251208	XS2563383780	25
Diosss Frn 241118	SE0013883303	60
Hexagon FRN 20241126	SE0012675908	45
Ikano Bank AB FRN 2025-01-20	SE0013883360	40
Wihl Frn 231018 125	SE0012675866	60
Ikano Frn 231102 105	SE0013882693	40
Trian Frn 230811 275	SE0015530985	60
Kled 0 03/07/23	SE0011869692	60
Heimst 0 01/15/24	SE0014991345	60
Hexagon AB FRN MTN Ser 116 Tr 1 Sen 18/04.04.23	SE0010833079	45
Gränges Frn 230920	SE0011670611	15
Epiroc FRN 231206	XS1918042364	20
Nibe Industrier AB FRN DMTN Ser 107 Sen 18/04.09.23	SE0011062983	20
Fabege AB FRN Ser 108 Tr 1 18/28.02.23	SE0010947135	60
Skanska Frn 230524	SE0011088822	20
Mdcinf 0 04/12/24	SE0015811443	20
Swedavia FRN (Perpetual)	SE0015938345	20
Nordea 260326	US65559D2A65	40
Nordnet FRN CoCo (Perpetual)	SE0017072234	40
Offnor 0 04/12/24	SE0014965919	60
Nyfss 0 Perp	SE0017084486	60
Magbos Frn240402 750	SE0014956454	60
Linkno 3,375% 251215	NO0010911506	45
Stbno Frnp480327 250	NO0010820285	40
Sibsab 0 04/19/24	SE0014965729	60
Fabege AB FRN 2026/06/04 - GREEN BOND	SE0013104593	60
Romanov Sek 261022	NO0011134413	40
Catess 1.58 06/16/25	SE0013104627	40
Electrolux AB FRN EMTN Ser 56 19/19.11.24	XS2081014982	25
Distss 0 05/19/25	SE0015949359	45
Akfast 3,875% 781005	XS1788973573	60
Heimstaden Bostad VAR (Perpetual)	XS2010037765	60
Tryg Fors Frn 231026	DK0030418249	40
Klövern Hybri 230621	SE0011337898	60
Bellman 260210 Frn	SE0015221999	20
Ppg 2,75% 290601	XS2484340075	15
Nwide 1,5% 260308	XS1788834700	40
Nepsj 1,875% 261009	XS2063535970	40
Nwg 2,75% 250402	XS2150006646	40
Sanscf 0,375% 250117	XS2100690036	40
Rabobk 0,875% 280505	XS2168285000	40
Omc 0,8% 270708	XS2019814503	50
Inves 0,5% 270217	XS2296207116	40
Hnda 1,95% 241018	XS2159791990	25
Lloyds 2,375% 260409	XS2151069775	40
Ms 1,75% 250130	XS1180256528	40
Ndass 1% 290627	XS2019260764	40
Molhb 1,5% 271008	XS2232045463	10
Meryfp 4,625% 270707	FR0013522091	40
Wntrde 1,823% 310925	XS2055079904	10
Wntrde 1.332% 280925	XS2054210252	10
Total 2,625% Perp	XS1195202822	10
Ybs 0,625% 250921	XS2231267829	40
Shbass 1,375% 290223	XS2447983813	40
Scgau 1,45% 290328	XS1968706520	40
Scbnor 0,125% 250225	XS2124046918	40
Scbnor 0,125% 260414	XS2331216577	40
Slhnvx 4,375% Perp	XS1245292807	40
Bmy 1% 250515	XS1226748439	35
Bgav 2,375% 290326	XS1968814332	40
Atim 1,625% 280208	XS1765875718	20
Cardfp 1,625% 290401	FR0014002QG3	40
Cabksm 0,75% 260710	XS2200150766	40
Bpln 1,573% 270216	XS1190974011	10
Adpfp 2,75% 300402	FR0013505633	20
Acafp 2,625% 270317	XS1204154410	40
Aarb 0,05% 260902	DE000AAR0298	40
Aarb 0,25% 271123	DE000A289LU4	40
Anvau 3% 240213	XS1030143447	55
Aoxgr 1,5% 271115	XS1717584913	40
Anvau 1,5% 270226	XS1191877452	55
Alfass 1,375% 290218	XS2444286145	20
Amxlmm 1,5% 240310	XS1379122101	50
Cardfp 2,125% 280307	FR0013321536	40
Edf 2% 491209	FR0013465424	55
Enelim 5,625% 270621	XS0306646042	55
Dsvdc 0,5% 310303	XS2308616841	20
Dxc 1,75% 260115	XS1883245331	45
Fregr 3% 320130	XS1554373834	35
Ezjln 0,875% 250611	XS2009152591	20
Exoim 2,25% 300429	XS2159887590	40
Citcon 1,625% 280312	XS2310411090	40
Cbaau 1,936% 291003	XS1692332684	40
Cmark 3,375% 310311	FR0013407418	40
Cpipgr 1,5% 310127	XS2290544068	40
Ckhh 1,25% 250413	XS1806124753	25
Alvgr 4,75% Perp	DE000A1YCQ29	40
Nykre 0,125% 240710	DK0009525404	40
Nwg 2% 250827	XS2485553866	40
Necele 1,543% 241126	US75972BAA98	45
Ms 0,985% 261210	US6174468V45	40
Phiana 5% 420315	US500472AE51	35
Pld 1,5% 340208	XS2439004685	40
Orcl 3,85% 600401	US68389XBY04	45
Pru 5,75% 330715	US74432QAC96	40
Krc 2,5% 321115	US49427RAQ56	40
Laz 4,5% 280919	US52107QAJ40	40
Lea 2,6% 320115	US521865BC87	25
Intned 0,125% 251129	XS2413696761	40
Lnc 6,3% 371009	US534187AW96	40
Mizuho 2,651% 260522	US60687YCA55	40
Mqgau 1,201% 251014	US55608JBA51	40
Mmm 5,7% 370315	US88579EAC93	20
Mizuho 2,226% 260525	US60687YBD04	40
Low 5,8% 620915	US548661EN31	25
Low 5,8% 361015	US548661CL92	25
Ulfp 1,875% 310115	FR0013332996	40
Ulfp 1,5% 290529	XS1619568303	60
Trv 6,25% 370615	US89417EAD13	40
Ups 7,62% 300401	US911308AB04	20
Unp 3,85% 720214	US907818GA00	20
Ulfp 3,75% 240917	US92890HAC60	40
Telvis 8,5% 320311	US40049JAT43	50
Tricn 5,5% 380815	US884903AY13	20
Wstpnz 1,099% 260324	XS2448001813	40
Zurnvx 3,5% 461001	XS1418788755	40
Zbh 4,25% 350815	US98956PAG72	35
Vtrs 1,65% 250622	US92556VAB27	35
Vfc 2,95% 300423	US918204BC10	25
Vod 5,125% 590619	US92857WBT62	50
Vno 3,5% 250115	US929043AJ65	40
Sanuk 3,823% 281103	US80281LAG05	40
Santan 0,701% 240630	US05971KAK51	40
Rabobk 1,004% 260924	US74977RDJ05	40
Rabobk 0,625% 330225	XS2306851853	40
Qrvo 1,75% 241215	US74739DAA28	45
Roic 4% 241215	US76132FAB31	40
Shbass 1,625% 290305	XS1875333178	40
Socgen 2,226% 260121	US83368RBG65	40
Bns 2,45% 320202	US06417XAE13	40
Bpcegp 4% 240415	US05578DAG79	40
Bery 1,5% 270115	XS2093881030	15
Bmo 3,088% 370110	US06368DH723	40
Cm 3,6% 320407	US13607HR535	40
Citnat 1,75% 250504	US50050GAM06	40
Cmcsa 5,65% 350615	US20030NAF87	50
Bzlnz 2,87% 320127	US06407EAF25	40
Bxp 3,25% 310130	US10112RBD52	60
Ce 6,05% 250315	US15089QAL86	15
C 2,014% 260125	US17327CAN39	40
Anznz 0,375% 290917	XS2052998403	40
Amxlmm 6,375 350301	US02364WAJ45	50
Arndtn 0,625% 250709	XS2023872174	40
Aptv 4,15% 520501	US00217GAC78	25
Acafp 3,25% 241004	US22535WAD92	40
Adna 6,875% 290501	US008685AB51	30
Awk 4,3% 450901	US03040WAM73	55
Bac 6,11% 370129	US59022CAJ27	40
Asbbnk 5,284% 320617	US04342JAA51	40
Arndtn 2,875% Perp	XS2027946610	60
Atr 3,6% 320315	US038336AA11	15
Es 4,95% 520915	US67021CAT45	55
Dt 9,25% 320601	US25156PAD50	50
Hanrue 3,375% Perp	XS1109836038	40
Hig 6,625% 400330	US416515BA11	40
Gwocn 0,904% 250812	US391399AA00	40
Gpn 5,4% 320815	US37940XAQ51	45
Cpuau 1,125% 311007	XS2393323667	40
Dail 5,1% Perp	US23380YAC12	40
Dfs 3,45% 260727	US25466AAJ07	40
Dfs 4,65% 280913	US25466AAP66	40
Dow 1,875% 400315	XS2122933695	15
Cnpfp 4% Perp	FR0012317758	40
Trtn 0,8% 230801	US89680YAD76	20
Ellevio 2,875 250212	XS1768718576	55
Axdelo Frn 240421	FI4000252119	20
Tvoyfh 0 02/15/24	XS1910266169	55
Nokia 6,625% 390515	US654902AC90	45
Upmfh  7,45% 271126	US915436AC33	15
Upmfh2 7,45% 271126	USX9518SAB44	15
Tensio Frn 260923	NO0011101560	55
Telbss 0 06/10/25	XS2187707976	50
Tomno 0 11/04/25	NO0012739491	20
Nokia 2,375% 250515	XS2171759256	50
Investment Latour FRN 20270616	SE0013102357	20
Kinvb Frn 250219	SE0012676005	40
Lyse Frn 280303	NO0012692591	55
Klarho 6,625% Perp	SE0011844356	50
Kinvb Frn 261123	SE0013360534	40
Lanbnn 0,5% 240520	XS2121467497	40
Jybc 0 Perp 240409 C	XS1843442119	40
Nokia 2% 260311	XS1960685383	50
Velliv Frn 280608	DK0030420492	40
Ndass Frn 260318	NO0010981301	40
Nhyno Frn 260216	NO0010882343	15
Ndass Frn 270317	NO0012513532	40
Sbab 700713 Frn Perp	SE0017769870	40
Rikshm Frn 270906	XS2529236247	40
Rdkeck Frn 261028	NO0011130148	20
Ssab Frn 260616	XS2353270239	15
Stbno Frn 490916	NO0010863228	40
Ssw 6,5% 260429	NO0010981939	20
Spolno 1,75% 270427	XS2472845911	40
Shbass Frn 240319	NO0010847114	40
Spabol Frn 270915	NO0012707498	40
Phmgrp Frn 260619	FI4000541685	60
Nrskto Frn 261005	NO0011115495	40
Nykre Frn 321018	NO0012724113	40
Nykre 4,125% Perp	DK0030352471	40
Sveaek Frn 300910	SE0014781340	45
Sweda 2,1% 270525	XS2485152362	40
Oewndi 2,75% 260914	NO0011082117	10
ORIFLM_5,125% 26050	US68621CAA71	30
Otevfh 4,875% 271207	XS2560415965	20
Oriflame 260504	XS2337349265	30
Oriflame Fix 260504	USG67744AA34	30
Opninf 0 11/11/25	SE0017072358	50
Felost 0 04/22/25	NO0012496761	30
Fertsa Frn 251222	NO0010912801	15
Castss 0,875% 290917	XS2387052744	60
Btwo Frn 260922	NO0012704107	40
Citycon Oyj 3.625% Eur Perp	XS2347397437	40
Wwlno 0 09/09/24	NO0010891971	20
Wwlno Frn 260303	NO0011082091	20
Vardar 6,5% 250604	NO0010572282	55
Vestum Frn 241028	SE0016844526	40
Wwlno Frn 270421	NO0012495912	20
Danbnk Frn 260604	NO0010884547	40
Danske Bank 260518	XS2343014119	40
Bkkno Frn 270120	NO0010873003	55
Intrum 4,875% 250815	XS2211136168	40
Intrum 9,25% 280315	XS2566291865	20
Intrum Frn 241001	SE0013102407	20
Atrium Ljungberg FRN 20250428	SE0013883535	60
Arion 6,25% Perp	XS2125141445	40
Arion 4,875% 241221	XS2498976047	40
Bolss 5.53 09/22/27	SE0015810825	15
Heibos 0,75% 290906	XS2384269366	40
Humfas 5,683% 271208	SE0013883816	60
Inteno Frn 260906	SE0018040891	50
Heimstaden Var% Eur Perpetual	SE0016278352	60
Endur Asa 250303 Frn	NO0010935430	20
Odlno Frn 260223	NO0012439480	10
Kntgbl 10% 260628	NO0011032336	10
Iogln Frn 240920	NO0010863236	10
Limpet Frn 250707	NO0012559246	10
Frugr Frn 251221	NO0012702549	40
Frugr Frn Perp	NO0011037327	40
Grenrg Frn 250527	NO0012526187	10
Hlng Frn 250130	NO0010873755	20
Hldmng Frn 250210	NO0012428996	40
Sfl 7,25% 260512	NO0010992944	20
Scanbd 11,5% 250906	NO0012441007	20
Trymno  Frn 240910	NO0011088627	40
Tkshtn 9,5% 251215	NO0011167785	10
Mirovia Frn 07.07.2024 Sek	SE0015938378	40
Modexa Frn 260302	NO0010932460	20
Rblnop 0 05/20/25	SE0017486509	20
Pdnerg 9,75% 260603	NO0012535816	10
Chipbi Frn 241213	NO0010869761	40
Dofsub 0% 20491231	NO0012672734	10
Dofsub 0% 491231	NO0012536384	10
Dofsub Frn Perp	NO0010971005	10
Csamhe Frn 240925	NO0010893738	45
Dbbjup Frn 241003	NO0010832488	10
Airgbl Frn 250512	NO0010991987	20
Aker Horiz250815 Frn	NO0010923220	40
Exreho Frn 270330	NO0012475567	45
Dofsub Frn 231127	NO0010836810	10
Ijsbee Frn 230907	NO0010891872	55
Bulkid Frn 230714	NO0010886922	20
Kccno Frn 250211	NO0010874530	20
Wbgrb 0 11/23/24	SE0016798227	20
Phmgrp 4,75% 260618	FI4000507876	40
Odfjell FRN 2025-01-21	NO0010918048	20
B2 Holding As Frn Eur 23.05.23	NO0010822646	40
Stormr 0 12/11/23	NO0010908163	40
Mndiln 1,625% 260427	XS1813593313	15
Lseln 0,65% 240406	US50220PAA12	40
Mbggr 3,25% 240801	US233851BJ21	25
Nwg 3,479% 250322	US63906YAG35	40
Nibcap 0,875% 260909	XS2023631489	40
Ihgln 1,625% 241008	XS2240494471	25
Hynmtr 1% 240917	US44891ABY29	25
Hynmtr 6,375% 300408	US44891ABL08	25
Lpty 2,875% 241024	US52206AAD28	40
Leggr 0,375% 260117	DE000A3MQNN9	40
Snx 1,25% 240809	US87162WAD20	20
Socgen 4,351% 250613	US83368RBN17	40
Syf 4,875% 250613	US87165BAS25	40
Shbass 0,55% 240611	US86959LAG86	40
Ulfp 2,125% 250409	FR0013506813	40
Nwg 4,519% 240625	US780097BJ90	40
Seb 0,65% 240909	US83051GAS75	40
Seb 1,375% 281031	XS1511589605	40
Bpcegp 1,625% 250114	US05578AAV08	40
Bpcegp 4,625% 240711	US05578QAC78	40
Bocavi 1,625% 240429	US66980P2A66	40
Bpcegp 5,15% 240721	US05578QAB95	40
Dfs 4,5% 260130	US254709AP32	40
Bx 2% 250519	XS1234760699	40
Aldfp 1,25% 260302	XS2451372499	20
Aig 0,65% 240617	US00138CAS70	40
Bk 0,85% 241025	US06406RAX52	40
Bacr 4,375% 240911	US06738EAC93	40
Bap 2,75% 250617	US22530EAA01	40
Enelgx 4,25% 240415	US29246RAA14	55
Gp 8,875% 310515	US373298BU13	15
Efncn 3,85% 250615	US286181AD43	20
Efncn 1,6% 240406	US286181AF90	20
Fcabnk 0,5% 230918	XS2231792586	40
Cpt 4,25% 240115	US133131AU62	40
Lloyds 4,05% 230816	US539439AS89	40
Rflbo 0,75% 230522	XS1720806774	40
Electrolux 0.885% 20241119	XS2081016920	25
Deutsche Pfandbriefbank FRN 20230130	DE000A2YNV10	40
Castellum FRN 20240910	SE0013882503	60
Castss 0 08/19/25	SE0013359734	60
Hexagon FRN 2025-09-17	SE0013104122	45
Bank Norwegian FRN 20250318	NO0010952831	40
Atrium Ljungberg FRN 20260429	SE0013102167	60
Castellum 0.62% 20230622	SE0013102324	60
Atrium Ljungberg FRN 20261001	SE0013360351	60
Hexagon 1.125% 20241126	SE0012675890	45
Castellum FRN 20230317	SE0009722721	60
Atrium Ljungberg FRN 20230329	SE0013882925	60
Boliden FRN 20270301	SE0013105251	15
Electrolux FRN 20251208	XS2563383863	25
Atrium Ljungberg AB FRN 2024/04/02 - GREEN BOND	SE0011869767	60
Balder 0 12/06/24	SE0013359494	60
Atrium Ljungberg 1.122% 20250401	SE0013359882	60
Fastighets Balder 1.394% 20250408	SE0013359890	60
Deutsche Pfandbriefbank 1.075% 20240129	DE000A2YNV02	40
FastPartner AB FRN 2025-05-27	SE0013883055	60
Akelius Residential Prop AB FRN EMTN Sen 18/03.10.23	XS1889043193	60
Tcm War Leonne12 231018	CH0588513314	40
Treasury Metals Eq Wrt 07.8.23	CA8946472476	15
Leonteq Sec Zcpn 02.12.2025	CH1159251532	40
Hurtigruten 11% Eur 14.02.25	NO0012436270	25
Nordiska Kre 260629	SE0015961537	40
Leonteq Sec Ag Zcpn 02.12.2025	CH1159251524	40
Leonteq Sec Ag Zcpn 02.12.25 D	CH1159251474	40
Leonteq Sec Ag Zcpn 02.12.25 B	CH1159251490	40
Leonteq Sec Ag Zcpn 02.12.25 C	CH1159251482	40
Tcm War Leongfi2 230324	CH0588510054	40
Danske Bank 6.125% Perp Usd	XS1586367945	40
Seb 5.125% Var Perpetual Usd	XS2076169668	40
Tcm War Leonehy3 230324	CH0588510005	40
Arwidsro Fast Frn 28.07.2025	SE0017232754	40
Comfas 0 09/24/23	SE0013914629	60
Arwidsro Frn 230904	SE0013719606	40
Indutrade 4.493% 20.12.24 Sek	SE0013883824	20
Tcm War Leonsis2 15042024	CH1159246672	40
Dnbno 4.12 09/02/26c	XS2528576213	40
Tcm War Leonehy3 240318	CH0588517596	40
K2a Knaust Anders Frn 28.08.23	SE0014731071	40
Ml 33 Hldg 9.000% 27.12.2023	NO0010768492	40
Nordax FRN CoCo (Perpetual)	NO0011134462	40
Tcm War Leongec2 230324	CH0588510039	40
Volvo Treasury 1.500% 13.12.23	XS1921470693	40
Swedish Atp Mgmt 0% 30.11.24	SE0012930089	20
Sbab Bank 1% 15.05.2023 Sek	XS1820047824	40
De Pfandbriefbk 0.568% 17.1.24	DE000A3T0X89	40
Midaq Ab Frn 13.12.2024	SE0017085319	40
Skf Ab 1.125% 10.06.2024 Sek	SE0014449658	20
Vasakronan 0.465% 21.08.2023	XS2219456543	40
Kistefos As Frn 11.09.2024 Nok	NO0010892136	40
Seafire Frn 02.03.2024 Sek	SE0015245758	40
Bidco Rely Nutec Frn 11.09.202	NO0010831373	60
Leonteq Sec Ag Zcpn 16.12.2025	CH1219378994	40
Husqvarna 1.000% 04.12.24 Sek	SE0013359486	20
Tcm War Leonehy4 270625	CH1159247407	40
Color Group Frn Perpetual Nok	NO0010893340	20
Nordea Var% Perp R144a Coco	US65557CAN39	40
Ekornes Qm Hld As 02.10.2023	NO0010848401	25
Nvkftg 0 09/24/23	SE0014855763	40
Genova Property Frn 30.09.2023	SE0013222593	10
Gn Store Nord 0.750% 06.12.23	XS2090786943	35
Heba Fastighets 0.965% 02.03.2	SE0013882875	40
Leonteq Sec Ag Zcpn 02.12.25 E	CH1159251516	40
Länsförsäkringar Bank AB FRN Perpetual	SE0015195615	40
Calligo Frn 29.12.2024 Eur	NO0011179806	45
Leonteq Sec Zcpn 25.07.2025	CH1159248686	40
Leonteq Sec Zcpn 25.07.25	CH1159248702	40
Leonteq Sec Zcp 25.07.25	CH1159248694	40
Societe Generale Wrt 24/11/23	FR0014006OC8	40
Hoegh Lng Holdings 01.08.2023	NO0010782949	10
Sca Cp 15.03.2023 Sek	SE0019352956	15
Trelleborg Treasury Cp 160123	SE0018689697	40
Essity Ab Cp 30.01.2023	SE0018397424	30
Hexagon Ab Cp 12.01.2023	SE0018767923	45
Sweco Ab Cp 14.02.2023	SE0019072240	20
Hemso Fastighets Cp 06.03.2023	SE0019176025	40
Cibus Nordic Frn Eur 01.12.25	SE0013360849	60
Dbafin 7.5 10/27/24	NO0010895360	40
Heimst 0 05/31/23	SE0012622249	60
Color Grp Frn 23.11.2023	NO0010837214	20
Aifp 0 3/8 05/27/31	FR0014003N69	15
Allrnv 0 7/8 06/24/32	XS2014382845	55
Basgr 0 1/4 06/05/27	DE000A289DC9	15
BUSKEN Float 09/30/25	NO0010894371	55
Cmzb 0 3/4 03/24/26	DE000CB0HRQ9	40
Devoba 0 1/4 06/22/26	XS2356091269	40
Eidsiv 2 3/8 05/26/31	NO0011002628	55
Ellevi 0 06/11/27	XS2187707893	10
Enexis 0 5/8 06/17/32	XS2190255211	55
Engifp 0 3/8 06/21/27	FR0013428489	55
ENTRAN Float 06/29/27	NO0010886856	60
Eoangr 0 3/8 09/29/27	XS2103014291	40
Epiroc Frn 270914	XS2532332496	20
Esbire 1 1/8 06/11/30	XS2009861480	55
Eurogr 1.113 05/15/32	XS2171713006	55
Ferrov 1 1/8 07/09/26	XS2026171079	25
Heibos 1.36 02/25/25	XS2259781230	60
Hhocgr 0 1/8 02/24/31	XS2233088132	25
Latmek 1.11 04/27/26	SE0013102142	30
Lkab Frn 2025-03-10	SE0012675957	15
Ndass 0 1/2 03/19/31	XS2321526480	40
Posten 2 1/8 11/25/26	NO0011157281	20
Reesm 0 3/8 07/24/28	XS2103013210	55
Srgim 0 3/4 06/17/30	XS2190256706	55
TOMNO Float 11/04/27	NO0012739509	15
Vatfal 0 1/2 06/24/26	XS2009891479	55
Vestnl 0 3/4 10/18/31	XS2398710546	60
RDKRE Float 10/01/25	DK0004619970	40
SKANEB Float 01/29/27	SE0013104924	30
Nykre Frn 230120	DK0009521924	40
Nykre 0 01/29/24	DK0030482922	40
Almindelig Brand A/S FRN 21/14.10.31	DK0030487806	40
Tomra Systems ASA FRN Sen Ser TOM02 19/14.11.24	NO0010868326	15
Bane Nor Eiendom AS FRN 21/18.02.26	NO0010931793	60
Storebrand Livsförsäkring Norge FRN 2053-02-17	NO0012752940	40
Stockholm Exergi Holding AB FRN MTN Sen 17/24.02.25	SE0010599001	10
Nent Frn 240523	SE0011426220	50
Nibe Industrier AB FRN MTN Ser 110 Sen 19/03.06.24	SE0012013126	20
Afry Frn240627	SE0012676401	20
Indutrade AB FRN Ser 104 DMTN Sen 19/26.09.24	SE0012676419	20
Castellum AB FRN Sen 20/13.02.25	SE0013103876	60
Afry Frn 261201	SE0013883337	20
Vacse AB FRN Ser 108 22/27.05.26	SE0013883634	60
Industrivaerden AB FRN Ser 169 22/26.08.25	SE0013883709	40
Industrivaerden AB 3.508% Ser 170 22/26.08.27	SE0013883717	40
Kraftringen energi AB FRN Ser 20 22/21.10.27	SE0013883741	55
Kraftringen energi AB FRN Ser 21 22/21.10.25	SE0013883758	55
Lifco FRN 240902	SE0017780141	20
Volvab 4.35 01/26/26	SE0017780265	40
Akelius Residential Property AB 1.125% 2024-03-14	XS1717433541	60
Telenor A/S FRN 2024-03-19	XS1964622283	50
Mandatum Life Insurance Co Ltd VAR Sub 19/04.10.49	XS2053053273	40
Lansbk Frn 241106	XS2076852750	40
Epiroc AB FRN 2026-05-18	XS2258568778	20
Jybc 0 03/24/31	XS2322705356	40
Vasakronan AB 2.38% EMTN 22/06.11.24	XS2476833723	60
Volvo Treasury AB FRN EMTN Ser 441 22/20.05.25	XS2481274814	20
Tele2 AB FRN EMTN 22/08.12.25	XS2564175888	50
Special Inv Fd eQ Finnish RE 2.75% 19/29.01.24	FI4000387782	60
BKK AS FRN Ser BKK43 Sen 17/25.09.23	NO0010806292	55
Industrivärden FRN 2023-02-20	SE0012676724	40
Lifco AB FRN 20/02.03.23	SE0013101953	20
Assa Abloy AB 0.875% EMTN Ser 67 19/22.02.23	XS1953826549	25
Electrolux AB FRN EMTN Sen 20/06.04.23	XS2152269218	25
Heimstaden Bostad AB FRN EMTN 21/23.11.23	XS2412109105	60
Skandiabanken FRN Float 02/10/25	SE0013104882	40
BKK AS FRN Ser BKK40 17/24.05.24	NO0010794266	55
Fjellinjen As FRN Ser FJELL42 PRO 20/03.12.25	NO0010911019	20
Sveaskog AB FRN 14/06.03.24	SE0005795259	15
Kinnevik AB 1.058% Ser 105 20/19.02.25	SE0012675999	40
Specialfastigheter Sverige AB FRN Ser 229 21/14.09.26	SE0014783205	60
Lejonfastigheter AB FRN Ser 33 22/14.11.24	SE0015811062	60
Volvofinans Bank Green FRN260126	SE0017780273	40
Vasakronan AB FRN 2025-06-03	XS2182825559	60
Rikshem AB FRN EMTN Ser 11 20/11.12.25	XS2188806066	60
Rikshem AB FRN EMTN Ser 13 20/02.09.25	XS2226259559	60
Vacse Green FRN230912	SE0010833012	60
Fastighets AB Forvaltaren 1.01% Ser 5 18/28.03.23	SE0011062751	60
Kraftringen Energi AB FRN Ser 11 Sen 18/06.12.23	SE0011643121	55
Rikshem AB FRN DMTN Ser 151 Sen 18/13.12.23	SE0012012904	60
Viaplay Group AB (publ) FRN Ser 6 Sen 20/26.06.23	SE0012676120	25
Stangastaden AB 0.225% Ser 2 19/27.09.24	SE0012193860	60
Specialfastigheter Sverige AB 3.038% 22/27.05.27	SE0013105053	60
Epneng 0 09/16/25	DK0030494505	55
Bonno 0 09/04/24	NO0010861313	20
Aurelius 241205	NO0010861487	40
Blkinf 0 10/15/24	NO0010865876	40
Niam Vi 250305	NO0010875826	60
Bonno 0 09/22/25	NO0010893332	20
Storeb Frn 260901	NO0011084022	40
Sscp Lage 241031 Frn	SE0013358686	20
Logistea Frn 241007	SE0016831010	25
Cibnre 0 09/02/25	SE0017071517	60
Sirius 470922 Frn	XS1683455429	40
Verisure Holding AB FRN 20/15.04.25	XS2010032295	45
Verisure Midholding AB FRN 21/15.02.29	XS2288976710	20
Axactor 240112	NO0010914666	40
Heibos 3,625% Perp	XS2397251807	60
Heimst 0 10/15/25	SE0014991352	60
Sbab 2.268 300603	XS2181907580	40
Mowino 0 01/31/25	NO0010874050	30
Småkraft1,875 260413	NO0010968449	10
Bilia FRN 251001	SE0014829784	25
Nvkftg 0 09/06/24	SE0015949631	60
Arla 1,575% 240403	XS1972627530	30
Sinch 0 11/27/24	SE0013382140	45
Jyske Bank 320831frn	XS2527850601	40
Assabs 4,083% 251013	XS2545810389	20
Sampfh Frn 230322	XS1797106173	40
Stena 230601 Frn	NO0010823362	20
Resurs 230228 Frn	SE0013359569	40
Apple 3,25 260223	US037833BY53	45
Amertowe3,375 261015	US03027XAK63	60
Apple 1,8 240911	US037833DM97	45
Np3 Frn 250923	SE0018537623	60
Castellum FRN 240328	SE0011426147	60
Lansbk 0 04/10/24 P	SE0012453488	40
Ebay 3,45 240801	US278642AL76	25
Intel C 3,7 250729	US458140AS90	45
Fastpart Frn 230524	SE0012621746	60
Astrazen 3,5 230817	US046353AR96	35
Shb 3,9 231120	US86960BAX01	40
Nrc 240913 Frn	NO0010861768	20
Abax Frn250623	NO0010885312	45
Hostpr 0 11/28/24	SE0013486057	30
Wyeth 5,95% 370401	US983024AN02	35
Kimberly6,625 370801	US494368BC63	30
Jp Morgan 6,4 380515	US46625HHF01	40
Union 4,30% 490301	US907818FC74	20
Verizon 5,25 370316	US92343VDU52	50
Unitheal4,625 411115	US91324PBU57	35
Unitheal 6,5 370615	US91324PAX06	35
Bnsf 5,4 410601	US12189LAE11	20
C Edison 4,2 420315	US209111FB47	55
Citigroup3,52 281027	US172967LS86	40
Bankofameri 5 440121	US06051GFC87	40
Amazon 4,8 341205	US023135AP19	25
At & T 4,55 490309	US00206RDK59	50
Homedep 5,875 361216	US437076AS19	25
Illinois4,875 410915	US452308AQ28	30
Deere 5,375 291016	US244199BD66	20
Csx 3,35 490915	US126408HR78	20
Csx 4,75 420530	US126408GW72	20
Cvs 5,125 450720	US126650CN80	35
Novo Nord 280604 Eur	XS2348030425	35
Orange 250512 Eur	XS1408317433	50
Scania 250603 Eur	XS2182067350	20
Lundc 3,75% 271014	XS2243299463	35
Mcd 260615 Eur	XS1963744260	25
Telefonica 290312eur	XS1961772560	50
Telias 1,375% 810511	XS2082429890	50
Telenor 260531	XS2001737324	50
Telefonica 240331eur	XS1050461034	50
Vasakronan 270915	XS2532998197	40
Siemens 260605 Eur	XS2182054887	20
Swiss Rein Perp Usd	XS2049422343	40
Dsvdc 0,375% 270226	XS2125426796	20
Coca-cola 290315	XS2233154538	30
Cocacola Hbc 270514	XS1995781546	30
Epibss 0.93 05/18/26	XS2258568695	20
Castellum Frn 260528	SE0013104569	60
Allianz 240918	DE000A13R7Z7	40
Aqua Zurich 431002	XS0897406814	40
Abertis 240627 Eur	XS1967635621	20
Bmw 250121 Eur	XS1168962063	25
Atlas Cop 290903 Eur	XS2046736752	20
Azn 290603	XS2347663507	35
Essity 250305 Eur	XS1198117670	30
Latmek 0 04/27/26	SE0013102159	30
Jpm 270311 Eur	XS1960248919	40
Islandsb Frn 280831	XS1874044016	40
Boliden Frn 240619	SE0011426279	15
Iduind Frn 260504	SE0017131170	40
Sandvik AB FRN 18-02-2025	XS2446268588	20
Postnd Frn 240528	SE0011643352	20
Castss 0 08/28/23	SE0010599308	60
Kungsleden AB (publ) FRN 13.06.2023	SE0010832873	60
Spb Rekar Frn 231013	SE0013104197	40
Corpia Köpoption 2024-07-12	SE0015193677	40
Aabhfh 0 12/16/41	SE0016274294	40
Acroud 0 07/05/25	SE0017562481	25
Alm Frn 250615	SE0015191978	25
Alm Frn 231230	SE0014556577	25
Arnknc 0 06/14/24	SE0015961164	25
Arwidsro Fperp250506	SE0015812300	40
Avidaf 0 11/06/28	SE0010100883	40
Castss 0 05/17/23	SE0011062835	60
Ctmss 0 Perp	SE0014262192	45
Gigno 0 06/11/24	NO0011017097	25
Heimst 0 04/14/25	XS2469914308	40
Hmfsth 0 10/14/24	SE0015797667	60
Ipfln 0 10/19/24	XS2385790824	40
Jotlas 0 10/06/24	NO0011104069	20
Knaand 0 12/18/24	SE0013360690	40
Magbos 0 05/19/26	SE0017565203	60
M2 Frn 230710	SE0014557922	40
Maxfss 0 05/22/23	SE0013460243	60
Maxfss 0 06/11/24	SE0015196084	60
Nordax Frn 290528	SE0012013134	40
Nyttobost Frn 240921	SE0016797799	40
Oscarp 0 10/28/24	SE0017082779	60
Resurs Frn 290312	SE0011426105	40
Sdsss 0 05/05/24	SE0015811914	45
Superoffice 251105	NO0010900129	45
Svea Frn 230403	SE0011062009	40
Dioes Ab Cert 07/03/23	SE0019176215	60
Sbbbss 0 02/19/24	SE0012313245	60
Lanhyp 0 06/15/26	SE0013104296	40
Orkno 0 02/26/24	NO0010937469	15
Orkno 0 02/25/25	NO0011079212	15
Nortur 0 11/04/26	NO0011136624	30
Nortur 0 05/25/78	NO0010822893	30
Sbbbss 0 04/11/25	XS2461738770	60
Orxss 0 02/11/25	SE0015193958	35
Nordax 0 12/17/24	SE0013360575	40
Lsgno 0 09/17/26	NO0011097297	30
Volvab 0 01/25/27	SE0013360609	40
Sjuhar 0 11/23/26	SE0013360823	40
Snino 0 02/20/24	NO0010874894	20
Statk 0 06/14/27	NO0012541442	10
Svegno 0 04/14/26	NO0011204133	40
Srmlnd 0 05/20/25	SE0013105038	40
Fabgss 0 09/01/26	SE0016274039	60
Fastig 1.15 02/11/25	XS2443899617	40
Alvgr 3 1/2 Perp	USX10001AA78	40
Aktia 3.00 11/26/31	FI4000513692	40
Bonno 0 07/13/26	NO0011044067	20
Blstep 0 10/20/26	SE0016274153	40
Gsfno 0 06/25/25	NO0010885007	30
Fststn 0 10/20/26	SE0013360500	60
Felost 0 12/29/25	NO0010915374	30
Volvab 0 06/08/23	SE0010662387	40
Afbss 0 06/20/23	SE0011062884	20
Npfass 0 03/13/23	SE0013109485	60
Snino 0 06/29/23	NO0010886096	20
Corea 0 02/27/23	SE0013877008	60
Mowino 0 06/12/23	NO0010824006	30
Advnzi 0 03/24/31	NO0010955909	40
Cmmccn 8 04/09/26	NO0010968415	15
Nesfir 11.7 09/29/26	NO0012554692	25
Snborn 0 09/22/24	NO0011099772	25
Pohjol 1.25 01/20/25	FI4000410683	55
Tvoyfh 2.12 02/04/25	XS1183235644	55
Tvoyfh 2.37 02/15/24	XS1910266326	55
Bakkgr 0 02/03/25	NO0010917750	40
Jybc 5.67 07/31/23	XS0173151704	40
Latoas 3.43 06/10/26	SE0013883667	20
Statk 3.625 06/14/27	NO0012541871	10
Eidsiv 0 04/20/26	NO0011204281	55
Balder 2.63 03/01/27	SE0017071459	60
Fabgss1.543 10/15/26	SE0013883253	60
Eskils 0 03/18/31	SE0013104460	40
Atrljb 1.62 04/29/27	SE0013102183	40
Scania 1.61 04/08/25	XS1976955010	25
Vatfal 3.87 11/24/25	XS2559456459	55
Kled 0 01/15/27	SE0013104304	60
Kled 0 12/06/24	SE0013103801	60
Bnrfst 3.92 04/12/27	SE0013360757	40
Fststn 1.75 06/16/23	SE0013101813	60
Sbbnor 0 09/06/23	XS2050862262	60
Akfast 1.87 10/03/23	XS1889043359	60
Ssabas 2.75 06/26/24	XS2017329306	15
Vlvy 4.22 11/24/27	XS2559941583	25
Balder Frn 240306	SE0011869684	60
Arion Frn 250818	XS2522075030	40
Nordax Frn 230123	SE0013359510	40
Bilia FRN 231011	SE0011751361	25
Ålandsbank Frn230515	SE0011116037	40
Postnord 1,55 240528	SE0011643360	20
Sweda 1,5875% 280508	XS1816641937	40
Securitas AB B Rights 14/10-2022	SE0018689226	20
Nordea Bank 3.5% Var Perp Eur	XS1725580465	40
Nkt A/s 7.24% 01.07.2026 Eur	DK0030510995	20
Gjfno 3,53% Perp	NO0010965429	40
Castss Frn 250318	SE0013360138	60
Castellum FRN 2023-03-06	SE0012676021	60
Diös 230915	SE0013104759	40
Perpetual Ord Shs	AU000000PPT9	40
ProSiebenSat.1 Media AG	DE000PSM7770	50
Webuild Warrant 210802	IT0005454423	20
Tryg Forsikring FRN 2045-11-13	NO0010751837	40
Bacr Frn 230914	XS1879617188	40
PostNord AB FRN 2023-09-13	SE0010833004	25
Wallenstam AB FRN 2023-08-25	SE0013102076	60
Sbab Frn 2023-12-14	XS2230648763	40
Ikano Bank AB FRN 2024-01-19	SE0012676260	40
Hexagon Cert FFD 03/06/23	SE0019071218	45
Flügger B (11,8125m)	DK0010218189	15
Bank Tabungan Negara Persero Tbk PT (rights,12/22)	ID3000062801	40
Adecco International Financial Services BV 0,500% 21.09.2031	XS2386592567	25
Aroundtown Sa 0,375% 15.04.2027	XS2421195848	40
AT T Inc 2.4 03/15/24	XS1076018131	50
Balder FRN Float 01/19/23	SE0010820050	60
Banque Federative du Credit Mutuel 1,125% 19.11.2031	FR0014006KD4	40
Barclays PLC 3 3/8 02.04.2025	XS2150054026	40
Berlin Hyp AG 0,375% 21.04.2031	DE000BHY0SL9	40
Celanese US Holdings LLC 4,777% 19.07.2026	XS2497520705	15
Cez As 2,375% 06.04.2027	XS2461786829	55
Cez As 4.875% 16-04-2025	XS0502286908	55
Chorus Ltd 1,125% 18.10.2023	XS1505890530	50
Coloplast Finance BV 2,750% 19.05.2030	XS2481288525	35
Commerzbank AG 0.625% 28-08-2024	DE000CZ40N04	40
CRH Funding 1,625% 05.05.2030	XS2169281487	15
DAA Finance PLC 1,601% 05.11.2032	XS2244415175	20
Deutsche Pfandbriefbank AG 0,100% 02.02.2026	DE000A3H2ZX9	40
E.on Se 1,625% 29.03.2031	XS2463518998	55
Equinix Inc 1% 15.03.2033	XS2304340693	40
Eurofins Scientific SE 4,000% 06.07.2029	XS2491664137	25
Ferrovial Emisiones SA 0,540% 12.11.2028	ES0205032040	20
Goldman Sachs Group Inc 1,375% 15.05.2024	XS1614198262	40
GSK Consumer Healthcare 1,750% 29.03.2030	XS2462324828	30
Hemsö Fastighets AB FRN Float 05/29/23	XS2180541703	60
Highland Holdings Sarl 0,318% 15.12.2026	XS2406914346	20
Ibm Corp 1,75% 31.01.2031	XS1945110861	45
Inmobiliaria Colonial So 2% 17.04.2026	XS1808395930	40
Investec Bank PLC 1 1/4 11.08.2026	XS2438619343	40
Jab Holdings Bv 1% 14.07.2031	DE000A3KPTG6	40
Jybc 1,25% 310128	XS2109391214	40
Logicor Financing Sarl 1,5% 13.07.2026	XS2200175839	40
Medtronic Global Holdings 0,375% 15.10.2028	XS2238789460	35
Orange Sa 1% 12.09.2025	FR0013359197	50
Postnd 0% 230913	SE0010832998	20
RCI Banque SA 2% 11-07-2024	FR0013393774	25
Rentokil Initial PLC 0,500% 14.10.2028	XS2242921711	25
Richemont International Holding SA 1,125% 26.05.2032	XS2170736263	25
Santander Consumer Bank AS 0,125% 09/11/24	XS2050945984	40
SBAB Bank FRN Float 12/04/23	XS2267891385	40
Scania FRN Float 01/27/23	XS2109373154	20
Scania FRN Float 02/26/23	XS2223335477	20
Servicios Medio Ambiente 0,815% 04.12.2023	XS2081491727	20
Sparbanken Sjuhärad FRN Float 11/15/24	SE0013360815	40
Sparebank 1 Oestlandet 0 7/8 03/13/23	XS1790931114	40
Swedavia AB FRN Float 02/18/26	SE0012676302	25
Swedavia AB FRN Float 06/19/24	SE0006055430	25
Sydbank A/S 0,500% 10.11.2026	XS2405390043	40
Takeda Pharmaceutical 1,000% 09.07.2029	XS2197348597	35
Tesco Corporate Treasury Services PLC 0,875% 29.05.2026	XS2086868010	30
Thermo Fisher Scientific 2,375% 15.04.2032	XS2010032451	35
Transurban Finance Co 1,45% 16.05.2029	XS1997077364	20
Via Outlets Bv 1,75% 15.11.2028	XS2407027031	40
Vodafone Group Plc 1,125% 20.11.2025	XS1721423462	50
Volkswagen Bank Gmb 1,250% 10.06.2024	XS1830986326	25
Volkswagen Bank GmbH 2.50% 31-07-2026	XS1944390597	25
Vonovia Se 0,25% 01.09.2028	DE000A3MP4U9	40
Trenum Cert FFD 01/16/23	SE0017766751	60
Länsförsäkringar Bank Fixed 1.03 03/22/23	SE0011062116	40
Volvofinans Bank FRN Float 01/19/23	SE0010769745	40
Ikano Bank FRN 230517	SE0012193720	40
Fabgss Frn 250903	SE0010832956	60
Swedavia AB FRN Float 06/18/25	SE0013104643	25
Västra Mälardalen Float 03/16/23	SE0013104148	40
Sparbanken Eskilstuna Rekarne FRN Float 06/05/23	SE0011426253	40
Danbnk Frn 291114	XS2079696998	40
Scbnor Frn 230814	XS1864164659	40
Carucel Frn 250430	NO0010984206	60
Tfbank Frn 261201	SE0017085244	40
Storeb Frn 260923	NO0011104077	40
Nortura 270512	NO0012519737	30
Sparsy Frn 290201	SE0011869585	40
Aktia Bank 3,875% Call Obl260526	FI4000507371	40
Color Group FRN241002	NO0010864531	25
Fintoil green 7,5% Obl250701	FI4000508007	15
Georg Jensen FRN230515	SE0011167204	25
HKScan 5% Obl250324	FI4000490990	30
Ocean Yield Call FRN240910	NO0010861594	10
Ocean Yield FRN230525	NO0010823214	10
Pwt Frn990420	DK0030466131	25
PWT Konvertibel 0% 991231	DK0030469317	30
Teekay LNG FRN261118	NO0011151870	10
Trianon Sustainable Call FRN251118	SE0019019456	60
Länsförsäkringar Bank FRN230117	SE0010769646	40
Volvo Treasury FRN230406	XS1978004882	20
Arjo FC230208	SE0019072133	35
Loomis FC230302	SE0019175779	20
Arla Foods Finance FC230104	SE0018742470	30
Hexpol FC230208	SE0019176637	20
Småkraft Green FRN231102	NO0010835192	10
Y-Foundation 3,125% Obl231004	FI4000349162	60
Svensk FastighetsFinansiering AB 1.391% 250130	SE0013360021	40
Lsth Svenska Handelsfastigheter AB 1.743% 250603	SE0013360302	40
Landshypotek Bank AB Float 260930	SE0013102415	40
Electrolux AB Float 230327	XS1799063687	20
Lansforsakringar Bank AB Float 230522	SE0013359668	40
Samhallsbyggnadsbolaget i Norden AB Float 230726	XS2290558282	40
Arla Foods FC 230215	SE0019352972	40
Fabege FC 20230120	SE0018742553	40
Gränges FC 230206	SE0019175944	15
Husqvarna FC 230414	SE0019176298	40
Intrum FC 20230201	SE0019175514	40
Trelleborg FC 2023-03-15	SE0019353004	40
SEB FRN Fond	SE0012428050	40
Fastighets Balder 1.250% 280128	XS2109608724	60
Molnly 1,75% 240228	XS1317732771	35
Cs 7,5% Perp	XS0989394589	40
Vz 1,375% 261027	XS1708161291	50
Baml 4,25% 261022	US06051GFL86	40
Ssw 6,5% 240205	NO0010920952	20
Gs 4,1% 240531	XS1610693290	40
Frlbp Frn 280209	FR00140087C4	40
Dsvdc 1,75% 240920	DK0030403993	20
Sterv 2,5% 270607	XS1624344542	15
Tigo 5,125% 280115	USL6388GAB60	50
Suomin 1,5% 270611	FI4000507579	30
Thermo 0% 251118	XS2407914394	35
Phiana 7,2% 260601	US718337AE88	35
Vlvy 2,838% 250520	XS2481262488	40
Sandss 3% 260618	XS1078218218	20
Heimstaden Fc 230313	SE0019177338	60
Iberdrola Fin Sa Ibesm 0 7/8 06/16/25	XS2153405118	40
Telefonica Emis Telefo 1.201 08/21/27	XS2177441990	40
STADSHYPOTEK AB SHBASS Float 06/24/25	NO0010886054	40
Telia Co Ab Telias 0 1/8 11/27/30	XS2264161964	40
Leaseplan Corp Lpty 0 1/4 02/23/26	XS2305244241	40
EIENDOMSKREDITT EIEKRE Float 11/16/26	NO0011151094	40
BANE NOR BANEDM Float 06/16/27	NO0012548850	40
A2a Spa Aemspa 2 1/2 06/15/26	XS2491189408	40
BRAGE FINANS SA BRAGFI Float 06/16/27	NO0012549585	40
Ald Sa Aldfp 4 07/05/27	XS2498554992	40
Landbk Hessen-th Heslan 2 5/8 08/24/27	XS2525157470	40
Enbw Enbw 3 5/8 11/22/26	XS2558395351	40
Bpce Bpcegp 0 1/8 12/04/24	FR0013464930	40
British Telecomm Britel 0 7/8 09/26/23	XS1886402814	40
Scandic Konv 241008	NO0010968563	25
Resurs B Prp 241211	SE0013409141	40
Besqab Frn 240514	SE0015950233	25
Sobi Fc 230126	SE0018716334	60
Sobi Fc 230116	SE0018768715	60
Trelleborg Fc 230306	SE0019176017	20
Trelleborg Fc 230307	SE0019176249	20
Fabege Fc 230224	SE0019174392	60
Diös Fc 230130	SE0018742157	60
Fortum Fc 230316	SE0019353145	55
Fortum Fc 230123	SE0018716011	55
Arjo Fc 230309	SE0018588295	35
Arjo Fc 230113	SE0019072125	35
Ambea Fc 230228	SE0019175159	35
Gränges Fc 230113	SE0018768483	15
Husqvarna Fc 230321	SE0019353582	20
Husqvarna Fc 230126	SE0018716433	20
Gränges Fc 230203	SE0018742280	15
Hexagon Fc 230321	SE0019353616	45
Hexpol Fc 230224	SE0019174343	20
Ald Rts 13-12-22	FR001400E0A9	20
Leovegas Frn 231210	SE0015242854	25
Storebrand 271117	NO0012752932	40
Danaos 280301	USY1968PAA31	20
Dnb Disco2 250101	LU0001344653	40
4finance 261026	NO0011128316	40
4finance 250223	XS1417876163	40
Advanzia 260324	NO0010955891	40
Bayport 251120	NO0012496696	40
Barclays 250101	GB0000777705	40
Hoist 241127	XS2263659158	40
Intrum 270915	XS2052216111	20
Hoist 230901	XS1833088237	40
Socgen 231004	USF84914CU62	40
T-mobile Fix 250415	US87264ABB08	50
Nordea 250212	XS1189263400	40
Ncr 270901	USU62886AG87	45
Mtr 300819	XS2213668085	20
Morgan Stan 280722	US61744YAK47	40
Leaseplan 240529	XS2003473829	40
Kraft Heinz 270515	US50077LBC90	30
Kimber Mex 250312	USP60694AE93	30
Kion 250924	XS2232027727	20
Mmm 271015	US88579YAY77	20
Microsoft 260808	US594918BR43	45
Liberty 260201	US53079EBL74	40
Stanch 270130	USG84228AT58	40
Totalp 280920	USP9190NAC76	45
Zurich Ins 260426	XS1385999492	40
Oppenheimer 251001	US683797AF11	40
Ppf 240520	XS2176872849	50
Qvc Inc 280901	US747262AZ65	25
Norton 270930	USU66646AB35	45
Norton 144a 270930	US668771AK49	45
Norton 250415	US871503AU26	45
Simpar Europe 310126	USL8449RAA79	20
Seagate 290601	US81180WBC47	45
Japfa Comfeed 260323	XS2313088739	30
Bank Of Ame 270423	US06051GHT94	40
Barclays 240915	XS1658012023	40
Canpack 271101	XS2247616514	15
Bnp 240325	USF1R15XK938	40
Anz 241030	GB0040024555	40
Apple 271113	US037833DK32	45
B2w 301220	USL0527QAA15	25
At&t Ny 280215	US00206RGL06	50
Hsbc 250330	US404280AT69	40
Hsbc 240917	US404280AS86	40
Goldman Sachs 270126	US38141GWB66	40
Goldman Sachs 250327	XS2149207354	40
Iss 250707	XS2199343513	40
Ing 240416	XS1956051145	40
Dnb Disco 250101	GB0040940875	40
Gm 271001	US37045VAU44	25
Goldman Sachs 240315	US38141GZQ09	40
Gm 251001	US37045VAV27	25
Deutsche Pb 230428	XS1808862657	40
Bbva 230924	ES0813211002	40
Ubs 230131	CH0400441280	40
At Securities 230721	XS1634523754	60
Deutsche Bank 251030	US251525AX97	40
Santander 241011	XS2395544740	40
Spar. Rekarne 240408	SE0013104494	40
Vasakronan 230116	SE0010766121	60
Banque Int Lu 240129	XS2292258808	40
Arla Fix 230703	XS1839547178	30
Santander 230118	XS1753808333	40
Leaseplan 230505	XS1815125981	40
Klarna 230628	SE0013102399	40
Leaseplan 230914	XS1880309395	40
VNV Global Warrant 230810	SE0014555876	40
Oscar Properties Holding AB (warrants 12.2021)	SE0017083561	25
BTS Group Warrant 240711	TH0221054B07	20
BTS Group Warrant 261120	TH0221056B05	20
Srisawad Corp PCL (warrants 08.2020)	TH5456055802	40
Clean Motion AB (WARRANT, 10.2021)	SE0016786529	25
ChromoGenics AB (warrants, 12.2022)	SE0019070442	20
Fastator Frn 251223	SE0017159916	40