﻿<?xml version="1.0" encoding="utf-8"?>
<VärdepappersfondInnehav xmlns="http://schemas.fi.se/publika/vardepappersfonder/20200331">
  <Rapportinformation>
    <Kvartalsslut>2022-12-31</Kvartalsslut>
  </Rapportinformation>
  <Bolagsinformation>
    <Fondbolag_namn>Lannebo Fonder AB</Fondbolag_namn>
    <Fondbolag_institutnummer>58116</Fondbolag_institutnummer>
    <Fondbolag_LEI-kod>5493009CRVCBSV5PKF10</Fondbolag_LEI-kod>
  </Bolagsinformation>
  <Fondinformation>
    <Fond_institutnummer>60733</Fond_institutnummer>
    <Fond_ISIN-kod>SE0006421855</Fond_ISIN-kod>
    <Fond_namn>Lannebo High Yield</Fond_namn>
    <Förvaltningsavgift>
      <UtanAndelsklasser>
        <Förvaltningsavgift_fast>0.90</Förvaltningsavgift_fast>
      </UtanAndelsklasser>
    </Förvaltningsavgift>
    <Fondförmögenhet>487729003</Fondförmögenhet>
    <Likvida_medel>62278270</Likvida_medel>
    <Övriga_tillgångar_och_skulder>102447</Övriga_tillgångar_och_skulder>
    <Standardavvikelse_24_månader>3.08</Standardavvikelse_24_månader>
    <Jämförelseindex>
      <Jämförelseindex>NBP Nordic HY Aggregated Index SEK Hedged</Jämförelseindex>
    </Jämförelseindex>
    <FinansiellaInstrument>
      <FinansielltInstrument>
        <Tillgångsslag_enligt_LVF_5_kap>ÖverlåtbartVärdepapper</Tillgångsslag_enligt_LVF_5_kap>
        <Instrumentnamn>ABAX FRN250623</Instrumentnamn>
        <ISIN-kod_instrument>NO0010885312</ISIN-kod_instrument>
        <Landkod_Emittent>NO</Landkod_Emittent>
        <Valuta>NOK</Valuta>
        <Antal />
        <Nominellt_belopp>5000000</Nominellt_belopp>
        <Kurs_som_använts_vid_värdering_av_instrumentet>100.1455</Kurs_som_använts_vid_värdering_av_instrumentet>
        <Valutakurs_instrument>1.058</Valutakurs_instrument>
        <Marknadsvärde_instrument>5297696.95</Marknadsvärde_instrument>
        <Andel_av_fondförmögenhet_instrument>1.09</Andel_av_fondförmögenhet_instrument>
        <Bransch>
          <Branschkod_instrument>45</Branschkod_instrument>
          <Bransch_namn_instrument />
        </Bransch>
      </FinansielltInstrument>
      <FinansielltInstrument>
        <Tillgångsslag_enligt_LVF_5_kap>ÖverlåtbartVärdepapper</Tillgångsslag_enligt_LVF_5_kap>
        <Instrumentnamn>Aktia Bank 3,875% Call Obl260526</Instrumentnamn>
        <ISIN-kod_instrument>FI4000507371</ISIN-kod_instrument>
        <Landkod_Emittent>FI</Landkod_Emittent>
        <Valuta>EUR</Valuta>
        <Antal />
        <Nominellt_belopp>1500000</Nominellt_belopp>
        <Kurs_som_använts_vid_värdering_av_instrumentet>92.1215</Kurs_som_använts_vid_värdering_av_instrumentet>
        <Valutakurs_instrument>11.1368</Valutakurs_instrument>
        <Marknadsvärde_instrument>15389080.82</Marknadsvärde_instrument>
        <Andel_av_fondförmögenhet_instrument>3.16</Andel_av_fondförmögenhet_instrument>
        <Bransch>
          <Branschkod_instrument>40</Branschkod_instrument>
          <Bransch_namn_instrument />
        </Bransch>
      </FinansielltInstrument>
      <FinansielltInstrument>
        <Tillgångsslag_enligt_LVF_5_kap>ÖverlåtbartVärdepapper</Tillgångsslag_enligt_LVF_5_kap>
        <Instrumentnamn>Arwidsro Green FRN250728</Instrumentnamn>
        <ISIN-kod_instrument>SE0017232754</ISIN-kod_instrument>
        <Landkod_Emittent>SE</Landkod_Emittent>
        <Valuta>SEK</Valuta>
        <Antal />
        <Nominellt_belopp>13750000</Nominellt_belopp>
        <Kurs_som_använts_vid_värdering_av_instrumentet>88.29256667</Kurs_som_använts_vid_värdering_av_instrumentet>
        <Valutakurs_instrument>1</Valutakurs_instrument>
        <Marknadsvärde_instrument>12140227.92</Marknadsvärde_instrument>
        <Andel_av_fondförmögenhet_instrument>2.49</Andel_av_fondförmögenhet_instrument>
        <Bransch>
          <Branschkod_instrument>60</Branschkod_instrument>
          <Bransch_namn_instrument />
        </Bransch>
      </FinansielltInstrument>
      <FinansielltInstrument>
        <Tillgångsslag_enligt_LVF_5_kap>ÖverlåtbartVärdepapper</Tillgångsslag_enligt_LVF_5_kap>
        <Instrumentnamn>BELLMAN FRN260210</Instrumentnamn>
        <ISIN-kod_instrument>SE0015221999</ISIN-kod_instrument>
        <Landkod_Emittent>SE</Landkod_Emittent>
        <Valuta>SEK</Valuta>
        <Antal />
        <Nominellt_belopp>10000000</Nominellt_belopp>
        <Kurs_som_använts_vid_värdering_av_instrumentet>98.72976667</Kurs_som_använts_vid_värdering_av_instrumentet>
        <Valutakurs_instrument>1</Valutakurs_instrument>
        <Marknadsvärde_instrument>9872976.67</Marknadsvärde_instrument>
        <Andel_av_fondförmögenhet_instrument>2.02</Andel_av_fondförmögenhet_instrument>
        <Bransch>
          <Branschkod_instrument>20</Branschkod_instrument>
          <Bransch_namn_instrument />
        </Bransch>
      </FinansielltInstrument>
      <FinansielltInstrument>
        <Tillgångsslag_enligt_LVF_5_kap>ÖverlåtbartVärdepapper</Tillgångsslag_enligt_LVF_5_kap>
        <Instrumentnamn>Carucel FRN250430</Instrumentnamn>
        <ISIN-kod_instrument>NO0010984206</ISIN-kod_instrument>
        <Landkod_Emittent>NO</Landkod_Emittent>
        <Valuta>NOK</Valuta>
        <Antal />
        <Nominellt_belopp>11400000</Nominellt_belopp>
        <Kurs_som_använts_vid_värdering_av_instrumentet>95.75227222</Kurs_som_använts_vid_värdering_av_instrumentet>
        <Valutakurs_instrument>1.058</Valutakurs_instrument>
        <Marknadsvärde_instrument>11548873.06</Marknadsvärde_instrument>
        <Andel_av_fondförmögenhet_instrument>2.37</Andel_av_fondförmögenhet_instrument>
        <Bransch>
          <Branschkod_instrument>60</Branschkod_instrument>
          <Bransch_namn_instrument />
        </Bransch>
      </FinansielltInstrument>
      <FinansielltInstrument>
        <Tillgångsslag_enligt_LVF_5_kap>ÖverlåtbartVärdepapper</Tillgångsslag_enligt_LVF_5_kap>
        <Instrumentnamn>Castellum 3,125% Obl270302</Instrumentnamn>
        <ISIN-kod_instrument>XS2380124227</ISIN-kod_instrument>
        <Landkod_Emittent>SE</Landkod_Emittent>
        <Valuta>EUR</Valuta>
        <Antal />
        <Nominellt_belopp>1000000</Nominellt_belopp>
        <Kurs_som_använts_vid_värdering_av_instrumentet>66.08873973</Kurs_som_använts_vid_värdering_av_instrumentet>
        <Valutakurs_instrument>11.1368</Valutakurs_instrument>
        <Marknadsvärde_instrument>7360170.77</Marknadsvärde_instrument>
        <Andel_av_fondförmögenhet_instrument>1.51</Andel_av_fondförmögenhet_instrument>
        <Bransch>
          <Branschkod_instrument>60</Branschkod_instrument>
          <Bransch_namn_instrument />
        </Bransch>
      </FinansielltInstrument>
      <FinansielltInstrument>
        <Tillgångsslag_enligt_LVF_5_kap>ÖverlåtbartVärdepapper</Tillgångsslag_enligt_LVF_5_kap>
        <Instrumentnamn>Cibus Nordic Real Estate FRN251201</Instrumentnamn>
        <ISIN-kod_instrument>SE0013360849</ISIN-kod_instrument>
        <Landkod_Emittent>SE</Landkod_Emittent>
        <Valuta>EUR</Valuta>
        <Antal />
        <Nominellt_belopp>1100000</Nominellt_belopp>
        <Kurs_som_använts_vid_värdering_av_instrumentet>101.16536667</Kurs_som_använts_vid_värdering_av_instrumentet>
        <Valutakurs_instrument>11.1368</Valutakurs_instrument>
        <Marknadsvärde_instrument>12393243.01</Marknadsvärde_instrument>
        <Andel_av_fondförmögenhet_instrument>2.54</Andel_av_fondförmögenhet_instrument>
        <Bransch>
          <Branschkod_instrument>60</Branschkod_instrument>
          <Bransch_namn_instrument />
        </Bransch>
      </FinansielltInstrument>
      <FinansielltInstrument>
        <Tillgångsslag_enligt_LVF_5_kap>ÖverlåtbartVärdepapper</Tillgångsslag_enligt_LVF_5_kap>
        <Instrumentnamn>Cibus Nordic Real Estate FRN260924</Instrumentnamn>
        <ISIN-kod_instrument>SE0013360344</ISIN-kod_instrument>
        <Landkod_Emittent>SE</Landkod_Emittent>
        <Valuta>EUR</Valuta>
        <Antal />
        <Nominellt_belopp>600000</Nominellt_belopp>
        <Kurs_som_använts_vid_värdering_av_instrumentet>84.21498611</Kurs_som_använts_vid_värdering_av_instrumentet>
        <Valutakurs_instrument>11.1368</Valutakurs_instrument>
        <Marknadsvärde_instrument>5627312.74</Marknadsvärde_instrument>
        <Andel_av_fondförmögenhet_instrument>1.15</Andel_av_fondförmögenhet_instrument>
        <Bransch>
          <Branschkod_instrument>60</Branschkod_instrument>
          <Bransch_namn_instrument />
        </Bransch>
      </FinansielltInstrument>
      <FinansielltInstrument>
        <Tillgångsslag_enligt_LVF_5_kap>ÖverlåtbartVärdepapper</Tillgångsslag_enligt_LVF_5_kap>
        <Instrumentnamn>Color Group FRN241002</Instrumentnamn>
        <ISIN-kod_instrument>NO0010864531</ISIN-kod_instrument>
        <Landkod_Emittent>NO</Landkod_Emittent>
        <Valuta>NOK</Valuta>
        <Antal />
        <Nominellt_belopp>15000000</Nominellt_belopp>
        <Kurs_som_använts_vid_värdering_av_instrumentet>95.58416667</Kurs_som_använts_vid_värdering_av_instrumentet>
        <Valutakurs_instrument>1.058</Valutakurs_instrument>
        <Marknadsvärde_instrument>15169207.25</Marknadsvärde_instrument>
        <Andel_av_fondförmögenhet_instrument>3.11</Andel_av_fondförmögenhet_instrument>
        <Bransch>
          <Branschkod_instrument>25</Branschkod_instrument>
          <Bransch_namn_instrument />
        </Bransch>
      </FinansielltInstrument>
      <FinansielltInstrument>
        <Tillgångsslag_enligt_LVF_5_kap>ÖverlåtbartVärdepapper</Tillgångsslag_enligt_LVF_5_kap>
        <Instrumentnamn>Dentalum 7,75% Obl231002</Instrumentnamn>
        <ISIN-kod_instrument>SE0013914462</ISIN-kod_instrument>
        <Landkod_Emittent>SE</Landkod_Emittent>
        <Valuta>SEK</Valuta>
        <Antal />
        <Nominellt_belopp>7500000</Nominellt_belopp>
        <Kurs_som_använts_vid_värdering_av_instrumentet>101.15694444</Kurs_som_använts_vid_värdering_av_instrumentet>
        <Valutakurs_instrument>1</Valutakurs_instrument>
        <Marknadsvärde_instrument>7586770.83</Marknadsvärde_instrument>
        <Andel_av_fondförmögenhet_instrument>1.56</Andel_av_fondförmögenhet_instrument>
        <Bransch>
          <Branschkod_instrument>35</Branschkod_instrument>
          <Bransch_namn_instrument />
        </Bransch>
      </FinansielltInstrument>
      <FinansielltInstrument>
        <Tillgångsslag_enligt_LVF_5_kap>ÖverlåtbartVärdepapper</Tillgångsslag_enligt_LVF_5_kap>
        <Instrumentnamn>Desenio FRN241216</Instrumentnamn>
        <ISIN-kod_instrument>SE0015242839</ISIN-kod_instrument>
        <Landkod_Emittent>SE</Landkod_Emittent>
        <Valuta>SEK</Valuta>
        <Antal />
        <Nominellt_belopp>10000000</Nominellt_belopp>
        <Kurs_som_använts_vid_värdering_av_instrumentet>52.73475</Kurs_som_använts_vid_värdering_av_instrumentet>
        <Valutakurs_instrument>1</Valutakurs_instrument>
        <Marknadsvärde_instrument>5273475</Marknadsvärde_instrument>
        <Andel_av_fondförmögenhet_instrument>1.08</Andel_av_fondförmögenhet_instrument>
        <Bransch>
          <Branschkod_instrument>25</Branschkod_instrument>
          <Bransch_namn_instrument />
        </Bransch>
      </FinansielltInstrument>
      <FinansielltInstrument>
        <Tillgångsslag_enligt_LVF_5_kap>ÖverlåtbartVärdepapper</Tillgångsslag_enligt_LVF_5_kap>
        <Instrumentnamn>DNB 4,875% Call Obl241112</Instrumentnamn>
        <ISIN-kod_instrument>XS2075280995</ISIN-kod_instrument>
        <Landkod_Emittent>NO</Landkod_Emittent>
        <Valuta>USD</Valuta>
        <Antal />
        <Nominellt_belopp>750000</Nominellt_belopp>
        <Kurs_som_använts_vid_värdering_av_instrumentet>94.665</Kurs_som_använts_vid_värdering_av_instrumentet>
        <Valutakurs_instrument>10.4246</Valutakurs_instrument>
        <Marknadsvärde_instrument>7401335.69</Marknadsvärde_instrument>
        <Andel_av_fondförmögenhet_instrument>1.52</Andel_av_fondförmögenhet_instrument>
        <Bransch>
          <Branschkod_instrument>0</Branschkod_instrument>
          <Bransch_namn_instrument />
        </Bransch>
      </FinansielltInstrument>
      <FinansielltInstrument>
        <Tillgångsslag_enligt_LVF_5_kap>ÖverlåtbartVärdepapper</Tillgångsslag_enligt_LVF_5_kap>
        <Instrumentnamn>Duett FRN260412</Instrumentnamn>
        <ISIN-kod_instrument>NO0010965411</ISIN-kod_instrument>
        <Landkod_Emittent>NO</Landkod_Emittent>
        <Valuta>NOK</Valuta>
        <Antal />
        <Nominellt_belopp>10600000</Nominellt_belopp>
        <Kurs_som_använts_vid_värdering_av_instrumentet>96.58725556</Kurs_som_använts_vid_värdering_av_instrumentet>
        <Valutakurs_instrument>1.058</Valutakurs_instrument>
        <Marknadsvärde_instrument>10832067.54</Marknadsvärde_instrument>
        <Andel_av_fondförmögenhet_instrument>2.22</Andel_av_fondförmögenhet_instrument>
        <Bransch>
          <Branschkod_instrument>45</Branschkod_instrument>
          <Bransch_namn_instrument />
        </Bransch>
      </FinansielltInstrument>
      <FinansielltInstrument>
        <Tillgångsslag_enligt_LVF_5_kap>ÖverlåtbartVärdepapper</Tillgångsslag_enligt_LVF_5_kap>
        <Instrumentnamn>Ekornes FRN231002</Instrumentnamn>
        <ISIN-kod_instrument>NO0010848401</ISIN-kod_instrument>
        <Landkod_Emittent>NO</Landkod_Emittent>
        <Valuta>NOK</Valuta>
        <Antal />
        <Nominellt_belopp>5000000</Nominellt_belopp>
        <Kurs_som_använts_vid_värdering_av_instrumentet>100.9475</Kurs_som_använts_vid_värdering_av_instrumentet>
        <Valutakurs_instrument>1.058</Valutakurs_instrument>
        <Marknadsvärde_instrument>5340122.75</Marknadsvärde_instrument>
        <Andel_av_fondförmögenhet_instrument>1.09</Andel_av_fondförmögenhet_instrument>
        <Bransch>
          <Branschkod_instrument>25</Branschkod_instrument>
          <Bransch_namn_instrument />
        </Bransch>
      </FinansielltInstrument>
      <FinansielltInstrument>
        <Tillgångsslag_enligt_LVF_5_kap>ÖverlåtbartVärdepapper</Tillgångsslag_enligt_LVF_5_kap>
        <Instrumentnamn>Endúr FRN250303</Instrumentnamn>
        <ISIN-kod_instrument>NO0010935430</ISIN-kod_instrument>
        <Landkod_Emittent>NO</Landkod_Emittent>
        <Valuta>NOK</Valuta>
        <Antal />
        <Nominellt_belopp>5700000</Nominellt_belopp>
        <Kurs_som_använts_vid_värdering_av_instrumentet>99.77277778</Kurs_som_använts_vid_värdering_av_instrumentet>
        <Valutakurs_instrument>1.058</Valutakurs_instrument>
        <Marknadsvärde_instrument>6016897.14</Marknadsvärde_instrument>
        <Andel_av_fondförmögenhet_instrument>1.23</Andel_av_fondförmögenhet_instrument>
        <Bransch>
          <Branschkod_instrument>20</Branschkod_instrument>
          <Bransch_namn_instrument />
        </Bransch>
      </FinansielltInstrument>
      <FinansielltInstrument>
        <Tillgångsslag_enligt_LVF_5_kap>ÖverlåtbartVärdepapper</Tillgångsslag_enligt_LVF_5_kap>
        <Instrumentnamn>European Energy Green FRN250916</Instrumentnamn>
        <ISIN-kod_instrument>DK0030494505</ISIN-kod_instrument>
        <Landkod_Emittent>DK</Landkod_Emittent>
        <Valuta>EUR</Valuta>
        <Antal />
        <Nominellt_belopp>1000000</Nominellt_belopp>
        <Kurs_som_använts_vid_värdering_av_instrumentet>97.07645833</Kurs_som_använts_vid_värdering_av_instrumentet>
        <Valutakurs_instrument>11.1368</Valutakurs_instrument>
        <Marknadsvärde_instrument>10811211.01</Marknadsvärde_instrument>
        <Andel_av_fondförmögenhet_instrument>2.22</Andel_av_fondförmögenhet_instrument>
        <Bransch>
          <Branschkod_instrument>10</Branschkod_instrument>
          <Bransch_namn_instrument />
        </Bransch>
      </FinansielltInstrument>
      <FinansielltInstrument>
        <Tillgångsslag_enligt_LVF_5_kap>ÖverlåtbartVärdepapper</Tillgångsslag_enligt_LVF_5_kap>
        <Instrumentnamn>Fintoil green 7,5% Obl250701</Instrumentnamn>
        <ISIN-kod_instrument>FI4000508007</ISIN-kod_instrument>
        <Landkod_Emittent>FI</Landkod_Emittent>
        <Valuta>EUR</Valuta>
        <Antal />
        <Nominellt_belopp>1000000</Nominellt_belopp>
        <Kurs_som_använts_vid_värdering_av_instrumentet>94.22916664</Kurs_som_använts_vid_värdering_av_instrumentet>
        <Valutakurs_instrument>11.1368</Valutakurs_instrument>
        <Marknadsvärde_instrument>10494113.83</Marknadsvärde_instrument>
        <Andel_av_fondförmögenhet_instrument>2.15</Andel_av_fondförmögenhet_instrument>
        <Bransch>
          <Branschkod_instrument>15</Branschkod_instrument>
          <Bransch_namn_instrument />
        </Bransch>
      </FinansielltInstrument>
      <FinansielltInstrument>
        <Tillgångsslag_enligt_LVF_5_kap>ÖverlåtbartVärdepapper</Tillgångsslag_enligt_LVF_5_kap>
        <Instrumentnamn>FNG Nordic FRN240725</Instrumentnamn>
        <ISIN-kod_instrument>SE0012827996</ISIN-kod_instrument>
        <Landkod_Emittent>SE</Landkod_Emittent>
        <Valuta>SEK</Valuta>
        <Antal />
        <Nominellt_belopp>10000000</Nominellt_belopp>
        <Kurs_som_använts_vid_värdering_av_instrumentet>83.69748333</Kurs_som_använts_vid_värdering_av_instrumentet>
        <Valutakurs_instrument>1</Valutakurs_instrument>
        <Marknadsvärde_instrument>8369748.33</Marknadsvärde_instrument>
        <Andel_av_fondförmögenhet_instrument>1.72</Andel_av_fondförmögenhet_instrument>
        <Bransch>
          <Branschkod_instrument>25</Branschkod_instrument>
          <Bransch_namn_instrument />
        </Bransch>
      </FinansielltInstrument>
      <FinansielltInstrument>
        <Tillgångsslag_enligt_LVF_5_kap>ÖverlåtbartVärdepapper</Tillgångsslag_enligt_LVF_5_kap>
        <Instrumentnamn>Fortaco FRN270722</Instrumentnamn>
        <ISIN-kod_instrument>NO0012547274</ISIN-kod_instrument>
        <Landkod_Emittent>FI</Landkod_Emittent>
        <Valuta>EUR</Valuta>
        <Antal />
        <Nominellt_belopp>1000000</Nominellt_belopp>
        <Kurs_som_använts_vid_värdering_av_instrumentet>97.10593333</Kurs_som_använts_vid_värdering_av_instrumentet>
        <Valutakurs_instrument>11.1368</Valutakurs_instrument>
        <Marknadsvärde_instrument>10814493.58</Marknadsvärde_instrument>
        <Andel_av_fondförmögenhet_instrument>2.22</Andel_av_fondförmögenhet_instrument>
        <Bransch>
          <Branschkod_instrument>20</Branschkod_instrument>
          <Bransch_namn_instrument />
        </Bransch>
      </FinansielltInstrument>
      <FinansielltInstrument>
        <Tillgångsslag_enligt_LVF_5_kap>ÖverlåtbartVärdepapper</Tillgångsslag_enligt_LVF_5_kap>
        <Instrumentnamn>Georg Jensen FRN230515</Instrumentnamn>
        <ISIN-kod_instrument>SE0011167204</ISIN-kod_instrument>
        <Landkod_Emittent>DK</Landkod_Emittent>
        <Valuta>EUR</Valuta>
        <Antal />
        <Nominellt_belopp>1000000</Nominellt_belopp>
        <Kurs_som_använts_vid_värdering_av_instrumentet>99.59581111</Kurs_som_använts_vid_värdering_av_instrumentet>
        <Valutakurs_instrument>11.1368</Valutakurs_instrument>
        <Marknadsvärde_instrument>11091786.29</Marknadsvärde_instrument>
        <Andel_av_fondförmögenhet_instrument>2.27</Andel_av_fondförmögenhet_instrument>
        <Bransch>
          <Branschkod_instrument>25</Branschkod_instrument>
          <Bransch_namn_instrument />
        </Bransch>
      </FinansielltInstrument>
      <FinansielltInstrument>
        <Tillgångsslag_enligt_LVF_5_kap>ÖverlåtbartVärdepapper</Tillgångsslag_enligt_LVF_5_kap>
        <Instrumentnamn>Grøntvedt FRN240923</Instrumentnamn>
        <ISIN-kod_instrument>NO0011094658</ISIN-kod_instrument>
        <Landkod_Emittent>NO</Landkod_Emittent>
        <Valuta>NOK</Valuta>
        <Antal />
        <Nominellt_belopp>5800000</Nominellt_belopp>
        <Kurs_som_använts_vid_värdering_av_instrumentet>91.10744444</Kurs_som_använts_vid_värdering_av_instrumentet>
        <Valutakurs_instrument>1.058</Valutakurs_instrument>
        <Marknadsvärde_instrument>5590717.22</Marknadsvärde_instrument>
        <Andel_av_fondförmögenhet_instrument>1.15</Andel_av_fondförmögenhet_instrument>
        <Bransch>
          <Branschkod_instrument>30</Branschkod_instrument>
          <Bransch_namn_instrument />
        </Bransch>
      </FinansielltInstrument>
      <FinansielltInstrument>
        <Tillgångsslag_enligt_LVF_5_kap>ÖverlåtbartVärdepapper</Tillgångsslag_enligt_LVF_5_kap>
        <Instrumentnamn>Heimstaden Call FRN241011</Instrumentnamn>
        <ISIN-kod_instrument>SE0012455111</ISIN-kod_instrument>
        <Landkod_Emittent>SE</Landkod_Emittent>
        <Valuta>SEK</Valuta>
        <Antal />
        <Nominellt_belopp>5000000</Nominellt_belopp>
        <Kurs_som_använts_vid_värdering_av_instrumentet>75.054125</Kurs_som_använts_vid_värdering_av_instrumentet>
        <Valutakurs_instrument>1</Valutakurs_instrument>
        <Marknadsvärde_instrument>3752706.25</Marknadsvärde_instrument>
        <Andel_av_fondförmögenhet_instrument>0.77</Andel_av_fondförmögenhet_instrument>
        <Bransch>
          <Branschkod_instrument>60</Branschkod_instrument>
          <Bransch_namn_instrument />
        </Bransch>
      </FinansielltInstrument>
      <FinansielltInstrument>
        <Tillgångsslag_enligt_LVF_5_kap>ÖverlåtbartVärdepapper</Tillgångsslag_enligt_LVF_5_kap>
        <Instrumentnamn>Heimstaden FRN250414</Instrumentnamn>
        <ISIN-kod_instrument>XS2469914308</ISIN-kod_instrument>
        <Landkod_Emittent>SE</Landkod_Emittent>
        <Valuta>SEK</Valuta>
        <Antal />
        <Nominellt_belopp>2500000</Nominellt_belopp>
        <Kurs_som_använts_vid_värdering_av_instrumentet>90.2412</Kurs_som_använts_vid_värdering_av_instrumentet>
        <Valutakurs_instrument>1</Valutakurs_instrument>
        <Marknadsvärde_instrument>2256030</Marknadsvärde_instrument>
        <Andel_av_fondförmögenhet_instrument>0.46</Andel_av_fondförmögenhet_instrument>
        <Bransch>
          <Branschkod_instrument>60</Branschkod_instrument>
          <Bransch_namn_instrument />
        </Bransch>
      </FinansielltInstrument>
      <FinansielltInstrument>
        <Tillgångsslag_enligt_LVF_5_kap>ÖverlåtbartVärdepapper</Tillgångsslag_enligt_LVF_5_kap>
        <Instrumentnamn>HKScan 5% Obl250324</Instrumentnamn>
        <ISIN-kod_instrument>FI4000490990</ISIN-kod_instrument>
        <Landkod_Emittent>FI</Landkod_Emittent>
        <Valuta>EUR</Valuta>
        <Antal />
        <Nominellt_belopp>900000</Nominellt_belopp>
        <Kurs_som_använts_vid_värdering_av_instrumentet>85.83333333</Kurs_som_använts_vid_värdering_av_instrumentet>
        <Valutakurs_instrument>11.1368</Valutakurs_instrument>
        <Marknadsvärde_instrument>8603178</Marknadsvärde_instrument>
        <Andel_av_fondförmögenhet_instrument>1.76</Andel_av_fondförmögenhet_instrument>
        <Bransch>
          <Branschkod_instrument>30</Branschkod_instrument>
          <Bransch_namn_instrument />
        </Bransch>
      </FinansielltInstrument>
      <FinansielltInstrument>
        <Tillgångsslag_enligt_LVF_5_kap>ÖverlåtbartVärdepapper</Tillgångsslag_enligt_LVF_5_kap>
        <Instrumentnamn>Inteno SLB FRN260906</Instrumentnamn>
        <ISIN-kod_instrument>SE0018040891</ISIN-kod_instrument>
        <Landkod_Emittent>SE</Landkod_Emittent>
        <Valuta>EUR</Valuta>
        <Antal />
        <Nominellt_belopp>800000</Nominellt_belopp>
        <Kurs_som_använts_vid_värdering_av_instrumentet>100.32468611</Kurs_som_använts_vid_värdering_av_instrumentet>
        <Valutakurs_instrument>11.1368</Valutakurs_instrument>
        <Marknadsvärde_instrument>8938367.71</Marknadsvärde_instrument>
        <Andel_av_fondförmögenhet_instrument>1.83</Andel_av_fondförmögenhet_instrument>
        <Bransch>
          <Branschkod_instrument>20</Branschkod_instrument>
          <Bransch_namn_instrument />
        </Bransch>
      </FinansielltInstrument>
      <FinansielltInstrument>
        <Tillgångsslag_enligt_LVF_5_kap>ÖverlåtbartVärdepapper</Tillgångsslag_enligt_LVF_5_kap>
        <Instrumentnamn>Intrum FRN250912</Instrumentnamn>
        <ISIN-kod_instrument>SE0013104080</ISIN-kod_instrument>
        <Landkod_Emittent>SE</Landkod_Emittent>
        <Valuta>SEK</Valuta>
        <Antal />
        <Nominellt_belopp>6000000</Nominellt_belopp>
        <Kurs_som_använts_vid_värdering_av_instrumentet>97.32685278</Kurs_som_använts_vid_värdering_av_instrumentet>
        <Valutakurs_instrument>1</Valutakurs_instrument>
        <Marknadsvärde_instrument>5839611.17</Marknadsvärde_instrument>
        <Andel_av_fondförmögenhet_instrument>1.2</Andel_av_fondförmögenhet_instrument>
        <Bransch>
          <Branschkod_instrument>40</Branschkod_instrument>
          <Bransch_namn_instrument />
        </Bransch>
      </FinansielltInstrument>
      <FinansielltInstrument>
        <Tillgångsslag_enligt_LVF_5_kap>ÖverlåtbartVärdepapper</Tillgångsslag_enligt_LVF_5_kap>
        <Instrumentnamn>Lakers Group SLB FRN250609</Instrumentnamn>
        <ISIN-kod_instrument>NO0011017113</ISIN-kod_instrument>
        <Landkod_Emittent>SE</Landkod_Emittent>
        <Valuta>NOK</Valuta>
        <Antal />
        <Nominellt_belopp>9200000</Nominellt_belopp>
        <Kurs_som_använts_vid_värdering_av_instrumentet>97.66277778</Kurs_som_använts_vid_värdering_av_instrumentet>
        <Valutakurs_instrument>1.058</Valutakurs_instrument>
        <Marknadsvärde_instrument>9506104.14</Marknadsvärde_instrument>
        <Andel_av_fondförmögenhet_instrument>1.95</Andel_av_fondförmögenhet_instrument>
        <Bransch>
          <Branschkod_instrument>20</Branschkod_instrument>
          <Bransch_namn_instrument />
        </Bransch>
      </FinansielltInstrument>
      <FinansielltInstrument>
        <Tillgångsslag_enligt_LVF_5_kap>ÖverlåtbartVärdepapper</Tillgångsslag_enligt_LVF_5_kap>
        <Instrumentnamn>Link Mobility Group 3,375% Obl251215</Instrumentnamn>
        <ISIN-kod_instrument>NO0010911506</ISIN-kod_instrument>
        <Landkod_Emittent>NO</Landkod_Emittent>
        <Valuta>EUR</Valuta>
        <Antal />
        <Nominellt_belopp>1400000</Nominellt_belopp>
        <Kurs_som_använts_vid_värdering_av_instrumentet>84.765625</Kurs_som_använts_vid_värdering_av_instrumentet>
        <Valutakurs_instrument>11.1368</Valutakurs_instrument>
        <Marknadsvärde_instrument>13216249.38</Marknadsvärde_instrument>
        <Andel_av_fondförmögenhet_instrument>2.71</Andel_av_fondförmögenhet_instrument>
        <Bransch>
          <Branschkod_instrument>45</Branschkod_instrument>
          <Bransch_namn_instrument />
        </Bransch>
      </FinansielltInstrument>
      <FinansielltInstrument>
        <Tillgångsslag_enligt_LVF_5_kap>ÖverlåtbartVärdepapper</Tillgångsslag_enligt_LVF_5_kap>
        <Instrumentnamn>Magnolia Bostad Green FRN240402</Instrumentnamn>
        <ISIN-kod_instrument>SE0014956454</ISIN-kod_instrument>
        <Landkod_Emittent>SE</Landkod_Emittent>
        <Valuta>SEK</Valuta>
        <Antal />
        <Nominellt_belopp>8750000</Nominellt_belopp>
        <Kurs_som_använts_vid_värdering_av_instrumentet>97.61077497</Kurs_som_använts_vid_värdering_av_instrumentet>
        <Valutakurs_instrument>1</Valutakurs_instrument>
        <Marknadsvärde_instrument>8540942.81</Marknadsvärde_instrument>
        <Andel_av_fondförmögenhet_instrument>1.75</Andel_av_fondförmögenhet_instrument>
        <Bransch>
          <Branschkod_instrument>60</Branschkod_instrument>
          <Bransch_namn_instrument />
        </Bransch>
      </FinansielltInstrument>
      <FinansielltInstrument>
        <Tillgångsslag_enligt_LVF_5_kap>ÖverlåtbartVärdepapper</Tillgångsslag_enligt_LVF_5_kap>
        <Instrumentnamn>MOMOX Green FRN250710</Instrumentnamn>
        <ISIN-kod_instrument>NO0010886369</ISIN-kod_instrument>
        <Landkod_Emittent>DE</Landkod_Emittent>
        <Valuta>EUR</Valuta>
        <Antal />
        <Nominellt_belopp>1300000</Nominellt_belopp>
        <Kurs_som_använts_vid_värdering_av_instrumentet>70.95787778</Kurs_som_använts_vid_värdering_av_instrumentet>
        <Valutakurs_instrument>11.1368</Valutakurs_instrument>
        <Marknadsvärde_instrument>10273168.01</Marknadsvärde_instrument>
        <Andel_av_fondförmögenhet_instrument>2.11</Andel_av_fondförmögenhet_instrument>
        <Bransch>
          <Branschkod_instrument>25</Branschkod_instrument>
          <Bransch_namn_instrument />
        </Bransch>
      </FinansielltInstrument>
      <FinansielltInstrument>
        <Tillgångsslag_enligt_LVF_5_kap>ÖverlåtbartVärdepapper</Tillgångsslag_enligt_LVF_5_kap>
        <Instrumentnamn>Ocean Yield Call FRN240910</Instrumentnamn>
        <ISIN-kod_instrument>NO0010861594</ISIN-kod_instrument>
        <Landkod_Emittent>NO</Landkod_Emittent>
        <Valuta>USD</Valuta>
        <Antal />
        <Nominellt_belopp>725000</Nominellt_belopp>
        <Kurs_som_använts_vid_värdering_av_instrumentet>103.54366017</Kurs_som_använts_vid_värdering_av_instrumentet>
        <Valutakurs_instrument>10.4246</Valutakurs_instrument>
        <Marknadsvärde_instrument>7825658.99</Marknadsvärde_instrument>
        <Andel_av_fondförmögenhet_instrument>1.6</Andel_av_fondförmögenhet_instrument>
        <Bransch>
          <Branschkod_instrument>10</Branschkod_instrument>
          <Bransch_namn_instrument />
        </Bransch>
      </FinansielltInstrument>
      <FinansielltInstrument>
        <Tillgångsslag_enligt_LVF_5_kap>ÖverlåtbartVärdepapper</Tillgångsslag_enligt_LVF_5_kap>
        <Instrumentnamn>Ocean Yield FRN230525</Instrumentnamn>
        <ISIN-kod_instrument>NO0010823214</ISIN-kod_instrument>
        <Landkod_Emittent>NO</Landkod_Emittent>
        <Valuta>NOK</Valuta>
        <Antal />
        <Nominellt_belopp>6000000</Nominellt_belopp>
        <Kurs_som_använts_vid_värdering_av_instrumentet>100.794</Kurs_som_använts_vid_värdering_av_instrumentet>
        <Valutakurs_instrument>1.058</Valutakurs_instrument>
        <Marknadsvärde_instrument>6398403.12</Marknadsvärde_instrument>
        <Andel_av_fondförmögenhet_instrument>1.31</Andel_av_fondförmögenhet_instrument>
        <Bransch>
          <Branschkod_instrument>10</Branschkod_instrument>
          <Bransch_namn_instrument />
        </Bransch>
      </FinansielltInstrument>
      <FinansielltInstrument>
        <Tillgångsslag_enligt_LVF_5_kap>ÖverlåtbartVärdepapper</Tillgångsslag_enligt_LVF_5_kap>
        <Instrumentnamn>Odfjell SLB FRN 250121</Instrumentnamn>
        <ISIN-kod_instrument>NO0010918048</ISIN-kod_instrument>
        <Landkod_Emittent>NO</Landkod_Emittent>
        <Valuta>NOK</Valuta>
        <Antal />
        <Nominellt_belopp>10000000</Nominellt_belopp>
        <Kurs_som_använts_vid_värdering_av_instrumentet>104.45925</Kurs_som_använts_vid_värdering_av_instrumentet>
        <Valutakurs_instrument>1.058</Valutakurs_instrument>
        <Marknadsvärde_instrument>11051788.65</Marknadsvärde_instrument>
        <Andel_av_fondförmögenhet_instrument>2.27</Andel_av_fondförmögenhet_instrument>
        <Bransch>
          <Branschkod_instrument>20</Branschkod_instrument>
          <Bransch_namn_instrument />
        </Bransch>
      </FinansielltInstrument>
      <FinansielltInstrument>
        <Tillgångsslag_enligt_LVF_5_kap>ÖverlåtbartVärdepapper</Tillgångsslag_enligt_LVF_5_kap>
        <Instrumentnamn>Open Infra FRN251111</Instrumentnamn>
        <ISIN-kod_instrument>SE0017072358</ISIN-kod_instrument>
        <Landkod_Emittent>SE</Landkod_Emittent>
        <Valuta>SEK</Valuta>
        <Antal />
        <Nominellt_belopp>15000000</Nominellt_belopp>
        <Kurs_som_använts_vid_värdering_av_instrumentet>98.81378333</Kurs_som_använts_vid_värdering_av_instrumentet>
        <Valutakurs_instrument>1</Valutakurs_instrument>
        <Marknadsvärde_instrument>14822067.5</Marknadsvärde_instrument>
        <Andel_av_fondförmögenhet_instrument>3.04</Andel_av_fondförmögenhet_instrument>
        <Bransch>
          <Branschkod_instrument>20</Branschkod_instrument>
          <Bransch_namn_instrument />
        </Bransch>
      </FinansielltInstrument>
      <FinansielltInstrument>
        <Tillgångsslag_enligt_LVF_5_kap>ÖverlåtbartVärdepapper</Tillgångsslag_enligt_LVF_5_kap>
        <Instrumentnamn>PWT</Instrumentnamn>
        <ISIN-kod_instrument>DK0030513908</ISIN-kod_instrument>
        <Landkod_Emittent>DK</Landkod_Emittent>
        <Valuta>DKK</Valuta>
        <Antal />
        <Nominellt_belopp>8570280</Nominellt_belopp>
        <Kurs_som_använts_vid_värdering_av_instrumentet>0</Kurs_som_använts_vid_värdering_av_instrumentet>
        <Valutakurs_instrument>1.4977</Valutakurs_instrument>
        <Marknadsvärde_instrument>0</Marknadsvärde_instrument>
        <Andel_av_fondförmögenhet_instrument>0</Andel_av_fondförmögenhet_instrument>
        <Bransch>
          <Branschkod_instrument>30</Branschkod_instrument>
          <Bransch_namn_instrument />
        </Bransch>
      </FinansielltInstrument>
      <FinansielltInstrument>
        <Tillgångsslag_enligt_LVF_5_kap>ÖverlåtbartVärdepapper</Tillgångsslag_enligt_LVF_5_kap>
        <Instrumentnamn>PWT FRN990420</Instrumentnamn>
        <ISIN-kod_instrument>DK0030466131</ISIN-kod_instrument>
        <Landkod_Emittent>DK</Landkod_Emittent>
        <Valuta>DKK</Valuta>
        <Antal />
        <Nominellt_belopp>12000000</Nominellt_belopp>
        <Kurs_som_använts_vid_värdering_av_instrumentet>0</Kurs_som_använts_vid_värdering_av_instrumentet>
        <Valutakurs_instrument>1.4977</Valutakurs_instrument>
        <Marknadsvärde_instrument>0</Marknadsvärde_instrument>
        <Andel_av_fondförmögenhet_instrument>0</Andel_av_fondförmögenhet_instrument>
        <Bransch>
          <Branschkod_instrument>25</Branschkod_instrument>
          <Bransch_namn_instrument />
        </Bransch>
      </FinansielltInstrument>
      <FinansielltInstrument>
        <Tillgångsslag_enligt_LVF_5_kap>ÖverlåtbartVärdepapper</Tillgångsslag_enligt_LVF_5_kap>
        <Instrumentnamn>PWT Konvertibel 0% 991231</Instrumentnamn>
        <ISIN-kod_instrument>DK0030469317</ISIN-kod_instrument>
        <Landkod_Emittent>DK</Landkod_Emittent>
        <Valuta>DKK</Valuta>
        <Antal />
        <Nominellt_belopp>461538</Nominellt_belopp>
        <Kurs_som_använts_vid_värdering_av_instrumentet>800</Kurs_som_använts_vid_värdering_av_instrumentet>
        <Valutakurs_instrument>1.4977</Valutakurs_instrument>
        <Marknadsvärde_instrument>5529963.7</Marknadsvärde_instrument>
        <Andel_av_fondförmögenhet_instrument>1.13</Andel_av_fondförmögenhet_instrument>
        <Bransch>
          <Branschkod_instrument>30</Branschkod_instrument>
          <Bransch_namn_instrument />
        </Bransch>
      </FinansielltInstrument>
      <FinansielltInstrument>
        <Tillgångsslag_enligt_LVF_5_kap>ÖverlåtbartVärdepapper</Tillgångsslag_enligt_LVF_5_kap>
        <Instrumentnamn>SBAB Bank Call FRN270413</Instrumentnamn>
        <ISIN-kod_instrument>SE0017769870</ISIN-kod_instrument>
        <Landkod_Emittent>SE</Landkod_Emittent>
        <Valuta>SEK</Valuta>
        <Antal />
        <Nominellt_belopp>18000000</Nominellt_belopp>
        <Kurs_som_använts_vid_värdering_av_instrumentet>97.722775</Kurs_som_använts_vid_värdering_av_instrumentet>
        <Valutakurs_instrument>1</Valutakurs_instrument>
        <Marknadsvärde_instrument>17590099.5</Marknadsvärde_instrument>
        <Andel_av_fondförmögenhet_instrument>3.61</Andel_av_fondförmögenhet_instrument>
        <Bransch>
          <Branschkod_instrument>0</Branschkod_instrument>
          <Bransch_namn_instrument />
        </Bransch>
      </FinansielltInstrument>
      <FinansielltInstrument>
        <Tillgångsslag_enligt_LVF_5_kap>ÖverlåtbartVärdepapper</Tillgångsslag_enligt_LVF_5_kap>
        <Instrumentnamn>Seamless Distribution Systems FRN240505</Instrumentnamn>
        <ISIN-kod_instrument>SE0015811914</ISIN-kod_instrument>
        <Landkod_Emittent>SE</Landkod_Emittent>
        <Valuta>SEK</Valuta>
        <Antal />
        <Nominellt_belopp>7500000</Nominellt_belopp>
        <Kurs_som_använts_vid_värdering_av_instrumentet>101.38305</Kurs_som_använts_vid_värdering_av_instrumentet>
        <Valutakurs_instrument>1</Valutakurs_instrument>
        <Marknadsvärde_instrument>7603728.75</Marknadsvärde_instrument>
        <Andel_av_fondförmögenhet_instrument>1.56</Andel_av_fondförmögenhet_instrument>
        <Bransch>
          <Branschkod_instrument>45</Branschkod_instrument>
          <Bransch_namn_instrument />
        </Bransch>
      </FinansielltInstrument>
      <FinansielltInstrument>
        <Tillgångsslag_enligt_LVF_5_kap>ÖverlåtbartVärdepapper</Tillgångsslag_enligt_LVF_5_kap>
        <Instrumentnamn>SEB 5,125% Call Obl250513</Instrumentnamn>
        <ISIN-kod_instrument>XS2076169668</ISIN-kod_instrument>
        <Landkod_Emittent>SE</Landkod_Emittent>
        <Valuta>USD</Valuta>
        <Antal />
        <Nominellt_belopp>1000000</Nominellt_belopp>
        <Kurs_som_använts_vid_värdering_av_instrumentet>94.13509722</Kurs_som_använts_vid_värdering_av_instrumentet>
        <Valutakurs_instrument>10.4246</Valutakurs_instrument>
        <Marknadsvärde_instrument>9813207.34</Marknadsvärde_instrument>
        <Andel_av_fondförmögenhet_instrument>2.01</Andel_av_fondförmögenhet_instrument>
        <Bransch>
          <Branschkod_instrument>40</Branschkod_instrument>
          <Bransch_namn_instrument />
        </Bransch>
      </FinansielltInstrument>
      <FinansielltInstrument>
        <Tillgångsslag_enligt_LVF_5_kap>ÖverlåtbartVärdepapper</Tillgångsslag_enligt_LVF_5_kap>
        <Instrumentnamn>SFL FRN240604</Instrumentnamn>
        <ISIN-kod_instrument>NO0010853609</ISIN-kod_instrument>
        <Landkod_Emittent>BM</Landkod_Emittent>
        <Valuta>NOK</Valuta>
        <Antal />
        <Nominellt_belopp>8000000</Nominellt_belopp>
        <Kurs_som_använts_vid_värdering_av_instrumentet>101.32988889</Kurs_som_använts_vid_värdering_av_instrumentet>
        <Valutakurs_instrument>1.058</Valutakurs_instrument>
        <Marknadsvärde_instrument>8576561.8</Marknadsvärde_instrument>
        <Andel_av_fondförmögenhet_instrument>1.76</Andel_av_fondförmögenhet_instrument>
        <Bransch>
          <Branschkod_instrument>0</Branschkod_instrument>
          <Bransch_namn_instrument />
        </Bransch>
      </FinansielltInstrument>
      <FinansielltInstrument>
        <Tillgångsslag_enligt_LVF_5_kap>ÖverlåtbartVärdepapper</Tillgångsslag_enligt_LVF_5_kap>
        <Instrumentnamn>SGL TransGroup 7,75% Obl250408</Instrumentnamn>
        <ISIN-kod_instrument>SE0015810759</ISIN-kod_instrument>
        <Landkod_Emittent>DK</Landkod_Emittent>
        <Valuta>EUR</Valuta>
        <Antal />
        <Nominellt_belopp>900000</Nominellt_belopp>
        <Kurs_som_använts_vid_värdering_av_instrumentet>98.99677778</Kurs_som_använts_vid_värdering_av_instrumentet>
        <Valutakurs_instrument>11.1368</Valutakurs_instrument>
        <Marknadsvärde_instrument>9922565.83</Marknadsvärde_instrument>
        <Andel_av_fondförmögenhet_instrument>2.03</Andel_av_fondförmögenhet_instrument>
        <Bransch>
          <Branschkod_instrument>0</Branschkod_instrument>
          <Bransch_namn_instrument />
        </Bransch>
      </FinansielltInstrument>
      <FinansielltInstrument>
        <Tillgångsslag_enligt_LVF_5_kap>ÖverlåtbartVärdepapper</Tillgångsslag_enligt_LVF_5_kap>
        <Instrumentnamn>Slättö Fastpartner FRN230401</Instrumentnamn>
        <ISIN-kod_instrument>SE0012011872</ISIN-kod_instrument>
        <Landkod_Emittent>SE</Landkod_Emittent>
        <Valuta>SEK</Valuta>
        <Antal />
        <Nominellt_belopp>3300000</Nominellt_belopp>
        <Kurs_som_använts_vid_värdering_av_instrumentet>99.88942515</Kurs_som_använts_vid_värdering_av_instrumentet>
        <Valutakurs_instrument>1</Valutakurs_instrument>
        <Marknadsvärde_instrument>3296351.03</Marknadsvärde_instrument>
        <Andel_av_fondförmögenhet_instrument>0.68</Andel_av_fondförmögenhet_instrument>
        <Bransch>
          <Branschkod_instrument>60</Branschkod_instrument>
          <Bransch_namn_instrument />
        </Bransch>
      </FinansielltInstrument>
      <FinansielltInstrument>
        <Tillgångsslag_enligt_LVF_5_kap>ÖverlåtbartVärdepapper</Tillgångsslag_enligt_LVF_5_kap>
        <Instrumentnamn>Teekay LNG FRN261118</Instrumentnamn>
        <ISIN-kod_instrument>NO0011151870</ISIN-kod_instrument>
        <Landkod_Emittent>MH</Landkod_Emittent>
        <Valuta>NOK</Valuta>
        <Antal />
        <Nominellt_belopp>13000000</Nominellt_belopp>
        <Kurs_som_använts_vid_värdering_av_instrumentet>98.81013889</Kurs_som_använts_vid_värdering_av_instrumentet>
        <Valutakurs_instrument>1.058</Valutakurs_instrument>
        <Marknadsvärde_instrument>13590346.5</Marknadsvärde_instrument>
        <Andel_av_fondförmögenhet_instrument>2.79</Andel_av_fondförmögenhet_instrument>
        <Bransch>
          <Branschkod_instrument>10</Branschkod_instrument>
          <Bransch_namn_instrument />
        </Bransch>
      </FinansielltInstrument>
      <FinansielltInstrument>
        <Tillgångsslag_enligt_LVF_5_kap>ÖverlåtbartVärdepapper</Tillgångsslag_enligt_LVF_5_kap>
        <Instrumentnamn>Trianon Sustainable Call FRN251118</Instrumentnamn>
        <ISIN-kod_instrument>SE0019019456</ISIN-kod_instrument>
        <Landkod_Emittent>SE</Landkod_Emittent>
        <Valuta>SEK</Valuta>
        <Antal />
        <Nominellt_belopp>4000000</Nominellt_belopp>
        <Kurs_som_använts_vid_värdering_av_instrumentet>100.41617778</Kurs_som_använts_vid_värdering_av_instrumentet>
        <Valutakurs_instrument>1</Valutakurs_instrument>
        <Marknadsvärde_instrument>4016647.11</Marknadsvärde_instrument>
        <Andel_av_fondförmögenhet_instrument>0.82</Andel_av_fondförmögenhet_instrument>
        <Bransch>
          <Branschkod_instrument>60</Branschkod_instrument>
          <Bransch_namn_instrument />
        </Bransch>
      </FinansielltInstrument>
      <FinansielltInstrument>
        <Tillgångsslag_enligt_LVF_5_kap>ÖverlåtbartVärdepapper</Tillgångsslag_enligt_LVF_5_kap>
        <Instrumentnamn>Vesivek FRN240212</Instrumentnamn>
        <ISIN-kod_instrument>SE0015530712</ISIN-kod_instrument>
        <Landkod_Emittent>FI</Landkod_Emittent>
        <Valuta>SEK</Valuta>
        <Antal />
        <Nominellt_belopp>10000000</Nominellt_belopp>
        <Kurs_som_använts_vid_värdering_av_instrumentet>99.402675</Kurs_som_använts_vid_värdering_av_instrumentet>
        <Valutakurs_instrument>1</Valutakurs_instrument>
        <Marknadsvärde_instrument>9940267.5</Marknadsvärde_instrument>
        <Andel_av_fondförmögenhet_instrument>2.04</Andel_av_fondförmögenhet_instrument>
        <Bransch>
          <Branschkod_instrument>25</Branschkod_instrument>
          <Bransch_namn_instrument />
        </Bransch>
      </FinansielltInstrument>
      <FinansielltInstrument>
        <Tillgångsslag_enligt_LVF_5_kap>ÖverlåtbartVärdepapper</Tillgångsslag_enligt_LVF_5_kap>
        <Instrumentnamn>Vestum FRN241028</Instrumentnamn>
        <ISIN-kod_instrument>SE0016844526</ISIN-kod_instrument>
        <Landkod_Emittent>SE</Landkod_Emittent>
        <Valuta>SEK</Valuta>
        <Antal />
        <Nominellt_belopp>8750000</Nominellt_belopp>
        <Kurs_som_använts_vid_värdering_av_instrumentet>93.46364444</Kurs_som_använts_vid_värdering_av_instrumentet>
        <Valutakurs_instrument>1</Valutakurs_instrument>
        <Marknadsvärde_instrument>8178068.89</Marknadsvärde_instrument>
        <Andel_av_fondförmögenhet_instrument>1.68</Andel_av_fondförmögenhet_instrument>
        <Bransch>
          <Branschkod_instrument>20</Branschkod_instrument>
          <Bransch_namn_instrument />
        </Bransch>
      </FinansielltInstrument>
      <FinansielltInstrument>
        <Tillgångsslag_enligt_LVF_5_kap>ÖverlåtbartVärdepapper</Tillgångsslag_enligt_LVF_5_kap>
        <Instrumentnamn>Wallenius Wilhelmsen FRN270421</Instrumentnamn>
        <ISIN-kod_instrument>NO0012495912</ISIN-kod_instrument>
        <Landkod_Emittent>NO</Landkod_Emittent>
        <Valuta>NOK</Valuta>
        <Antal />
        <Nominellt_belopp>7500000</Nominellt_belopp>
        <Kurs_som_använts_vid_värdering_av_instrumentet>101.91041667</Kurs_som_använts_vid_värdering_av_instrumentet>
        <Valutakurs_instrument>1.058</Valutakurs_instrument>
        <Marknadsvärde_instrument>8086591.56</Marknadsvärde_instrument>
        <Andel_av_fondförmögenhet_instrument>1.66</Andel_av_fondförmögenhet_instrument>
        <Bransch>
          <Branschkod_instrument>20</Branschkod_instrument>
          <Bransch_namn_instrument />
        </Bransch>
      </FinansielltInstrument>
      <FinansielltInstrument>
        <Tillgångsslag_enligt_LVF_5_kap>ÖverlåtbartVärdepapper</Tillgångsslag_enligt_LVF_5_kap>
        <Instrumentnamn>Zengun Group FRN241019</Instrumentnamn>
        <ISIN-kod_instrument>SE0014991220</ISIN-kod_instrument>
        <Landkod_Emittent>SE</Landkod_Emittent>
        <Valuta>SEK</Valuta>
        <Antal />
        <Nominellt_belopp>10000000</Nominellt_belopp>
        <Kurs_som_använts_vid_värdering_av_instrumentet>99.77511667</Kurs_som_använts_vid_värdering_av_instrumentet>
        <Valutakurs_instrument>1</Valutakurs_instrument>
        <Marknadsvärde_instrument>9977511.67</Marknadsvärde_instrument>
        <Andel_av_fondförmögenhet_instrument>2.05</Andel_av_fondförmögenhet_instrument>
        <Bransch>
          <Branschkod_instrument>20</Branschkod_instrument>
          <Bransch_namn_instrument />
        </Bransch>
      </FinansielltInstrument>
      <FinansielltInstrument>
        <Tillgångsslag_enligt_LVF_5_kap>ÖverlåtbartVärdepapper</Tillgångsslag_enligt_LVF_5_kap>
        <Instrumentnamn>Ziton FRN241003</Instrumentnamn>
        <ISIN-kod_instrument>NO0010832488</ISIN-kod_instrument>
        <Landkod_Emittent>DK</Landkod_Emittent>
        <Valuta>EUR</Valuta>
        <Antal />
        <Nominellt_belopp>737734</Nominellt_belopp>
        <Kurs_som_använts_vid_värdering_av_instrumentet>62.48705553</Kurs_som_använts_vid_värdering_av_instrumentet>
        <Valutakurs_instrument>11.1368</Valutakurs_instrument>
        <Marknadsvärde_instrument>5133933.99</Marknadsvärde_instrument>
        <Andel_av_fondförmögenhet_instrument>1.05</Andel_av_fondförmögenhet_instrument>
        <Bransch>
          <Branschkod_instrument>20</Branschkod_instrument>
          <Bransch_namn_instrument />
        </Bransch>
      </FinansielltInstrument>
      <FinansielltInstrument>
        <Tillgångsslag_enligt_LVF_5_kap>DerivatinstrumentSamtTeknikerOchInstrument</Tillgångsslag_enligt_LVF_5_kap>
        <Instrumentnamn>DKK/SEK H230323</Instrumentnamn>
        <ISIN-kod_instrument>EZ4XL2ZMQ3T6</ISIN-kod_instrument>
        <Landkod_Emittent>SE</Landkod_Emittent>
        <Valuta>DKK</Valuta>
        <Antal />
        <Nominellt_belopp>-3925058</Nominellt_belopp>
        <Kurs_som_använts_vid_värdering_av_instrumentet>100.15784202</Kurs_som_använts_vid_värdering_av_instrumentet>
        <Valutakurs_instrument>1.4977</Valutakurs_instrument>
        <Marknadsvärde_instrument>-35105.71</Marknadsvärde_instrument>
        <Andel_av_fondförmögenhet_instrument>-0.01</Andel_av_fondförmögenhet_instrument>
      </FinansielltInstrument>
      <FinansielltInstrument>
        <Tillgångsslag_enligt_LVF_5_kap>DerivatinstrumentSamtTeknikerOchInstrument</Tillgångsslag_enligt_LVF_5_kap>
        <Instrumentnamn>EUR/SEK H230323</Instrumentnamn>
        <ISIN-kod_instrument>EZLGMTRC4WM5</ISIN-kod_instrument>
        <Landkod_Emittent>SE</Landkod_Emittent>
        <Valuta>EUR</Valuta>
        <Antal />
        <Nominellt_belopp>-12477392.97</Nominellt_belopp>
        <Kurs_som_använts_vid_värdering_av_instrumentet>100.09577257</Kurs_som_använts_vid_värdering_av_instrumentet>
        <Valutakurs_instrument>11.1368</Valutakurs_instrument>
        <Marknadsvärde_instrument>-759835.8</Marknadsvärde_instrument>
        <Andel_av_fondförmögenhet_instrument>-0.16</Andel_av_fondförmögenhet_instrument>
      </FinansielltInstrument>
      <FinansielltInstrument>
        <Tillgångsslag_enligt_LVF_5_kap>DerivatinstrumentSamtTeknikerOchInstrument</Tillgångsslag_enligt_LVF_5_kap>
        <Instrumentnamn>NOK/SEK H230323</Instrumentnamn>
        <ISIN-kod_instrument>EZN5V214FPP6</ISIN-kod_instrument>
        <Landkod_Emittent>SE</Landkod_Emittent>
        <Valuta>NOK</Valuta>
        <Antal />
        <Nominellt_belopp>-110310436.09</Nominellt_belopp>
        <Kurs_som_använts_vid_värdering_av_instrumentet>99.89040643</Kurs_som_använts_vid_värdering_av_instrumentet>
        <Valutakurs_instrument>1.058</Valutakurs_instrument>
        <Marknadsvärde_instrument>-506821.3</Marknadsvärde_instrument>
        <Andel_av_fondförmögenhet_instrument>-0.1</Andel_av_fondförmögenhet_instrument>
      </FinansielltInstrument>
      <FinansielltInstrument>
        <Tillgångsslag_enligt_LVF_5_kap>DerivatinstrumentSamtTeknikerOchInstrument</Tillgångsslag_enligt_LVF_5_kap>
        <Instrumentnamn>USD/SEK H230323</Instrumentnamn>
        <ISIN-kod_instrument>EZM2FP67R7C2</ISIN-kod_instrument>
        <Landkod_Emittent>SE</Landkod_Emittent>
        <Valuta>USD</Valuta>
        <Antal />
        <Nominellt_belopp>-2458095.52</Nominellt_belopp>
        <Kurs_som_använts_vid_värdering_av_instrumentet>99.55534025</Kurs_som_använts_vid_värdering_av_instrumentet>
        <Valutakurs_instrument>10.4246</Valutakurs_instrument>
        <Marknadsvärde_instrument>-51600.34</Marknadsvärde_instrument>
        <Andel_av_fondförmögenhet_instrument>-0.01</Andel_av_fondförmögenhet_instrument>
      </FinansielltInstrument>
    </FinansiellaInstrument>
  </Fondinformation>
  <Fondinformation />
</VärdepappersfondInnehav>