﻿<?xml version="1.0" encoding="utf-8"?>
<VärdepappersfondInnehav xmlns="http://schemas.fi.se/publika/vardepappersfonder/20200331">
  <Rapportinformation>
    <Kvartalsslut>2022-12-31</Kvartalsslut>
  </Rapportinformation>
  <Bolagsinformation>
    <Fondbolag_namn>Lannebo Fonder AB</Fondbolag_namn>
    <Fondbolag_institutnummer>58116</Fondbolag_institutnummer>
    <Fondbolag_LEI-kod>5493009CRVCBSV5PKF10</Fondbolag_LEI-kod>
  </Bolagsinformation>
  <Fondinformation>
    <Fond_institutnummer>60959</Fond_institutnummer>
    <Fond_ISIN-kod />
    <Fond_namn>Lannebo Sverige 5-10-40 Aggressiv</Fond_namn>
    <Fond_status>Ej aktiv fond</Fond_status>
  </Fondinformation>
  <Fondinformation />
</VärdepappersfondInnehav>