﻿<?xml version="1.0" encoding="utf-8"?>
<VärdepappersfondInnehav xmlns="http://schemas.fi.se/publika/vardepappersfonder/20200331">
  <Rapportinformation>
    <Kvartalsslut>2022-12-31</Kvartalsslut>
  </Rapportinformation>
  <Bolagsinformation>
    <Fondbolag_namn>Avanza Fonder AB</Fondbolag_namn>
    <Fondbolag_institutnummer>58150</Fondbolag_institutnummer>
    <Fondbolag_LEI-kod>5493001ZOZH4P83JSP25</Fondbolag_LEI-kod>
  </Bolagsinformation>
  <Fondinformation>
    <Fond_institutnummer>58258</Fond_institutnummer>
    <Fond_ISIN-kod>SE0015194618</Fond_ISIN-kod>
    <Fond_namn>Avanza Småbolag by Skoglund</Fond_namn>
    <Förvaltningsavgift>
      <UtanAndelsklasser>
        <Förvaltningsavgift_fast>0.6</Förvaltningsavgift_fast>
      </UtanAndelsklasser>
    </Förvaltningsavgift>
    <Fondförmögenhet>1721273382</Fondförmögenhet>
    <Likvida_medel>-5231120</Likvida_medel>
    <Övriga_tillgångar_och_skulder>7063964</Övriga_tillgångar_och_skulder>
    <Standardavvikelse_24_månader>26.33</Standardavvikelse_24_månader>
    <Jämförelseindex>
      <Jämförelseindex>Jämförelseindex saknas</Jämförelseindex>
    </Jämförelseindex>
    <FinansiellaInstrument>
      <FinansielltInstrument>
        <Tillgångsslag_enligt_LVF_5_kap>Fondandel</Tillgångsslag_enligt_LVF_5_kap>
        <Instrumentnamn>FE småbolag Sverige</Instrumentnamn>
        <ISIN-kod_instrument>SE0014958187</ISIN-kod_instrument>
        <Landkod_Emittent>SE</Landkod_Emittent>
        <Valuta>SEK</Valuta>
        <Antal>16010625.369212</Antal>
        <Nominellt_belopp />
        <Kurs_som_använts_vid_värdering_av_instrumentet>107.393715</Kurs_som_använts_vid_värdering_av_instrumentet>
        <Valutakurs_instrument>1</Valutakurs_instrument>
        <Marknadsvärde_instrument>1719440537.87</Marknadsvärde_instrument>
        <Andel_av_fondförmögenhet_instrument>99.89</Andel_av_fondförmögenhet_instrument>
        <Bransch>
          <Branschkod_instrument>0</Branschkod_instrument>
          <Bransch_namn_instrument />
        </Bransch>
      </FinansielltInstrument>
    </FinansiellaInstrument>
  </Fondinformation>
  <Fondinformation />
</VärdepappersfondInnehav>