﻿<?xml version="1.0" encoding="utf-8"?>
<VärdepappersfondInnehav xmlns="http://schemas.fi.se/publika/vardepappersfonder/20200331">
  <Rapportinformation>
    <Kvartalsslut>2022-12-31</Kvartalsslut>
  </Rapportinformation>
  <Bolagsinformation>
    <Fondbolag_namn>Avanza Fonder AB</Fondbolag_namn>
    <Fondbolag_institutnummer>58150</Fondbolag_institutnummer>
    <Fondbolag_LEI-kod>5493001ZOZH4P83JSP25</Fondbolag_LEI-kod>
  </Bolagsinformation>
  <Fondinformation>
    <Fond_institutnummer>69447</Fond_institutnummer>
    <Fond_ISIN-kod />
    <Fond_namn>Avanza Disruptive Innovation by ARK Invest</Fond_namn>
    <Fond_status>Ej aktiv fond</Fond_status>
  </Fondinformation>
  <Fondinformation />
</VärdepappersfondInnehav>