﻿<?xml version="1.0" encoding="utf-8"?>
<VärdepappersfondInnehav xmlns="http://schemas.fi.se/publika/vardepappersfonder/20200331">
  <Rapportinformation>
    <Kvartalsslut>2022-12-31</Kvartalsslut>
  </Rapportinformation>
  <Bolagsinformation>
    <Fondbolag_namn>Prior &amp; Nilsson Fond- och Kapitalförvaltning Aktiebolag</Fondbolag_namn>
    <Fondbolag_institutnummer>35514</Fondbolag_institutnummer>
    <Fondbolag_LEI-kod>549300X3BDG37I68ON28</Fondbolag_LEI-kod>
  </Bolagsinformation>
  <Fondinformation>
    <Fond_institutnummer>67188</Fond_institutnummer>
    <Fond_ISIN-kod>SE0018168460</Fond_ISIN-kod>
    <Fond_namn>PriorNilsson Evolve Global</Fond_namn>
    <Förvaltningsavgift>
      <MedAndelsklasser>
        <Förvaltningsavgift>
          <Andelsklass_namn>EVOLVE GLOBAL A KLAS</Andelsklass_namn>
          <Förvaltningsavgift_Typ>
            <Förvaltningsavgift_fast>1.9</Förvaltningsavgift_fast>
          </Förvaltningsavgift_Typ>
        </Förvaltningsavgift>
        <Förvaltningsavgift>
          <Andelsklass_namn>EVOLVE GLOBAL E KLASS</Andelsklass_namn>
          <Förvaltningsavgift_Typ>
            <Förvaltningsavgift_fast>0</Förvaltningsavgift_fast>
          </Förvaltningsavgift_Typ>
        </Förvaltningsavgift>
      </MedAndelsklasser>
    </Förvaltningsavgift>
    <Fondförmögenhet>10298018</Fondförmögenhet>
    <Likvida_medel>913759</Likvida_medel>
    <Övriga_tillgångar_och_skulder>-181195</Övriga_tillgångar_och_skulder>
    <Standardavvikelse_24_månader>0.00</Standardavvikelse_24_månader>
    <Jämförelseindex>
      <Jämförelseindex>Jämförelseindex saknas</Jämförelseindex>
    </Jämförelseindex>
    <FinansiellaInstrument>
      <FinansielltInstrument>
        <Tillgångsslag_enligt_LVF_5_kap>ÖverlåtbartVärdepapper</Tillgångsslag_enligt_LVF_5_kap>
        <Instrumentnamn>MARKETAXESS</Instrumentnamn>
        <ISIN-kod_instrument>US57060D1081</ISIN-kod_instrument>
        <Landkod_Emittent>US</Landkod_Emittent>
        <Valuta>USD</Valuta>
        <Antal>75</Antal>
        <Nominellt_belopp />
        <Kurs_som_använts_vid_värdering_av_instrumentet>278.89</Kurs_som_använts_vid_värdering_av_instrumentet>
        <Valutakurs_instrument>10.4371</Valutakurs_instrument>
        <Marknadsvärde_instrument>218310.21</Marknadsvärde_instrument>
        <Andel_av_fondförmögenhet_instrument>2.12</Andel_av_fondförmögenhet_instrument>
        <Bransch>
          <Branschkod_instrument>40</Branschkod_instrument>
          <Bransch_namn_instrument>Finans</Bransch_namn_instrument>
        </Bransch>
      </FinansielltInstrument>
      <FinansielltInstrument>
        <Tillgångsslag_enligt_LVF_5_kap>ÖverlåtbartVärdepapper</Tillgångsslag_enligt_LVF_5_kap>
        <Instrumentnamn>LUMENRADIO AB</Instrumentnamn>
        <ISIN-kod_instrument>SE0019072158</ISIN-kod_instrument>
        <Landkod_Emittent>SE</Landkod_Emittent>
        <Valuta>SEK</Valuta>
        <Antal>1912</Antal>
        <Nominellt_belopp />
        <Kurs_som_använts_vid_värdering_av_instrumentet>72</Kurs_som_använts_vid_värdering_av_instrumentet>
        <Valutakurs_instrument>1</Valutakurs_instrument>
        <Marknadsvärde_instrument>137664</Marknadsvärde_instrument>
        <Andel_av_fondförmögenhet_instrument>1.34</Andel_av_fondförmögenhet_instrument>
        <Bransch>
          <Branschkod_instrument>45</Branschkod_instrument>
          <Bransch_namn_instrument>Informationsteknologi</Bransch_namn_instrument>
        </Bransch>
      </FinansielltInstrument>
      <FinansielltInstrument>
        <Tillgångsslag_enligt_LVF_5_kap>ÖverlåtbartVärdepapper</Tillgångsslag_enligt_LVF_5_kap>
        <Instrumentnamn>MEDPACE HOLDINGS</Instrumentnamn>
        <ISIN-kod_instrument>US58506Q1094</ISIN-kod_instrument>
        <Landkod_Emittent>US</Landkod_Emittent>
        <Valuta>USD</Valuta>
        <Antal>106</Antal>
        <Nominellt_belopp />
        <Kurs_som_använts_vid_värdering_av_instrumentet>212.41</Kurs_som_använts_vid_värdering_av_instrumentet>
        <Valutakurs_instrument>10.4371</Valutakurs_instrument>
        <Marknadsvärde_instrument>234996.11</Marknadsvärde_instrument>
        <Andel_av_fondförmögenhet_instrument>2.28</Andel_av_fondförmögenhet_instrument>
        <Bransch>
          <Branschkod_instrument>35</Branschkod_instrument>
          <Bransch_namn_instrument>Hälsovård</Bransch_namn_instrument>
        </Bransch>
      </FinansielltInstrument>
      <FinansielltInstrument>
        <Tillgångsslag_enligt_LVF_5_kap>ÖverlåtbartVärdepapper</Tillgångsslag_enligt_LVF_5_kap>
        <Instrumentnamn>OEM INTERNATIONAL</Instrumentnamn>
        <ISIN-kod_instrument>SE0017766843</ISIN-kod_instrument>
        <Landkod_Emittent>SE</Landkod_Emittent>
        <Valuta>SEK</Valuta>
        <Antal>7291</Antal>
        <Nominellt_belopp />
        <Kurs_som_använts_vid_värdering_av_instrumentet>72.3</Kurs_som_använts_vid_värdering_av_instrumentet>
        <Valutakurs_instrument>1</Valutakurs_instrument>
        <Marknadsvärde_instrument>527139.3</Marknadsvärde_instrument>
        <Andel_av_fondförmögenhet_instrument>5.12</Andel_av_fondförmögenhet_instrument>
        <Bransch>
          <Branschkod_instrument>20</Branschkod_instrument>
          <Bransch_namn_instrument>Industrivaror och tjänster</Bransch_namn_instrument>
        </Bransch>
      </FinansielltInstrument>
      <FinansielltInstrument>
        <Tillgångsslag_enligt_LVF_5_kap>ÖverlåtbartVärdepapper</Tillgångsslag_enligt_LVF_5_kap>
        <Instrumentnamn>MENSCH UND MASCHINE</Instrumentnamn>
        <ISIN-kod_instrument>DE0006580806</ISIN-kod_instrument>
        <Landkod_Emittent>DE</Landkod_Emittent>
        <Valuta>EUR</Valuta>
        <Antal>286</Antal>
        <Nominellt_belopp />
        <Kurs_som_använts_vid_värdering_av_instrumentet>45.6</Kurs_som_använts_vid_värdering_av_instrumentet>
        <Valutakurs_instrument>11.1283</Valutakurs_instrument>
        <Marknadsvärde_instrument>145130.84</Marknadsvärde_instrument>
        <Andel_av_fondförmögenhet_instrument>1.41</Andel_av_fondförmögenhet_instrument>
        <Bransch>
          <Branschkod_instrument>45</Branschkod_instrument>
          <Bransch_namn_instrument>Informationsteknologi</Bransch_namn_instrument>
        </Bransch>
      </FinansielltInstrument>
      <FinansielltInstrument>
        <Tillgångsslag_enligt_LVF_5_kap>ÖverlåtbartVärdepapper</Tillgångsslag_enligt_LVF_5_kap>
        <Instrumentnamn>IVU TRAFFIC TECH</Instrumentnamn>
        <ISIN-kod_instrument>DE0007448508</ISIN-kod_instrument>
        <Landkod_Emittent>DE</Landkod_Emittent>
        <Valuta>EUR</Valuta>
        <Antal>1029</Antal>
        <Nominellt_belopp />
        <Kurs_som_använts_vid_värdering_av_instrumentet>16.08</Kurs_som_använts_vid_värdering_av_instrumentet>
        <Valutakurs_instrument>11.1283</Valutakurs_instrument>
        <Marknadsvärde_instrument>184132.41</Marknadsvärde_instrument>
        <Andel_av_fondförmögenhet_instrument>1.79</Andel_av_fondförmögenhet_instrument>
        <Bransch>
          <Branschkod_instrument>45</Branschkod_instrument>
          <Bransch_namn_instrument>Informationsteknologi</Bransch_namn_instrument>
        </Bransch>
      </FinansielltInstrument>
      <FinansielltInstrument>
        <Tillgångsslag_enligt_LVF_5_kap>ÖverlåtbartVärdepapper</Tillgångsslag_enligt_LVF_5_kap>
        <Instrumentnamn>INCAP OYJ</Instrumentnamn>
        <ISIN-kod_instrument>FI0009006407</ISIN-kod_instrument>
        <Landkod_Emittent>FI</Landkod_Emittent>
        <Valuta>EUR</Valuta>
        <Antal>530</Antal>
        <Nominellt_belopp />
        <Kurs_som_använts_vid_värdering_av_instrumentet>17.1</Kurs_som_använts_vid_värdering_av_instrumentet>
        <Valutakurs_instrument>11.1283</Valutakurs_instrument>
        <Marknadsvärde_instrument>100855.78</Marknadsvärde_instrument>
        <Andel_av_fondförmögenhet_instrument>0.98</Andel_av_fondförmögenhet_instrument>
        <Bransch>
          <Branschkod_instrument>45</Branschkod_instrument>
          <Bransch_namn_instrument>Informationsteknologi</Bransch_namn_instrument>
        </Bransch>
      </FinansielltInstrument>
      <FinansielltInstrument>
        <Tillgångsslag_enligt_LVF_5_kap>ÖverlåtbartVärdepapper</Tillgångsslag_enligt_LVF_5_kap>
        <Instrumentnamn>JOHN MATTSON</Instrumentnamn>
        <ISIN-kod_instrument>SE0012481364</ISIN-kod_instrument>
        <Landkod_Emittent>SE</Landkod_Emittent>
        <Valuta>SEK</Valuta>
        <Antal>1529</Antal>
        <Nominellt_belopp />
        <Kurs_som_använts_vid_värdering_av_instrumentet>83.1</Kurs_som_använts_vid_värdering_av_instrumentet>
        <Valutakurs_instrument>1</Valutakurs_instrument>
        <Marknadsvärde_instrument>127059.9</Marknadsvärde_instrument>
        <Andel_av_fondförmögenhet_instrument>1.23</Andel_av_fondförmögenhet_instrument>
        <Bransch>
          <Branschkod_instrument>60</Branschkod_instrument>
          <Bransch_namn_instrument>Fastigheter</Bransch_namn_instrument>
        </Bransch>
      </FinansielltInstrument>
      <FinansielltInstrument>
        <Tillgångsslag_enligt_LVF_5_kap>ÖverlåtbartVärdepapper</Tillgångsslag_enligt_LVF_5_kap>
        <Instrumentnamn>LINCOLN ELECTRIC</Instrumentnamn>
        <ISIN-kod_instrument>US5339001068</ISIN-kod_instrument>
        <Landkod_Emittent>US</Landkod_Emittent>
        <Valuta>USD</Valuta>
        <Antal>155</Antal>
        <Nominellt_belopp />
        <Kurs_som_använts_vid_värdering_av_instrumentet>144.49</Kurs_som_använts_vid_värdering_av_instrumentet>
        <Valutakurs_instrument>10.4371</Valutakurs_instrument>
        <Marknadsvärde_instrument>233748.77</Marknadsvärde_instrument>
        <Andel_av_fondförmögenhet_instrument>2.27</Andel_av_fondförmögenhet_instrument>
        <Bransch>
          <Branschkod_instrument>20</Branschkod_instrument>
          <Bransch_namn_instrument>Industrivaror och tjänster</Bransch_namn_instrument>
        </Bransch>
      </FinansielltInstrument>
      <FinansielltInstrument>
        <Tillgångsslag_enligt_LVF_5_kap>ÖverlåtbartVärdepapper</Tillgångsslag_enligt_LVF_5_kap>
        <Instrumentnamn>KARDEX AG-REG</Instrumentnamn>
        <ISIN-kod_instrument>CH0100837282</ISIN-kod_instrument>
        <Landkod_Emittent>CH</Landkod_Emittent>
        <Valuta>CHF</Valuta>
        <Antal>170</Antal>
        <Nominellt_belopp />
        <Kurs_som_använts_vid_värdering_av_instrumentet>152</Kurs_som_använts_vid_värdering_av_instrumentet>
        <Valutakurs_instrument>11.291476</Valutakurs_instrument>
        <Marknadsvärde_instrument>291771.74</Marknadsvärde_instrument>
        <Andel_av_fondförmögenhet_instrument>2.83</Andel_av_fondförmögenhet_instrument>
        <Bransch>
          <Branschkod_instrument>20</Branschkod_instrument>
          <Bransch_namn_instrument>Industrivaror och tjänster</Bransch_namn_instrument>
        </Bransch>
      </FinansielltInstrument>
      <FinansielltInstrument>
        <Tillgångsslag_enligt_LVF_5_kap>ÖverlåtbartVärdepapper</Tillgångsslag_enligt_LVF_5_kap>
        <Instrumentnamn>PVA TEPLA AG</Instrumentnamn>
        <ISIN-kod_instrument>DE0007461006</ISIN-kod_instrument>
        <Landkod_Emittent>DE</Landkod_Emittent>
        <Valuta>EUR</Valuta>
        <Antal>1873</Antal>
        <Nominellt_belopp />
        <Kurs_som_använts_vid_värdering_av_instrumentet>18.56</Kurs_som_använts_vid_värdering_av_instrumentet>
        <Valutakurs_instrument>11.1283</Valutakurs_instrument>
        <Marknadsvärde_instrument>386851.76</Marknadsvärde_instrument>
        <Andel_av_fondförmögenhet_instrument>3.76</Andel_av_fondförmögenhet_instrument>
        <Bransch>
          <Branschkod_instrument>45</Branschkod_instrument>
          <Bransch_namn_instrument>Informationsteknologi</Bransch_namn_instrument>
        </Bransch>
      </FinansielltInstrument>
      <FinansielltInstrument>
        <Tillgångsslag_enligt_LVF_5_kap>ÖverlåtbartVärdepapper</Tillgångsslag_enligt_LVF_5_kap>
        <Instrumentnamn>TRADEWEB MARKE-A</Instrumentnamn>
        <ISIN-kod_instrument>US8926721064</ISIN-kod_instrument>
        <Landkod_Emittent>US</Landkod_Emittent>
        <Valuta>USD</Valuta>
        <Antal>300</Antal>
        <Nominellt_belopp />
        <Kurs_som_använts_vid_värdering_av_instrumentet>64.93</Kurs_som_använts_vid_värdering_av_instrumentet>
        <Valutakurs_instrument>10.4371</Valutakurs_instrument>
        <Marknadsvärde_instrument>203304.27</Marknadsvärde_instrument>
        <Andel_av_fondförmögenhet_instrument>1.97</Andel_av_fondförmögenhet_instrument>
        <Bransch>
          <Branschkod_instrument>40</Branschkod_instrument>
          <Bransch_namn_instrument>Finans</Bransch_namn_instrument>
        </Bransch>
      </FinansielltInstrument>
      <FinansielltInstrument>
        <Tillgångsslag_enligt_LVF_5_kap>ÖverlåtbartVärdepapper</Tillgångsslag_enligt_LVF_5_kap>
        <Instrumentnamn>TECAN GROUP AG</Instrumentnamn>
        <ISIN-kod_instrument>CH0012100191</ISIN-kod_instrument>
        <Landkod_Emittent>CH</Landkod_Emittent>
        <Valuta>CHF</Valuta>
        <Antal>40</Antal>
        <Nominellt_belopp />
        <Kurs_som_använts_vid_värdering_av_instrumentet>412.4</Kurs_som_använts_vid_värdering_av_instrumentet>
        <Valutakurs_instrument>11.291476</Valutakurs_instrument>
        <Marknadsvärde_instrument>186264.19</Marknadsvärde_instrument>
        <Andel_av_fondförmögenhet_instrument>1.81</Andel_av_fondförmögenhet_instrument>
        <Bransch>
          <Branschkod_instrument>35</Branschkod_instrument>
          <Bransch_namn_instrument>Hälsovård</Bransch_namn_instrument>
        </Bransch>
      </FinansielltInstrument>
      <FinansielltInstrument>
        <Tillgångsslag_enligt_LVF_5_kap>ÖverlåtbartVärdepapper</Tillgångsslag_enligt_LVF_5_kap>
        <Instrumentnamn>TRIANON</Instrumentnamn>
        <ISIN-kod_instrument>SE0018013658</ISIN-kod_instrument>
        <Landkod_Emittent>SE</Landkod_Emittent>
        <Valuta>SEK</Valuta>
        <Antal>4000</Antal>
        <Nominellt_belopp />
        <Kurs_som_använts_vid_värdering_av_instrumentet>20.85</Kurs_som_använts_vid_värdering_av_instrumentet>
        <Valutakurs_instrument>1</Valutakurs_instrument>
        <Marknadsvärde_instrument>83400</Marknadsvärde_instrument>
        <Andel_av_fondförmögenhet_instrument>0.81</Andel_av_fondförmögenhet_instrument>
        <Bransch>
          <Branschkod_instrument>60</Branschkod_instrument>
          <Bransch_namn_instrument>Fastigheter</Bransch_namn_instrument>
        </Bransch>
      </FinansielltInstrument>
      <FinansielltInstrument>
        <Tillgångsslag_enligt_LVF_5_kap>ÖverlåtbartVärdepapper</Tillgångsslag_enligt_LVF_5_kap>
        <Instrumentnamn>VIRBAC SA</Instrumentnamn>
        <ISIN-kod_instrument>FR0000031577</ISIN-kod_instrument>
        <Landkod_Emittent>FR</Landkod_Emittent>
        <Valuta>EUR</Valuta>
        <Antal>58</Antal>
        <Nominellt_belopp />
        <Kurs_som_använts_vid_värdering_av_instrumentet>228</Kurs_som_använts_vid_värdering_av_instrumentet>
        <Valutakurs_instrument>11.1283</Valutakurs_instrument>
        <Marknadsvärde_instrument>147160.64</Marknadsvärde_instrument>
        <Andel_av_fondförmögenhet_instrument>1.43</Andel_av_fondförmögenhet_instrument>
        <Bransch>
          <Branschkod_instrument>35</Branschkod_instrument>
          <Bransch_namn_instrument>Hälsovård</Bransch_namn_instrument>
        </Bransch>
      </FinansielltInstrument>
      <FinansielltInstrument>
        <Tillgångsslag_enligt_LVF_5_kap>ÖverlåtbartVärdepapper</Tillgångsslag_enligt_LVF_5_kap>
        <Instrumentnamn>VETOQUINOL SA</Instrumentnamn>
        <ISIN-kod_instrument>FR0004186856</ISIN-kod_instrument>
        <Landkod_Emittent>FR</Landkod_Emittent>
        <Valuta>EUR</Valuta>
        <Antal>164</Antal>
        <Nominellt_belopp />
        <Kurs_som_använts_vid_värdering_av_instrumentet>87.6</Kurs_som_använts_vid_värdering_av_instrumentet>
        <Valutakurs_instrument>11.1283</Valutakurs_instrument>
        <Marknadsvärde_instrument>159873.61</Marknadsvärde_instrument>
        <Andel_av_fondförmögenhet_instrument>1.55</Andel_av_fondförmögenhet_instrument>
        <Bransch>
          <Branschkod_instrument>35</Branschkod_instrument>
          <Bransch_namn_instrument>Hälsovård</Bransch_namn_instrument>
        </Bransch>
      </FinansielltInstrument>
      <FinansielltInstrument>
        <Tillgångsslag_enligt_LVF_5_kap>ÖverlåtbartVärdepapper</Tillgångsslag_enligt_LVF_5_kap>
        <Instrumentnamn>SECUNET SECURIT</Instrumentnamn>
        <ISIN-kod_instrument>DE0007276503</ISIN-kod_instrument>
        <Landkod_Emittent>DE</Landkod_Emittent>
        <Valuta>EUR</Valuta>
        <Antal>121</Antal>
        <Nominellt_belopp />
        <Kurs_som_använts_vid_värdering_av_instrumentet>196.4</Kurs_som_använts_vid_värdering_av_instrumentet>
        <Valutakurs_instrument>11.1283</Valutakurs_instrument>
        <Marknadsvärde_instrument>264457.37</Marknadsvärde_instrument>
        <Andel_av_fondförmögenhet_instrument>2.57</Andel_av_fondförmögenhet_instrument>
        <Bransch>
          <Branschkod_instrument>45</Branschkod_instrument>
          <Bransch_namn_instrument>Informationsteknologi</Bransch_namn_instrument>
        </Bransch>
      </FinansielltInstrument>
      <FinansielltInstrument>
        <Tillgångsslag_enligt_LVF_5_kap>ÖverlåtbartVärdepapper</Tillgångsslag_enligt_LVF_5_kap>
        <Instrumentnamn>SCHOLASTIC CORP</Instrumentnamn>
        <ISIN-kod_instrument>US8070661058</ISIN-kod_instrument>
        <Landkod_Emittent>US</Landkod_Emittent>
        <Valuta>USD</Valuta>
        <Antal>646</Antal>
        <Nominellt_belopp />
        <Kurs_som_använts_vid_värdering_av_instrumentet>39.46</Kurs_som_använts_vid_värdering_av_instrumentet>
        <Valutakurs_instrument>10.4371</Valutakurs_instrument>
        <Marknadsvärde_instrument>266053.79</Marknadsvärde_instrument>
        <Andel_av_fondförmögenhet_instrument>2.58</Andel_av_fondförmögenhet_instrument>
        <Bransch>
          <Branschkod_instrument>50</Branschkod_instrument>
          <Bransch_namn_instrument>Telekomoperatörer</Bransch_namn_instrument>
        </Bransch>
      </FinansielltInstrument>
      <FinansielltInstrument>
        <Tillgångsslag_enligt_LVF_5_kap>ÖverlåtbartVärdepapper</Tillgångsslag_enligt_LVF_5_kap>
        <Instrumentnamn>SHURGARD SELF STORAG</Instrumentnamn>
        <ISIN-kod_instrument>LU1883301340</ISIN-kod_instrument>
        <Landkod_Emittent>BE</Landkod_Emittent>
        <Valuta>EUR</Valuta>
        <Antal>300</Antal>
        <Nominellt_belopp />
        <Kurs_som_använts_vid_värdering_av_instrumentet>42.85</Kurs_som_använts_vid_värdering_av_instrumentet>
        <Valutakurs_instrument>11.1283</Valutakurs_instrument>
        <Marknadsvärde_instrument>143054.3</Marknadsvärde_instrument>
        <Andel_av_fondförmögenhet_instrument>1.39</Andel_av_fondförmögenhet_instrument>
        <Bransch>
          <Branschkod_instrument>60</Branschkod_instrument>
          <Bransch_namn_instrument>Fastigheter</Bransch_namn_instrument>
        </Bransch>
      </FinansielltInstrument>
      <FinansielltInstrument>
        <Tillgångsslag_enligt_LVF_5_kap>ÖverlåtbartVärdepapper</Tillgångsslag_enligt_LVF_5_kap>
        <Instrumentnamn>TEAM17 GROUP PLC</Instrumentnamn>
        <ISIN-kod_instrument>GB00BYVX2X20</ISIN-kod_instrument>
        <Landkod_Emittent>GB</Landkod_Emittent>
        <Valuta>GBP</Valuta>
        <Antal>3500</Antal>
        <Nominellt_belopp />
        <Kurs_som_använts_vid_värdering_av_instrumentet>4.392959</Kurs_som_använts_vid_värdering_av_instrumentet>
        <Valutakurs_instrument>12.5811</Valutakurs_instrument>
        <Marknadsvärde_instrument>193438.9</Marknadsvärde_instrument>
        <Andel_av_fondförmögenhet_instrument>1.88</Andel_av_fondförmögenhet_instrument>
        <Bransch>
          <Branschkod_instrument>50</Branschkod_instrument>
          <Bransch_namn_instrument>Telekomoperatörer</Bransch_namn_instrument>
        </Bransch>
      </FinansielltInstrument>
      <FinansielltInstrument>
        <Tillgångsslag_enligt_LVF_5_kap>ÖverlåtbartVärdepapper</Tillgångsslag_enligt_LVF_5_kap>
        <Instrumentnamn>SQUARE ENIX HD</Instrumentnamn>
        <ISIN-kod_instrument>JP3164630000</ISIN-kod_instrument>
        <Landkod_Emittent>JP</Landkod_Emittent>
        <Valuta>JPY</Valuta>
        <Antal>300</Antal>
        <Nominellt_belopp />
        <Kurs_som_använts_vid_värdering_av_instrumentet>6150</Kurs_som_använts_vid_värdering_av_instrumentet>
        <Valutakurs_instrument>0.079167</Valutakurs_instrument>
        <Marknadsvärde_instrument>146063.12</Marknadsvärde_instrument>
        <Andel_av_fondförmögenhet_instrument>1.42</Andel_av_fondförmögenhet_instrument>
        <Bransch>
          <Branschkod_instrument>50</Branschkod_instrument>
          <Bransch_namn_instrument>Telekomoperatörer</Bransch_namn_instrument>
        </Bransch>
      </FinansielltInstrument>
      <FinansielltInstrument>
        <Tillgångsslag_enligt_LVF_5_kap>ÖverlåtbartVärdepapper</Tillgångsslag_enligt_LVF_5_kap>
        <Instrumentnamn>IAR SYSTEMS GROUP</Instrumentnamn>
        <ISIN-kod_instrument>SE0005851706</ISIN-kod_instrument>
        <Landkod_Emittent>SE</Landkod_Emittent>
        <Valuta>SEK</Valuta>
        <Antal>1685</Antal>
        <Nominellt_belopp />
        <Kurs_som_använts_vid_värdering_av_instrumentet>150.4</Kurs_som_använts_vid_värdering_av_instrumentet>
        <Valutakurs_instrument>1</Valutakurs_instrument>
        <Marknadsvärde_instrument>253424</Marknadsvärde_instrument>
        <Andel_av_fondförmögenhet_instrument>2.46</Andel_av_fondförmögenhet_instrument>
        <Bransch>
          <Branschkod_instrument>45</Branschkod_instrument>
          <Bransch_namn_instrument>Informationsteknologi</Bransch_namn_instrument>
        </Bransch>
      </FinansielltInstrument>
      <FinansielltInstrument>
        <Tillgångsslag_enligt_LVF_5_kap>ÖverlåtbartVärdepapper</Tillgångsslag_enligt_LVF_5_kap>
        <Instrumentnamn>AXCELIS TECH INC</Instrumentnamn>
        <ISIN-kod_instrument>US0545402085</ISIN-kod_instrument>
        <Landkod_Emittent>US</Landkod_Emittent>
        <Valuta>USD</Valuta>
        <Antal>220</Antal>
        <Nominellt_belopp />
        <Kurs_som_använts_vid_värdering_av_instrumentet>79.36</Kurs_som_använts_vid_värdering_av_instrumentet>
        <Valutakurs_instrument>10.4371</Valutakurs_instrument>
        <Marknadsvärde_instrument>182223.42</Marknadsvärde_instrument>
        <Andel_av_fondförmögenhet_instrument>1.77</Andel_av_fondförmögenhet_instrument>
        <Bransch>
          <Branschkod_instrument>45</Branschkod_instrument>
          <Bransch_namn_instrument>Informationsteknologi</Bransch_namn_instrument>
        </Bransch>
      </FinansielltInstrument>
      <FinansielltInstrument>
        <Tillgångsslag_enligt_LVF_5_kap>ÖverlåtbartVärdepapper</Tillgångsslag_enligt_LVF_5_kap>
        <Instrumentnamn>ANDLAUER HEALTHC</Instrumentnamn>
        <ISIN-kod_instrument>CA0342231077</ISIN-kod_instrument>
        <Landkod_Emittent>CA</Landkod_Emittent>
        <Valuta>CAD</Valuta>
        <Antal>335</Antal>
        <Nominellt_belopp />
        <Kurs_som_använts_vid_värdering_av_instrumentet>47.36</Kurs_som_använts_vid_värdering_av_instrumentet>
        <Valutakurs_instrument>7.706</Valutakurs_instrument>
        <Marknadsvärde_instrument>122260.31</Marknadsvärde_instrument>
        <Andel_av_fondförmögenhet_instrument>1.19</Andel_av_fondförmögenhet_instrument>
        <Bransch>
          <Branschkod_instrument>35</Branschkod_instrument>
          <Bransch_namn_instrument>Hälsovård</Bransch_namn_instrument>
        </Bransch>
      </FinansielltInstrument>
      <FinansielltInstrument>
        <Tillgångsslag_enligt_LVF_5_kap>ÖverlåtbartVärdepapper</Tillgångsslag_enligt_LVF_5_kap>
        <Instrumentnamn>BANDAI NAMCO HOL</Instrumentnamn>
        <ISIN-kod_instrument>JP3778630008</ISIN-kod_instrument>
        <Landkod_Emittent>JP</Landkod_Emittent>
        <Valuta>JPY</Valuta>
        <Antal>200</Antal>
        <Nominellt_belopp />
        <Kurs_som_använts_vid_värdering_av_instrumentet>8335</Kurs_som_använts_vid_värdering_av_instrumentet>
        <Valutakurs_instrument>0.079167</Valutakurs_instrument>
        <Marknadsvärde_instrument>131971.39</Marknadsvärde_instrument>
        <Andel_av_fondförmögenhet_instrument>1.28</Andel_av_fondförmögenhet_instrument>
        <Bransch>
          <Branschkod_instrument>25</Branschkod_instrument>
          <Bransch_namn_instrument>Sällanköpvaror och tjänster</Bransch_namn_instrument>
        </Bransch>
      </FinansielltInstrument>
      <FinansielltInstrument>
        <Tillgångsslag_enligt_LVF_5_kap>ÖverlåtbartVärdepapper</Tillgångsslag_enligt_LVF_5_kap>
        <Instrumentnamn>BLOOMSBURY PUBL</Instrumentnamn>
        <ISIN-kod_instrument>GB0033147751</ISIN-kod_instrument>
        <Landkod_Emittent>GB</Landkod_Emittent>
        <Valuta>GBP</Valuta>
        <Antal>5825</Antal>
        <Nominellt_belopp />
        <Kurs_som_använts_vid_värdering_av_instrumentet>4.495</Kurs_som_använts_vid_värdering_av_instrumentet>
        <Valutakurs_instrument>12.5811</Valutakurs_instrument>
        <Marknadsvärde_instrument>329415.66</Marknadsvärde_instrument>
        <Andel_av_fondförmögenhet_instrument>3.2</Andel_av_fondförmögenhet_instrument>
        <Bransch>
          <Branschkod_instrument>50</Branschkod_instrument>
          <Bransch_namn_instrument>Telekomoperatörer</Bransch_namn_instrument>
        </Bransch>
      </FinansielltInstrument>
      <FinansielltInstrument>
        <Tillgångsslag_enligt_LVF_5_kap>ÖverlåtbartVärdepapper</Tillgångsslag_enligt_LVF_5_kap>
        <Instrumentnamn>BIO-TECHNE CORP</Instrumentnamn>
        <ISIN-kod_instrument>US09073M1045</ISIN-kod_instrument>
        <Landkod_Emittent>US</Landkod_Emittent>
        <Valuta>USD</Valuta>
        <Antal>212</Antal>
        <Nominellt_belopp />
        <Kurs_som_använts_vid_värdering_av_instrumentet>82.88</Kurs_som_använts_vid_värdering_av_instrumentet>
        <Valutakurs_instrument>10.4371</Valutakurs_instrument>
        <Marknadsvärde_instrument>183385.69</Marknadsvärde_instrument>
        <Andel_av_fondförmögenhet_instrument>1.78</Andel_av_fondförmögenhet_instrument>
        <Bransch>
          <Branschkod_instrument>35</Branschkod_instrument>
          <Bransch_namn_instrument>Hälsovård</Bransch_namn_instrument>
        </Bransch>
      </FinansielltInstrument>
      <FinansielltInstrument>
        <Tillgångsslag_enligt_LVF_5_kap>ÖverlåtbartVärdepapper</Tillgångsslag_enligt_LVF_5_kap>
        <Instrumentnamn>ABSOLENT AIR CARE</Instrumentnamn>
        <ISIN-kod_instrument>SE0006256558</ISIN-kod_instrument>
        <Landkod_Emittent>SE</Landkod_Emittent>
        <Valuta>SEK</Valuta>
        <Antal>651</Antal>
        <Nominellt_belopp />
        <Kurs_som_använts_vid_värdering_av_instrumentet>408</Kurs_som_använts_vid_värdering_av_instrumentet>
        <Valutakurs_instrument>1</Valutakurs_instrument>
        <Marknadsvärde_instrument>265608</Marknadsvärde_instrument>
        <Andel_av_fondförmögenhet_instrument>2.58</Andel_av_fondförmögenhet_instrument>
        <Bransch>
          <Branschkod_instrument>20</Branschkod_instrument>
          <Bransch_namn_instrument>Industrivaror och tjänster</Bransch_namn_instrument>
        </Bransch>
      </FinansielltInstrument>
      <FinansielltInstrument>
        <Tillgångsslag_enligt_LVF_5_kap>ÖverlåtbartVärdepapper</Tillgångsslag_enligt_LVF_5_kap>
        <Instrumentnamn>AAK</Instrumentnamn>
        <ISIN-kod_instrument>SE0011337708</ISIN-kod_instrument>
        <Landkod_Emittent>SE</Landkod_Emittent>
        <Valuta>SEK</Valuta>
        <Antal>1393</Antal>
        <Nominellt_belopp />
        <Kurs_som_använts_vid_värdering_av_instrumentet>177.85</Kurs_som_använts_vid_värdering_av_instrumentet>
        <Valutakurs_instrument>1</Valutakurs_instrument>
        <Marknadsvärde_instrument>247745.05</Marknadsvärde_instrument>
        <Andel_av_fondförmögenhet_instrument>2.41</Andel_av_fondförmögenhet_instrument>
        <Bransch>
          <Branschkod_instrument>30</Branschkod_instrument>
          <Bransch_namn_instrument>Dagligvaror</Bransch_namn_instrument>
        </Bransch>
      </FinansielltInstrument>
      <FinansielltInstrument>
        <Tillgångsslag_enligt_LVF_5_kap>ÖverlåtbartVärdepapper</Tillgångsslag_enligt_LVF_5_kap>
        <Instrumentnamn>ADDNODE B</Instrumentnamn>
        <ISIN-kod_instrument>SE0017885767</ISIN-kod_instrument>
        <Landkod_Emittent>SE</Landkod_Emittent>
        <Valuta>SEK</Valuta>
        <Antal>2099</Antal>
        <Nominellt_belopp />
        <Kurs_som_använts_vid_värdering_av_instrumentet>98.4</Kurs_som_använts_vid_värdering_av_instrumentet>
        <Valutakurs_instrument>1</Valutakurs_instrument>
        <Marknadsvärde_instrument>206541.6</Marknadsvärde_instrument>
        <Andel_av_fondförmögenhet_instrument>2.01</Andel_av_fondförmögenhet_instrument>
        <Bransch>
          <Branschkod_instrument>45</Branschkod_instrument>
          <Bransch_namn_instrument>Informationsteknologi</Bransch_namn_instrument>
        </Bransch>
      </FinansielltInstrument>
      <FinansielltInstrument>
        <Tillgångsslag_enligt_LVF_5_kap>ÖverlåtbartVärdepapper</Tillgångsslag_enligt_LVF_5_kap>
        <Instrumentnamn>AMADEUS FIRE AG</Instrumentnamn>
        <ISIN-kod_instrument>DE0005093108</ISIN-kod_instrument>
        <Landkod_Emittent>DE</Landkod_Emittent>
        <Valuta>EUR</Valuta>
        <Antal>321</Antal>
        <Nominellt_belopp />
        <Kurs_som_använts_vid_värdering_av_instrumentet>115.6</Kurs_som_använts_vid_värdering_av_instrumentet>
        <Valutakurs_instrument>11.1283</Valutakurs_instrument>
        <Marknadsvärde_instrument>412944.51</Marknadsvärde_instrument>
        <Andel_av_fondförmögenhet_instrument>4.01</Andel_av_fondförmögenhet_instrument>
        <Bransch>
          <Branschkod_instrument>20</Branschkod_instrument>
          <Bransch_namn_instrument>Industrivaror och tjänster</Bransch_namn_instrument>
        </Bransch>
      </FinansielltInstrument>
      <FinansielltInstrument>
        <Tillgångsslag_enligt_LVF_5_kap>ÖverlåtbartVärdepapper</Tillgångsslag_enligt_LVF_5_kap>
        <Instrumentnamn>ALIGN TECHNOLOGY</Instrumentnamn>
        <ISIN-kod_instrument>US0162551016</ISIN-kod_instrument>
        <Landkod_Emittent>US</Landkod_Emittent>
        <Valuta>USD</Valuta>
        <Antal>92</Antal>
        <Nominellt_belopp />
        <Kurs_som_använts_vid_värdering_av_instrumentet>210.9</Kurs_som_använts_vid_värdering_av_instrumentet>
        <Valutakurs_instrument>10.4371</Valutakurs_instrument>
        <Marknadsvärde_instrument>202508.96</Marknadsvärde_instrument>
        <Andel_av_fondförmögenhet_instrument>1.97</Andel_av_fondförmögenhet_instrument>
        <Bransch>
          <Branschkod_instrument>35</Branschkod_instrument>
          <Bransch_namn_instrument>Hälsovård</Bransch_namn_instrument>
        </Bransch>
      </FinansielltInstrument>
      <FinansielltInstrument>
        <Tillgångsslag_enligt_LVF_5_kap>ÖverlåtbartVärdepapper</Tillgångsslag_enligt_LVF_5_kap>
        <Instrumentnamn>BOUVET ASA</Instrumentnamn>
        <ISIN-kod_instrument>NO0010360266</ISIN-kod_instrument>
        <Landkod_Emittent>NO</Landkod_Emittent>
        <Valuta>NOK</Valuta>
        <Antal>3100</Antal>
        <Nominellt_belopp />
        <Kurs_som_använts_vid_värdering_av_instrumentet>60</Kurs_som_använts_vid_värdering_av_instrumentet>
        <Valutakurs_instrument>1.057179</Valutakurs_instrument>
        <Marknadsvärde_instrument>196635.29</Marknadsvärde_instrument>
        <Andel_av_fondförmögenhet_instrument>1.91</Andel_av_fondförmögenhet_instrument>
        <Bransch>
          <Branschkod_instrument>45</Branschkod_instrument>
          <Bransch_namn_instrument>Informationsteknologi</Bransch_namn_instrument>
        </Bransch>
      </FinansielltInstrument>
      <FinansielltInstrument>
        <Tillgångsslag_enligt_LVF_5_kap>ÖverlåtbartVärdepapper</Tillgångsslag_enligt_LVF_5_kap>
        <Instrumentnamn>DECKERS OUTDOOR</Instrumentnamn>
        <ISIN-kod_instrument>US2435371073</ISIN-kod_instrument>
        <Landkod_Emittent>US</Landkod_Emittent>
        <Valuta>USD</Valuta>
        <Antal>101</Antal>
        <Nominellt_belopp />
        <Kurs_som_använts_vid_värdering_av_instrumentet>399.16</Kurs_som_använts_vid_värdering_av_instrumentet>
        <Valutakurs_instrument>10.4371</Valutakurs_instrument>
        <Marknadsvärde_instrument>420773.36</Marknadsvärde_instrument>
        <Andel_av_fondförmögenhet_instrument>4.09</Andel_av_fondförmögenhet_instrument>
        <Bransch>
          <Branschkod_instrument>25</Branschkod_instrument>
          <Bransch_namn_instrument>Sällanköpvaror och tjänster</Bransch_namn_instrument>
        </Bransch>
      </FinansielltInstrument>
      <FinansielltInstrument>
        <Tillgångsslag_enligt_LVF_5_kap>ÖverlåtbartVärdepapper</Tillgångsslag_enligt_LVF_5_kap>
        <Instrumentnamn>DAIFUKU CO LTD</Instrumentnamn>
        <ISIN-kod_instrument>JP3497400006</ISIN-kod_instrument>
        <Landkod_Emittent>JP</Landkod_Emittent>
        <Valuta>JPY</Valuta>
        <Antal>300</Antal>
        <Nominellt_belopp />
        <Kurs_som_använts_vid_värdering_av_instrumentet>6210</Kurs_som_använts_vid_värdering_av_instrumentet>
        <Valutakurs_instrument>0.079167</Valutakurs_instrument>
        <Marknadsvärde_instrument>147488.12</Marknadsvärde_instrument>
        <Andel_av_fondförmögenhet_instrument>1.43</Andel_av_fondförmögenhet_instrument>
        <Bransch>
          <Branschkod_instrument>20</Branschkod_instrument>
          <Bransch_namn_instrument>Industrivaror och tjänster</Bransch_namn_instrument>
        </Bransch>
      </FinansielltInstrument>
      <FinansielltInstrument>
        <Tillgångsslag_enligt_LVF_5_kap>ÖverlåtbartVärdepapper</Tillgångsslag_enligt_LVF_5_kap>
        <Instrumentnamn>ERGOMED PLC</Instrumentnamn>
        <ISIN-kod_instrument>GB00BN7ZCY67</ISIN-kod_instrument>
        <Landkod_Emittent>GB</Landkod_Emittent>
        <Valuta>GBP</Valuta>
        <Antal>1100</Antal>
        <Nominellt_belopp />
        <Kurs_som_använts_vid_värdering_av_instrumentet>12.72</Kurs_som_använts_vid_värdering_av_instrumentet>
        <Valutakurs_instrument>12.5811</Valutakurs_instrument>
        <Marknadsvärde_instrument>176034.75</Marknadsvärde_instrument>
        <Andel_av_fondförmögenhet_instrument>1.71</Andel_av_fondförmögenhet_instrument>
        <Bransch>
          <Branschkod_instrument>35</Branschkod_instrument>
          <Bransch_namn_instrument>Hälsovård</Bransch_namn_instrument>
        </Bransch>
      </FinansielltInstrument>
      <FinansielltInstrument>
        <Tillgångsslag_enligt_LVF_5_kap>ÖverlåtbartVärdepapper</Tillgångsslag_enligt_LVF_5_kap>
        <Instrumentnamn>FORTINOVA FASTIGHETR</Instrumentnamn>
        <ISIN-kod_instrument>SE0014608915</ISIN-kod_instrument>
        <Landkod_Emittent>SE</Landkod_Emittent>
        <Valuta>SEK</Valuta>
        <Antal>9182</Antal>
        <Nominellt_belopp />
        <Kurs_som_använts_vid_värdering_av_instrumentet>26.5</Kurs_som_använts_vid_värdering_av_instrumentet>
        <Valutakurs_instrument>1</Valutakurs_instrument>
        <Marknadsvärde_instrument>243323</Marknadsvärde_instrument>
        <Andel_av_fondförmögenhet_instrument>2.36</Andel_av_fondförmögenhet_instrument>
        <Bransch>
          <Branschkod_instrument>60</Branschkod_instrument>
          <Bransch_namn_instrument>Fastigheter</Bransch_namn_instrument>
        </Bransch>
      </FinansielltInstrument>
      <FinansielltInstrument>
        <Tillgångsslag_enligt_LVF_5_kap>ÖverlåtbartVärdepapper</Tillgångsslag_enligt_LVF_5_kap>
        <Instrumentnamn>EUROPRIS ASA</Instrumentnamn>
        <ISIN-kod_instrument>NO0010735343</ISIN-kod_instrument>
        <Landkod_Emittent>NO</Landkod_Emittent>
        <Valuta>NOK</Valuta>
        <Antal>3665</Antal>
        <Nominellt_belopp />
        <Kurs_som_använts_vid_värdering_av_instrumentet>68.65</Kurs_som_använts_vid_värdering_av_instrumentet>
        <Valutakurs_instrument>1.057179</Valutakurs_instrument>
        <Marknadsvärde_instrument>265988.62</Marknadsvärde_instrument>
        <Andel_av_fondförmögenhet_instrument>2.58</Andel_av_fondförmögenhet_instrument>
        <Bransch>
          <Branschkod_instrument>25</Branschkod_instrument>
          <Bransch_namn_instrument>Sällanköpvaror och tjänster</Bransch_namn_instrument>
        </Bransch>
      </FinansielltInstrument>
      <FinansielltInstrument>
        <Tillgångsslag_enligt_LVF_5_kap>ÖverlåtbartVärdepapper</Tillgångsslag_enligt_LVF_5_kap>
        <Instrumentnamn>COOPER COS INC</Instrumentnamn>
        <ISIN-kod_instrument>US2166484020</ISIN-kod_instrument>
        <Landkod_Emittent>US</Landkod_Emittent>
        <Valuta>USD</Valuta>
        <Antal>57</Antal>
        <Nominellt_belopp />
        <Kurs_som_använts_vid_värdering_av_instrumentet>330.67</Kurs_som_använts_vid_värdering_av_instrumentet>
        <Valutakurs_instrument>10.4371</Valutakurs_instrument>
        <Marknadsvärde_instrument>196720.44</Marknadsvärde_instrument>
        <Andel_av_fondförmögenhet_instrument>1.91</Andel_av_fondförmögenhet_instrument>
        <Bransch>
          <Branschkod_instrument>35</Branschkod_instrument>
          <Bransch_namn_instrument>Hälsovård</Bransch_namn_instrument>
        </Bransch>
      </FinansielltInstrument>
      <FinansielltInstrument>
        <Tillgångsslag_enligt_LVF_5_kap>ÖverlåtbartVärdepapper</Tillgångsslag_enligt_LVF_5_kap>
        <Instrumentnamn>CACTUS INC</Instrumentnamn>
        <ISIN-kod_instrument>US1272031071</ISIN-kod_instrument>
        <Landkod_Emittent>US</Landkod_Emittent>
        <Valuta>USD</Valuta>
        <Antal>380</Antal>
        <Nominellt_belopp />
        <Kurs_som_använts_vid_värdering_av_instrumentet>50.26</Kurs_som_använts_vid_värdering_av_instrumentet>
        <Valutakurs_instrument>10.4371</Valutakurs_instrument>
        <Marknadsvärde_instrument>199336.09</Marknadsvärde_instrument>
        <Andel_av_fondförmögenhet_instrument>1.94</Andel_av_fondförmögenhet_instrument>
        <Bransch>
          <Branschkod_instrument>10</Branschkod_instrument>
          <Bransch_namn_instrument>Energi</Bransch_namn_instrument>
        </Bransch>
      </FinansielltInstrument>
      <FinansielltInstrument>
        <Tillgångsslag_enligt_LVF_5_kap>ÖverlåtbartVärdepapper</Tillgångsslag_enligt_LVF_5_kap>
        <Instrumentnamn>CROCS INC</Instrumentnamn>
        <ISIN-kod_instrument>US2270461096</ISIN-kod_instrument>
        <Landkod_Emittent>US</Landkod_Emittent>
        <Valuta>USD</Valuta>
        <Antal>444</Antal>
        <Nominellt_belopp />
        <Kurs_som_använts_vid_värdering_av_instrumentet>108.43</Kurs_som_använts_vid_värdering_av_instrumentet>
        <Valutakurs_instrument>10.4371</Valutakurs_instrument>
        <Marknadsvärde_instrument>502472.47</Marknadsvärde_instrument>
        <Andel_av_fondförmögenhet_instrument>4.88</Andel_av_fondförmögenhet_instrument>
        <Bransch>
          <Branschkod_instrument>25</Branschkod_instrument>
          <Bransch_namn_instrument>Sällanköpvaror och tjänster</Bransch_namn_instrument>
        </Bransch>
      </FinansielltInstrument>
      <FinansielltInstrument>
        <Tillgångsslag_enligt_LVF_5_kap>ÖverlåtbartVärdepapper</Tillgångsslag_enligt_LVF_5_kap>
        <Instrumentnamn>CVS GROUP PLC</Instrumentnamn>
        <ISIN-kod_instrument>GB00B2863827</ISIN-kod_instrument>
        <Landkod_Emittent>GB</Landkod_Emittent>
        <Valuta>GBP</Valuta>
        <Antal>632</Antal>
        <Nominellt_belopp />
        <Kurs_som_använts_vid_värdering_av_instrumentet>19.36</Kurs_som_använts_vid_värdering_av_instrumentet>
        <Valutakurs_instrument>12.5811</Valutakurs_instrument>
        <Marknadsvärde_instrument>153936.3</Marknadsvärde_instrument>
        <Andel_av_fondförmögenhet_instrument>1.49</Andel_av_fondförmögenhet_instrument>
        <Bransch>
          <Branschkod_instrument>35</Branschkod_instrument>
          <Bransch_namn_instrument>Hälsovård</Bransch_namn_instrument>
        </Bransch>
      </FinansielltInstrument>
      <FinansielltInstrument>
        <Tillgångsslag_enligt_LVF_5_kap>ÖverlåtbartVärdepapper</Tillgångsslag_enligt_LVF_5_kap>
        <Instrumentnamn>CSW INDUSTRIALS INC</Instrumentnamn>
        <ISIN-kod_instrument>US1264021064</ISIN-kod_instrument>
        <Landkod_Emittent>US</Landkod_Emittent>
        <Valuta>USD</Valuta>
        <Antal>119</Antal>
        <Nominellt_belopp />
        <Kurs_som_använts_vid_värdering_av_instrumentet>115.93</Kurs_som_använts_vid_värdering_av_instrumentet>
        <Valutakurs_instrument>10.4371</Valutakurs_instrument>
        <Marknadsvärde_instrument>143986.79</Marknadsvärde_instrument>
        <Andel_av_fondförmögenhet_instrument>1.4</Andel_av_fondförmögenhet_instrument>
        <Bransch>
          <Branschkod_instrument>20</Branschkod_instrument>
          <Bransch_namn_instrument>Industrivaror och tjänster</Bransch_namn_instrument>
        </Bransch>
      </FinansielltInstrument>
    </FinansiellaInstrument>
  </Fondinformation>
  <Fondinformation />
</VärdepappersfondInnehav>