﻿<?xml version="1.0" encoding="utf-8"?>
<VärdepappersfondInnehav xmlns="http://schemas.fi.se/publika/vardepappersfonder/20200331">
  <Rapportinformation>
    <Kvartalsslut>2022-12-31</Kvartalsslut>
  </Rapportinformation>
  <Bolagsinformation>
    <Fondbolag_namn>AIFM Capital AB</Fondbolag_namn>
    <Fondbolag_institutnummer>35204</Fondbolag_institutnummer>
    <Fondbolag_LEI-kod>549300SQP0ENF6G7RH57</Fondbolag_LEI-kod>
  </Bolagsinformation>
  <Fondinformation>
    <Fond_institutnummer>51055</Fond_institutnummer>
    <Fond_ISIN-kod />
    <Fond_namn>Räntehuset Fond</Fond_namn>
    <Fond_status>Ej aktiv fond</Fond_status>
  </Fondinformation>
  <Fondinformation />
</VärdepappersfondInnehav>